,CrashId,Fatal Case Status,lat,lon,DOT Case Number,Date Of Crash,Time of Crash,Crash Severity,Crash Severity Text Format,Most Severe Injury,Most Severe Injury Text Format,Number Of Motor Vehicles,Route Class Text Format,Milemarker,Road Number,Road Description,Roadway Name,Intersecting Roadway Name,Landmark Description,Distance From Nearest Landmark,Unit Of Measure From Nearest Landmark,Direction From Nearest Landmark,Weather Condition,Weather Condition Text Format,Light Condition,Light Condition Text Format,Road Surface Condition,Road Surface Condition Text Format,Average Daily Traffic,Trafficway Class Text Format,full_date
6580,388402,1,41.365104,-72.915298,2631224,2/4/18,17:49:00,A,"Injury of any type (Serious, Minor, Possible)",C,Possible Injury (C),2,Local,0.06,166,ELGIN ST,ELGIN ST,,Thornton St.,250,Feet,E,4,Rain,4,Dark-Lighted,2,Wet,3900,"Trafficway, On Road",2/4/18 17:49
9125,388300,1,41.419233,-72.917815,2631122,2/4/18,18:00:00,O,Property Damage Only,O,No Apparent Injury (O),2,Local,0.19,575,WEST WOODS RD,WEST WOODS RD NO 1,ERAMO TER,,,,,4,Rain,4,Dark-Lighted,2,Wet,3400,"Trafficway, On Road",2/4/18 18:00
562,416313,1,41.344737,-72.934403,2934798,2/4/18,22:22:00,O,Property Damage Only,O,No Apparent Injury (O),2,State,5.44,10,CT-10,10-N,,Woodin St,10,Feet,N,1,Clear,4,Dark-Lighted,1,Dry,26700,"Trafficway, On Road",2/4/18 22:22
8280,391310,1,41.385187,-72.907175,2634132,2/5/18,5:59:00,O,Property Damage Only,O,No Apparent Injury (O),1,Local,0,480,SCHOOL ST,SCHOOL ST,HAMDEN HILLS DR,,,,,1,Clear,4,Dark-Lighted,5,Ice / Frost,5300,"Trafficway, On Road",2/5/18 5:59
7038,391528,1,41.385144,-72.906875,2634350,2/5/18,6:47:00,O,Property Damage Only,O,No Apparent Injury (O),1,Local,0.61,713,HAMDEN HILLS DR,HAMDEN HILLS DR,SCHOOL ST,,,,,6,Freezing Rain or Freezing Drizzle,2,Dawn,5,Ice / Frost,8500,"Trafficway, On Road",2/5/18 6:47
3216,390085,1,41.37889299,-72.90352041,2632907,2/5/18,7:13:00,A,"Injury of any type (Serious, Minor, Possible)",C,Possible Injury (C),2,State,51.59,15,15-N,15-N,,EXIT 61,500,Feet,N,1,Clear,1,Daylight,2,Wet,71800,"Trafficway, On Road",2/5/18 7:13
8625,392780,1,41.391453,-72.918197,2635601,2/5/18,7:16:00,O,Property Damage Only,O,No Apparent Injury (O),1,Local,0.13,640,SHERMAN LA,SHERMAN LA,,Town Walk Drive,3,TenthsofMile,W,1,Clear,2,Dawn,5,Ice / Frost,5100,"Trafficway, Not on Road",2/5/18 7:16
6913,391758,1,41.33575,-72.934758,2634580,2/5/18,10:14:00,O,Property Damage Only,O,No Apparent Injury (O),2,Local,0.78,222,GOODRICH ST,GOODRICH ST,,DIXWELL AVE,100,Feet,E,1,Clear,1,Daylight,1,Dry,3100,"Trafficway, On Road",2/5/18 10:14
3215,387962,1,41.37889299,-72.90352041,2630784,2/5/18,16:25:00,O,Property Damage Only,O,No Apparent Injury (O),2,State,51.59,15,15-N,15-N,,Exit 62,7,TenthsofMile,S,1,Clear,1,Daylight,1,Dry,71800,"Trafficway, On Road",2/5/18 16:25
7443,391311,1,41.372623,-72.922895,2634133,2/5/18,16:32:00,A,"Injury of any type (Serious, Minor, Possible)",C,Possible Injury (C),2,Local,0.66,366,MIX AV,MIX AV,,Highview Terrace ,275,Feet,N,1,Clear,1,Daylight,1,Dry,4000,"Trafficway, On Road",2/5/18 16:32
8908,396154,1,41.354015,-72.929695,2638969,2/5/18,16:39:00,O,Property Damage Only,O,No Apparent Injury (O),2,Local,0,527,TREADWELL ST,TREADWELL ST,10-N,,,,,1,Clear,3,Dusk,1,Dry,5100,"Trafficway, On Road",2/5/18 16:39
7442,389201,1,41.365796,-72.927423,2632023,2/5/18,17:25:00,O,Property Damage Only,O,No Apparent Injury (O),2,Local,0.13,366,MIX AV,MIX AV,,BENHAM STREET,1,TenthsofMile,S,1,Clear,1,Daylight,1,Dry,4000,"Trafficway, On Road",2/5/18 17:25
3784,387964,1,41.37890676,-72.9038597,2630786,2/5/18,17:38:00,O,Property Damage Only,O,No Apparent Injury (O),2,State,51.59,15,15-S,15-S,,Exit 60,9,TenthsofMile,N,1,Clear,5,Dark-Not Lighted,1,Dry,71800,"Trafficway, On Road",2/5/18 17:38
6135,391312,1,41.353839,-72.936386,2634134,2/5/18,18:41:00,O,Property Damage Only,O,No Apparent Injury (O),2,Local,0.85,99,CIRCULAR AV,CIRCULAR AV,,CHURCH STREET,1,TenthsofMile,S,1,Clear,4,Dark-Lighted,1,Dry,7100,"Trafficway, On Road",2/5/18 18:41
2295,392781,1,41.384456,-72.901524,2635602,2/5/18,20:34:00,O,Property Damage Only,O,No Apparent Injury (O),2,State,8.88,10,CT-10,10-N,SCHOOL ST,,,,,1,Clear,4,Dark-Lighted,1,Dry,16500,"Trafficway, On Road",2/5/18 20:34
6911,389202,1,41.335373,-72.930208,2632024,2/6/18,13:49:00,A,"Injury of any type (Serious, Minor, Possible)",C,Possible Injury (C),3,Local,0.54,222,GOODRICH ST,GOODRICH ST,SHELTON AV,,,,,1,Clear,1,Daylight,1,Dry,3100,"Trafficway, On Road",2/6/18 13:49
6384,389203,1,41.338411,-72.938324,2632025,2/6/18,15:50:00,O,Property Damage Only,O,No Apparent Injury (O),2,Local,0,141,DIX ST,DIX ST,10-N,,,,,1,Clear,1,Daylight,1,Dry,,"Trafficway, On Road",2/6/18 15:50
767,389204,1,41.410028,-72.900685,2632026,2/7/18,10:37:00,O,Property Damage Only,O,No Apparent Injury (O),2,State,10.72,10,CT-10,10-N,,Evergreen Ave,100,Feet,N,7,Snow,1,Daylight,3,Snow,25300,"Trafficway, Not on Road",2/7/18 10:37
4076,395818,1,41.380355,-72.901555,2638633,2/7/18,11:20:00,O,Property Damage Only,O,No Apparent Injury (O),1,State,51.76,15,15-S,15-S,,EXIT #61,3,TenthsofMile,N,7,Snow,1,Daylight,5,Ice / Frost,64800,"Trafficway, On Road",2/7/18 11:20
9216,389634,1,41.360198,-72.955659,2632456,2/7/18,13:12:00,O,Property Damage Only,O,No Apparent Injury (O),1,Local,0.72,594,WINTERGREEN AV,WINTERGREEN AV,,Country Hills Road,100,Feet,N,6,Freezing Rain or Freezing Drizzle,1,Daylight,5,Ice / Frost,1300,"Trafficway, On Road",2/7/18 13:12
6912,389635,1,41.334941,-72.924897,2632457,2/7/18,13:34:00,O,Property Damage Only,O,No Apparent Injury (O),2,Local,0.26,222,GOODRICH ST,GOODRICH ST,WINCHESTER AV,,,,,6,Freezing Rain or Freezing Drizzle,1,Daylight,4,Slush,3100,"Trafficway, On Road",2/7/18 13:34
6020,391553,1,41.411136,-72.902374,2634375,2/7/18,15:37:00,O,Property Damage Only,O,No Apparent Injury (O),1,Local,0.15,67,BROWN ST,BROWN ST,,Whitney Ave,325,Feet,W,6,Freezing Rain or Freezing Drizzle,1,Daylight,5,Ice / Frost,,"Trafficway, On Road",2/7/18 15:37
9079,389205,1,41.433865,-72.936217,2632027,2/7/18,16:04:00,O,Property Damage Only,O,No Apparent Injury (O),3,Local,0.3,573,WEST TODD ST,WEST TODD ST,,Busher Ln,100,Feet,E,5,Sleet or Hail ,1,Daylight,2,Wet,,"Trafficway, On Road",2/7/18 16:04
7041,396603,1,41.389408,-72.911387,2639418,2/7/18,23:34:00,O,Property Damage Only,O,No Apparent Injury (O),1,Local,0.23,713,HAMDEN HILLS DR,HAMDEN HILLS DR,,Town Walk Dr,1,TenthsofMile,E,97,Other,4,Dark-Lighted,1,Dry,8500,"Trafficway, On Road",2/7/18 23:34
7039,393552,1,41.389347,-72.911237,2636372,2/7/18,23:39:00,O,Property Damage Only,O,No Apparent Injury (O),1,Local,0.24,713,HAMDEN HILLS DR,HAMDEN HILLS DR,,Town Walk Dr,1,TenthsofMile,W,97,Other,4,Dark-Lighted,5,Ice / Frost,8500,"Trafficway, On Road",2/7/18 23:39
6612,393495,1,41.382904,-72.907787,2636315,2/8/18,0:42:00,O,Property Damage Only,O,No Apparent Injury (O),1,Local,0,174,EVERGREEN AV,EVERGREEN AV,10-N,,,,,97,Other,4,Dark-Lighted,5,Ice / Frost,8300,"Trafficway, On Road",2/8/18 0:42
8355,389636,1,41.412833,-72.921782,2632458,2/8/18,1:34:00,A,"Injury of any type (Serious, Minor, Possible)",B,Suspected Minor Injury (B),1,Local,2.63,489,SHEPARD AV,SHEPARD AV,ERAMO TER,,,,,6,Freezing Rain or Freezing Drizzle,4,Dark-Lighted,5,Ice / Frost,1400,"Trafficway, On Road",2/8/18 1:34
773,397118,1,41.413134,-72.901756,2639933,2/8/18,7:45:00,O,Property Damage Only,O,No Apparent Injury (O),1,State,10.94,10,CT-10,10-N,,SHERMAN AVE,100,Feet,S,1,Clear,1,Daylight,1,Dry,25300,"Trafficway, On Road",2/8/18 7:45
1952,391529,1,41.382924,-72.907787,2634351,2/8/18,18:15:00,O,Property Damage Only,O,No Apparent Injury (O),2,State,8.49,10,CT-10,10-N,EVERGREEN AV,,,,,1,Clear,4,Dark-Lighted,1,Dry,18400,"Trafficway, On Road",2/8/18 18:15
214,391530,1,41.362468,-72.923885,2634352,2/8/18,18:21:00,O,Property Damage Only,O,No Apparent Injury (O),2,State,6.79,10,CT-10,10-N,,BENHAM ST,51,Feet,S,1,Clear,4,Dark-Lighted,1,Dry,32100,"Trafficway, On Road",2/8/18 18:21
1953,391759,1,41.380927,-72.912548,2634581,2/8/18,19:45:00,O,Property Damage Only,O,No Apparent Injury (O),2,State,8.2,10,CT-10,10-N,,Sanford St,1,Feet,S,1,Clear,4,Dark-Lighted,1,Dry,18400,"Trafficway, On Road",2/8/18 19:45
2629,391554,1,41.367158,-72.920786,2634376,2/8/18,20:08:00,A,"Injury of any type (Serious, Minor, Possible)",B,Suspected Minor Injury (B),2,State,7.14,10,CT-10,10-N,CONNOLLY PKWY,,,,,1,Clear,4,Dark-Lighted,1,Dry,,"Trafficway, On Road",2/8/18 20:08
2176,389637,1,41.3846207,-72.90145193,2632459,2/9/18,12:27:00,O,Property Damage Only,O,No Apparent Injury (O),2,State,8.89,10,CT-10,10-N,,School St,265,Feet,N,1,Clear,1,Daylight,1,Dry,16900,"Trafficway, On Road",2/9/18 12:27
5,396638,1,41.363332,-72.923489,2639453,2/9/18,14:01:00,O,Property Damage Only,O,No Apparent Injury (O),2,State,6.85,10,CT-10,10-N,,benham street,200,Feet,N,1,Clear,1,Daylight,1,Dry,41100,"Trafficway, On Road",2/9/18 14:01
2178,395510,1,41.391885,-72.898019,2638325,2/9/18,14:16:00,O,Property Damage Only,O,No Apparent Injury (O),2,State,9.43,10,CT-10,10-N,ELM ST,,,,,1,Clear,1,Daylight,1,Dry,16900,"Trafficway, On Road",2/9/18 14:16
7915,389639,1,41.348,-72.9449,2632461,2/9/18,22:26:00,O,Property Damage Only,O,No Apparent Injury (O),2,Local,0.12,429,PINE ROCK AV,PINE ROCK AV NO 1,,Oberlin Rd.,50,Feet,S,1,Clear,4,Dark-Lighted,1,Dry,5500,"Trafficway, On Road",2/9/18 22:26
1331,391555,1,41.354082,-72.929704,2634377,2/9/18,22:50:00,O,Property Damage Only,O,No Apparent Injury (O),2,State,6.13,10,CT-10,10-N,TREADWELL ST,,,,,1,Clear,4,Dark-Lighted,1,Dry,23400,"Trafficway, On Road",2/9/18 22:50
5005,393727,1,41.348352,-72.913515,2636547,2/9/18,23:41:00,O,Property Damage Only,O,No Apparent Injury (O),1,State,1.08,707,WHITNEY AV,707-N,MATHER ST,,,,,1,Clear,4,Dark-Lighted,2,Wet,14300,"Trafficway, Not on Road",2/9/18 23:41
1076,391556,1,41.341361,-72.934963,2634378,2/10/18,11:47:00,O,Property Damage Only,O,No Apparent Injury (O),2,State,5.21,10,CT-10,10-N,,North Street,147,Feet,S,1,Clear,1,Daylight,1,Dry,24100,"Trafficway, On Road",2/10/18 11:47
218,393384,1,41.362617,-72.923752,2636204,2/10/18,13:39:00,O,Property Damage Only,O,No Apparent Injury (O),2,State,6.8,10,CT-10,10-N,BENHAM ST,,,,,1,Clear,1,Daylight,1,Dry,32100,"Trafficway, On Road",2/10/18 13:39
1078,395511,1,41.338598,-72.935261,2638326,2/10/18,20:32:00,O,Property Damage Only,O,No Apparent Injury (O),2,State,5.02,10,CT-10,10-N,,Arch Street,100,Feet,N,4,Rain,4,Dark-Lighted,2,Wet,24100,"Trafficway, On Road",2/10/18 20:32
216,392782,1,41.362438,-72.923872,2635603,2/10/18,20:34:00,O,Property Damage Only,O,No Apparent Injury (O),2,State,6.8,10,CT-10,10-N,BENHAM ST,,,,,4,Rain,4,Dark-Lighted,2,Wet,32100,"Trafficway, On Road",2/10/18 20:34
3786,390924,1,41.378392,-72.905308,2633746,2/11/18,10:40:00,O,Property Damage Only,O,No Apparent Injury (O),2,State,51.48,15,15-S,15-S,,EXIT 61 entrance,100,Feet,S,4,Rain,1,Daylight,2,Wet,71800,"Trafficway, On Road",2/11/18 10:40
8976,411288,1,41.353543,-72.902692,2929776,2/11/18,10:54:00,O,Property Damage Only,O,No Apparent Injury (O),1,Local,0.15,548,WAITE ST,WAITE ST,RIDGE RD,,,,,4,Rain,1,Daylight,2,Wet,1200,"Trafficway, On Road",2/11/18 10:54
6799,391760,1,41.351979,-72.933538,2634582,2/11/18,13:20:00,O,Property Damage Only,O,No Apparent Injury (O),2,Local,0,205,GARDEN ST,GARDEN ST,BEACON ST,,,,,4,Rain,1,Daylight,2,Wet,,"Trafficway, On Road",2/11/18 13:20
1957,398280,1,41.377259,-72.915056,2641094,2/11/18,14:26:00,O,Property Damage Only,O,No Apparent Injury (O),2,State,7.9,10,CT-10,10-N,,Sheppard Avenue,100,Feet,N,4,Rain,1,Daylight,2,Wet,18400,"Trafficway, On Road",2/11/18 14:26
1903,391761,1,41.424342,-72.905685,2634583,2/11/18,14:40:00,O,Property Damage Only,O,No Apparent Injury (O),2,State,11.73,10,CT-10,10-N,TODD ST,,,,,4,Rain,1,Daylight,2,Wet,19100,"Trafficway, On Road",2/11/18 14:40
7342,415620,1,41.359861,-72.964593,2934105,2/11/18,18:19:00,A,"Injury of any type (Serious, Minor, Possible)",B,Suspected Minor Injury (B),1,Local,2.12,340,MAIN ST,MAIN ST,,Cassella Drive,900,Feet,S,1,Clear,4,Dark-Lighted,1,Dry,,"Trafficway, On Road",2/11/18 18:19
3593,397608,1,41.361711,-72.933067,2640423,2/12/18,7:50:00,O,Property Damage Only,O,No Apparent Injury (O),2,State,49.55,15,15-S,15-S,,15-S-119,6,TenthsofMile,S,2,Cloudy,1,Daylight,1,Dry,79900,"Trafficway, On Road",2/12/18 7:50
7445,397139,1,41.376274,-72.920389,2639954,2/12/18,8:32:00,O,Property Damage Only,O,No Apparent Injury (O),2,Local,0.95,366,MIX AV,MIX AV,SKIFF ST EXT,,,,,2,Cloudy,1,Daylight,1,Dry,4000,"Trafficway, On Road",2/12/18 8:32
160,391762,1,41.36685,-72.920903,2634584,2/12/18,8:48:00,O,Property Damage Only,O,No Apparent Injury (O),2,State,7.14,10,CT-10,10-N,CONNOLLY PKWY,,,,,2,Cloudy,1,Daylight,1,Dry,33100,"Trafficway, On Road",2/12/18 8:48
6021,391763,1,41.337606,-72.922309,2634585,2/12/18,17:25:00,O,Property Damage Only,O,No Apparent Injury (O),2,Local,0.12,69,BRYDEN TER,BRYDEN TER,WADSWORTH ST,,,,,1,Clear,1,Daylight,1,Dry,,"Trafficway, On Road",2/12/18 17:25
4309,390441,1,41.378178,-72.905304,2633263,2/12/18,17:34:00,O,Property Damage Only,O,No Apparent Injury (O),2,State,0.18,15,15-S,15-S-122,,Exit 60,9,TenthsofMile,N,1,Clear,5,Dark-Not Lighted,1,Dry,9300,"Trafficway, On Road",2/12/18 17:34
215,391764,1,41.359259,-72.925756,2634586,2/12/18,17:52:00,O,Property Damage Only,O,No Apparent Injury (O),2,State,6.55,10,CT-10,10-N,,Mather Street,60,Feet,N,1,Clear,4,Dark-Lighted,1,Dry,32100,"Trafficway, On Road",2/12/18 17:52
4660,391766,1,41.32809,-72.897741,2634588,2/13/18,1:25:00,O,Property Damage Only,O,No Apparent Injury (O),2,USRoute,1.01,5,US-5,5-N,,New Town line,20,Feet,S,1,Clear,4,Dark-Lighted,1,Dry,17700,"Trafficway, On Road",2/13/18 1:25
4310,391178,1,41.378244,-72.90531,2634000,2/13/18,7:24:00,O,Property Damage Only,O,No Apparent Injury (O),2,State,0.17,15,15-S,15-S-122,,RTE 15,66,Feet,N,1,Clear,1,Daylight,1,Dry,9300,"Trafficway, On Road",2/13/18 7:24
1954,391768,1,41.378871,-72.914123,2634590,2/13/18,13:20:00,O,Property Damage Only,O,No Apparent Injury (O),2,State,8.03,10,CT-10,10-N,,SANFORD STREET,1,TenthsofMile,S,1,Clear,1,Daylight,1,Dry,18400,"Trafficway, On Road",2/13/18 13:20
1904,394726,1,41.422148,-72.905164,2637544,2/13/18,13:23:00,O,Property Damage Only,O,No Apparent Injury (O),2,State,11.58,10,CT-10,10-N,,West Woods Rd,1,TenthsofMile,N,1,Clear,1,Daylight,1,Dry,19100,"Trafficway, On Road",2/13/18 13:23
7040,394727,1,41.385144,-72.906875,2637545,2/14/18,6:47:00,O,Property Damage Only,O,No Apparent Injury (O),2,Local,0.61,713,HAMDEN HILLS DR,HAMDEN HILLS DR,Evergren ave ,,,,,6,Freezing Rain or Freezing Drizzle,1,Daylight,5,Ice / Frost,8500,"Trafficway, On Road",2/14/18 6:47
5960,393401,1,41.338322,-72.937911,2636221,2/14/18,7:14:00,O,Property Damage Only,O,No Apparent Injury (O),2,Local,0.18,52,BOWEN ST,BOWEN ST,10-N,,,,,1,Clear,1,Daylight,1,Dry,4900,"Trafficway, On Road",2/14/18 7:14
4898,399187,1,41.382755,-72.902157,2917685,2/14/18,8:21:00,O,Property Damage Only,O,No Apparent Injury (O),2,State,3.57,707,WHITNEY AV,707-N,,Dixwell Ave.,150,Feet,S,2,Cloudy,1,Daylight,1,Dry,16900,"Trafficway, On Road",2/14/18 8:21
2177,391770,1,41.387285,-72.900447,2634592,2/14/18,9:01:00,O,Property Damage Only,O,No Apparent Injury (O),2,State,9.08,10,CT-10,10-N,,LINCOLN ST,173,Feet,S,1,Clear,1,Daylight,2,Wet,16900,"Trafficway, On Road",2/14/18 9:01
9268,392783,1,41.344566,-72.934601,2635604,2/14/18,13:52:00,A,"Injury of any type (Serious, Minor, Possible)",C,Possible Injury (C),2,Local,1.68,598,WOODIN ST,WOODIN ST,Dixwell Ave,,,,,1,Clear,1,Daylight,1,Dry,5400,"Trafficway, On Road",2/14/18 13:52
6853,391771,1,41.357021,-72.94146,2634593,2/14/18,14:52:00,O,Property Damage Only,O,No Apparent Injury (O),2,Local,0.23,212,GILBERT AV,GILBERT AV,VALLEY RD,,,,,1,Clear,1,Daylight,1,Dry,5500,"Trafficway, On Road",2/14/18 14:52
2374,391772,1,41.392001,-72.897683,2634594,2/14/18,15:35:00,O,Property Damage Only,O,No Apparent Injury (O),2,State,9.46,10,CT-10,10-N,JAMES ST,,,,,1,Clear,1,Daylight,1,Dry,14700,"Trafficway, On Road",2/14/18 15:35
1188,391773,1,41.372618,-72.916846,2634595,2/14/18,17:56:00,O,Property Damage Only,O,No Apparent Injury (O),2,State,7.57,10,CT-10,10-N,,SKIFF STREET,1,TenthsofMile,S,1,Clear,3,Dusk,1,Dry,23700,"Trafficway, On Road",2/14/18 17:56
8049,391774,1,41.343682,-72.926341,2634596,2/14/18,18:12:00,O,Property Damage Only,O,No Apparent Injury (O),1,Local,0.74,439,PUTNAM AV,PUTNAM AV,LEEDER HILL DR,,,,,1,Clear,4,Dark-Lighted,1,Dry,10000,"Trafficway, On Road",2/14/18 18:12
5826,393519,1,41.364491,-72.929247,2636339,2/14/18,19:40:00,A,"Injury of any type (Serious, Minor, Possible)",B,Suspected Minor Injury (B),2,Local,0.3,42,BENHAM ST,BENHAM ST,MIX AV,,,,,1,Clear,4,Dark-Lighted,1,Dry,12600,"Trafficway, On Road",2/14/18 19:40
4803,394619,1,41.33614,-72.899534,2637437,2/15/18,9:48:00,A,"Injury of any type (Serious, Minor, Possible)",C,Possible Injury (C),2,USRoute,1.61,5,US-5,5-N,,Ridge Rd,200,Feet,N,1,Clear,1,Daylight,1,Dry,9900,"Trafficway, On Road",2/15/18 9:48
4822,393385,1,41.356864,-72.890395,2636205,2/15/18,11:30:00,A,"Injury of any type (Serious, Minor, Possible)",C,Possible Injury (C),2,USRoute,3.13,5,US-5,5-N,,CRAFT ST.,20,Feet,S,2,Cloudy,1,Daylight,2,Wet,9300,"Trafficway, On Road",2/15/18 11:30
3219,396362,1,41.379329,-72.902994,2639177,2/15/18,12:35:00,O,Property Damage Only,O,No Apparent Injury (O),2,State,51.63,15,15-N,15-N,,EXIT 61,500,Feet,N,2,Cloudy,1,Daylight,1,Dry,71800,"Trafficway, On Road",2/15/18 12:35
3329,396382,1,41.380709,-72.900737,2639197,2/15/18,15:18:00,O,Property Damage Only,O,No Apparent Injury (O),2,State,51.76,15,15-N,15-N,EXIT 61,,,,,2,Cloudy,1,Daylight,1,Dry,64800,"Trafficway, On Road",2/15/18 15:18
7444,394620,1,41.368869,-72.92545,2637438,2/15/18,15:56:00,O,Property Damage Only,O,No Apparent Injury (O),2,Local,0.37,366,MIX AV,MIX AV,KAYE VUE DR,,,,,1,Clear,1,Daylight,1,Dry,4000,"Trafficway, On Road",2/15/18 15:56
5829,396604,1,41.362902,-72.924316,2639419,2/15/18,17:50:00,O,Property Damage Only,O,No Apparent Injury (O),2,Local,0.03,42,BENHAM ST,BENHAM ST,,10-N,122,Feet,W,1,Clear,4,Dark-Lighted,1,Dry,12600,"Trafficway, On Road",2/15/18 17:50
2149,393532,1,41.383446,-72.901857,2636352,2/15/18,20:46:00,A,"Injury of any type (Serious, Minor, Possible)",B,Suspected Minor Injury (B),3,State,8.8,10,CT-10,10-N,707-N,,,,,1,Clear,4,Dark-Lighted,1,Dry,17000,"Trafficway, On Road",2/15/18 20:46
1077,391775,1,41.338493,-72.935226,2634597,2/16/18,8:05:00,O,Property Damage Only,O,No Apparent Injury (O),2,State,5.02,10,CT-10,10-N,,,,,,4,Rain,1,Daylight,2,Wet,24100,"Trafficway, On Road",2/16/18 8:05
476,393386,1,41.358748,-72.925931,2636206,2/16/18,10:49:00,A,"Injury of any type (Serious, Minor, Possible)",B,Suspected Minor Injury (B),2,State,6.51,10,CT-10,10-N,,MATHER ST,89,Feet,S,2,Cloudy,1,Daylight,2,Wet,27500,"Trafficway, On Road",2/16/18 10:49
475,391776,1,41.356133,-72.928119,2634598,2/16/18,12:53:00,O,Property Damage Only,O,No Apparent Injury (O),2,State,6.3,10,CT-10,10-N,,SAINT JAMES ST,15,Feet,N,1,Clear,1,Daylight,1,Dry,27500,"Trafficway, On Road",2/16/18 12:53
770,394621,1,41.41142,-72.901229,2637439,2/16/18,16:30:00,O,Property Damage Only,O,No Apparent Injury (O),2,State,10.82,10,CT-10,10-N,BROWN ST,,,,,1,Clear,1,Daylight,1,Dry,25300,"Trafficway, On Road",2/16/18 16:30
1955,393729,1,41.377421,-72.914931,2636549,2/16/18,17:11:00,A,"Injury of any type (Serious, Minor, Possible)",B,Suspected Minor Injury (B),2,State,7.92,10,CT-10,10-N,,SHEPARD AV,284,Feet,N,1,Clear,1,Daylight,1,Dry,18400,"Trafficway, On Road",2/16/18 17:11
217,392784,1,41.362253,-72.923977,2635605,2/16/18,17:50:00,O,Property Damage Only,O,No Apparent Injury (O),2,State,6.77,10,CT-10,10-N,,Benham Street,150,Feet,S,1,Clear,4,Dark-Lighted,2,Wet,32100,"Trafficway, On Road",2/16/18 17:50
1332,392785,1,41.353123,-72.930284,2635606,2/16/18,19:27:00,O,Property Damage Only,O,No Apparent Injury (O),2,State,6.06,10,CT-10,10-N,,CHURCH ST,104,Feet,N,1,Clear,4,Dark-Lighted,1,Dry,23400,"Trafficway, On Road",2/16/18 19:27
9022,394622,1,41.384197,-72.898821,2637440,2/16/18,22:35:00,O,Property Damage Only,O,No Apparent Injury (O),2,Local,0.07,554,WASHINGTON AV,WASHINGTON AV,SCHOOL ST,,0,,,1,Clear,4,Dark-Lighted,1,Dry,2700,"Trafficway, On Road",2/16/18 22:35
8267,395512,1,41.382485,-72.918376,2638327,2/17/18,9:07:00,O,Property Damage Only,O,No Apparent Injury (O),2,Local,0.31,477,SANFORD ST,SANFORD ST,MILLPOND RD,,0,,N,1,Clear,1,Daylight,1,Dry,5200,"Trafficway, On Road",2/17/18 9:07
2179,395513,1,41.386874,-72.900629,2638328,2/17/18,11:56:00,O,Property Damage Only,O,No Apparent Injury (O),2,State,9.05,10,CT-10,10-N,DAY SPRING AV,,,,,1,Clear,1,Daylight,1,Dry,16900,"Trafficway, On Road",2/17/18 11:56
5827,393730,1,41.362661,-72.9238,2636550,2/17/18,12:28:00,A,"Injury of any type (Serious, Minor, Possible)",C,Possible Injury (C),1,Local,0,42,BENHAM ST,BENHAM ST,10-N,,,,,1,Clear,1,Daylight,1,Dry,12600,"Trafficway, On Road",2/17/18 12:28
3,395637,1,41.363623,-72.92339,2638452,2/17/18,12:50:00,O,Property Damage Only,O,No Apparent Injury (O),2,State,6.87,10,CT-10,10-N,,palmer ave,78,Feet,S,1,Clear,1,Daylight,1,Dry,41100,"Trafficway, On Road",2/17/18 12:50
3790,395835,1,41.377932,-72.905471,2638650,2/17/18,13:01:00,O,Property Damage Only,O,No Apparent Injury (O),2,State,51.44,15,15-S,15-S,,ENTRANCE #61,50,Feet,S,1,Clear,1,Daylight,1,Dry,71800,"Trafficway, On Road",2/17/18 13:01
2296,393370,1,41.383599,-72.901819,2636190,2/17/18,13:41:00,O,Property Damage Only,O,No Apparent Injury (O),2,State,8.81,10,CT-10,10-N,,Dixwell Avenue,50,Feet,N,1,Clear,1,Daylight,1,Dry,16500,"Trafficway, On Road",2/17/18 13:41
4802,394078,1,41.337857,-72.897995,2636898,2/17/18,21:09:00,O,Property Damage Only,O,No Apparent Injury (O),2,USRoute,1.76,5,US-5,5-N,POTTER PL,,,,,7,Snow,4,Dark-Lighted,3,Snow,9900,"Trafficway, On Road",2/17/18 21:09
3024,393203,1,41.365246,-72.926513,2636023,2/17/18,22:56:00,O,Property Damage Only,O,No Apparent Injury (O),1,State,49.96,15,15-N,15-N,,exit 60,10,TenthsofMile,S,7,Snow,5,Dark-Not Lighted,3,Snow,79900,"Trafficway, On Road",2/17/18 22:56
8050,394079,1,41.344621,-72.92083,2636899,2/17/18,23:30:00,O,Property Damage Only,O,No Apparent Injury (O),1,Local,0.45,439,PUTNAM AV,PUTNAM AV,PARAMOUNT AV,,,,,7,Snow,4,Dark-Lighted,3,Snow,10000,"Trafficway, On Road",2/17/18 23:30
3025,395839,1,41.36528129,-72.92654734,2638654,2/18/18,6:18:00,O,Property Damage Only,O,No Apparent Injury (O),1,State,49.96,15,15-N,15-N,,Exit #60,500,Feet,S,1,Clear,1,Daylight,4,Slush,79900,"Trafficway, On Road",2/18/18 6:18
3026,395840,1,41.36528129,-72.92654734,2638655,2/18/18,6:46:00,A,"Injury of any type (Serious, Minor, Possible)",B,Suspected Minor Injury (B),2,State,49.96,15,15-N,15-N,,EXIT #60,100,Feet,S,1,Clear,1,Daylight,3,Snow,79900,"Trafficway, On Road",2/18/18 6:46
9080,392828,1,41.43034,-72.91979,2635649,2/18/18,8:41:00,O,Property Damage Only,O,No Apparent Injury (O),1,Local,1.21,573,WEST TODD ST,WEST TODD ST,,hillfield rd,100,Feet,E,1,Clear,1,Daylight,5,Ice / Frost,,"Trafficway, Not on Road",2/18/18 8:41
6546,398219,1,41.3686981,-72.95066376,2641033,2/18/18,14:29:00,O,Property Damage Only,O,No Apparent Injury (O),2,Local,2.23,152,DUNBAR HILL RD,DUNBAR HILL RD,,BENHAM ST,100,Feet,N,1,Clear,1,Daylight,1,Dry,,"Trafficway, On Road",2/18/18 14:29