,CrashId,Fatal Case Status,lat,lon,DOT Case Number,Date Of Crash,Time of Crash,Crash Severity,Crash Severity Text Format,Most Severe Injury,Most Severe Injury Text Format,Number Of Motor Vehicles,Route Class Text Format,Milemarker,Road Number,Road Description,Roadway Name,Intersecting Roadway Name,Landmark Description,Distance From Nearest Landmark,Unit Of Measure From Nearest Landmark,Direction From Nearest Landmark,Weather Condition,Weather Condition Text Format,Light Condition,Light Condition Text Format,Road Surface Condition,Road Surface Condition Text Format,Average Daily Traffic,Trafficway Class Text Format,full_date
6161,396178,1,41.359659,-72.937229,2638993,2/18/18,16:13:00,A,"Injury of any type (Serious, Minor, Possible)",C,Possible Injury (C),2,Local,0.45,99,CIRCULAR AV,CIRCULAR AV,,Arents Drive,20,Feet,N,1,Clear,1,Daylight,1,Dry,1900,"Trafficway, On Road",2/18/18 16:13
5769,398526,1,41.3442,-72.9394,2641340,2/18/18,16:16:00,O,Property Damage Only,O,No Apparent Injury (O),2,Local,0.05,35,BEAVER ST,BEAVER ST,THIRD ST,,,,,7,Snow,4,Dark-Lighted,3,Snow,,"Trafficway, On Road",2/18/18 16:16
8676,396605,1,41.3723,-72.909893,2639420,2/19/18,8:46:00,O,Property Damage Only,O,No Apparent Injury (O),2,Local,0.2,494,SKIFF ST,SKIFF ST,,Whitney Ave.,2,TenthsofMile,W,1,Clear,1,Daylight,1,Dry,24000,"Trafficway, On Road",2/19/18 8:46
8762,396606,1,41.374612,-72.916278,2639421,2/19/18,9:48:00,O,Property Damage Only,O,No Apparent Injury (O),2,Local,0.02,495,SKIFF ST EXT,SKIFF ST EXT,,dixwell avenue,50,Feet,W,1,Clear,1,Daylight,1,Dry,9400,"Trafficway, On Road",2/19/18 9:48
477,395638,1,41.35903,-72.925794,2638453,2/19/18,14:35:00,A,"Injury of any type (Serious, Minor, Possible)",B,Suspected Minor Injury (B),2,State,6.53,10,CT-10,10-N,Mather St,,,,,1,Clear,1,Daylight,1,Dry,27500,"Trafficway, On Road",2/19/18 14:35
4729,393402,1,41.334659,-72.900482,2636222,2/19/18,17:43:00,O,Property Damage Only,O,No Apparent Injury (O),2,USRoute,1.5,5,US-5,5-N,MERRITT ST,,,,,1,Clear,4,Dark-Lighted,1,Dry,14100,"Trafficway, On Road",2/19/18 17:43
6290,396587,1,41.367106,-72.920713,2639402,2/19/18,17:46:00,O,Property Damage Only,O,No Apparent Injury (O),2,Local,0.26,111,CONNOLLY PKWY,CONNOLLY PKWY,10-N,,,,,1,Clear,4,Dark-Lighted,1,Dry,8600,"Trafficway, On Road",2/19/18 17:46
7976,393403,1,41.372225,-72.923109,2636223,2/20/18,10:31:00,O,Property Damage Only,O,No Apparent Injury (O),2,,,,PLAZA DRIVEWAY REAR,PLAZA DRIVEWAY REAR,,MIX AVE,50,Feet,E,1,Clear,1,Daylight,2,Wet,,"Trafficway, On Road",2/20/18 10:31
8931,395639,1,41.43725,-72.893392,2638454,2/20/18,12:09:00,A,"Injury of any type (Serious, Minor, Possible)",C,Possible Injury (C),1,Local,0.91,530,TUTTLE AV,TUTTLE AV NO 1,,RIVER ROAD,820,Feet,E,1,Clear,1,Daylight,1,Dry,,"Trafficway, On Road",2/20/18 12:09
2,395514,1,41.363766,-72.923278,2638329,2/20/18,16:11:00,O,Property Damage Only,O,No Apparent Injury (O),2,State,6.88,10,CT-10,10-N,PALMER AV,,,,,1,Clear,1,Daylight,1,Dry,41100,"Trafficway, On Road",2/20/18 16:11
7300,395515,1,41.34538,-72.92694,2638330,2/21/18,3:13:00,O,Property Damage Only,O,No Apparent Injury (O),1,Local,0.12,317,LEEDER HILL DR,LEEDER HILL DR,,PUTNAM AV,621,Feet,N,3,"Fog, Smog, Smoke",4,Dark-Lighted,1,Dry,3600,"Trafficway, On Road",2/21/18 3:13
3792,396385,1,41.377502,-72.906123,2639200,2/21/18,14:08:00,O,Property Damage Only,O,No Apparent Injury (O),2,State,51.4,15,15-S,15-S,,EXIT 61,500,Feet,S,1,Clear,1,Daylight,1,Dry,71800,"Trafficway, On Road",2/21/18 14:08
6136,394623,1,41.346275,-72.93386,2637441,2/21/18,14:16:00,O,Property Damage Only,O,No Apparent Injury (O),2,Local,1.37,99,CIRCULAR AV,CIRCULAR AV,PUTNAM AV,,,,,1,Clear,1,Daylight,1,Dry,7100,"Trafficway, On Road",2/21/18 14:16
3217,393220,1,41.37889299,-72.90352041,2636040,2/21/18,15:29:00,O,Property Damage Only,O,No Apparent Injury (O),2,State,51.59,15,15-N,15-N,,Exit 61,3,TenthsofMile,S,1,Clear,1,Daylight,1,Dry,71800,"Trafficway, On Road",2/21/18 15:29
3218,393222,1,41.379647,-72.902527,2636042,2/21/18,16:02:00,O,Property Damage Only,O,No Apparent Injury (O),2,State,51.66,15,15-N,15-N,,Exit 62,9,TenthsofMile,S,1,Clear,1,Daylight,1,Dry,71800,"Trafficway, On Road",2/21/18 16:02
161,394625,1,41.367231,-72.920676,2637443,2/21/18,16:56:00,A,"Injury of any type (Serious, Minor, Possible)",C,Possible Injury (C),1,State,7.14,10,CT-10,10-N,CONNOLLY PKWY,,,,,1,Clear,1,Daylight,1,Dry,33100,"Trafficway, On Road",2/21/18 16:56
3591,393483,1,41.36168,-72.93319,2636303,2/21/18,18:18:00,O,Property Damage Only,O,No Apparent Injury (O),2,State,49.54,15,15-S,15-S,,Exit 60,2,TenthsofMile,S,1,Clear,5,Dark-Not Lighted,1,Dry,79900,"Trafficway, On Road",2/21/18 18:18
3592,393484,1,41.36008722,-72.93703807,2636304,2/21/18,18:40:00,O,Property Damage Only,O,No Apparent Injury (O),2,State,49.31,15,15-S,15-S,,Exit 60,2,TenthsofMile,S,1,Clear,5,Dark-Not Lighted,1,Dry,79900,"Trafficway, On Road",2/21/18 18:40
1189,394626,1,41.369342,-72.919168,2637444,2/21/18,18:49:00,O,Property Damage Only,O,No Apparent Injury (O),1,State,7.31,10,CT-10,10-N,,Connolly Pkwy,2,TenthsofMile,N,1,Clear,4,Dark-Lighted,1,Dry,23700,"Trafficway, On Road",2/21/18 18:49
8835,395516,1,41.442917,-72.913894,2638331,2/21/18,23:29:00,O,Property Damage Only,O,No Apparent Injury (O),1,Local,2.14,507,STILL HILL RD,STILL HILL RD,,BROOKSVALE AV,56,Feet,S,1,Clear,4,Dark-Lighted,1,Dry,1600,"Trafficway, On Road",2/21/18 23:29
219,397967,1,41.362657,-72.923783,2640782,2/22/18,0:39:00,A,"Injury of any type (Serious, Minor, Possible)",C,Possible Injury (C),2,State,6.8,10,CT-10,10-N,BENHAM ST,,,,,1,Clear,4,Dark-Lighted,1,Dry,32100,"Trafficway, On Road",2/22/18 0:39
5096,397119,1,41.341259,-72.912796,2639934,2/22/18,7:02:00,A,"Injury of any type (Serious, Minor, Possible)",C,Possible Injury (C),1,State,0.6,707,WHITNEY AV,707-N,,Davis Street,99,Feet,S,1,Clear,2,Dawn,1,Dry,13500,"Trafficway, On Road",2/22/18 7:02
3791,395862,1,41.378062,-72.905342,2638677,2/22/18,9:29:00,A,"Injury of any type (Serious, Minor, Possible)",C,Possible Injury (C),2,State,51.45,15,15-S,15-S,Exit 61,,,,,1,Clear,1,Daylight,1,Dry,71800,"Trafficway, On Road",2/22/18 9:29
3328,393398,1,41.380686,-72.900735,2636218,2/22/18,14:56:00,A,"Injury of any type (Serious, Minor, Possible)",B,Suspected Minor Injury (B),2,State,51.76,15,15-N,15-N,Entrance Ramp 61,,,,,4,Rain,1,Daylight,2,Wet,64800,"Trafficway, On Road",2/22/18 14:56
7617,394627,1,41.42262926,-72.8912595,2637445,2/22/18,15:20:00,O,Property Damage Only,O,No Apparent Injury (O),1,Local,0.19,375,MOUNT CARMEL AV,MOUNT CARMEL AV,,Hogan Rd,1164,Feet,W,4,Rain,1,Daylight,2,Wet,2100,"Trafficway, On Road",2/22/18 15:20
1,394628,1,41.365079,-72.92232,2637446,2/22/18,16:14:00,O,Property Damage Only,O,No Apparent Injury (O),2,State,6.99,10,CT-10,10-N,,Dewey St,75,Feet,N,4,Rain,1,Daylight,2,Wet,41100,"Trafficway, On Road",2/22/18 16:14
6453,395517,1,41.370287,-72.917607,2638332,2/22/18,17:16:00,O,Property Damage Only,O,No Apparent Injury (O),2,,,,DIXWELL AV,2197 DIXWELL AVE,,,,,,1,Clear,1,Daylight,1,Dry,,"Trafficway, On Road",2/22/18 17:16
6771,394629,1,41.384984,-72.922311,2637447,2/23/18,10:55:00,O,Property Damage Only,O,No Apparent Injury (O),1,Local,0.53,197,FOUR ROD RD,FOUR ROD RD,RENTELL RD,,,,,4,Rain,1,Daylight,2,Wet,1600,"Trafficway, Not on Road",2/23/18 10:55
771,396607,1,41.347278,-72.933484,2639422,2/23/18,11:47:00,A,"Injury of any type (Serious, Minor, Possible)",B,Suspected Minor Injury (B),2,State,5.63,10,CT-10,10-N,,CIRCULAR AVE,300,Feet,N,2,Cloudy,1,Daylight,1,Dry,25300,"Trafficway, On Road",2/23/18 11:47
776,399188,1,41.34775,-72.933077,2917686,2/23/18,13:14:00,O,Property Damage Only,O,No Apparent Injury (O),2,State,5.67,10,CT-10,10-N,,SCOTT ST,100,Feet,S,4,Rain,1,Daylight,2,Wet,25300,"Trafficway, On Road",2/23/18 13:14
4895,394729,1,41.38346,-72.90161,2637547,2/23/18,14:08:00,O,Property Damage Only,O,No Apparent Injury (O),2,State,3.62,707,WHITNEY AV,707-N,10-N,,,,,1,Clear,1,Daylight,2,Wet,16900,"Trafficway, On Road",2/23/18 14:08
478,395640,1,41.3553,-72.9292,2638455,2/23/18,18:04:00,O,Property Damage Only,O,No Apparent Injury (O),2,State,6.22,10,CT-10,10-N,PERSHING ST,,,,,4,Rain,4,Dark-Lighted,2,Wet,27500,"Trafficway, On Road",2/23/18 18:04
1190,395641,1,41.369216,-72.919222,2638456,2/23/18,19:19:00,O,Property Damage Only,O,No Apparent Injury (O),2,State,7.31,10,CT-10,10-N,,Connolly Pkwy,2,TenthsofMile,N,4,Rain,4,Dark-Lighted,2,Wet,23700,"Trafficway, On Road",2/23/18 19:19
1333,394631,1,41.349719,-72.932066,2637449,2/23/18,19:37:00,O,Property Damage Only,O,No Apparent Injury (O),2,State,5.8,10,CT-10,10-N,COLLINS ST,,,,,4,Rain,4,Dark-Lighted,2,Wet,23400,"Trafficway, On Road",2/23/18 19:37
6335,396608,1,41.342108,-72.911041,2639423,2/23/18,20:34:00,A,"Injury of any type (Serious, Minor, Possible)",C,Possible Injury (C),1,Local,0.7,128,DAVIS ST,DAVIS ST,,Whitney Avenue,1,TenthsofMile,E,4,Rain,4,Dark-Lighted,2,Wet,11100,"Trafficway, On Road",2/23/18 20:34
9217,396639,1,41.36082,-72.95857,2639454,2/24/18,2:23:00,A,"Injury of any type (Serious, Minor, Possible)",C,Possible Injury (C),1,Local,0.87,594,WINTERGREEN AV,WINTERGREEN AV,BUILDING BROOK RD,,,,,1,Clear,4,Dark-Lighted,2,Wet,1300,"Trafficway, On Road",2/24/18 2:23
1079,396609,1,41.341625,-72.934932,2639424,2/24/18,9:56:00,O,Property Damage Only,O,No Apparent Injury (O),2,State,5.24,10,CT-10,10-N,NORTH ST,,,,,1,Clear,1,Daylight,1,Dry,24100,"Trafficway, On Road",2/24/18 9:56
6385,396610,1,41.341805,-72.938205,2639425,2/24/18,13:05:00,A,"Injury of any type (Serious, Minor, Possible)",C,Possible Injury (C),2,Local,0.24,141,DIX ST,DIX ST,NORTH ST,,,,,1,Clear,1,Daylight,1,Dry,,"Trafficway, On Road",2/24/18 13:05
3787,394039,1,41.378044,-72.905346,2636859,2/24/18,17:04:00,O,Property Damage Only,O,No Apparent Injury (O),2,State,51.45,15,15-S,15-S,Exit 61,,,,,4,Rain,1,Daylight,10,Standing Water,71800,"Trafficway, On Road",2/24/18 17:04
8281,394730,1,41.38484,-72.903618,2637548,2/25/18,4:00:00,A,"Injury of any type (Serious, Minor, Possible)",C,Possible Injury (C),2,Local,0.17,480,SCHOOL ST,SCHOOL ST,,Whitney Ave.,1,TenthsofMile,W,4,Rain,4,Dark-Lighted,2,Wet,5300,"Trafficway, On Road",2/25/18 4:00
2180,395518,1,41.386118,-72.900927,2638333,2/26/18,5:20:00,O,Property Damage Only,O,No Apparent Injury (O),2,State,9,10,CT-10,10-N,COLONIAL DR,,,,,1,Clear,4,Dark-Lighted,1,Dry,16900,"Trafficway, On Road",2/26/18 5:20
8957,395526,1,41.357053,-72.915085,2638341,2/26/18,12:05:00,O,Property Damage Only,O,No Apparent Injury (O),2,Local,0.85,548,WAITE ST,WAITE ST,,Coram Street,212,Feet,N,1,Clear,1,Daylight,1,Dry,3200,"Trafficway, On Road",2/26/18 12:05
4896,395527,1,41.38345,-72.901511,2638342,2/26/18,15:18:00,O,Property Damage Only,O,No Apparent Injury (O),2,State,3.62,707,WHITNEY AV,707-N,10-N,,,,,1,Clear,1,Daylight,1,Dry,16900,"Trafficway, On Road",2/26/18 15:18
3788,394790,1,41.378128,-72.905323,2637608,2/26/18,16:20:00,A,"Injury of any type (Serious, Minor, Possible)",C,Possible Injury (C),2,State,51.46,15,15-S,15-S,,exit 61,10,Feet,N,1,Clear,1,Daylight,1,Dry,71800,"Trafficway, On Road",2/26/18 16:20
3789,394792,1,41.378051,-72.905258,2637610,2/26/18,16:56:00,O,Property Damage Only,O,No Apparent Injury (O),2,State,51.46,15,15-S,15-S,,61 ON RAMP,25,Feet,E,1,Clear,1,Daylight,1,Dry,71800,"Trafficway, On Road",2/26/18 16:56
626,395642,1,41.420899,-72.904715,2638457,2/26/18,18:28:00,O,Property Damage Only,O,No Apparent Injury (O),2,State,11.48,10,CT-10,10-N,WEST WOODS RD NO 1,,,,,1,Clear,1,Daylight,1,Dry,25800,"Trafficway, On Road",2/26/18 18:28
4,395643,1,41.365042,-72.922362,2638458,2/26/18,19:03:00,A,"Injury of any type (Serious, Minor, Possible)",C,Possible Injury (C),2,State,6.99,10,CT-10,10-N,,DEWEY ST,120,Feet,N,1,Clear,4,Dark-Lighted,1,Dry,41100,"Trafficway, On Road",2/26/18 19:03
8356,395645,1,41.382145,-72.919978,2638460,2/26/18,21:23:00,O,Property Damage Only,O,No Apparent Injury (O),2,Local,0.47,489,SHEPARD AV,SHEPARD AV,SANFORD ST,,,,,1,Clear,4,Dark-Lighted,1,Dry,1400,"Trafficway, On Road",2/26/18 21:23
5828,395646,1,41.36461,-72.929235,2638461,2/27/18,8:07:00,O,Property Damage Only,O,No Apparent Injury (O),2,Local,0.3,42,BENHAM ST,BENHAM ST,MIX AV,,,,,1,Clear,1,Daylight,1,Dry,12600,"Trafficway, On Road",2/27/18 8:07
6914,395408,1,41.335185,-72.927892,2638223,2/27/18,14:15:00,A,"Injury of any type (Serious, Minor, Possible)",B,Suspected Minor Injury (B),2,Local,0.42,222,GOODRICH ST,GOODRICH ST,SHEPARD ST,,,,,1,Clear,1,Daylight,1,Dry,3100,"Trafficway, On Road",2/27/18 14:15
9003,395648,1,41.34516,-72.937364,2638463,2/27/18,17:27:00,O,Property Damage Only,O,No Apparent Injury (O),2,Local,0.23,553,WARREN ST,WARREN ST,,Woodin St,50,Feet,S,1,Clear,1,Daylight,1,Dry,,"Trafficway, On Road",2/27/18 17:27
7618,395649,1,41.423676,-72.880172,2638464,2/27/18,22:07:00,O,Property Damage Only,O,No Apparent Injury (O),2,Local,0.79,375,MOUNT CARMEL AV,MOUNT CARMEL AV,,Ridge Rd,1,TenthsofMile,E,1,Clear,4,Dark-Lighted,1,Dry,2100,"Trafficway, On Road",2/27/18 22:07
3793,396388,1,41.368598,-72.915949,2639203,2/28/18,8:10:00,O,Property Damage Only,O,No Apparent Injury (O),2,State,50.61,15,15-S,15-S,,EXIT 61,5,TenthsofMile,S,1,Clear,1,Daylight,1,Dry,71800,"Trafficway, On Road",2/28/18 8:10
7787,395650,1,41.368549,-72.942354,2638465,2/28/18,10:39:00,A,"Injury of any type (Serious, Minor, Possible)",B,Suspected Minor Injury (B),2,Local,0.1,411,PARADISE AV,PARADISE AV NO 5,COOPER LA,,,,,1,Clear,1,Daylight,1,Dry,3800,"Trafficway, On Road",2/28/18 10:39
1334,395651,1,41.351861,-72.930958,2638466,2/28/18,12:38:00,O,Property Damage Only,O,No Apparent Injury (O),2,State,5.98,10,CT-10,10-N,CONCORD ST,,,,,1,Clear,1,Daylight,1,Dry,23400,"Trafficway, On Road",2/28/18 12:38
162,395652,1,41.36697,-72.920786,2638467,2/28/18,18:58:00,O,Property Damage Only,O,No Apparent Injury (O),2,State,7.14,10,CT-10,10-N,CONNOLLY PKWY,,,,,1,Clear,4,Dark-Lighted,1,Dry,33100,"Trafficway, On Road",2/28/18 18:58
1192,397121,1,41.369634,-72.918983,2639936,3/1/18,7:04:00,O,Property Damage Only,O,No Apparent Injury (O),2,State,7.34,10,CT-10,10-N,,Connolly Parkway,3,TenthsofMile,N,1,Clear,1,Daylight,1,Dry,23700,"Trafficway, On Road",3/1/18 7:04
5352,399189,1,41.33614,-72.911398,2917687,3/1/18,8:36:00,O,Property Damage Only,O,No Apparent Injury (O),2,State,0.23,707,WHITNEY AV,707-N,,ARMORY ST,150,Feet,S,1,Clear,1,Daylight,1,Dry,11200,"Trafficway, On Road",3/1/18 8:36
8675,395653,1,41.37456,-72.91621,2638468,3/1/18,9:56:00,O,Property Damage Only,O,No Apparent Injury (O),2,Local,0.55,494,SKIFF ST,SKIFF ST,,Dixwell Ave,25,Feet,W,1,Clear,1,Daylight,1,Dry,24000,"Trafficway, On Road",3/1/18 9:56
2376,398220,1,41.394172,-72.896957,2641034,3/1/18,17:57:00,O,Property Damage Only,O,No Apparent Injury (O),2,State,9.6,10,CT-10,10-N,,Forest Street,1,TenthsofMile,N,1,Clear,4,Dark-Lighted,1,Dry,14700,"Trafficway, On Road",3/1/18 17:57
1335,396611,1,41.351074,-72.931427,2639426,3/1/18,22:46:00,O,Property Damage Only,O,No Apparent Injury (O),2,State,5.91,10,CT-10,10-N,,Lexington St,208,Feet,N,4,Rain,4,Dark-Lighted,2,Wet,23400,"Trafficway, On Road",3/1/18 22:46
5006,404644,1,41.347886,-72.91299,2923139,3/2/18,1:33:00,A,"Injury of any type (Serious, Minor, Possible)",A,Suspected Serious Injury (A),1,State,1.07,707,WHITNEY AV,707-N,,Treadwell St,20,Feet,S,4,Rain,4,Dark-Lighted,2,Wet,14300,"Trafficway, Not on Road",3/2/18 1:33
2375,395654,1,41.392495,-72.89748,2638469,3/2/18,8:40:00,O,Property Damage Only,O,No Apparent Injury (O),2,State,9.48,10,CT-10,10-N,,James Street,101,Feet,N,4,Rain,1,Daylight,2,Wet,14700,"Trafficway, On Road",3/2/18 8:40
8051,396108,1,41.34515,-72.917823,2638923,3/2/18,11:08:00,O,Property Damage Only,O,No Apparent Injury (O),1,Local,0.29,439,PUTNAM AV,PUTNAM AV,,Lilac Avenue,70,Feet,W,9,Severe Crosswinds,1,Daylight,2,Wet,10000,"Trafficway, On Road",3/2/18 11:08
1956,397123,1,41.382888,-72.907921,2639938,3/2/18,18:41:00,O,Property Damage Only,O,No Apparent Injury (O),2,State,8.49,10,CT-10,10-N,EVERGREEN AV,,,,,4,Rain,4,Dark-Lighted,2,Wet,18400,"Trafficway, On Road",3/2/18 18:41
3470,396109,1,41.365382,-72.922334,2638924,3/3/18,1:29:00,A,"Injury of any type (Serious, Minor, Possible)",C,Possible Injury (C),2,State,0,15,15-N,15-N-221,10-N,,,,,1,Clear,4,Dark-Lighted,2,Wet,9300,"Trafficway, On Road",3/3/18 1:29
7083,401966,1,41.388,-72.9077,2920464,3/3/18,1:46:00,O,Property Damage Only,,,1,,,713,HAMDEN HILLS DR,HAMDEN HILLS DR,,Evergreen Avenue,2,TenthsofMile,W,1,Clear,4,Dark-Lighted,1,Dry,,"Trafficway, On Road",3/3/18 1:46
8357,395656,1,41.41316,-72.921914,2638471,3/3/18,11:20:00,O,Property Damage Only,O,No Apparent Injury (O),2,Local,2.66,489,SHEPARD AV,SHEPARD AV,,Triano Road,50,Feet,S,1,Clear,1,Daylight,1,Dry,1400,"Trafficway, On Road",3/3/18 11:20
3220,397091,1,41.37833,-72.904557,2639906,3/4/18,18:35:00,A,"Injury of any type (Serious, Minor, Possible)",C,Possible Injury (C),2,State,51.52,15,15-N,15-N,,EXIT 61 OFF RAMP,2,TenthsofMile,S,1,Clear,5,Dark-Not Lighted,1,Dry,71800,"Trafficway, On Road",3/4/18 18:35
3221,398167,1,41.377086,-72.906554,2640981,3/4/18,19:18:00,A,"Injury of any type (Serious, Minor, Possible)",B,Suspected Minor Injury (B),2,State,51.38,15,15-N,15-N,,exit #61,1696,Feet,S,1,Clear,4,Dark-Lighted,1,Dry,71800,"Trafficway, On Road",3/4/18 19:18
4730,397864,1,41.33021,-72.899097,2640679,3/4/18,20:16:00,A,"Injury of any type (Serious, Minor, Possible)",B,Suspected Minor Injury (B),1,USRoute,1.17,5,US-5,5-N,,Atlas Street,50,Feet,S,1,Clear,4,Dark-Lighted,1,Dry,14100,"Trafficway, On Road",3/4/18 20:16
2037,396179,1,41.437557,-72.909082,2638994,3/5/18,8:32:00,O,Property Damage Only,O,No Apparent Injury (O),2,State,12.66,10,CT-10,10-N,,Sheppard Avenue,200,Feet,N,1,Clear,1,Daylight,1,Dry,17600,"Trafficway, Not on Road",3/5/18 8:32
6731,396612,1,41.391148,-72.898959,2639427,3/5/18,13:32:00,O,Property Damage Only,O,No Apparent Injury (O),2,Local,0.03,182,FARRELL ST,FARRELL ST,,Linden Avenue,150,Feet,E,1,Clear,1,Daylight,1,Dry,,"Trafficway, On Road",3/5/18 13:32
6336,396641,1,41.340193,-72.904191,2639456,3/5/18,15:19:00,O,Property Damage Only,O,No Apparent Injury (O),2,Local,0.41,128,DAVIS ST,DAVIS ST,ROGERS RD,,,,,1,Clear,1,Daylight,1,Dry,11100,"Trafficway, On Road",3/5/18 15:19
6137,400883,1,41.346568,-72.93424,2919381,3/6/18,15:43:00,O,Property Damage Only,O,No Apparent Injury (O),1,Local,1.36,99,CIRCULAR AV,CIRCULAR AV,HELEN ST,,,,,1,Clear,1,Daylight,1,Dry,7100,"Trafficway, On Road",3/6/18 15:43
3794,398170,1,41.378086,-72.905329,2640984,3/6/18,17:24:00,O,Property Damage Only,O,No Apparent Injury (O),2,State,51.46,15,15-S,15-S,,Route 15 South,25,Feet,N,1,Clear,1,Daylight,1,Dry,71800,"Trafficway, On Road",3/6/18 17:24
775,398931,1,41.34839,-72.93276,2917429,3/6/18,17:47:00,O,Property Damage Only,O,No Apparent Injury (O),2,State,5.71,10,CT-10,10-N,SCOTT ST,,,,,1,Clear,4,Dark-Lighted,1,Dry,25300,"Trafficway, On Road",3/6/18 17:47
6877,397865,1,41.346247,-72.942698,2640680,3/6/18,17:56:00,O,Property Damage Only,O,No Apparent Injury (O),2,Local,0.19,217,GLENBROOK AV,GLENBROOK AV,,Woodin St,245,Feet,N,1,Clear,1,Daylight,1,Dry,,"Trafficway, On Road",3/6/18 17:56
5097,399190,1,41.341968,-72.912791,2917688,3/6/18,18:06:00,O,Property Damage Only,O,No Apparent Injury (O),2,State,0.65,707,WHITNEY AV,707-N,,Davis St,50,Feet,N,1,Clear,4,Dark-Lighted,1,Dry,13500,"Trafficway, On Road",3/6/18 18:06
627,397866,1,41.41484,-72.90253,2640681,3/6/18,18:56:00,O,Property Damage Only,O,No Apparent Injury (O),2,State,11.06,10,CT-10,10-N,,Sherman Ave.,178,Feet,N,1,Clear,4,Dark-Lighted,1,Dry,25800,"Trafficway, On Road",3/6/18 18:56
7889,398199,1,41.338914,-72.946142,2641013,3/6/18,23:18:00,A,"Injury of any type (Serious, Minor, Possible)",A,Suspected Serious Injury (A),2,Local,0.17,664,PINE ROCK AV,PINE ROCK AV NO 2,,ARCH ST.,1,TenthsofMile,S,1,Clear,4,Dark-Lighted,1,Dry,6600,"Trafficway, On Road",3/6/18 23:18
8677,398351,1,41.374406,-72.915502,2641165,3/7/18,10:33:00,O,Property Damage Only,O,No Apparent Injury (O),2,Local,0.52,494,SKIFF ST,SKIFF ST,,Dixwell Avenue,70,Feet,E,7,Snow,1,Daylight,2,Wet,24000,"Trafficway, On Road",3/7/18 10:33
7372,397140,1,41.358986,-72.925719,2639955,3/7/18,12:33:00,A,"Injury of any type (Serious, Minor, Possible)",B,Suspected Minor Injury (B),2,Local,1.01,352,MATHER ST,MATHER ST,,,,,,7,Snow,1,Daylight,2,Wet,5200,"Trafficway, On Road",3/7/18 12:33
4060,398482,1,41.36582,-72.922876,2641296,3/7/18,15:06:00,O,Property Damage Only,O,No Apparent Injury (O),2,State,50.19,15,15-S,15-S,exit #60,,,,,7,Snow,1,Daylight,4,Slush,66000,"Trafficway, On Road",3/7/18 15:06
8358,396845,1,41.411966,-72.921777,2639660,3/7/18,15:17:00,A,"Injury of any type (Serious, Minor, Possible)",C,Possible Injury (C),2,Local,2.57,489,SHEPARD AV,SHEPARD AV,GATE WAY,,,,,7,Snow,1,Daylight,3,Snow,1400,"Trafficway, On Road",3/7/18 15:17
5756,397867,1,41.360883,-72.931338,2640682,3/7/18,16:53:00,O,Property Damage Only,O,No Apparent Injury (O),1,Local,0.43,32,BATTIS RD,BATTIS RD,,Grandview Avenue,1,TenthsofMile,W,10,"Blowing Sand, Soil, Dirt",3,Dusk,3,Snow,,"Trafficway, On Road",3/7/18 16:53
3027,398173,1,41.364807,-72.927661,2640987,3/7/18,16:54:00,O,Property Damage Only,O,No Apparent Injury (O),1,State,49.89,15,15-N,15-N,,exit #60,450,Feet,S,7,Snow,1,Daylight,3,Snow,79900,"Trafficway, On Road",3/7/18 16:54
7823,397141,1,41.33251,-72.901884,2639956,3/7/18,17:24:00,O,Property Damage Only,O,No Apparent Injury (O),1,Local,0.29,414,PARK RD,PARK RD,,HYDE RD,100,Feet,N,8,Blowing Snow,4,Dark-Lighted,3,Snow,2800,"Trafficway, On Road",3/7/18 17:24
6401,397868,1,41.338055,-72.935151,2640683,3/7/18,18:11:00,O,Property Damage Only,O,No Apparent Injury (O),2,Local,0.19,142,DIXWELL AV,DIXWELL AV NO 1,,Arch Street,50,Feet,S,8,Blowing Snow,4,Dark-Lighted,3,Snow,15600,"Trafficway, On Road",3/7/18 18:11
8052,398719,1,41.34489,-72.919227,2641533,3/7/18,18:23:00,A,"Injury of any type (Serious, Minor, Possible)",C,Possible Injury (C),2,Local,0.36,439,PUTNAM AV,PUTNAM AV,FRANCIS AV,,,,,7,Snow,4,Dark-Lighted,3,Snow,10000,"Trafficway, On Road",3/7/18 18:23
7778,397142,1,41.35174,-72.930233,2639957,3/7/18,19:49:00,O,Property Damage Only,O,No Apparent Injury (O),2,Local,0.04,406,OREGON AV,OREGON AV,BAGLEY AVENUE,,,,,7,Snow,6,Dark-Unknown Lighting,3,Snow,,"Trafficway, On Road",3/7/18 19:49
3312,398175,1,41.365712,-72.924386,2640989,3/7/18,20:33:00,O,Property Damage Only,O,No Apparent Injury (O),2,State,50.08,15,15-N,15-N,,exit #60,400,Feet,N,7,Snow,5,Dark-Not Lighted,3,Snow,66000,"Trafficway, On Road",3/7/18 20:33
7042,399191,1,41.385504,-72.907565,2917689,3/8/18,12:03:00,O,Property Damage Only,O,No Apparent Injury (O),2,Local,0.57,713,HAMDEN HILLS DR,HAMDEN HILLS DR,,EVERGREEN AV,200,Feet,W,1,Clear,1,Daylight,2,Wet,8500,"Trafficway, On Road",3/8/18 12:03
783,404645,1,41.406336,-72.899234,2923140,3/8/18,14:16:00,O,Property Damage Only,O,No Apparent Injury (O),2,State,10.46,10,CT-10,10-N,HOME PL,,,,,2,Cloudy,1,Daylight,1,Dry,25300,"Trafficway, On Road",3/8/18 14:16
777,399192,1,41.404155,-72.898493,2917690,3/8/18,14:26:00,O,Property Damage Only,O,No Apparent Injury (O),2,State,10.29,10,CT-10,10-N,,DICKERMAN ST,50,Feet,N,2,Cloudy,1,Daylight,1,Dry,25300,"Trafficway, On Road",3/8/18 14:26