,CrashId,Fatal Case Status,lat,lon,DOT Case Number,Date Of Crash,Time of Crash,Crash Severity,Crash Severity Text Format,Most Severe Injury,Most Severe Injury Text Format,Number Of Motor Vehicles,Route Class Text Format,Milemarker,Road Number,Road Description,Roadway Name,Intersecting Roadway Name,Landmark Description,Distance From Nearest Landmark,Unit Of Measure From Nearest Landmark,Direction From Nearest Landmark,Weather Condition,Weather Condition Text Format,Light Condition,Light Condition Text Format,Road Surface Condition,Road Surface Condition Text Format,Average Daily Traffic,Trafficway Class Text Format,full_date
8958,397869,1,41.356084,-72.920921,2640684,3/8/18,14:49:00,O,Property Damage Only,O,No Apparent Injury (O),2,Local,1.18,548,WAITE ST,WAITE ST,MATHER ST,,,,,1,Clear,1,Daylight,1,Dry,3200,"Trafficway, On Road",3/8/18 14:49
9023,397870,1,41.383405,-72.898985,2640685,3/8/18,17:09:00,O,Property Damage Only,O,No Apparent Injury (O),2,Local,0.02,554,WASHINGTON AV,WASHINGTON AV,,DIXWELL AVE.,75,Feet,N,1,Clear,1,Daylight,1,Dry,2700,"Trafficway, On Road",3/8/18 17:09
1194,399193,1,41.368552,-72.919792,2917691,3/8/18,19:12:00,O,Property Damage Only,O,No Apparent Injury (O),2,State,7.25,10,CT-10,10-N,,CONNOLLY PKY,1,TenthsofMile,N,1,Clear,4,Dark-Lighted,1,Dry,23700,"Trafficway, On Road",3/8/18 19:12
628,397871,1,41.415735,-72.902832,2640686,3/8/18,20:22:00,O,Property Damage Only,O,No Apparent Injury (O),2,State,11.12,10,CT-10,10-N,,Sherman Ave,1,TenthsofMile,N,1,Clear,4,Dark-Lighted,1,Dry,25800,"Trafficway, On Road",3/8/18 20:22
6530,400884,1,41.381653,-72.91305,2919382,3/8/18,21:42:00,O,Property Damage Only,O,No Apparent Injury (O),2,Local,0.04,147,DORRANCE ST,DORRANCE ST,,Sanford St,150,Feet,N,1,Clear,4,Dark-Lighted,1,Dry,,"Trafficway, On Road",3/8/18 21:42
9128,397872,1,41.41816,-72.949446,2640687,3/9/18,8:39:00,O,Property Damage Only,O,No Apparent Injury (O),2,Local,0.09,655,WEST WOODS RD,WEST WOODS RD NO 2,,GAYLORD MOUNTAIN ROAD,2,TenthsofMile,S,1,Clear,1,Daylight,5,Ice / Frost,1700,"Trafficway, On Road",3/9/18 8:39
2150,401625,1,41.383475,-72.905419,2920123,3/9/18,8:56:00,A,"Injury of any type (Serious, Minor, Possible)",C,Possible Injury (C),2,State,8.63,10,CT-10,10-N,,Old Dixwell Ave.,50,Feet,W,1,Clear,1,Daylight,1,Dry,17000,"Trafficway, On Road",3/9/18 8:56
6599,397873,1,41.361659,-72.910655,2640688,3/9/18,9:16:00,O,Property Damage Only,O,No Apparent Injury (O),2,Local,0.1,168,ELIHU ST,ELIHU ST,,Whitney Avenue,367,Feet,W,7,Snow,99,Unknown,3,Snow,,"Trafficway, On Road",3/9/18 9:16
6854,401626,1,41.356986,-72.941493,2920124,3/9/18,9:34:00,O,Property Damage Only,O,No Apparent Injury (O),2,Local,0.22,212,GILBERT AV,GILBERT AV,PINE ROCK AV NO 1,,,,,1,Clear,1,Daylight,1,Dry,5500,"Trafficway, On Road",3/9/18 9:34
7220,397874,1,41.381066,-72.934666,2640689,3/9/18,9:35:00,O,Property Damage Only,O,No Apparent Injury (O),2,Local,0.85,273,HOWARD DR,HOWARD DR,PARADISE AV NO 5,,,,,1,Clear,1,Daylight,1,Dry,2900,"Trafficway, On Road",3/9/18 9:35
629,397875,1,41.414809,-72.902477,2640690,3/9/18,11:08:00,O,Property Damage Only,O,No Apparent Injury (O),2,State,11.05,10,CT-10,10-N,,SHERMAN AVENUE,90,Feet,N,1,Clear,1,Daylight,1,Dry,25800,"Trafficway, On Road",3/9/18 11:08
8015,398222,1,41.346012,-72.933361,2641036,3/9/18,11:58:00,O,Property Damage Only,O,No Apparent Injury (O),2,Local,1.15,439,PUTNAM AV,PUTNAM AV,,DIXWELL AVE,199,Feet,E,1,Clear,1,Daylight,1,Dry,11500,"Trafficway, On Road",3/9/18 11:58
4897,398223,1,41.382128,-72.902428,2641037,3/9/18,12:18:00,O,Property Damage Only,O,No Apparent Injury (O),2,State,3.53,707,WHITNEY AV,707-N,,WORTH AVENUE,150,Feet,N,1,Clear,1,Daylight,1,Dry,16900,"Trafficway, On Road",3/9/18 12:18
3330,399102,1,41.38056,-72.900791,2917600,3/9/18,12:37:00,O,Property Damage Only,O,No Apparent Injury (O),2,State,51.75,15,15-N,15-N,,EXIT 61,100,Feet,N,1,Clear,1,Daylight,1,Dry,64800,"Trafficway, On Road",3/9/18 12:37
1193,397876,1,41.372133,-72.917518,2640691,3/9/18,13:32:00,O,Property Damage Only,O,No Apparent Injury (O),2,State,7.53,10,CT-10,10-N,,Skiff Street,2,TenthsofMile,S,1,Clear,1,Daylight,1,Dry,23700,"Trafficway, On Road",3/9/18 13:32
5223,397877,1,41.363198,-72.909014,2640692,3/9/18,18:18:00,O,Property Damage Only,O,No Apparent Injury (O),2,State,2.18,707,WHITNEY AV,707-N,ARDMORE ST,,,,,1,Clear,4,Dark-Lighted,1,Dry,11900,"Trafficway, On Road",3/9/18 18:18
4296,399416,1,41.366163,-72.921743,2917914,3/9/18,23:28:00,O,Property Damage Only,O,No Apparent Injury (O),2,State,0.17,15,15-S,15-S-119,,Dixwell Avenue,10,Feet,W,1,Clear,4,Dark-Lighted,1,Dry,9300,"Trafficway, On Road",3/9/18 23:28
6402,399784,1,41.335791,-72.935378,2918282,3/10/18,6:42:00,O,Property Damage Only,O,No Apparent Injury (O),1,Local,0.02,142,DIXWELL AV,DIXWELL AV NO 1,GOODRICH ST,,,,,1,Clear,1,Daylight,1,Dry,15600,"Trafficway, Not on Road",3/10/18 6:42
2038,397878,1,41.428471,-72.906288,2640693,3/10/18,13:03:00,O,Property Damage Only,O,No Apparent Injury (O),2,State,12.02,10,CT-10,10-N,TUTTLE AV NO 1,,,,,1,Clear,1,Daylight,1,Dry,17600,"Trafficway, On Road",3/10/18 13:03
6277,397910,1,41.338197,-72.933613,2640725,3/10/18,18:40:00,O,Property Damage Only,O,No Apparent Injury (O),2,Local,0.02,109,COLUMBUS ST,COLUMBUS ST,,Morse St,59,Feet,N,1,Clear,4,Dark-Lighted,1,Dry,,"Trafficway, On Road",3/10/18 18:40
630,399194,1,41.41983,-72.904328,2917692,3/11/18,3:15:00,A,"Injury of any type (Serious, Minor, Possible)",B,Suspected Minor Injury (B),1,State,11.42,10,CT-10,10-N,,WEST WOODS RD,308,Feet,S,1,Clear,4,Dark-Lighted,1,Dry,25800,"Trafficway, On Road",3/11/18 3:15
5982,398352,1,41.349057,-72.935903,2641166,3/11/18,17:32:00,O,Property Damage Only,O,No Apparent Injury (O),2,Local,0.36,54,BRADLEY AV,BRADLEY AV,,CIRCULAR AV,305,Feet,W,1,Clear,1,Daylight,1,Dry,,"Trafficway, On Road",3/11/18 17:32
3313,402971,1,41.365767,-72.92065,2921469,3/11/18,23:15:00,O,Property Damage Only,O,No Apparent Injury (O),2,State,50.27,15,15-N,15-N,,EXIT #60,3,TenthsofMile,N,1,Clear,5,Dark-Not Lighted,1,Dry,66000,"Trafficway, On Road",3/11/18 23:15
5452,398353,1,41.383095,-72.898893,2641167,3/12/18,12:41:00,O,Property Damage Only,O,No Apparent Injury (O),2,State,0.15,717,DIXWELL AV,717-E,,WASHINGTON AVENUE,50,Feet,E,1,Clear,1,Daylight,1,Dry,18600,"Trafficway, Not on Road",3/12/18 12:41
5351,398354,1,41.33455,-72.91182,2641168,3/12/18,12:47:00,A,"Injury of any type (Serious, Minor, Possible)",B,Suspected Minor Injury (B),2,State,0.12,707,WHITNEY AV,707-N,,EAST ROCK PARK RD,300,Feet,N,1,Clear,1,Daylight,1,Dry,11200,"Trafficway, On Road",3/12/18 12:47
6613,398355,1,41.383155,-72.907703,2641169,3/12/18,13:23:00,O,Property Damage Only,O,No Apparent Injury (O),2,Local,0.02,174,EVERGREEN AV,EVERGREEN AV,,DIXWELL AVENUE,50,Feet,N,1,Clear,1,Daylight,1,Dry,8300,"Trafficway, On Road",3/12/18 13:23
6,399418,1,41.364549,-72.922646,2917916,3/12/18,17:43:00,O,Property Damage Only,O,No Apparent Injury (O),2,State,6.95,10,CT-10,10-N,,Dewey St,50,Feet,S,1,Clear,1,Daylight,1,Dry,41100,"Trafficway, On Road",3/12/18 17:43
1195,399420,1,41.370422,-72.918477,2917918,3/13/18,0:32:00,A,"Injury of any type (Serious, Minor, Possible)",B,Suspected Minor Injury (B),2,State,7.4,10,CT-10,10-N,,Connelly Parkway,1355,Feet,N,1,Clear,4,Dark-Lighted,1,Dry,23700,"Trafficway, On Road",3/13/18 0:32
774,398401,1,41.413826,-72.902035,2641215,3/13/18,6:26:00,A,"Injury of any type (Serious, Minor, Possible)",C,Possible Injury (C),2,State,10.99,10,CT-10,10-N,SHERMAN AV NO 2,,,,,7,Snow,1,Daylight,3,Snow,25300,"Trafficway, On Road",3/13/18 6:26
3594,399120,1,41.362816,-72.931072,2917618,3/13/18,10:41:00,A,"Injury of any type (Serious, Minor, Possible)",C,Possible Injury (C),1,State,49.68,15,15-S,15-S,,Exit 60,5,TenthsofMile,S,7,Snow,1,Daylight,3,Snow,79900,"Trafficway, On Road",3/13/18 10:41
7211,399421,1,41.357904,-72.93035,2917919,3/13/18,15:19:00,O,Property Damage Only,O,No Apparent Injury (O),2,Local,0.17,271,HOMESTEAD AV,HOMESTEAD AV,GRANDVIEW AV,,,,,2,Cloudy,1,Daylight,1,Dry,,"Trafficway, On Road",3/13/18 15:19
2330,400885,1,41.446109,-72.910363,2919383,3/14/18,7:19:00,A,"Injury of any type (Serious, Minor, Possible)",B,Suspected Minor Injury (B),2,State,13.27,10,CT-10,10-N,WILLOW ST,,,,,1,Clear,1,Daylight,1,Dry,15400,"Trafficway, On Road",3/14/18 7:19
7,408117,1,41.363421,-72.923477,2926609,3/14/18,7:23:00,O,Property Damage Only,O,No Apparent Injury (O),2,State,6.85,10,CT-10,10-N,,Benham Street,250,Feet,N,1,Clear,1,Daylight,5,Ice / Frost,41100,"Trafficway, On Road",3/14/18 7:23
9081,399422,1,41.432939,-72.927663,2917920,3/14/18,8:02:00,O,Property Damage Only,O,No Apparent Injury (O),2,Local,0.76,573,WEST TODD ST,WEST TODD ST,STILL HILL RD,,,,,1,Clear,1,Daylight,1,Dry,,"Trafficway, On Road",3/14/18 8:02
1337,403666,1,41.35283,-72.930454,2922163,3/14/18,15:22:00,O,Property Damage Only,O,No Apparent Injury (O),2,State,6.04,10,CT-10,10-N,CHURCH ST,,,,,1,Clear,1,Daylight,1,Dry,23400,"Trafficway, On Road",3/14/18 15:22
7446,399424,1,41.375818,-72.92064,2917922,3/14/18,15:35:00,A,"Injury of any type (Serious, Minor, Possible)",C,Possible Injury (C),2,Local,0.91,366,MIX AV,MIX AV,,Skiff St,1,TenthsofMile,S,1,Clear,1,Daylight,1,Dry,4000,"Trafficway, On Road",3/14/18 15:35
5224,399425,1,41.361345,-72.909287,2917923,3/14/18,17:58:00,A,"Injury of any type (Serious, Minor, Possible)",C,Possible Injury (C),2,State,2.06,707,WHITNEY AV,707-N,HAVERFORD ST,,,,,1,Clear,1,Daylight,1,Dry,11900,"Trafficway, On Road",3/14/18 17:58
2181,399427,1,41.390911,-72.89839,2917925,3/15/18,12:13:00,O,Property Damage Only,O,No Apparent Injury (O),2,State,9.35,10,CT-10,10-N,FARRELL ST,,,,,1,Clear,1,Daylight,1,Dry,16900,"Trafficway, On Road",3/15/18 12:13
1080,399428,1,41.344302,-72.934383,2917926,3/15/18,16:10:00,O,Property Damage Only,O,No Apparent Injury (O),2,State,5.41,10,CT-10,10-N,,Woodin St,45,Feet,S,1,Clear,1,Daylight,1,Dry,24100,"Trafficway, On Road",3/15/18 16:10
220,399430,1,41.359217,-72.925679,2917928,3/16/18,11:58:00,O,Property Damage Only,O,No Apparent Injury (O),2,State,6.55,10,CT-10,10-N,,MATHER STREET,60,Feet,N,1,Clear,1,Daylight,1,Dry,32100,"Trafficway, On Road",3/16/18 11:58
4555,399431,1,41.403496,-72.895602,2917929,3/16/18,14:00:00,A,"Injury of any type (Serious, Minor, Possible)",C,Possible Injury (C),2,State,0.14,22,CT-22,22-E,NEW RD,,,,,1,Clear,1,Daylight,1,Dry,5500,"Trafficway, On Road",3/16/18 14:00
5514,399432,1,41.383446,-72.901857,2917930,3/16/18,15:39:00,O,Property Damage Only,O,No Apparent Injury (O),2,State,0,717,DIXWELL AV,717-E,10-N,,,,,1,Clear,1,Daylight,1,Dry,15400,"Trafficway, On Road",3/16/18 15:39
2297,399433,1,41.38451,-72.901478,2917931,3/16/18,16:20:00,O,Property Damage Only,O,No Apparent Injury (O),2,State,8.88,10,CT-10,10-N,,,,,,1,Clear,1,Daylight,1,Dry,16500,"Trafficway, On Road",3/16/18 16:20
4732,401519,1,41.332623,-72.900531,2920017,3/16/18,17:17:00,O,Property Damage Only,O,No Apparent Injury (O),2,USRoute,1.37,5,US-5,5-N,COOK ST,,,,,1,Clear,1,Daylight,1,Dry,14100,"Trafficway, On Road",3/16/18 17:17
7557,399434,1,41.336543,-72.922746,2917932,3/17/18,0:15:00,O,Property Damage Only,O,No Apparent Injury (O),2,Local,0.65,370,MORSE ST,MORSE ST,,Wadsworth Street,57,Feet,S,1,Clear,5,Dark-Not Lighted,1,Dry,3100,"Trafficway, On Road",3/17/18 0:15
4731,399436,1,41.334681,-72.900544,2917934,3/17/18,12:30:00,O,Property Damage Only,O,No Apparent Injury (O),2,USRoute,1.5,5,US-5,5-N,MERRITT ST,,,,,1,Clear,1,Daylight,1,Dry,14100,"Trafficway, On Road",3/17/18 12:30
3795,401356,1,41.378049,-72.905308,2919854,3/17/18,12:35:00,O,Property Damage Only,O,No Apparent Injury (O),2,State,51.46,15,15-S,15-S,,Route 15 S/B,30,Feet,N,1,Clear,1,Daylight,1,Dry,71800,"Trafficway, On Road",3/17/18 12:35
4604,401887,1,41.401276,-72.897702,2920385,3/17/18,12:48:00,O,Property Damage Only,O,No Apparent Injury (O),2,State,3.08,40,40-N,40-N,10-N,,,,,1,Clear,1,Daylight,1,Dry,18700,"Trafficway, On Road",3/17/18 12:48
2377,399785,1,41.39709,-72.897079,2918283,3/17/18,16:42:00,O,Property Damage Only,O,No Apparent Injury (O),1,State,9.8,10,CT-10,10-N,,Cannon St.,85,Feet,N,1,Clear,1,Daylight,1,Dry,14700,"Trafficway, On Road",3/17/18 16:42
4603,399831,1,41.401423,-72.897456,2918329,3/17/18,21:52:00,A,"Injury of any type (Serious, Minor, Possible)",B,Suspected Minor Injury (B),1,State,3.08,40,40-N,40-N,10-N,,,,,1,Clear,4,Dark-Lighted,1,Dry,18700,"Trafficway, On Road",3/17/18 21:52
5332,401521,1,41.351763,-72.913004,2920019,3/18/18,0:05:00,A,"Injury of any type (Serious, Minor, Possible)",A,Suspected Serious Injury (A),1,State,1.34,707,WHITNEY AV,707-N,,SERVOSS ST,483,Feet,S,1,Clear,5,Dark-Not Lighted,1,Dry,11300,"Trafficway, Not on Road",3/18/18 0:05
7559,406488,1,41.338052,-72.933825,2924983,3/18/18,1:15:00,O,Property Damage Only,O,No Apparent Injury (O),1,Local,0.07,370,MORSE ST,MORSE ST,,DIXWELL AV,350,Feet,E,1,Clear,4,Dark-Lighted,1,Dry,3100,"Trafficway, On Road",3/18/18 1:15
778,399832,1,41.406371,-72.899323,2918330,3/18/18,12:08:00,O,Property Damage Only,O,No Apparent Injury (O),2,State,10.46,10,CT-10,10-N,HOME PL,,,,,1,Clear,1,Daylight,1,Dry,25300,"Trafficway, On Road",3/18/18 12:08
3028,399726,1,41.347479,-72.967319,2918224,3/18/18,14:50:00,O,Property Damage Only,O,No Apparent Injury (O),2,State,47.47,15,15-N,15-N,,Exit 59,1,TenthsofMile,N,1,Clear,1,Daylight,1,Dry,79900,"Trafficway, On Road",3/18/18 14:50
479,403760,1,41.356554,-72.927831,2922256,3/19/18,4:57:00,O,Property Damage Only,,,1,State,6.33,10,CT-10,10-N,,Homestead avenue,25,Feet,S,1,Clear,4,Dark-Lighted,1,Dry,27500,"Trafficway, On Road",3/19/18 4:57
1336,401522,1,41.349957,-72.932104,2920020,3/19/18,13:03:00,A,"Injury of any type (Serious, Minor, Possible)",B,Suspected Minor Injury (B),2,State,5.82,10,CT-10,10-N,,Collins Street,75,Feet,N,1,Clear,1,Daylight,1,Dry,23400,"Trafficway, On Road",3/19/18 13:03
2039,401523,1,41.43858,-72.909709,2920021,3/19/18,16:17:00,O,Property Damage Only,O,No Apparent Injury (O),2,State,12.75,10,CT-10,10-N,RIVER RD NO 1,,,,,1,Clear,1,Daylight,1,Dry,17600,"Trafficway, On Road",3/19/18 16:17
7558,401524,1,41.33753,-72.9305,2920022,3/19/18,21:05:00,O,Property Damage Only,O,No Apparent Injury (O),2,Local,0.25,370,MORSE ST,MORSE ST,,Edwards St,10,Feet,E,1,Clear,4,Dark-Lighted,1,Dry,3100,"Trafficway, On Road",3/19/18 21:05
4824,401525,1,41.344273,-72.894923,2920023,3/20/18,12:36:00,A,"Injury of any type (Serious, Minor, Possible)",B,Suspected Minor Injury (B),2,USRoute,2.23,5,US-5,5-N,FERNWOOD DR,,,,,1,Clear,1,Daylight,1,Dry,9300,"Trafficway, On Road",3/20/18 12:36
5225,401627,1,41.358679,-72.909986,2920125,3/20/18,14:15:00,O,Property Damage Only,O,No Apparent Injury (O),2,State,1.87,707,WHITNEY AV,707-N,GILLIES RD,,,,,1,Clear,1,Daylight,1,Dry,11900,"Trafficway, On Road",3/20/18 14:15
8763,401526,1,41.376014,-72.919195,2920024,3/20/18,16:39:00,O,Property Damage Only,O,No Apparent Injury (O),2,Local,0.2,495,SKIFF ST EXT,SKIFF ST EXT,,MIX AVE,500,Feet,E,1,Clear,1,Daylight,1,Dry,9400,"Trafficway, On Road",3/20/18 16:39
6138,401527,1,41.352247,-72.935998,2920025,3/20/18,21:45:00,A,"Injury of any type (Serious, Minor, Possible)",C,Possible Injury (C),2,Local,0.96,99,CIRCULAR AV,CIRCULAR AV,PEARL AV,,,,,1,Clear,4,Dark-Lighted,1,Dry,7100,"Trafficway, On Road",3/20/18 21:45
5830,401928,1,41.365949,-72.935578,2920426,3/21/18,22:49:00,O,Property Damage Only,O,No Apparent Injury (O),1,Local,0.65,42,BENHAM ST,BENHAM ST,,Denslow Hill Rd,277,Feet,E,8,Blowing Snow,4,Dark-Lighted,3,Snow,12600,"Trafficway, On Road",3/21/18 22:49
6806,401603,1,41.437856,-72.941834,2920101,3/22/18,6:52:00,O,Property Damage Only,O,No Apparent Injury (O),1,Local,0.95,208,GAYLORD MOUNTAIN RD,GAYLORD MOUNTAIN RD,,W Todd St,2,TenthsofMile,N,1,Clear,1,Daylight,2,Wet,,"Trafficway, On Road",3/22/18 6:52
7748,403761,1,41.394089,-72.895304,2922257,3/22/18,7:03:00,A,"Injury of any type (Serious, Minor, Possible)",B,Suspected Minor Injury (B),1,Local,0.08,395,NORWOOD AV,NORWOOD AV,,Amherst Street,20,Feet,E,8,Blowing Snow,1,Daylight,2,Wet,,"Trafficway, On Road",3/22/18 7:03
1958,401628,1,41.376921,-72.915282,2920126,3/22/18,15:43:00,O,Property Damage Only,O,No Apparent Injury (O),2,State,7.89,10,CT-10,10-N,,SHEPARD AVE,500,Feet,N,1,Clear,1,Daylight,1,Dry,18400,"Trafficway, On Road",3/22/18 15:43
1081,401629,1,41.34093,-72.934982,2920127,3/22/18,20:02:00,O,Property Damage Only,,,2,State,5.18,10,CT-10,10-N,,Whiting Street,70,Feet,S,1,Clear,4,Dark-Lighted,1,Dry,24100,"Trafficway, On Road",3/22/18 20:02
6984,401630,1,41.350502,-72.94305,2920128,3/23/18,10:14:00,O,Property Damage Only,O,No Apparent Injury (O),2,Local,0.03,226,GORHAM AV,GORHAM AV,,PINE ROCK AVENUE,125,Feet,E,1,Clear,1,Daylight,1,Dry,1600,"Trafficway, On Road",3/23/18 10:14
8892,401929,1,41.426094,-72.913338,2920427,3/23/18,13:07:00,O,Property Damage Only,O,No Apparent Injury (O),1,Local,0.19,525,TODD ST,TODD ST,,BARBARA LANE,1,TenthsofMile,E,1,Clear,1,Daylight,1,Dry,1800,"Trafficway, On Road",3/23/18 13:07
163,401930,1,41.366627,-72.921129,2920428,3/23/18,13:25:00,O,Property Damage Only,O,No Apparent Injury (O),2,State,7.1,10,CT-10,10-N,MARIETTA ST,,,,,1,Clear,1,Daylight,1,Dry,33100,"Trafficway, On Road",3/23/18 13:25
1338,403762,1,41.353537,-72.930059,2922258,3/23/18,16:55:00,A,"Injury of any type (Serious, Minor, Possible)",C,Possible Injury (C),2,State,6.09,10,CT-10,10-N,,Millis St,100,Feet,S,1,Clear,1,Daylight,1,Dry,23400,"Trafficway, On Road",3/23/18 16:55
1082,401931,1,41.338658,-72.935255,2920429,3/24/18,10:58:00,O,Property Damage Only,O,No Apparent Injury (O),2,State,5.03,10,CT-10,10-N,,ARCH STREET,133,Feet,N,1,Clear,1,Daylight,1,Dry,24100,"Trafficway, On Road",3/24/18 10:58
4571,401932,1,41.402418,-72.893844,2920430,3/24/18,13:10:00,A,"Injury of any type (Serious, Minor, Possible)",C,Possible Injury (C),1,State,0.28,22,CT-22,22-E,,Ives Street,1,TenthsofMile,S,1,Clear,1,Daylight,1,Dry,3700,"Trafficway, On Road",3/24/18 13:10
2298,401933,1,41.383971,-72.901682,2920431,3/24/18,13:39:00,O,Property Damage Only,O,No Apparent Injury (O),2,State,8.84,10,CT-10,10-N,,SCHOOL ST.,120,Feet,S,1,Clear,1,Daylight,1,Dry,16500,"Trafficway, On Road",3/24/18 13:39
9064,462897,1,41.401328,-72.923987,2981364,3/24/18,14:54:00,O,Property Damage Only,O,No Apparent Injury (O),3,Local,0,570,WEST SHEPARD AV,WEST SHEPARD AV,SHEPARD,,,,,1,Clear,1,Daylight,1,Dry,750,"Trafficway, On Road",3/24/18 14:54
6088,401934,1,41.421751,-72.939312,2920432,3/24/18,15:24:00,A,"Injury of any type (Serious, Minor, Possible)",B,Suspected Minor Injury (B),2,Local,0.53,96,CHOATE AV,CHOATE AV,WEST WOODS RD NO 2,,,,,1,Clear,1,Daylight,1,Dry,1000,"Trafficway, On Road",3/24/18 15:24
6657,401935,1,41.343321,-72.941076,2920433,3/24/18,16:50:00,O,Property Damage Only,O,No Apparent Injury (O),2,Local,0.35,176,FAIRVIEW AV,FAIRVIEW AV,JONES RD,,,,,1,Clear,1,Daylight,1,Dry,4800,"Trafficway, On Road",3/24/18 16:50
5098,401937,1,41.343291,-72.912293,2920435,3/25/18,2:36:00,A,"Injury of any type (Serious, Minor, Possible)",C,Possible Injury (C),1,State,0.74,707,WHITNEY AV,707-N,,Eli Road,50,Feet,S,1,Clear,4,Dark-Lighted,1,Dry,13500,"Trafficway, Not on Road",3/25/18 2:36
7629,401938,1,41.426447,-72.863669,2920436,3/25/18,10:39:00,O,Property Damage Only,O,No Apparent Injury (O),2,Local,0.67,375,MOUNT CARMEL AV,MOUNT CARMEL AV,,Kings Hwy,500,Feet,W,1,Clear,1,Daylight,1,Dry,,"Trafficway, On Road",3/25/18 10:39
5173,407323,1,41.371179,-72.906664,2925818,3/25/18,19:34:00,O,Property Damage Only,O,No Apparent Injury (O),2,State,2.74,707,WHITNEY AV,707-N,SKIFF ST,,,,,1,Clear,4,Dark-Lighted,1,Dry,13300,"Trafficway, On Road",3/25/18 19:34
3796,403041,1,41.378039,-72.905334,2921539,3/25/18,19:37:00,O,Property Damage Only,O,No Apparent Injury (O),2,State,51.45,15,15-S,15-S,Exit 63 off ramp,,,,,1,Clear,5,Dark-Not Lighted,1,Dry,71800,"Trafficway, On Road",3/25/18 19:37
9269,402240,1,41.345481,-72.937795,2920738,3/26/18,7:10:00,O,Property Damage Only,O,No Apparent Injury (O),2,Local,1.52,598,WOODIN ST,WOODIN ST,,Warren St.,104,Feet,W,1,Clear,1,Daylight,1,Dry,5400,"Trafficway, On Road",3/26/18 7:10
4297,404570,1,41.36619839,-72.92361542,2923066,3/26/18,8:05:00,O,Property Damage Only,O,No Apparent Injury (O),2,State,0.05,15,15-S,15-S-119,,St RTE 10,650,Feet,N,1,Clear,1,Daylight,1,Dry,9300,"Trafficway, On Road",3/26/18 8:05
5515,401940,1,41.383131,-72.899106,2920438,3/26/18,8:38:00,A,"Injury of any type (Serious, Minor, Possible)",C,Possible Injury (C),3,State,0.14,717,DIXWELL AV,717-E,WASHINGTON AV,,,,,1,Clear,1,Daylight,1,Dry,15400,"Trafficway, On Road",3/26/18 8:38
3452,404571,1,41.378862,-72.903293,2923067,3/26/18,8:41:00,O,Property Damage Only,O,No Apparent Injury (O),2,State,0.21,15,15-N,15-N-124,707-N,,,,,1,Clear,1,Daylight,1,Dry,9300,"Trafficway, On Road",3/26/18 8:41
6096,408118,1,41.35313,-72.931401,2926610,3/27/18,7:44:00,O,Property Damage Only,O,No Apparent Injury (O),2,Local,0.05,97,CHURCH ST,CHURCH ST,,DIXWELL AVENUE,1,TenthsofMile,W,1,Clear,1,Daylight,1,Dry,,"Trafficway, On Road",3/27/18 7:44
3258,403674,1,41.382961,-72.897254,2922171,3/27/18,7:50:00,O,Property Damage Only,O,No Apparent Injury (O),2,State,52,15,15-N,15-N,,EXIT 61,3,TenthsofMile,N,1,Clear,1,Daylight,1,Dry,68700,"Trafficway, On Road",3/27/18 7:50
779,402021,1,41.406909,-72.899529,2920519,3/27/18,9:41:00,O,Property Damage Only,O,No Apparent Injury (O),2,State,10.5,10,CT-10,10-N,,HOME PLACE,200,Feet,N,1,Clear,1,Daylight,1,Dry,25300,"Trafficway, On Road",3/27/18 9:41
8679,402022,1,41.371395,-72.907063,2920520,3/27/18,11:32:00,A,"Injury of any type (Serious, Minor, Possible)",C,Possible Injury (C),2,Local,0.04,494,SKIFF ST,SKIFF ST,,WHITNEY AVENUE,110,Feet,W,1,Clear,1,Daylight,1,Dry,24000,"Trafficway, On Road",3/27/18 11:32
1196,402379,1,41.369202,-72.919188,2920877,3/27/18,12:20:00,O,Property Damage Only,O,No Apparent Injury (O),2,State,7.31,10,CT-10,10-N,,CONNOLLY PKWY,1,TenthsofMile,N,1,Clear,1,Daylight,1,Dry,23700,"Trafficway, On Road",3/27/18 12:20
1083,404664,1,41.342503,-72.934824,2923159,3/27/18,13:51:00,O,Property Damage Only,O,No Apparent Injury (O),2,State,5.29,10,CT-10,10-N,HAMDEN PARK DR,,,,,1,Clear,1,Daylight,1,Dry,24100,"Trafficway, On Road",3/27/18 13:51
2378,403764,1,41.39299,-72.897304,2922260,3/27/18,14:44:00,O,Property Damage Only,O,No Apparent Injury (O),2,State,9.51,10,CT-10,10-N,,Forest Road,100,Feet,N,1,Clear,1,Daylight,1,Dry,14700,"Trafficway, On Road",3/27/18 14:44
2508,402380,1,41.338397,-72.938603,2920878,3/27/18,16:35:00,O,Property Damage Only,O,No Apparent Injury (O),2,State,4.83,10,CT-10,10-N,,DIX ST,95,Feet,W,2,Cloudy,1,Daylight,1,Dry,12300,"Trafficway, On Road",3/27/18 16:35
780,402241,1,41.404014,-72.898315,2920739,3/27/18,16:36:00,O,Property Damage Only,O,No Apparent Injury (O),2,State,10.28,10,CT-10,10-N,,Dickerman St.,20,Feet,N,1,Clear,1,Daylight,1,Dry,25300,"Trafficway, On Road",3/27/18 16:36
480,403765,1,41.358529,-72.926098,2922261,3/27/18,16:38:00,O,Property Damage Only,O,No Apparent Injury (O),2,State,6.49,10,CT-10,10-N,,Mather Street,25,Feet,S,1,Clear,1,Daylight,1,Dry,27500,"Trafficway, On Road",3/27/18 16:38