,CrashId,Fatal Case Status,lat,lon,DOT Case Number,Date Of Crash,Time of Crash,Crash Severity,Crash Severity Text Format,Most Severe Injury,Most Severe Injury Text Format,Number Of Motor Vehicles,Route Class Text Format,Milemarker,Road Number,Road Description,Roadway Name,Intersecting Roadway Name,Landmark Description,Distance From Nearest Landmark,Unit Of Measure From Nearest Landmark,Direction From Nearest Landmark,Weather Condition,Weather Condition Text Format,Light Condition,Light Condition Text Format,Road Surface Condition,Road Surface Condition Text Format,Average Daily Traffic,Trafficway Class Text Format,full_date
2040,403766,1,41.438647,-72.909787,2922262,3/27/18,18:21:00,O,Property Damage Only,O,No Apparent Injury (O),2,State,12.75,10,CT-10,10-N,RIVER RD NO 1,,,,,1,Clear,1,Daylight,1,Dry,17600,"Trafficway, On Road",3/27/18 18:21
781,402363,1,41.408874,-72.900173,2920861,3/27/18,19:19:00,O,Property Damage Only,O,No Apparent Injury (O),2,State,10.64,10,CT-10,10-N,,EVERGREEN AVE,330,Feet,S,1,Clear,4,Dark-Lighted,1,Dry,25300,"Trafficway, On Road",3/27/18 19:19
8947,402381,1,41.364517,-72.930593,2920879,3/28/18,8:11:00,O,Property Damage Only,O,No Apparent Injury (O),2,Local,0.37,535,VANTAGE RD,VANTAGE RD,BENHAM ST,,,,,1,Clear,1,Daylight,2,Wet,,"Trafficway, On Road",3/28/18 8:11
8680,403767,1,41.372276,-72.909648,2922263,3/28/18,8:37:00,O,Property Damage Only,O,No Apparent Injury (O),2,Local,0.19,494,SKIFF ST,SKIFF ST,,Whitney Ave,1,TenthsofMile,W,2,Cloudy,1,Daylight,2,Wet,24000,"Trafficway, On Road",3/28/18 8:37
5779,402382,1,41.348101,-72.916194,2920880,3/28/18,8:55:00,O,Property Damage Only,O,No Apparent Injury (O),2,Local,0.13,41,BELMONT ST,BELMONT ST NO 1,TREADWELL ST,,,,,1,Clear,1,Daylight,1,Dry,,"Trafficway, On Road",3/28/18 8:55
1339,403768,1,41.352001,-72.93091,2922264,3/28/18,12:33:00,O,Property Damage Only,O,No Apparent Injury (O),2,State,5.98,10,CT-10,10-N,CONCORD ST,,,,,1,Clear,1,Daylight,1,Dry,23400,"Trafficway, On Road",3/28/18 12:33
1197,404646,1,41.369735,-72.918878,2923141,3/28/18,17:17:00,O,Property Damage Only,O,No Apparent Injury (O),2,State,7.35,10,CT-10,10-N,,Connolly Pkwy,1,TenthsofMile,N,1,Clear,1,Daylight,1,Dry,23700,"Trafficway, On Road",3/28/18 17:17
6915,403689,1,41.335373,-72.930208,2922186,3/28/18,18:20:00,A,"Injury of any type (Serious, Minor, Possible)",A,Suspected Serious Injury (A),2,Local,0.54,222,GOODRICH ST,GOODRICH ST,SHELTON AV,,,,,1,Clear,1,Daylight,1,Dry,3100,"Trafficway, On Road",3/28/18 18:20
6139,405598,1,41.347581,-72.934402,2924093,3/29/18,7:09:00,O,Property Damage Only,O,No Apparent Injury (O),2,Local,1.3,99,CIRCULAR AV,CIRCULAR AV,,Gorham Ave ,59,Feet,S,1,Clear,1,Daylight,1,Dry,7100,"Trafficway, On Road",3/29/18 7:09
3872,406995,1,41.378255,-72.905293,2925490,3/29/18,8:08:00,A,"Injury of any type (Serious, Minor, Possible)",C,Possible Injury (C),2,State,51.47,15,15-S,15-S Exit 61 ON RAMP,,RT 15,60,Feet,N,2,Cloudy,1,Daylight,1,Dry,71800,"Trafficway, On Road",3/29/18 8:08
782,403769,1,41.414105,-72.902227,2922265,3/29/18,9:14:00,O,Property Damage Only,O,No Apparent Injury (O),2,State,11.02,10,CT-10,10-N,SHERMAN AV NO 1,,,,,1,Clear,1,Daylight,1,Dry,25300,"Trafficway, On Road",3/29/18 9:14
5099,406447,1,41.341561,-72.912873,2924942,3/29/18,15:13:00,A,"Injury of any type (Serious, Minor, Possible)",C,Possible Injury (C),2,State,0.62,707,WHITNEY AV,707-N,DAVIS ST,,10,,,1,Clear,1,Daylight,1,Dry,13500,"Trafficway, On Road",3/29/18 15:13
8162,404647,1,41.336075,-72.900784,2923142,3/29/18,15:34:00,O,Property Damage Only,O,No Apparent Injury (O),2,Local,0.05,452,RIDGE RD,RIDGE RD,FRANKLIN RD,,,,,1,Clear,1,Daylight,1,Dry,9100,"Trafficway, On Road",3/29/18 15:34
481,403797,1,41.354506,-72.929251,2922293,3/29/18,15:50:00,A,"Injury of any type (Serious, Minor, Possible)",C,Possible Injury (C),2,State,6.17,10,CT-10,10-N,,CUMLEY STREET,82,Feet,N,1,Clear,1,Daylight,1,Dry,27500,"Trafficway, On Road",3/29/18 15:50
4312,404330,1,41.378309,-72.905301,2922826,3/29/18,17:05:00,A,"Injury of any type (Serious, Minor, Possible)",B,Suspected Minor Injury (B),2,State,0.17,15,15-S,15-S-122,,Route 15 South,20,Feet,N,2,Cloudy,1,Daylight,1,Dry,9300,"Trafficway, On Road",3/29/18 17:05
8359,403690,1,41.383131,-72.920927,2922187,3/29/18,23:39:00,A,"Injury of any type (Serious, Minor, Possible)",C,Possible Injury (C),1,Local,0.55,489,SHEPARD AV,SHEPARD AV,,Howard Drive,258,Feet,N,3,"Fog, Smog, Smoke",4,Dark-Lighted,2,Wet,1400,"Trafficway, On Road",3/29/18 23:39
3029,403099,1,41.349225,-72.965339,2921597,3/30/18,10:22:00,A,"Injury of any type (Serious, Minor, Possible)",B,Suspected Minor Injury (B),2,State,47.62,15,15-N,15-N,,Exit 58,10,TenthsofMile,N,2,Cloudy,1,Daylight,2,Wet,79900,"Trafficway, On Road",3/30/18 10:22
4311,403100,1,41.378437,-72.905318,2921598,3/30/18,11:10:00,O,Property Damage Only,O,No Apparent Injury (O),2,State,0.16,15,15-S,15-S-122,,ROUTE 15 SOUTHBOUND,50,Feet,N,2,Cloudy,1,Daylight,2,Wet,9300,"Trafficway, On Road",3/30/18 11:10
6403,405033,1,41.337241,-72.935223,2923528,3/30/18,15:20:00,O,Property Damage Only,O,No Apparent Injury (O),2,Local,0.13,142,DIXWELL AV,DIXWELL AV NO 1,,Easton St.,75,Feet,N,1,Clear,1,Daylight,1,Dry,15600,"Trafficway, On Road",3/30/18 15:20
2379,403798,1,41.392238,-72.89754,2922294,3/30/18,16:27:00,O,Property Damage Only,O,No Apparent Injury (O),2,State,9.46,10,CT-10,10-N,JAMES ST,,,,,1,Clear,1,Daylight,1,Dry,14700,"Trafficway, On Road",3/30/18 16:27
3030,403507,1,41.34848549,-72.96615995,2922004,3/30/18,17:35:00,O,Property Damage Only,O,No Apparent Injury (O),2,State,47.56,15,15-N,15-N,,exit #59,250,Feet,N,1,Clear,1,Daylight,1,Dry,79900,"Trafficway, On Road",3/30/18 17:35
6844,404566,1,41.34042,-72.938198,2923062,3/30/18,21:17:00,A,"Injury of any type (Serious, Minor, Possible)",C,Possible Injury (C),2,Local,0.04,210,GEORGE ST,GEORGE ST,DIX ST,,,,,1,Clear,4,Dark-Lighted,1,Dry,,"Trafficway, On Road",3/30/18 21:17
1198,404665,1,41.374297,-72.915997,2923160,3/30/18,22:39:00,O,Property Damage Only,O,No Apparent Injury (O),2,State,7.7,10,CT-10,10-N,,Skiff St,105,Feet,S,1,Clear,4,Dark-Lighted,1,Dry,23700,"Trafficway, On Road",3/30/18 22:39
9129,404648,1,41.4201,-72.933014,2923143,3/31/18,0:03:00,O,Property Damage Only,O,No Apparent Injury (O),1,Local,1.25,655,WEST WOODS RD,WEST WOODS RD NO 2,,Fans Rock Rd,10,Feet,S,1,Clear,4,Dark-Lighted,1,Dry,1700,"Trafficway, On Road",3/31/18 0:03
5226,404666,1,41.362331,-72.909141,2923161,3/31/18,14:59:00,O,Property Damage Only,O,No Apparent Injury (O),2,State,2.12,707,WHITNEY AV,707-N,Woodlawn St,,,,,1,Clear,1,Daylight,1,Dry,11900,"Trafficway, On Road",3/31/18 14:59
6095,406448,1,41.353862,-72.933646,2924943,4/1/18,2:44:00,A,"Injury of any type (Serious, Minor, Possible)",C,Possible Injury (C),2,Local,0.18,97,CHURCH ST,CHURCH ST,,Chester Street,100,Feet,E,1,Clear,4,Dark-Lighted,1,Dry,,"Trafficway, On Road",4/1/18 2:44
7232,405034,1,41.404199,-72.891013,2923529,4/1/18,8:43:00,A,"Injury of any type (Serious, Minor, Possible)",B,Suspected Minor Injury (B),1,Local,0.18,281,IVES ST,IVES ST,,Westerly drive,100,Feet,W,2,Cloudy,1,Daylight,2,Wet,400,"Trafficway, Not on Road",4/1/18 8:43
5172,404667,1,41.371149,-72.90648,2923162,4/1/18,18:27:00,O,Property Damage Only,O,No Apparent Injury (O),2,State,2.74,707,WHITNEY AV,707-N,SKIFF ST,,,,,1,Clear,1,Daylight,1,Dry,13300,"Trafficway, On Road",4/1/18 18:27
3035,411197,1,41.35781,-72.942433,2929685,4/1/18,23:32:00,O,Property Damage Only,O,No Apparent Injury (O),1,State,48.98,15,15-N,15-N,,Exit #60,10,TenthsofMile,S,1,Clear,5,Dark-Not Lighted,1,Dry,79900,"Trafficway, On Road",4/1/18 23:32
3599,416407,1,41.349942,-72.964742,2934892,4/2/18,5:24:00,O,Property Damage Only,O,No Apparent Injury (O),2,State,47.68,15,15-S,15-S,,Exit #59 ,10,TenthsofMile,N,7,Snow,5,Dark-Not Lighted,3,Snow,79900,"Trafficway, On Road",4/2/18 5:24
7788,404668,1,41.3753,-72.93828,2923163,4/2/18,8:07:00,O,Property Damage Only,O,No Apparent Injury (O),1,Local,0.62,411,PARADISE AV,PARADISE AV NO 5,,COOPER LANE,2,TenthsofMile,N,7,Snow,1,Daylight,3,Snow,3800,"Trafficway, On Road",4/2/18 8:07
8177,404669,1,41.348179,-72.901787,2923164,4/2/18,8:09:00,O,Property Damage Only,O,No Apparent Injury (O),1,Local,0.91,452,RIDGE RD,RIDGE RD,,PICKWICK RD,100,Feet,S,8,Blowing Snow,1,Daylight,4,Slush,6000,"Trafficway, Not on Road",4/2/18 8:09
7095,405998,1,41.34492,-72.90534,2924493,4/2/18,8:44:00,O,Property Damage Only,O,No Apparent Injury (O),1,Local,0.45,242,HARTFORD TPK,HARTFORD TPK,WOODSTOCK RD,,,,,7,Snow,1,Daylight,3,Snow,3200,"Trafficway, On Road",4/2/18 8:44
8583,404670,1,41.391425,-72.920652,2923165,4/2/18,12:42:00,O,Property Damage Only,O,No Apparent Injury (O),1,Local,0.1,491,SHERMAN AV,SHERMAN AV NO 1,SHERMAN LA,,,,,1,Clear,1,Daylight,2,Wet,5600,"Trafficway, Not on Road",4/2/18 12:42
8253,408119,1,41.357428,-72.936002,2926611,4/3/18,5:47:00,A,"Injury of any type (Serious, Minor, Possible)",B,Suspected Minor Injury (B),2,Local,0.04,467,ROSE ST,ROSE ST,,Noble st,200,Feet,N,1,Clear,1,Daylight,1,Dry,,"Trafficway, On Road",4/3/18 5:47
3332,407819,1,41.380657,-72.900771,2926313,4/3/18,7:46:00,O,Property Damage Only,O,No Apparent Injury (O),2,State,51.76,15,15-N,15-N,Exit 61,,,,,1,Clear,1,Daylight,1,Dry,64800,"Trafficway, Not on Road",4/3/18 7:46
5961,404671,1,41.338123,-72.937899,2923166,4/3/18,8:36:00,O,Property Damage Only,O,No Apparent Injury (O),2,Local,0.16,52,BOWEN ST,BOWEN ST,,ARCH STREET,125,Feet,S,1,Clear,1,Daylight,1,Dry,4900,"Trafficway, On Road",4/3/18 8:36
6916,406489,1,41.334957,-72.924842,2924984,4/3/18,12:28:00,O,Property Damage Only,O,No Apparent Injury (O),2,Local,0.26,222,GOODRICH ST,GOODRICH ST,WINCHESTER AV,,,,,2,Cloudy,1,Daylight,1,Dry,3100,"Trafficway, On Road",4/3/18 12:28
7890,404694,1,41.339139,-72.946095,2923189,4/3/18,13:09:00,O,Property Damage Only,O,No Apparent Injury (O),2,Local,0.19,664,PINE ROCK AV,PINE ROCK AV NO 2,,ARCH STREET,1,TenthsofMile,S,1,Clear,1,Daylight,2,Wet,6600,"Trafficway, On Road",4/3/18 13:09
1340,404695,1,41.352131,-72.930891,2923190,4/3/18,16:48:00,O,Property Damage Only,O,No Apparent Injury (O),2,State,5.97,10,CT-10,10-N,OREGON AV,,,,,4,Rain,1,Daylight,2,Wet,23400,"Trafficway, On Road",4/3/18 16:48
784,404696,1,41.346825,-72.933736,2923191,4/3/18,19:44:00,O,Property Damage Only,O,No Apparent Injury (O),2,State,5.59,10,CT-10,10-N,,Putnam Ave,15,Feet,S,4,Rain,4,Dark-Lighted,2,Wet,25300,"Trafficway, On Road",4/3/18 19:44
1199,406490,1,41.371279,-72.917927,2924985,4/3/18,21:42:00,A,"Injury of any type (Serious, Minor, Possible)",C,Possible Injury (C),1,State,7.46,10,CT-10,10-N,,Skiff St,2,TenthsofMile,S,4,Rain,4,Dark-Lighted,2,Wet,23700,"Trafficway, On Road",4/3/18 21:42
8360,405976,1,41.418189,-72.922562,2924471,4/4/18,15:47:00,A,"Injury of any type (Serious, Minor, Possible)",C,Possible Injury (C),2,Local,3.01,489,SHEPARD AV,SHEPARD AV,,Apple Tree Lane,273,Feet,N,4,Rain,1,Daylight,2,Wet,1400,"Trafficway, On Road",4/4/18 15:47
3495,404450,1,41.380629,-72.900764,2922946,4/4/18,15:58:00,O,Property Damage Only,O,No Apparent Injury (O),2,State,0.22,15,15-N,15-N-125,,Route 15 S/B,10,Feet,N,1,Clear,1,Daylight,2,Wet,2300,"Trafficway, On Road",4/4/18 15:58
6162,404697,1,41.357084,-72.936984,2923192,4/5/18,7:52:00,O,Property Damage Only,O,No Apparent Injury (O),2,Local,0.62,99,CIRCULAR AV,CIRCULAR AV,GILBERT AV,,,,,1,Clear,1,Daylight,1,Dry,1900,"Trafficway, On Road",4/5/18 7:52
9270,404698,1,41.34497,-72.93549,2923193,4/5/18,12:06:00,O,Property Damage Only,O,No Apparent Injury (O),2,Local,1.67,598,WOODIN ST,WOODIN ST,FOURTH ST,,,,,1,Clear,1,Daylight,1,Dry,5400,"Trafficway, On Road",4/5/18 12:06
6917,406502,1,41.335381,-72.930177,2924997,4/5/18,21:02:00,O,Property Damage Only,O,No Apparent Injury (O),2,Local,0.54,222,GOODRICH ST,GOODRICH ST,SHELTON AV,,,,,1,Clear,4,Dark-Lighted,1,Dry,3100,"Trafficway, On Road",4/5/18 21:02
2182,406503,1,41.385023,-72.901361,2924998,4/6/18,10:08:00,O,Property Damage Only,O,No Apparent Injury (O),2,State,8.92,10,CT-10,10-N,,SCHOOL STREET,202,Feet,N,7,Snow,1,Daylight,2,Wet,16900,"Trafficway, On Road",4/6/18 10:08
2041,406504,1,41.43763,-72.90914,2924999,4/6/18,10:56:00,O,Property Damage Only,O,No Apparent Injury (O),2,State,12.67,10,CT-10,10-N,,Shepard Avenue,35,Feet,N,7,Snow,1,Daylight,2,Wet,17600,"Trafficway, On Road",4/6/18 10:56
5602,406539,1,41.376791,-72.915395,2925034,4/6/18,11:50:00,O,Property Damage Only,O,No Apparent Injury (O),2,State,0.03,753,CT-10,753-S,SHEPARD AV,,,,,7,Snow,1,Daylight,2,Wet,13900,"Trafficway, On Road",4/6/18 11:50
8361,405977,1,41.401136,-72.923982,2924472,4/6/18,12:43:00,A,"Injury of any type (Serious, Minor, Possible)",B,Suspected Minor Injury (B),3,Local,1.8,489,SHEPARD AV,SHEPARD AV,,WEST SHEPARD AV,75,Feet,S,4,Rain,1,Daylight,4,Slush,1400,"Trafficway, On Road",4/6/18 12:43
8363,407251,1,41.427404,-72.916391,2925746,4/6/18,17:02:00,O,Property Damage Only,O,No Apparent Injury (O),2,Local,3.73,489,SHEPARD AV,SHEPARD AV,TODD ST,,,,,1,Clear,1,Daylight,1,Dry,1400,"Trafficway, On Road",4/6/18 17:02
6261,409034,1,41.349756,-72.932303,2927525,4/6/18,23:54:00,O,Property Damage Only,O,No Apparent Injury (O),2,Local,0.01,106,COLLINS ST,COLLINS ST,,Dixwell Avenue,10,Feet,W,1,Clear,4,Dark-Lighted,1,Dry,,"Trafficway, On Road",4/6/18 23:54
8053,406505,1,41.345564,-72.915215,2925000,4/7/18,16:50:00,O,Property Damage Only,O,No Apparent Injury (O),2,Local,0.15,439,PUTNAM AV,PUTNAM AV,,Clifford St,20,Feet,E,1,Clear,1,Daylight,1,Dry,10000,"Trafficway, On Road",4/7/18 16:50
222,406506,1,41.361972,-72.92414,2925001,4/7/18,16:52:00,O,Property Damage Only,O,No Apparent Injury (O),2,State,6.75,10,CT-10,10-N,,Robert St,55,Feet,N,1,Clear,1,Daylight,1,Dry,32100,"Trafficway, On Road",4/7/18 16:52
6270,409015,1,41.383772,-72.909611,2927506,4/7/18,20:19:00,O,Property Damage Only,O,No Apparent Injury (O),2,Local,0.08,108,COLONY ST,COLONY ST,,Dixwell Avenue,200,Feet,N,1,Clear,4,Dark-Lighted,1,Dry,,"Trafficway, On Road",4/7/18 20:19
484,407252,1,41.357358,-72.926977,2925747,4/7/18,21:39:00,O,Property Damage Only,O,No Apparent Injury (O),2,State,6.4,10,CT-10,10-N,HAIG ST,,0,,,1,Clear,4,Dark-Lighted,1,Dry,27500,"Trafficway, On Road",4/7/18 21:39
4292,405349,1,41.366606,-72.923477,2923844,4/8/18,0:56:00,A,"Injury of any type (Serious, Minor, Possible)",C,Possible Injury (C),1,State,0.11,15,15-S,15-S-118,,DIXWELL AVE,1,TenthsofMile,W,1,Clear,5,Dark-Not Lighted,1,Dry,9300,"Trafficway, On Road",4/8/18 0:56
1201,408121,1,41.372424,-72.917126,2926613,4/8/18,7:51:00,A,"Injury of any type (Serious, Minor, Possible)",B,Suspected Minor Injury (B),2,State,7.55,10,CT-10,10-N,,Connolly Parkway,0.400000006,TenthsofMile,N,97,Other,1,Daylight,1,Dry,23700,"Trafficway, On Road",4/8/18 7:51
785,406684,1,41.34716,-72.933433,2925179,4/8/18,16:40:00,O,Property Damage Only,O,No Apparent Injury (O),2,State,5.62,10,CT-10,10-N,,Putnam Ave,334,Feet,N,1,Clear,1,Daylight,1,Dry,25300,"Trafficway, On Road",4/8/18 16:40
7194,405837,1,41.387854,-72.937725,2924332,4/9/18,7:50:00,O,Property Damage Only,O,No Apparent Injury (O),2,Local,0.45,261,HILL ST,HILL ST,,HEATHRIDGE ROAD,1,TenthsofMile,S,1,Clear,1,Daylight,1,Dry,,"Trafficway, On Road",4/9/18 7:50
7619,406685,1,41.423535,-72.885252,2925180,4/9/18,9:04:00,O,Property Damage Only,O,No Apparent Injury (O),2,Local,0.52,375,MOUNT CARMEL AV,MOUNT CARMEL AV,,Ridge Rd.,673,Feet,W,1,Clear,1,Daylight,1,Dry,2100,"Trafficway, On Road",4/9/18 9:04
483,406686,1,41.357883,-72.926527,2925181,4/9/18,9:21:00,O,Property Damage Only,O,No Apparent Injury (O),2,State,6.45,10,CT-10,10-N,,HILLCREST AVENUE,192,Feet,N,1,Clear,1,Daylight,1,Dry,27500,"Trafficway, On Road",4/9/18 9:21
6337,406687,1,41.340466,-72.90582,2925182,4/9/18,12:22:00,A,"Injury of any type (Serious, Minor, Possible)",C,Possible Injury (C),1,Local,0.41,128,DAVIS ST,DAVIS ST,ROGERS RD,,,,,1,Clear,1,Daylight,1,Dry,11100,"Trafficway, On Road",4/9/18 12:22
9271,405978,1,41.344709,-72.934962,2924473,4/9/18,12:48:00,O,Property Damage Only,O,No Apparent Injury (O),2,Local,1.67,598,WOODIN ST,WOODIN ST,FOURTH ST,,,,,1,Clear,1,Daylight,1,Dry,5400,"Trafficway, On Road",4/9/18 12:48
6855,407324,1,41.356978,-72.941484,2925819,4/9/18,15:14:00,O,Property Damage Only,O,No Apparent Injury (O),2,Local,0.22,212,GILBERT AV,GILBERT AV,PINE ROCK AV NO 1,,,,,1,Clear,1,Daylight,1,Dry,5500,"Trafficway, On Road",4/9/18 15:14
1203,409926,1,41.367573,-72.920504,2928414,4/9/18,16:09:00,A,"Injury of any type (Serious, Minor, Possible)",C,Possible Injury (C),3,State,7.17,10,CT-10,10-N,,connolly parkway,161,Feet,N,1,Clear,1,Daylight,1,Dry,23700,"Trafficway, On Road",4/9/18 16:09
6164,407253,1,41.361189,-72.936971,2925748,4/9/18,16:50:00,O,Property Damage Only,O,No Apparent Injury (O),2,Local,0.34,99,CIRCULAR AV,CIRCULAR AV,CHERRY HILL RD,,,,,1,Clear,1,Daylight,1,Dry,1900,"Trafficway, On Road",4/9/18 16:50
7891,407486,1,41.342962,-72.945632,2925981,4/9/18,17:53:00,O,Property Damage Only,O,No Apparent Injury (O),2,Local,0.46,664,PINE ROCK AV,PINE ROCK AV NO 2,HIGH TOP CIR,,,,,1,Clear,1,Daylight,1,Dry,6600,"Trafficway, On Road",4/9/18 17:53
632,406491,1,41.415566,-72.90275,2924986,4/9/18,17:56:00,O,Property Damage Only,O,No Apparent Injury (O),2,State,11.11,10,CT-10,10-N,,Sherman  Ave,200,Feet,E,1,Clear,1,Daylight,1,Dry,25800,"Trafficway, On Road",4/9/18 17:56
164,408122,1,41.36689,-72.920893,2926614,4/9/18,18:40:00,O,Property Damage Only,O,No Apparent Injury (O),2,State,7.12,10,CT-10,10-N,,CONNOLLY PKWY,82,Feet,S,1,Clear,1,Daylight,1,Dry,33100,"Trafficway, On Road",4/9/18 18:40
6658,408123,1,41.34555,-72.940795,2926615,4/9/18,20:42:00,O,Property Damage Only,O,No Apparent Injury (O),2,Local,0.5,176,FAIRVIEW AV,FAIRVIEW AV,WOODIN ST,,,,,1,Clear,5,Dark-Not Lighted,1,Dry,4800,"Trafficway, On Road",4/9/18 20:42
8362,405979,1,41.391706,-72.922738,2924474,4/10/18,7:33:00,A,"Injury of any type (Serious, Minor, Possible)",C,Possible Injury (C),2,Local,1.15,489,SHEPARD AV,SHEPARD AV,,Sherman Avenue,75,Feet,N,4,Rain,1,Daylight,2,Wet,1400,"Trafficway, On Road",4/10/18 7:33
3331,406291,1,41.38063,-72.900975,2924786,4/10/18,8:51:00,O,Property Damage Only,O,No Apparent Injury (O),2,State,51.75,15,15-N,15-N,,EXIT 61,100,Feet,N,4,Rain,1,Daylight,2,Wet,64800,"Trafficway, On Road",4/10/18 8:51
221,405920,1,41.36299,-72.923752,2924415,4/10/18,9:05:00,A,"Injury of any type (Serious, Minor, Possible)",C,Possible Injury (C),2,State,6.8,10,CT-10,10-N,BENHAM ST,,112,Feet,N,4,Rain,1,Daylight,2,Wet,32100,"Trafficway, On Road",4/10/18 9:05
6163,405921,1,41.357206,-72.937098,2924416,4/10/18,9:08:00,O,Property Damage Only,O,No Apparent Injury (O),2,Local,0.62,99,CIRCULAR AV,CIRCULAR AV,GILBERT AV,,,,,4,Rain,1,Daylight,2,Wet,1900,"Trafficway, On Road",4/10/18 9:08
1341,405980,1,41.350851,-72.93146,2924475,4/10/18,11:07:00,O,Property Damage Only,O,No Apparent Injury (O),2,State,5.9,10,CT-10,10-N,,BEACON STREET,80,Feet,S,4,Rain,1,Daylight,2,Wet,23400,"Trafficway, On Road",4/10/18 11:07
2151,405952,1,41.383446,-72.901857,2924447,4/10/18,12:17:00,O,Property Damage Only,O,No Apparent Injury (O),2,State,8.8,10,CT-10,10-N,707-N,,,,,4,Rain,1,Daylight,2,Wet,17000,"Trafficway, On Road",4/10/18 12:17
8190,411289,1,41.355666,-72.901467,2929777,4/10/18,13:34:00,A,"Injury of any type (Serious, Minor, Possible)",C,Possible Injury (C),2,Local,1.46,452,RIDGE RD,RIDGE RD,,Dessa Dr,67,Feet,N,2,Cloudy,1,Daylight,2,Wet,5200,"Trafficway, On Road",4/10/18 13:34
482,406492,1,41.354204,-72.929635,2924987,4/11/18,7:25:00,O,Property Damage Only,O,No Apparent Injury (O),2,State,6.14,10,CT-10,10-N,,Treadwell Street,10,Feet,N,1,Clear,1,Daylight,1,Dry,27500,"Trafficway, On Road",4/11/18 7:25
5831,406493,1,41.365156,-72.93294,2924988,4/11/18,10:21:00,O,Property Damage Only,O,No Apparent Injury (O),1,Local,0.5,42,BENHAM ST,BENHAM ST,,Cherry Hill Rd,346,Feet,E,1,Clear,1,Daylight,1,Dry,12600,"Trafficway, On Road",4/11/18 10:21
631,406476,1,41.414592,-72.902423,2924971,4/11/18,11:11:00,O,Property Damage Only,O,No Apparent Injury (O),3,State,11.04,10,CT-10,10-N,,SHERMAN AVENUE,200,Feet,N,1,Clear,1,Daylight,1,Dry,25800,"Trafficway, On Road",4/11/18 11:11
6539,406462,1,41.337154,-72.934999,2924957,4/11/18,13:34:00,O,Property Damage Only,O,No Apparent Injury (O),2,Local,0,150,DUDLEY ST,DUDLEY ST,DIXWELL AV NO 1,,,,,1,Clear,1,Daylight,1,Dry,750,"Trafficway, On Road",4/11/18 13:34
3797,407097,1,41.378056,-72.905351,2925592,4/11/18,16:19:00,O,Property Damage Only,O,No Apparent Injury (O),2,State,51.45,15,15-S,15-S,15-S-122,,,,,1,Clear,1,Daylight,1,Dry,71800,"Trafficway, On Road",4/11/18 16:19
8329,406688,1,41.343141,-72.93547,2925183,4/11/18,16:38:00,O,Property Damage Only,O,No Apparent Injury (O),2,Local,0.29,484,SECOND ST,SECOND ST,,DIXWELL AVE.,200,Feet,W,1,Clear,99,Unknown,1,Dry,,"Trafficway, On Road",4/11/18 16:38
5832,407355,1,41.363186,-72.924969,2925850,4/11/18,20:25:00,A,"Injury of any type (Serious, Minor, Possible)",C,Possible Injury (C),2,Local,0.06,42,BENHAM ST,BENHAM ST,HOPE AV,,,,,1,Clear,4,Dark-Lighted,1,Dry,12600,"Trafficway, On Road",4/11/18 20:25
6856,409035,1,41.357079,-72.939134,2927526,4/11/18,22:32:00,O,Property Damage Only,O,No Apparent Injury (O),1,Local,0.1,212,GILBERT AV,GILBERT AV,,Valley Rd,78,Feet,W,1,Clear,4,Dark-Lighted,1,Dry,5500,"Trafficway, On Road",4/11/18 22:32
1200,406689,1,41.372418,-72.917233,2925184,4/12/18,11:58:00,A,"Injury of any type (Serious, Minor, Possible)",B,Suspected Minor Injury (B),2,State,7.55,10,CT-10,10-N,,Skiff Street,1,TenthsofMile,S,1,Clear,1,Daylight,1,Dry,23700,"Trafficway, On Road",4/12/18 11:58
4003,407651,1,41.38011769,-72.90080128,2926145,4/12/18,13:02:00,O,Property Damage Only,O,No Apparent Injury (O),2,State,51.78,15,15-S,15-S,,EXIT 61,100,Feet,S,1,Clear,1,Daylight,1,Dry,67000,"Trafficway, On Road",4/12/18 13:02
558,406690,1,41.345474,-72.93422,2925185,4/12/18,15:02:00,O,Property Damage Only,O,No Apparent Injury (O),2,State,5.5,10,CT-10,10-N,,Putnam Avenue,283,Feet,S,1,Clear,1,Daylight,1,Dry,26700,"Trafficway, On Road",4/12/18 15:02
786,406691,1,41.411702,-72.901302,2925186,4/12/18,16:22:00,O,Property Damage Only,O,No Apparent Injury (O),2,State,10.84,10,CT-10,10-N,,Brown St,100,Feet,N,1,Clear,1,Daylight,1,Dry,25300,"Trafficway, On Road",4/12/18 16:22
3031,407804,1,41.364561,-72.92822,2926298,4/12/18,16:52:00,O,Property Damage Only,O,No Apparent Injury (O),2,State,49.86,15,15-N,15-N,,Exit 60,1,TenthsofMile,S,1,Clear,1,Daylight,1,Dry,79900,"Trafficway, Not on Road",4/12/18 16:52
3798,408685,1,41.379645,-72.902681,2927176,4/13/18,9:21:00,O,Property Damage Only,O,No Apparent Injury (O),2,State,51.67,15,15-S,15-S,,Stop Sign,1,Feet,S,2,Cloudy,1,Daylight,1,Dry,71800,"Trafficway, On Road",4/13/18 9:21
8,409818,1,41.363632,-72.923362,2928307,4/13/18,10:44:00,O,Property Damage Only,O,No Apparent Injury (O),2,State,6.87,10,CT-10,10-N,,PALMER STREET,33,Feet,S,1,Clear,1,Daylight,1,Dry,41100,"Trafficway, On Road",4/13/18 10:44
5672,409819,1,41.336169,-72.933111,2928308,4/13/18,11:41:00,O,Property Damage Only,O,No Apparent Injury (O),2,Local,0.05,7,ALLING ST,ALLING ST,,DIXWELL AVENUE,1,TenthsofMile,E,1,Clear,1,Daylight,1,Dry,350,"Trafficway, On Road",4/13/18 11:41