,CrashId,Fatal Case Status,lat,lon,DOT Case Number,Date Of Crash,Time of Crash,Crash Severity,Crash Severity Text Format,Most Severe Injury,Most Severe Injury Text Format,Number Of Motor Vehicles,Route Class Text Format,Milemarker,Road Number,Road Description,Roadway Name,Intersecting Roadway Name,Landmark Description,Distance From Nearest Landmark,Unit Of Measure From Nearest Landmark,Direction From Nearest Landmark,Weather Condition,Weather Condition Text Format,Light Condition,Light Condition Text Format,Road Surface Condition,Road Surface Condition Text Format,Average Daily Traffic,Trafficway Class Text Format,full_date
1084,407487,1,41.339468,-72.935205,2925982,4/13/18,14:37:00,O,Property Damage Only,O,No Apparent Injury (O),2,State,5.08,10,CT-10,10-N,,PINE ST,35,Feet,S,1,Clear,1,Daylight,1,Dry,24100,"Trafficway, On Road",4/13/18 14:37
6338,407356,1,41.340039,-72.902875,2925851,4/13/18,21:45:00,O,Property Damage Only,O,No Apparent Injury (O),2,Local,0.25,128,DAVIS ST,DAVIS ST,,RIDGE RD,89,Feet,W,1,Clear,4,Dark-Lighted,1,Dry,11100,"Trafficway, On Road",4/13/18 21:45
5007,411290,1,41.348184,-72.913549,2929778,4/13/18,22:47:00,O,Property Damage Only,O,No Apparent Injury (O),2,State,1.08,707,WHITNEY AV,707-N,MATHER ST,,,,,1,Clear,4,Dark-Lighted,1,Dry,14300,"Trafficway, On Road",4/13/18 22:47
8282,408264,1,41.38448,-72.901681,2926756,4/14/18,1:13:00,O,Property Damage Only,O,No Apparent Injury (O),1,Local,0.28,480,SCHOOL ST,SCHOOL ST,10-N,,,,,1,Clear,4,Dark-Lighted,1,Dry,5300,"Trafficway, On Road",4/14/18 1:13
2152,407488,1,41.383464,-72.902267,2925983,4/14/18,9:34:00,A,"Injury of any type (Serious, Minor, Possible)",C,Possible Injury (C),2,State,8.78,10,CT-10,10-N,,Whitney Avenue,92,Feet,S,1,Clear,1,Daylight,1,Dry,17000,"Trafficway, On Road",4/14/18 9:34
559,407357,1,41.344921,-72.934338,2925852,4/14/18,11:28:00,O,Property Damage Only,O,No Apparent Injury (O),2,State,5.45,10,CT-10,10-N,,Woodin Street,153,Feet,N,1,Clear,1,Daylight,1,Dry,26700,"Trafficway, On Road",4/14/18 11:28
485,407358,1,41.35667,-72.927533,2925853,4/14/18,18:10:00,O,Property Damage Only,O,No Apparent Injury (O),2,State,6.34,10,CT-10,10-N,HOMESTEAD AV,,,,,1,Clear,1,Daylight,1,Dry,27500,"Trafficway, On Road",4/14/18 18:10
486,407359,1,41.35903,-72.925794,2925854,4/14/18,18:33:00,A,"Injury of any type (Serious, Minor, Possible)",B,Suspected Minor Injury (B),2,State,6.53,10,CT-10,10-N,MATHER ST,,,,,1,Clear,1,Daylight,1,Dry,27500,"Trafficway, On Road",4/14/18 18:33
9290,409036,1,41.344688,-72.934912,2927527,4/14/18,23:30:00,O,Property Damage Only,O,No Apparent Injury (O),2,Local,1.66,598,WOODIN ST,WOODIN ST,,FOURTH ST,25,Feet,N,1,Clear,4,Dark-Lighted,1,Dry,,"Trafficway, On Road",4/14/18 23:30
787,407165,1,41.348454,-72.932803,2925660,4/15/18,12:46:00,O,Property Damage Only,O,No Apparent Injury (O),2,State,5.71,10,CT-10,10-N,SCOTT ST,,,,,2,Cloudy,1,Daylight,1,Dry,25300,"Trafficway, On Road",4/15/18 12:46
1086,410729,1,41.339331,-72.93515,2929217,4/15/18,13:03:00,O,Property Damage Only,O,No Apparent Injury (O),2,State,5.07,10,CT-10,10-N,,Pine Street,50,Feet,S,2,Cloudy,1,Daylight,1,Dry,24100,"Trafficway, On Road",4/15/18 13:03
2380,408124,1,41.396845,-72.897016,2926616,4/15/18,15:28:00,A,"Injury of any type (Serious, Minor, Possible)",C,Possible Injury (C),1,State,9.78,10,CT-10,10-N,CANNON ST,,,,,1,Clear,1,Daylight,1,Dry,14700,"Trafficway, On Road",4/15/18 15:28
2381,408125,1,41.395756,-72.896811,2926617,4/15/18,15:56:00,A,"Injury of any type (Serious, Minor, Possible)",C,Possible Injury (C),2,State,9.71,10,CT-10,10-N,BRIARCLIFF RD,,,,,1,Clear,1,Daylight,1,Dry,14700,"Trafficway, On Road",4/15/18 15:56
3033,408744,1,41.347479,-72.967179,2927235,4/16/18,1:35:00,A,"Injury of any type (Serious, Minor, Possible)",B,Suspected Minor Injury (B),1,State,47.47,15,15-N,15-N,,exit 59,9,TenthsofMile,N,4,Rain,5,Dark-Not Lighted,2,Wet,79900,"Trafficway, On Road",4/16/18 1:35
4661,409278,1,41.32809,-72.897741,2927769,4/16/18,5:23:00,A,"Injury of any type (Serious, Minor, Possible)",C,Possible Injury (C),2,USRoute,1.01,5,US-5,5-N,,new haven line,100,Feet,N,4,Rain,4,Dark-Lighted,2,Wet,17700,"Trafficway, On Road",4/16/18 5:23
6404,409279,1,41.337881,-72.9352,2927770,4/16/18,6:40:00,O,Property Damage Only,O,No Apparent Injury (O),2,Local,0.17,142,DIXWELL AV,DIXWELL AV NO 1,,Arch Street,50,Feet,S,4,Rain,2,Dawn,2,Wet,15600,"Trafficway, On Road",4/16/18 6:40
3471,407361,1,41.36518,-72.922248,2925856,4/16/18,8:50:00,A,"Injury of any type (Serious, Minor, Possible)",C,Possible Injury (C),2,State,0,15,15-N,15-N-221,10-N,,,,,4,Rain,1,Daylight,2,Wet,9300,"Trafficway, On Road",4/16/18 8:50
788,407362,1,41.405552,-72.89901,2925857,4/16/18,12:55:00,O,Property Damage Only,O,No Apparent Injury (O),2,State,10.39,10,CT-10,10-N,,Woodruff St.,49,Feet,S,4,Rain,1,Daylight,2,Wet,25300,"Trafficway, Not on Road",4/16/18 12:55
2429,407489,1,41.336774,-72.942495,2925984,4/17/18,0:16:00,O,Property Damage Only,O,No Apparent Injury (O),1,State,4.58,10,CT-10,10-N,,Arch St.,1,TenthsofMile,S,1,Clear,4,Dark-Lighted,1,Dry,13600,"Trafficway, On Road",4/17/18 0:16
4825,409280,1,41.343276,-72.895207,2927771,4/17/18,14:09:00,A,"Injury of any type (Serious, Minor, Possible)",B,Suspected Minor Injury (B),2,USRoute,2.16,5,US-5,5-N,,Fernwood Rd,380,Feet,S,1,Clear,1,Daylight,1,Dry,9300,"Trafficway, On Road",4/17/18 14:09
4313,412304,1,41.378112,-72.905324,2930791,4/17/18,15:21:00,O,Property Damage Only,O,No Apparent Injury (O),2,State,0.18,15,15-S,15-S-122,15-S,,,,,2,Cloudy,1,Daylight,1,Dry,9300,"Trafficway, On Road",4/17/18 15:21
5833,408126,1,41.36545,-72.934314,2926618,4/17/18,15:50:00,O,Property Damage Only,O,No Apparent Injury (O),2,Local,0.57,42,BENHAM ST,BENHAM ST,CHERRY HILL RD,,,,,2,Cloudy,1,Daylight,1,Dry,12600,"Trafficway, On Road",4/17/18 15:50
8681,408127,1,41.374284,-72.914943,2926619,4/17/18,17:27:00,O,Property Damage Only,O,No Apparent Injury (O),2,Local,0.49,494,SKIFF ST,SKIFF ST,,DIXWELL AVENUE ,200,Feet,E,1,Clear,1,Daylight,1,Dry,24000,"Trafficway, On Road",4/17/18 17:27
5174,408265,1,41.371036,-72.906408,2926757,4/17/18,18:14:00,O,Property Damage Only,O,No Apparent Injury (O),2,State,2.74,707,WHITNEY AV,707-N,SKIFF ST,,,,,1,Clear,1,Daylight,1,Dry,13300,"Trafficway, On Road",4/17/18 18:14
9207,408266,1,41.348317,-72.968368,2926758,4/17/18,19:46:00,O,Property Damage Only,O,No Apparent Injury (O),1,Local,2.09,594,WINTERGREEN AV,WINTERGREEN AV,,Carbonella Dr,76,Feet,N,1,Clear,5,Dark-Not Lighted,1,Dry,1600,"Trafficway, On Road",4/17/18 19:46
7880,409037,1,41.354748,-72.96061,2927528,4/17/18,20:57:00,O,Property Damage Only,,,2,Local,0.16,424,PERRY RD,PERRY RD,,Wintergreen Ave,772,Feet,E,4,Rain,4,Dark-Lighted,2,Wet,,"Trafficway, On Road",4/17/18 20:57
6267,408251,1,41.386347,-72.902585,2926743,4/18/18,12:39:00,O,Property Damage Only,O,No Apparent Injury (O),2,Local,0.2,107,COLONIAL DR,COLONIAL DR,,Whitney Avenue,440,Feet,W,1,Clear,1,Daylight,1,Dry,,"Trafficway, On Road",4/18/18 12:39
3032,408318,1,41.364949,-72.927267,2926810,4/18/18,13:53:00,O,Property Damage Only,O,No Apparent Injury (O),1,State,49.92,15,15-N,15-N,,EXIT 61,5,TenthsofMile,S,8,Blowing Snow,1,Daylight,97,Other,79900,"Trafficway, On Road",4/18/18 13:53
8364,408252,1,41.376713,-72.915598,2926744,4/18/18,17:36:00,O,Property Damage Only,O,No Apparent Injury (O),2,Local,0.01,489,SHEPARD AV,SHEPARD AV,,DIxwell Ave,50,Feet,W,1,Clear,1,Daylight,1,Dry,1400,"Trafficway, On Road",4/18/18 17:36
2351,408053,1,41.399646,-72.897552,2926545,4/18/18,17:54:00,O,Property Damage Only,O,No Apparent Injury (O),2,State,9.98,10,CT-10,10-N,,CHARLTON HILL RD,130,Feet,S,1,Clear,1,Daylight,1,Dry,14800,"Trafficway, On Road",4/18/18 17:54
560,409038,1,41.345883,-72.934006,2927529,4/18/18,21:18:00,O,Property Damage Only,O,No Apparent Injury (O),2,State,5.53,10,CT-10,10-N,,PUTNAM AVE.,134,Feet,S,1,Clear,4,Dark-Lighted,1,Dry,26700,"Trafficway, On Road",4/18/18 21:18
3038,416525,1,41.362742,-72.930998,2935010,4/19/18,1:58:00,O,Property Damage Only,O,No Apparent Injury (O),1,State,49.67,15,15-N,15-N,,EXIT #60,3,TenthsofMile,S,1,Clear,4,Dark-Lighted,1,Dry,79900,"Trafficway, On Road",4/19/18 1:58
6036,408142,1,41.397257,-72.900154,2926634,4/19/18,10:40:00,O,Property Damage Only,O,No Apparent Injury (O),2,Local,0.19,74,CANNON ST,CANNON ST,PELHAM AV,,,,,1,Clear,1,Daylight,2,Wet,,"Trafficway, On Road",4/19/18 10:40
2432,423803,1,41.338342,-72.941052,2942287,4/19/18,12:46:00,O,Property Damage Only,O,No Apparent Injury (O),2,State,4.7,10,CT-10,10-N,ARCH ST,,,,,1,Clear,1,Daylight,1,Dry,13600,"Trafficway, On Road",4/19/18 12:46
3799,408792,1,41.378474,-72.904594,2927283,4/19/18,13:26:00,O,Property Damage Only,O,No Apparent Injury (O),2,State,51.52,15,15-S,15-S,,EXIT 61,100,Feet,S,4,Rain,1,Daylight,2,Wet,71800,"Trafficway, On Road",4/19/18 13:26
5333,409281,1,41.355978,-72.911755,2927772,4/19/18,16:03:00,O,Property Damage Only,O,No Apparent Injury (O),2,State,1.65,707,WHITNEY AV,707-N,,Walden St,25,Feet,S,1,Clear,1,Daylight,1,Dry,11300,"Trafficway, On Road",4/19/18 16:03
6918,409282,1,41.334594,-72.922955,2927773,4/19/18,16:42:00,A,"Injury of any type (Serious, Minor, Possible)",C,Possible Injury (C),2,Local,0.16,222,GOODRICH ST,GOODRICH ST,,Prospect Ln,100,Feet,E,4,Rain,1,Daylight,2,Wet,3100,"Trafficway, On Road",4/19/18 16:42
7043,408253,1,41.389578,-72.912098,2926745,4/19/18,17:31:00,A,"Injury of any type (Serious, Minor, Possible)",C,Possible Injury (C),1,Local,0.19,713,HAMDEN HILLS DR,HAMDEN HILLS DR,,TOWN WALK DR,59,Feet,E,2,Cloudy,1,Daylight,2,Wet,8500,"Trafficway, Not on Road",4/19/18 17:31
3800,408807,1,41.378182,-72.905297,2927298,4/19/18,18:25:00,O,Property Damage Only,O,No Apparent Injury (O),2,State,51.46,15,15-S,15-S,,EXIT 61,326,Feet,S,2,Cloudy,1,Daylight,2,Wet,71800,"Trafficway, On Road",4/19/18 18:25
6659,409304,1,41.343316,-72.941103,2927795,4/19/18,19:21:00,A,"Injury of any type (Serious, Minor, Possible)",C,Possible Injury (C),2,Local,0.35,176,FAIRVIEW AV,FAIRVIEW AV,JONES RD,,,,,1,Clear,4,Dark-Lighted,1,Dry,4800,"Trafficway, On Road",4/19/18 19:21
7420,413334,1,41.338631,-72.921361,2931821,4/20/18,0:59:00,A,"Injury of any type (Serious, Minor, Possible)",B,Suspected Minor Injury (B),2,Local,0.41,365,MILL ROCK RD,MILL ROCK RD,,Prospect St,1,TenthsofMile,W,1,Clear,4,Dark-Lighted,1,Dry,4400,"Trafficway, On Road",4/20/18 0:59
9272,409039,1,41.35037,-72.954769,2927530,4/20/18,2:50:00,A,"Injury of any type (Serious, Minor, Possible)",B,Suspected Minor Injury (B),1,Local,0.54,598,WOODIN ST,WOODIN ST,BELDEN RD,,,,,1,Clear,4,Dark-Lighted,1,Dry,5400,"Trafficway, On Road",4/20/18 2:50
5453,409040,1,41.383125,-72.898473,2927531,4/20/18,11:40:00,O,Property Damage Only,O,No Apparent Injury (O),2,State,0.17,717,DIXWELL AV,717-E,,WASHINGTON AVENUE,80,Feet,E,1,Clear,1,Daylight,1,Dry,18600,"Trafficway, On Road",4/20/18 11:40
1087,410730,1,41.340328,-72.935189,2929218,4/20/18,13:26:00,O,Property Damage Only,O,No Apparent Injury (O),2,State,5.14,10,CT-10,10-N,GEORGE ST,,,,,1,Clear,1,Daylight,1,Dry,24100,"Trafficway, On Road",4/20/18 13:26
3595,410174,1,41.3612573,-72.93411815,2928662,4/20/18,15:39:00,A,"Injury of any type (Serious, Minor, Possible)",B,Suspected Minor Injury (B),3,State,49.49,15,15-S,15-S,,Exit 60,1,TenthsofMile,S,1,Clear,1,Daylight,1,Dry,79900,"Trafficway, On Road",4/20/18 15:39
789,409839,1,41.412991,-72.901769,2928328,4/20/18,16:04:00,A,"Injury of any type (Serious, Minor, Possible)",C,Possible Injury (C),3,State,10.93,10,CT-10,10-N,,Sherman Ave,498,Feet,S,1,Clear,1,Daylight,1,Dry,25300,"Trafficway, On Road",4/20/18 16:04
3947,410175,1,41.381964,-72.899011,2928663,4/20/18,16:05:00,O,Property Damage Only,O,No Apparent Injury (O),2,State,51.92,15,15-S,15-S,,Exit 62 Off Ramp,1,TenthsofMile,N,1,Clear,1,Daylight,1,Dry,68700,"Trafficway, On Road",4/20/18 16:05
3801,410176,1,41.377502,-72.906091,2928664,4/20/18,17:33:00,A,"Injury of any type (Serious, Minor, Possible)",C,Possible Injury (C),2,State,51.4,15,15-S,15-S,,Exit 61,1,TenthsofMile,S,1,Clear,1,Daylight,1,Dry,71800,"Trafficway, On Road",4/20/18 17:33
9082,409887,1,41.430237,-72.919348,2928375,4/20/18,19:24:00,A,"Injury of any type (Serious, Minor, Possible)",C,Possible Injury (C),1,Local,1.23,573,WEST TODD ST,WEST TODD ST,,Hillfield Rd,261,Feet,E,1,Clear,1,Daylight,1,Dry,,"Trafficway, On Road",4/20/18 19:24
1202,409915,1,41.373264,-72.916623,2928403,4/21/18,9:20:00,O,Property Damage Only,O,No Apparent Injury (O),2,State,7.62,10,CT-10,10-N,,SKIFF STREET,1,TenthsofMile,S,1,Clear,1,Daylight,1,Dry,23700,"Trafficway, On Road",4/21/18 9:20
3802,410508,1,41.37908,-72.903667,2928996,4/21/18,16:29:00,O,Property Damage Only,O,No Apparent Injury (O),2,State,51.6,15,15-S,15-S,,EXIT 61,100,Feet,S,1,Clear,1,Daylight,1,Dry,71800,"Trafficway, On Road",4/21/18 16:29
1960,412606,1,41.382612,-72.909307,2931093,4/21/18,19:53:00,A,"Injury of any type (Serious, Minor, Possible)",A,Suspected Serious Injury (A),2,State,8.42,10,CT-10,10-N,COLONY ST,,,,,1,Clear,3,Dusk,1,Dry,18400,"Trafficway, On Road",4/21/18 19:53
3034,409268,1,41.3579,-72.942261,2927759,4/22/18,10:52:00,A,"Injury of any type (Serious, Minor, Possible)",C,Possible Injury (C),2,State,48.99,15,15-N,15-N,,Exit 60,10,TenthsofMile,S,1,Clear,1,Daylight,1,Dry,79900,"Trafficway, On Road",4/22/18 10:52
3036,413166,1,41.362939,-72.930733,2931653,4/22/18,11:29:00,O,Property Damage Only,O,No Apparent Injury (O),2,State,49.69,15,15-N,15-N,,Exit 60,3,TenthsofMile,S,1,Clear,1,Daylight,1,Dry,79900,"Trafficway, On Road",4/22/18 11:29
5100,409916,1,41.344138,-72.912162,2928404,4/22/18,16:03:00,O,Property Damage Only,O,No Apparent Injury (O),2,State,0.8,707,WHITNEY AV,707-N,AUGUR ST,,,,,1,Clear,1,Daylight,1,Dry,13500,"Trafficway, On Road",4/22/18 16:03
9274,413198,1,41.345506,-72.940774,2931685,4/22/18,21:20:00,O,Property Damage Only,O,No Apparent Injury (O),2,Local,1.36,598,WOODIN ST,WOODIN ST,Fairview Ave ,,,,,1,Clear,4,Dark-Lighted,1,Dry,5400,"Trafficway, On Road",4/22/18 21:20
2042,410731,1,41.436628,-72.908742,2929219,4/23/18,6:55:00,O,Property Damage Only,O,No Apparent Injury (O),2,State,12.6,10,CT-10,10-N,,shepard Ave,100,Feet,S,1,Clear,1,Daylight,1,Dry,17600,"Trafficway, On Road",4/23/18 6:55
1085,409927,1,41.33929,-72.935243,2928415,4/23/18,9:29:00,A,"Injury of any type (Serious, Minor, Possible)",C,Possible Injury (C),2,State,5.07,10,CT-10,10-N,,PINE STREET,100,Feet,S,1,Clear,1,Daylight,1,Dry,24100,"Trafficway, On Road",4/23/18 9:29
1204,409928,1,41.372711,-72.917146,2928416,4/23/18,11:48:00,O,Property Damage Only,O,No Apparent Injury (O),2,State,7.57,10,CT-10,10-N,,Skiff Street,1,TenthsofMile,S,1,Clear,1,Daylight,1,Dry,23700,"Trafficway, On Road",4/23/18 11:48
4899,409525,1,41.383023,-72.901981,2928016,4/23/18,14:47:00,O,Property Damage Only,O,No Apparent Injury (O),2,State,3.59,707,WHITNEY AV,707-N,,DIXWELL AVE,125,Feet,S,1,Clear,1,Daylight,1,Dry,16900,"Trafficway, On Road",4/23/18 14:47
1959,410732,1,41.377081,-72.915192,2929220,4/23/18,15:15:00,O,Property Damage Only,O,No Apparent Injury (O),2,State,7.89,10,CT-10,10-N,,Shepard Ave,50,Feet,N,1,Clear,1,Daylight,1,Dry,18400,"Trafficway, On Road",4/23/18 15:15
5228,415591,1,41.360635,-72.909436,2934076,4/23/18,15:18:00,O,Property Damage Only,O,No Apparent Injury (O),2,State,1.96,707,WHITNEY AV,707-N,HAWTHORNE AV,,,,,1,Clear,1,Daylight,1,Dry,11900,"Trafficway, On Road",4/23/18 15:18
1205,410733,1,41.371725,-72.917788,2929221,4/23/18,16:49:00,A,"Injury of any type (Serious, Minor, Possible)",C,Possible Injury (C),1,State,7.49,10,CT-10,10-N,,SKIFF ST,1095,Feet,S,1,Clear,1,Daylight,1,Dry,23700,"Trafficway, On Road",4/23/18 16:49
3803,412321,1,41.378025,-72.905405,2930808,4/24/18,9:06:00,O,Property Damage Only,O,No Apparent Injury (O),2,State,51.45,15,15-S,15-S,exit 61 on ramp,,,,,1,Clear,1,Daylight,1,Dry,71800,"Trafficway, On Road",4/24/18 9:06
6061,409917,1,41.352191,-72.898539,2928405,4/24/18,9:32:00,O,Property Damage Only,O,No Apparent Injury (O),1,Local,0.04,84,CARROLL RD,CARROLL RD,,SMITH DRIVE,80,Feet,S,1,Clear,1,Daylight,1,Dry,,"Trafficway, On Road",4/24/18 9:32
4733,410734,1,41.33515,-72.90037,2929222,4/24/18,10:20:00,O,Property Damage Only,O,No Apparent Injury (O),2,USRoute,1.53,5,US-5,5-N,,Merritt St,100,Feet,N,1,Clear,1,Daylight,1,Dry,14100,"Trafficway, On Road",4/24/18 10:20
6140,410735,1,41.352283,-72.935869,2929223,4/25/18,6:42:00,O,Property Damage Only,O,No Apparent Injury (O),2,Local,0.96,99,CIRCULAR AV,CIRCULAR AV,BEACON ST,,,,,4,Rain,1,Daylight,2,Wet,7100,"Trafficway, On Road",4/25/18 6:42
6660,410736,1,41.340822,-72.94156,2929224,4/25/18,7:13:00,A,"Injury of any type (Serious, Minor, Possible)",C,Possible Injury (C),2,Local,0.18,176,FAIRVIEW AV,FAIRVIEW AV,,Mott St,108,Feet,N,4,Rain,1,Daylight,2,Wet,4800,"Trafficway, On Road",4/25/18 7:13
3804,412326,1,41.3781,-72.90533,2930813,4/25/18,8:39:00,A,"Injury of any type (Serious, Minor, Possible)",C,Possible Injury (C),2,State,51.46,15,15-S,15-S,,EXIT 61,350,Feet,S,4,Rain,1,Daylight,2,Wet,71800,"Trafficway, On Road",4/25/18 8:39
1206,413199,1,41.37437,-72.915978,2931686,4/25/18,10:38:00,O,Property Damage Only,O,No Apparent Injury (O),2,State,7.7,10,CT-10,10-N,Skiff St ,,,,,4,Rain,1,Daylight,2,Wet,23700,"Trafficway, On Road",4/25/18 10:38
4900,410692,1,41.383424,-72.901747,2929180,4/25/18,13:46:00,O,Property Damage Only,O,No Apparent Injury (O),2,State,3.62,707,WHITNEY AV,707-N,10-N,,,,,4,Rain,1,Daylight,2,Wet,16900,"Trafficway, On Road",4/25/18 13:46
8365,409918,1,41.391013,-72.922533,2928406,4/25/18,15:09:00,A,"Injury of any type (Serious, Minor, Possible)",C,Possible Injury (C),2,Local,1.1,489,SHEPARD AV,SHEPARD AV,,sherman ave,120,Feet,S,4,Rain,1,Daylight,2,Wet,1400,"Trafficway, On Road",4/25/18 15:09
5227,411244,1,41.362319,-72.90915,2929732,4/25/18,16:10:00,O,Property Damage Only,O,No Apparent Injury (O),2,State,2.12,707,WHITNEY AV,707-N,SWARTHMORE ST,,,,,4,Rain,1,Daylight,2,Wet,11900,"Trafficway, On Road",4/25/18 16:10
5750,411245,1,41.355788,-72.935531,2929733,4/25/18,17:27:00,O,Property Damage Only,O,No Apparent Injury (O),2,Local,0.09,27,BANK ST,BANK ST,TAFT ST,,,,,4,Rain,1,Daylight,2,Wet,,"Trafficway, On Road",4/25/18 17:27
9343,409903,1,41.363523,-72.914378,2928391,4/25/18,17:53:00,O,Property Damage Only,O,No Apparent Injury (O),2,Local,0.04,600,WOODLAWN ST,WOODLAWN ST,,GREENWAY ST,209,Feet,E,4,Rain,1,Daylight,2,Wet,,"Trafficway, On Road",4/25/18 17:53
2509,410694,1,41.338336,-72.935344,2929182,4/26/18,7:03:00,A,"Injury of any type (Serious, Minor, Possible)",C,Possible Injury (C),1,State,5,10,CT-10,10-N,MORSE ST,,,,,1,Clear,1,Daylight,2,Wet,12300,"Trafficway, On Road",4/26/18 7:03
2183,409888,1,41.386482,-72.900701,2928376,4/26/18,9:38:00,O,Property Damage Only,O,No Apparent Injury (O),2,State,9.02,10,CT-10,10-N,,DAY SPRING AVENUE,151,Feet,S,1,Clear,1,Daylight,1,Dry,16900,"Trafficway, On Road",4/26/18 9:38
634,411291,1,41.42039,-72.904382,2929779,4/26/18,10:35:00,O,Property Damage Only,O,No Apparent Injury (O),2,State,11.48,10,CT-10,10-N,WEST WOODS RD NO 1,,,,,1,Clear,1,Daylight,1,Dry,25800,"Trafficway, On Road",4/26/18 10:35
791,410695,1,41.346701,-72.933814,2929183,4/26/18,15:31:00,A,"Injury of any type (Serious, Minor, Possible)",C,Possible Injury (C),2,State,5.59,10,CT-10,10-N,,Circular Ave,150,Feet,N,4,Rain,1,Daylight,2,Wet,25300,"Trafficway, On Road",4/26/18 15:31
633,410696,1,41.41512,-72.902529,2929184,4/26/18,16:08:00,O,Property Damage Only,O,No Apparent Injury (O),2,State,11.08,10,CT-10,10-N,,Sherman Ave,300,Feet,N,1,Clear,1,Daylight,1,Dry,25800,"Trafficway, On Road",4/26/18 16:08
8283,410666,1,41.385201,-72.906536,2929154,4/26/18,16:31:00,O,Property Damage Only,O,No Apparent Injury (O),2,Local,0,480,SCHOOL ST,SCHOOL ST,HAMDEN HILLS DR,,,,,1,Clear,1,Daylight,1,Dry,5300,"Trafficway, On Road",4/26/18 16:31
9163,410667,1,41.364552,-72.923833,2929155,4/26/18,16:33:00,O,Property Damage Only,O,No Apparent Injury (O),2,Local,0.08,576,WEYBOSSET ST,WEYBOSSET ST,,Dixwell Avenue,200,Feet,W,1,Clear,1,Daylight,1,Dry,,"Trafficway, On Road",4/26/18 16:33
3259,410565,1,41.383301,-72.896612,2929053,4/26/18,21:15:00,A,"Injury of any type (Serious, Minor, Possible)",C,Possible Injury (C),2,State,52.04,15,15-N,15-N,,Exit 62,1,Feet,S,1,Clear,5,Dark-Not Lighted,1,Dry,68700,"Trafficway, On Road",4/26/18 21:15
5723,410670,1,41.342056,-72.92397,2929158,4/26/18,22:34:00,O,Property Damage Only,O,No Apparent Injury (O),2,Local,0.62,21,AUGUR ST,AUGUR ST,,NEWHALL ST,1,TenthsofMile,E,1,Clear,5,Dark-Not Lighted,1,Dry,,"Trafficway, On Road",4/26/18 22:34
7892,411600,1,41.340117,-72.945662,2930088,4/27/18,10:16:00,A,"Injury of any type (Serious, Minor, Possible)",B,Suspected Minor Injury (B),1,Local,0.26,664,PINE ROCK AV,PINE ROCK AV NO 2,,Arch St,100,Feet,S,4,Rain,1,Daylight,2,Wet,6600,"Trafficway, On Road",4/27/18 10:16
1342,411601,1,41.351763,-72.930996,2930089,4/27/18,12:56:00,O,Property Damage Only,O,No Apparent Injury (O),2,State,5.96,10,CT-10,10-N,,Oregon Av,100,Feet,S,4,Rain,1,Daylight,2,Wet,23400,"Trafficway, On Road",4/27/18 12:56
9273,412451,1,41.345539,-72.941996,2930938,4/27/18,13:29:00,O,Property Damage Only,O,No Apparent Injury (O),2,Local,1.29,598,WOODIN ST,WOODIN ST,ROCHFORD AV,,,,,4,Rain,1,Daylight,2,Wet,5400,"Trafficway, On Road",4/27/18 13:29
3597,412342,1,41.361222,-72.934237,2930829,4/27/18,14:11:00,O,Property Damage Only,O,No Apparent Injury (O),4,State,49.48,15,15-S,15-S,,EXIT 60,7,TenthsofMile,S,4,Rain,1,Daylight,2,Wet,79900,"Trafficway, On Road",4/27/18 14:11
3596,410570,1,41.347657,-72.967339,2929058,4/27/18,15:06:00,O,Property Damage Only,O,No Apparent Injury (O),2,State,47.47,15,15-S,15-S,,Exit #59,4199,TenthsofMile,N,4,Rain,1,Daylight,2,Wet,79900,"Trafficway, On Road",4/27/18 15:06
1088,411639,1,41.338916,-72.935167,2930127,4/27/18,17:13:00,O,Property Damage Only,O,No Apparent Injury (O),2,State,5.05,10,CT-10,10-N,,Arch Street ,218,Feet,N,1,Clear,1,Daylight,1,Dry,24100,"Trafficway, On Road",4/27/18 17:13
223,413335,1,41.359784,-72.925344,2931822,4/27/18,18:26:00,A,"Injury of any type (Serious, Minor, Possible)",C,Possible Injury (C),1,State,6.59,10,CT-10,10-N,,Red Rock Ter,30,Feet,S,1,Clear,1,Daylight,1,Dry,32100,"Trafficway, On Road",4/27/18 18:26
793,413336,1,41.414407,-72.902306,2931823,4/27/18,18:49:00,A,"Injury of any type (Serious, Minor, Possible)",C,Possible Injury (C),2,State,11.02,10,CT-10,10-N,SHERMAN AV NO 1,,,,,1,Clear,1,Daylight,1,Dry,25300,"Trafficway, On Road",4/27/18 18:49
790,410640,1,41.40899,-72.900266,2929128,4/27/18,23:43:00,A,"Injury of any type (Serious, Minor, Possible)",C,Possible Injury (C),2,State,10.65,10,CT-10,10-N,,Evergreen Ave.,250,Feet,S,1,Clear,4,Dark-Lighted,2,Wet,25300,"Trafficway, On Road",4/27/18 23:43
3600,416526,1,41.364816,-72.92801,2935011,4/28/18,1:33:00,A,"Injury of any type (Serious, Minor, Possible)",C,Possible Injury (C),2,State,49.89,15,15-S,15-S,,EXIT #60,3,TenthsofMile,S,1,Clear,5,Dark-Not Lighted,1,Dry,79900,"Trafficway, On Road",4/28/18 1:33
3805,412351,1,41.369399,-72.914989,2930838,4/28/18,10:22:00,O,Property Damage Only,O,No Apparent Injury (O),3,State,50.69,15,15-S,15-S,,Exit #60,5,TenthsofMile,N,1,Clear,1,Daylight,1,Dry,71800,"Trafficway, On Road",4/28/18 10:22