,CrashId,Fatal Case Status,lat,lon,DOT Case Number,Date Of Crash,Time of Crash,Crash Severity,Crash Severity Text Format,Most Severe Injury,Most Severe Injury Text Format,Number Of Motor Vehicles,Route Class Text Format,Milemarker,Road Number,Road Description,Roadway Name,Intersecting Roadway Name,Landmark Description,Distance From Nearest Landmark,Unit Of Measure From Nearest Landmark,Direction From Nearest Landmark,Weather Condition,Weather Condition Text Format,Light Condition,Light Condition Text Format,Road Surface Condition,Road Surface Condition Text Format,Average Daily Traffic,Trafficway Class Text Format,full_date
5605,413337,1,41.37463,-72.916318,2931824,4/28/18,10:27:00,O,Property Damage Only,O,No Apparent Injury (O),2,State,0.17,753,CT-10,753-S,SKIFF ST,,,,,1,Clear,1,Daylight,1,Dry,13900,"Trafficway, On Road",4/28/18 10:27
6141,412607,1,41.353374,-72.936202,2931094,4/28/18,13:46:00,A,"Injury of any type (Serious, Minor, Possible)",C,Possible Injury (C),2,Local,0.89,99,CIRCULAR AV,CIRCULAR AV,,Church St,500,Feet,S,1,Clear,1,Daylight,1,Dry,7100,"Trafficway, On Road",4/28/18 13:46
792,412452,1,41.348273,-72.932854,2930939,4/28/18,14:47:00,A,"Injury of any type (Serious, Minor, Possible)",B,Suspected Minor Injury (B),3,State,5.7,10,CT-10,10-N,,Scott St,20,Feet,S,1,Clear,1,Daylight,1,Dry,25300,"Trafficway, On Road",4/28/18 14:47
7137,412608,1,41.348473,-72.940162,2931095,4/30/18,8:36:00,O,Property Damage Only,O,No Apparent Injury (O),2,Local,0.34,251,HELEN ST,HELEN ST,,Langer St,106,Feet,E,1,Clear,1,Daylight,1,Dry,3000,"Trafficway, On Road",4/30/18 8:36
4901,411648,1,41.380771,-72.902909,2930136,4/30/18,12:17:00,A,"Injury of any type (Serious, Minor, Possible)",C,Possible Injury (C),2,State,3.43,707,WHITNEY AV,707-N,WORTH AV,,,,,1,Clear,1,Daylight,1,Dry,16900,"Trafficway, On Road",4/30/18 12:17
8996,413338,1,41.336534,-72.939882,2931825,4/30/18,12:50:00,O,Property Damage Only,O,No Apparent Injury (O),2,Local,0.32,552,WARNER ST,WARNER ST,,West Easton St,10,Feet,S,1,Clear,1,Daylight,1,Dry,,"Trafficway, On Road",4/30/18 12:50
635,411292,1,41.415529,-72.902673,2929780,4/30/18,15:04:00,O,Property Damage Only,O,No Apparent Injury (O),2,State,11.11,10,CT-10,10-N,,Sherman Ave,200,Feet,N,1,Clear,1,Daylight,1,Dry,25800,"Trafficway, On Road",4/30/18 15:04
5353,411036,1,41.336436,-72.911399,2929524,4/30/18,17:40:00,O,Property Damage Only,O,No Apparent Injury (O),2,State,0.25,707,WHITNEY AV,707-N,,Armory St,77,Feet,S,1,Clear,1,Daylight,1,Dry,11200,"Trafficway, On Road",4/30/18 17:40
8373,423136,1,41.38228,-72.920233,2941620,4/30/18,21:14:00,O,Property Damage Only,O,No Apparent Injury (O),2,Local,0.47,489,SHEPARD AV,SHEPARD AV,SANFORD ST,,,,,1,Clear,4,Dark-Lighted,1,Dry,1400,"Trafficway, On Road",4/30/18 21:14
8054,411649,1,41.345758,-72.914411,2930137,4/30/18,22:33:00,O,Property Damage Only,O,No Apparent Injury (O),1,Local,0.1,439,PUTNAM AV,PUTNAM AV,,GlendaleSt,150,Feet,E,1,Clear,4,Dark-Lighted,1,Dry,10000,"Trafficway, On Road",4/30/18 22:33
9176,423137,1,41.376685,-72.90544,2941621,5/1/18,13:34:00,O,Property Damage Only,O,No Apparent Injury (O),2,,,,WHITNEY AV,2200 WHITNEY AVENUE,,SKIFF STREET,1,TenthsofMile,N,1,Clear,1,Daylight,1,Dry,,"Trafficway, On Road",5/1/18 13:34
4826,411650,1,41.341501,-72.895647,2930138,5/1/18,13:42:00,A,"Injury of any type (Serious, Minor, Possible)",A,Suspected Serious Injury (A),1,USRoute,2.04,5,US-5,5-N,LONDON DR,,,,,1,Clear,1,Daylight,1,Dry,9300,"Trafficway, On Road",5/1/18 13:42
636,413339,1,41.420377,-72.904429,2931826,5/1/18,15:05:00,O,Property Damage Only,O,No Apparent Injury (O),2,State,11.48,10,CT-10,10-N,WEST WOODS RD NO 1,,,,,1,Clear,1,Daylight,1,Dry,25800,"Trafficway, On Road",5/1/18 15:05
7181,413767,1,41.342727,-72.947382,2932253,5/1/18,16:39:00,A,"Injury of any type (Serious, Minor, Possible)",B,Suspected Minor Injury (B),1,Local,0.09,607,HIGH TOP CIR,HIGH TOP CIR,,Pine Rock Avenue,485,Feet,W,1,Clear,1,Daylight,1,Dry,,"Trafficway, On Road",5/1/18 16:39
5604,412609,1,41.374565,-72.91591,2931096,5/1/18,17:37:00,O,Property Damage Only,O,No Apparent Injury (O),2,State,0.17,753,CT-10,753-S,SKIFF ST,,,,,1,Clear,1,Daylight,1,Dry,13900,"Trafficway, On Road",5/1/18 17:37
4314,412378,1,41.378099,-72.905338,2930865,5/2/18,8:24:00,O,Property Damage Only,O,No Apparent Injury (O),2,State,0.18,15,15-S,15-S-122,,EXIT 61,100,Feet,S,1,Clear,1,Daylight,1,Dry,9300,"Trafficway, On Road",5/2/18 8:24
3598,412385,1,41.362768,-72.931234,2930872,5/2/18,11:05:00,O,Property Damage Only,O,No Apparent Injury (O),1,State,49.67,15,15-S,15-S,,EXIT 60,5,TenthsofMile,S,1,Clear,1,Daylight,1,Dry,79900,"Trafficway, On Road",5/2/18 11:05
8684,418231,1,41.371849,-72.908124,2936715,5/2/18,13:10:00,A,"Injury of any type (Serious, Minor, Possible)",C,Possible Injury (C),2,Local,0.11,494,SKIFF ST,SKIFF ST,,WHITNEY AVENUE,1,TenthsofMile,W,1,Clear,1,Daylight,1,Dry,24000,"Trafficway, On Road",5/2/18 13:10
5517,413768,1,41.383432,-72.901363,2932254,5/2/18,13:22:00,A,"Injury of any type (Serious, Minor, Possible)",B,Suspected Minor Injury (B),2,State,0.03,717,DIXWELL AV,717-E,,Whitney Ave,60,Feet,N,97,Other,1,Daylight,1,Dry,15400,"Trafficway, On Road",5/2/18 13:22
5603,411651,1,41.374641,-72.916006,2930139,5/2/18,13:35:00,A,"Injury of any type (Serious, Minor, Possible)",C,Possible Injury (C),2,State,0.17,753,CT-10,753-S,SKIFF ST,,,,,1,Clear,1,Daylight,1,Dry,13900,"Trafficway, On Road",5/2/18 13:35
5518,413769,1,41.383332,-72.900395,2932255,5/2/18,17:27:00,O,Property Damage Only,O,No Apparent Injury (O),2,State,0.07,717,DIXWELL AV,717-E,,WHITNEY AVE,200,Feet,S,1,Clear,1,Daylight,1,Dry,15400,"Trafficway, On Road",5/2/18 17:27
6339,413340,1,41.341966,-72.910227,2931827,5/2/18,23:09:00,O,Property Damage Only,O,No Apparent Injury (O),1,Local,0.66,128,DAVIS ST,DAVIS ST,,Eli Rd,1,TenthsofMile,E,1,Clear,4,Dark-Lighted,1,Dry,11100,"Trafficway, On Road",5/2/18 23:09
1089,411652,1,41.341298,-72.934967,2930140,5/3/18,8:10:00,O,Property Damage Only,O,No Apparent Injury (O),2,State,5.21,10,CT-10,10-N,,NORTH STREET,100,Feet,S,1,Clear,1,Daylight,1,Dry,24100,"Trafficway, On Road",5/3/18 8:10
5516,411653,1,41.383446,-72.901476,2930141,5/3/18,10:27:00,O,Property Damage Only,O,No Apparent Injury (O),3,State,0.02,717,DIXWELL AV,717-E,,WHITNEY AVENUE,30,Feet,E,1,Clear,1,Daylight,1,Dry,15400,"Trafficway, On Road",5/3/18 10:27
3807,413507,1,41.377929,-72.90549,2931994,5/3/18,11:45:00,O,Property Damage Only,O,No Apparent Injury (O),2,State,51.44,15,15-S,15-S,,Route 15,30,Feet,N,1,Clear,1,Daylight,1,Dry,71800,"Trafficway, On Road",5/3/18 11:45
794,413341,1,41.346742,-72.933747,2931828,5/3/18,14:59:00,O,Property Damage Only,O,No Apparent Injury (O),2,State,5.59,10,CT-10,10-N,,scott st,632,Feet,S,1,Clear,1,Daylight,1,Dry,25300,"Trafficway, On Road",5/3/18 14:59
6405,413342,1,41.338102,-72.935092,2931829,5/3/18,15:09:00,O,Property Damage Only,O,No Apparent Injury (O),2,Local,0.19,142,DIXWELL AV,DIXWELL AV NO 1,,Morse St,10,Feet,N,1,Clear,1,Daylight,1,Dry,15600,"Trafficway, On Road",5/3/18 15:09
4061,412400,1,41.365804,-72.924742,2930887,5/3/18,15:45:00,A,"Injury of any type (Serious, Minor, Possible)",C,Possible Injury (C),2,State,50.08,15,15-S,15-S,,Exit 60,1,TenthsofMile,S,1,Clear,1,Daylight,1,Dry,66000,"Trafficway, On Road",5/3/18 15:45
8682,413343,1,41.373389,-72.912987,2931830,5/3/18,17:49:00,O,Property Damage Only,O,No Apparent Injury (O),2,Local,0.38,494,SKIFF ST,SKIFF ST,,WHITNEY AVENUE,1,TenthsofMile,W,1,Clear,1,Daylight,1,Dry,24000,"Trafficway, On Road",5/3/18 17:49
6581,412610,1,41.365163,-72.915764,2931097,5/3/18,23:46:00,A,"Injury of any type (Serious, Minor, Possible)",C,Possible Injury (C),2,Local,0.03,166,ELGIN ST,ELGIN ST,,Greenway St.,1,TenthsofMile,W,4,Rain,4,Dark-Lighted,2,Wet,3900,"Trafficway, On Road",5/3/18 23:46
4827,413344,1,41.355189,-72.891028,2931831,5/4/18,6:48:00,O,Property Damage Only,O,No Apparent Injury (O),2,USRoute,3.01,5,US-5,5-N,,Daniel Rd,384,Feet,S,1,Clear,1,Daylight,1,Dry,9300,"Trafficway, On Road",5/4/18 6:48
2184,413345,1,41.387257,-72.90055,2931832,5/4/18,10:50:00,O,Property Damage Only,O,No Apparent Injury (O),2,State,9.08,10,CT-10,10-N,,Colonial Dr,420,Feet,N,1,Clear,1,Daylight,1,Dry,16900,"Trafficway, On Road",5/4/18 10:50
4649,413346,1,41.420441,-72.899991,2931833,5/4/18,12:04:00,A,"Injury of any type (Serious, Minor, Possible)",C,Possible Injury (C),2,State,0.24,453,MOUNT CARMEL AV,453-E,NEW RD,,,,,1,Clear,1,Daylight,1,Dry,8600,"Trafficway, On Road",5/4/18 12:04
4902,413347,1,41.38348,-72.90235,2931834,5/4/18,14:19:00,O,Property Damage Only,O,No Apparent Injury (O),2,State,3.62,707,WHITNEY AV,707-N,10-N,,,,,1,Clear,1,Daylight,1,Dry,16900,"Trafficway, On Road",5/4/18 14:19
799,418232,1,41.346608,-72.933725,2936716,5/4/18,16:54:00,O,Property Damage Only,O,No Apparent Injury (O),2,State,5.58,10,CT-10,10-N,,putnam avenue,100,Feet,N,1,Clear,1,Daylight,1,Dry,25300,"Trafficway, On Road",5/4/18 16:54
5983,413348,1,41.350832,-72.941559,2931835,5/5/18,2:05:00,O,Property Damage Only,O,No Apparent Injury (O),2,Local,0.04,54,BRADLEY AV,BRADLEY AV,,William Street,200,Feet,E,1,Clear,4,Dark-Lighted,1,Dry,,"Trafficway, On Road",5/5/18 2:05
4315,412427,1,41.378113,-72.905328,2930914,5/5/18,10:05:00,O,Property Damage Only,O,No Apparent Injury (O),2,State,0.18,15,15-S,15-S-122,ent 61,,,,,1,Clear,1,Daylight,1,Dry,9300,"Trafficway, On Road",5/5/18 10:05
7984,415604,1,41.337464,-72.919276,2934089,5/5/18,11:25:00,O,Property Damage Only,O,No Apparent Injury (O),2,Local,0.06,438,PROSPECT ST,PROSPECT ST,,Armory Street,60,Feet,S,1,Clear,1,Daylight,1,Dry,4600,"Trafficway, On Road",5/5/18 11:25
8683,415605,1,41.371342,-72.907073,2934090,5/5/18,11:59:00,O,Property Damage Only,O,No Apparent Injury (O),3,Local,0.04,494,SKIFF ST,SKIFF ST,,whitney ave,200,Feet,W,1,Clear,1,Daylight,1,Dry,24000,"Trafficway, On Road",5/5/18 11:59
2430,415606,1,41.337993,-72.941338,2934091,5/5/18,12:02:00,O,Property Damage Only,O,No Apparent Injury (O),2,State,4.67,10,CT-10,10-N,,arch st,123,Feet,S,1,Clear,1,Daylight,1,Dry,13600,"Trafficway, On Road",5/5/18 12:02
3806,412429,1,41.378134,-72.905305,2930916,5/5/18,15:10:00,A,"Injury of any type (Serious, Minor, Possible)",C,Possible Injury (C),2,State,51.46,15,15-S,15-S,,EXIT 61,100,Feet,S,1,Clear,1,Daylight,1,Dry,71800,"Trafficway, On Road",5/5/18 15:10
165,415607,1,41.36663,-72.921093,2934092,5/5/18,16:48:00,O,Property Damage Only,O,No Apparent Injury (O),2,State,7.1,10,CT-10,10-N,MARIETTA ST,,,,,1,Clear,1,Daylight,1,Dry,33100,"Trafficway, On Road",5/5/18 16:48
9275,415608,1,41.345485,-72.940532,2934093,5/6/18,12:08:00,O,Property Damage Only,O,No Apparent Injury (O),1,Local,1.36,598,WOODIN ST,WOODIN ST,FAIRVIEW AV,,,,,1,Clear,1,Daylight,1,Dry,5400,"Trafficway, On Road",5/6/18 12:08
7447,416094,1,41.369898,-72.924771,2934579,5/6/18,22:59:00,A,"Injury of any type (Serious, Minor, Possible)",C,Possible Injury (C),1,Local,0.45,366,MIX AV,MIX AV,,Benham Street,0.400000006,TenthsofMile,N,1,Clear,4,Dark-Lighted,1,Dry,4000,"Trafficway, On Road",5/6/18 22:59
8055,416095,1,41.34364,-72.926365,2934580,5/6/18,23:07:00,A,"Injury of any type (Serious, Minor, Possible)",C,Possible Injury (C),2,Local,0.74,439,PUTNAM AV,PUTNAM AV,Newhall St,,,,,1,Clear,4,Dark-Lighted,1,Dry,10000,"Trafficway, On Road",5/6/18 23:07
2299,413349,1,41.384514,-72.901558,2931836,5/7/18,9:59:00,O,Property Damage Only,O,No Apparent Injury (O),2,State,8.88,10,CT-10,10-N,SCHOOL ST,,,,,1,Clear,1,Daylight,1,Dry,16500,"Trafficway, On Road",5/7/18 9:59
4650,417820,1,41.42039,-72.901792,2936304,5/7/18,14:14:00,A,"Injury of any type (Serious, Minor, Possible)",C,Possible Injury (C),2,State,0.14,453,MOUNT CARMEL AV,453-E,,New Rd,500,Feet,W,1,Clear,1,Daylight,1,Dry,8600,"Trafficway, On Road",5/7/18 14:14
4804,413370,1,41.339276,-72.897121,2931857,5/7/18,14:50:00,O,Property Damage Only,O,No Apparent Injury (O),3,USRoute,1.86,5,US-5,5-N,BATTI RD,,,,,1,Clear,1,Daylight,1,Dry,9900,"Trafficway, On Road",5/7/18 14:50
5748,413371,1,41.353648,-72.928854,2931858,5/7/18,15:06:00,O,Property Damage Only,O,No Apparent Injury (O),2,Local,0,23,BAGLEY AV,BAGLEY AV,OREGON AV,,,,,1,Clear,1,Daylight,1,Dry,,"Trafficway, On Road",5/7/18 15:06
1961,413372,1,41.382904,-72.907787,2931859,5/7/18,20:05:00,O,Property Damage Only,O,No Apparent Injury (O),2,State,8.49,10,CT-10,10-N,EVERGREEN AV,,,,,1,Clear,4,Dark-Lighted,1,Dry,18400,"Trafficway, On Road",5/7/18 20:05
6586,413373,1,41.343622,-72.912094,2931860,5/7/18,22:06:00,A,"Injury of any type (Serious, Minor, Possible)",C,Possible Injury (C),2,Local,0.09,167,ELI RD,ELI RD,707-N,,,,,1,Clear,4,Dark-Lighted,1,Dry,3500,"Trafficway, On Road",5/7/18 22:06
1905,415767,1,41.422392,-72.905341,2934252,5/8/18,7:18:00,O,Property Damage Only,O,No Apparent Injury (O),2,State,11.6,10,CT-10,10-N,,West woods rd,589,Feet,N,1,Clear,1,Daylight,1,Dry,19100,"Trafficway, On Road",5/8/18 7:18
6142,413374,1,41.347904,-72.9345,2931861,5/8/18,12:05:00,A,"Injury of any type (Serious, Minor, Possible)",C,Possible Injury (C),2,Local,1.27,99,CIRCULAR AV,CIRCULAR AV,,GORHAM AVENUE,35,Feet,S,1,Clear,1,Daylight,1,Dry,7100,"Trafficway, On Road",5/8/18 12:05
7665,415768,1,41.414813,-72.895393,2934253,5/8/18,14:58:00,O,Property Damage Only,O,No Apparent Injury (O),2,Local,0.79,382,NEW RD,NEW RD,,SHERMAN AVENUE,2,TenthsofMile,N,1,Clear,1,Daylight,1,Dry,,"Trafficway, On Road",5/8/18 14:58
7018,415769,1,41.361878,-72.930299,2934254,5/8/18,18:18:00,O,Property Damage Only,O,No Apparent Injury (O),2,Local,0.65,230,GRANDVIEW AV,GRANDVIEW AV,BATTIS RD,,,,,1,Clear,1,Daylight,1,Dry,,"Trafficway, On Road",5/8/18 18:18
7330,419589,1,41.347711,-72.946519,2938073,5/8/18,20:44:00,O,Property Damage Only,O,No Apparent Injury (O),2,Local,0.1,327,LOLLER RD,LOLLER RD,,PINE ROCK AVE,290,TenthsofMile,W,1,Clear,1,Daylight,1,Dry,,"Trafficway, On Road",5/8/18 20:44
8366,415770,1,41.382394,-72.920286,2934255,5/9/18,10:57:00,O,Property Damage Only,O,No Apparent Injury (O),2,Local,0.49,489,SHEPARD AV,SHEPARD AV,,Howard Dr,25,Feet,S,1,Clear,1,Daylight,1,Dry,1400,"Trafficway, On Road",5/9/18 10:57
1208,416428,1,41.372457,-72.917171,2934913,5/9/18,14:25:00,O,Property Damage Only,O,No Apparent Injury (O),2,State,7.55,10,CT-10,10-N,,Skiff St.,806,Feet,S,1,Clear,1,Daylight,1,Dry,23700,"Trafficway, On Road",5/9/18 14:25
2431,415771,1,41.338112,-72.941221,2934256,5/9/18,15:05:00,O,Property Damage Only,O,No Apparent Injury (O),2,State,4.68,10,CT-10,10-N,,Arch St ,50,Feet,S,1,Clear,1,Daylight,1,Dry,13600,"Trafficway, On Road",5/9/18 15:05
4320,419590,1,41.379428,-72.903401,2938074,5/9/18,16:40:00,O,Property Damage Only,O,No Apparent Injury (O),2,State,0,15,15-S,15-S-122,707-N,,,,,1,Clear,1,Daylight,1,Dry,9300,"Trafficway, On Road",5/9/18 16:40
487,416083,1,41.35903,-72.925794,2934568,5/9/18,22:00:00,A,"Injury of any type (Serious, Minor, Possible)",C,Possible Injury (C),2,State,6.53,10,CT-10,10-N,MATHER ST,,,,,1,Clear,4,Dark-Lighted,1,Dry,27500,"Trafficway, On Road",5/9/18 22:00
7560,416096,1,41.336838,-72.924845,2934581,5/10/18,7:22:00,A,"Injury of any type (Serious, Minor, Possible)",C,Possible Injury (C),2,Local,0.54,370,MORSE ST,MORSE ST,WINCHESTER AV,,,,,1,Clear,1,Daylight,1,Dry,3100,"Trafficway, On Road",5/10/18 7:22
6143,416097,1,41.352279,-72.935885,2934582,5/10/18,10:28:00,O,Property Damage Only,O,No Apparent Injury (O),2,Local,0.96,99,CIRCULAR AV,CIRCULAR AV,PEARL AV,,,,,1,Clear,1,Daylight,1,Dry,7100,"Trafficway, On Road",5/10/18 10:28
795,416114,1,41.405666,-72.899074,2934599,5/10/18,14:54:00,O,Property Damage Only,O,No Apparent Injury (O),2,State,10.4,10,CT-10,10-N,,dickerman st,705,Feet,N,1,Clear,1,Daylight,1,Dry,25300,"Trafficway, On Road",5/10/18 14:54
1207,416098,1,41.367968,-72.920126,2934583,5/10/18,17:21:00,O,Property Damage Only,O,No Apparent Injury (O),2,State,7.21,10,CT-10,10-N,,Connolly Pkwy,350,Feet,N,1,Clear,1,Daylight,1,Dry,23700,"Trafficway, On Road",5/10/18 17:21
3808,414913,1,41.378205,-72.905307,2933399,5/11/18,6:47:00,O,Property Damage Only,O,No Apparent Injury (O),2,State,51.47,15,15-S,15-S,,EXIT 61,100,Feet,S,1,Clear,1,Daylight,1,Dry,71800,"Trafficway, On Road",5/11/18 6:47
9282,425982,1,41.344522,-72.934455,2944465,5/11/18,7:15:00,O,Property Damage Only,O,No Apparent Injury (O),2,Local,1.69,598,WOODIN ST,WOODIN ST,Dixwell Ave ,,,,,1,Clear,1,Daylight,1,Dry,5400,"Trafficway, On Road",5/11/18 7:15
3809,414959,1,41.37890676,-72.9038597,2933445,5/11/18,8:35:00,A,"Injury of any type (Serious, Minor, Possible)",C,Possible Injury (C),2,State,51.59,15,15-S,15-S,,EXIT 61,100,Feet,S,1,Clear,1,Daylight,1,Dry,71800,"Trafficway, On Road",5/11/18 8:35
6738,416115,1,41.345782,-72.90209,2934600,5/11/18,9:25:00,O,Property Damage Only,O,No Apparent Injury (O),2,Local,0.01,187,FERNWOOD DR,FERNWOOD DR,,RIDGE ROAD,18,Feet,E,1,Clear,1,Daylight,1,Dry,,"Trafficway, On Road",5/11/18 9:25
1962,416540,1,41.377418,-72.914867,2935024,5/11/18,9:37:00,O,Property Damage Only,O,No Apparent Injury (O),2,State,7.92,10,CT-10,10-N,,Shepard Ave,301,Feet,N,1,Clear,1,Daylight,1,Dry,18400,"Trafficway, On Road",5/11/18 9:37
3810,414964,1,41.37789393,-72.9054785,2933450,5/11/18,13:04:00,O,Property Damage Only,O,No Apparent Injury (O),2,State,51.44,15,15-S,15-S,,EXIT 61,100,Feet,S,1,Clear,1,Daylight,1,Dry,71800,"Trafficway, On Road",5/11/18 13:04
3037,415824,1,41.357689,-72.942787,2934309,5/11/18,13:53:00,A,"Injury of any type (Serious, Minor, Possible)",C,Possible Injury (C),2,State,48.96,15,15-N,15-N,,Exit 60,10,TenthsofMile,S,1,Clear,1,Daylight,1,Dry,79900,"Trafficway, On Road",5/11/18 13:53
3601,417423,1,41.359225,-72.939168,2935907,5/11/18,14:51:00,A,"Injury of any type (Serious, Minor, Possible)",C,Possible Injury (C),5,State,49.19,15,15-S,15-S,,EXIT 60,10,TenthsofMile,S,1,Clear,1,Daylight,1,Dry,79900,"Trafficway, On Road",5/11/18 14:51
3811,417425,1,41.373541,-72.910741,2935909,5/11/18,15:13:00,O,Property Damage Only,O,No Apparent Injury (O),2,State,51.04,15,15-S,15-S,,EXIT 61,5,TenthsofMile,S,1,Clear,1,Daylight,1,Dry,71800,"Trafficway, On Road",5/11/18 15:13
3812,417427,1,41.367725,-72.916812,2935911,5/11/18,16:38:00,O,Property Damage Only,O,No Apparent Injury (O),2,State,50.54,15,15-S,15-S,,EXIT 61,10,TenthsofMile,S,1,Clear,1,Daylight,1,Dry,71800,"Trafficway, On Road",5/11/18 16:38
2300,417821,1,41.384389,-72.901475,2936305,5/11/18,17:15:00,A,"Injury of any type (Serious, Minor, Possible)",C,Possible Injury (C),2,State,8.88,10,CT-10,10-N,SCHOOL ST,,,,,1,Clear,1,Daylight,1,Dry,16500,"Trafficway, On Road",5/11/18 17:15
561,416116,1,41.34455,-72.934288,2934601,5/11/18,17:29:00,O,Property Damage Only,O,No Apparent Injury (O),2,State,5.43,10,CT-10,10-N,,Woodin St.,10,Feet,S,1,Clear,1,Daylight,1,Dry,26700,"Trafficway, On Road",5/11/18 17:29
488,416127,1,41.354792,-72.929074,2934612,5/11/18,18:25:00,O,Property Damage Only,O,No Apparent Injury (O),2,State,6.19,10,CT-10,10-N,,Pershing Street ,50,Feet,S,1,Clear,1,Daylight,1,Dry,27500,"Trafficway, On Road",5/11/18 18:25
6555,416128,1,41.383268,-72.929213,2934613,5/11/18,18:48:00,O,Property Damage Only,O,No Apparent Injury (O),2,Local,0.21,154,EARL AV,EARL AV,,GOEBEL RD,30,Feet,S,1,Clear,1,Daylight,1,Dry,,"Trafficway, On Road",5/11/18 18:48
6618,416129,1,41.388772,-72.906033,2934614,5/12/18,12:37:00,O,Property Damage Only,O,No Apparent Injury (O),1,Local,0.41,174,EVERGREEN AV,EVERGREEN AV,,Jamestown,1,TenthsofMile,S,2,Cloudy,1,Daylight,2,Wet,6400,"Trafficway, On Road",5/12/18 12:37
2510,416130,1,41.338501,-72.935248,2934615,5/12/18,13:08:00,A,"Injury of any type (Serious, Minor, Possible)",B,Suspected Minor Injury (B),1,State,5,10,CT-10,10-N,MORSE ST,,,,,1,Clear,1,Daylight,1,Dry,12300,"Trafficway, On Road",5/12/18 13:08
8932,419591,1,41.44476,-72.888557,2938075,5/12/18,18:04:00,O,Property Damage Only,O,No Apparent Injury (O),1,Local,1.51,530,TUTTLE AV,TUTTLE AV NO 1,,Doolittle Lane,608,Feet,N,2,Cloudy,3,Dusk,1,Dry,,"Trafficway, On Road",5/12/18 18:04
8257,416132,1,41.423699,-72.939902,2934617,5/13/18,18:15:00,O,Property Damage Only,O,No Apparent Injury (O),2,Local,0.11,471,RUSSO RD,RUSSO RD,,MCDERMOTT CIR,187,Feet,N,2,Cloudy,1,Daylight,1,Dry,,"Trafficway, On Road",5/13/18 18:15
800,418403,1,41.347732,-72.933132,2936887,5/14/18,8:52:00,A,"Injury of any type (Serious, Minor, Possible)",C,Possible Injury (C),2,State,5.66,10,CT-10,10-N,,Putnam Ave,527,Feet,N,1,Clear,1,Daylight,1,Dry,25300,"Trafficway, On Road",5/14/18 8:52
1211,419596,1,41.369358,-72.919117,2938080,5/14/18,22:44:00,O,Property Damage Only,O,No Apparent Injury (O),2,State,7.32,10,CT-10,10-N,,Connolly Pkwy,2,TenthsofMile,N,1,Clear,4,Dark-Lighted,1,Dry,23700,"Trafficway, On Road",5/14/18 22:44
7916,416541,1,41.354002,-72.941719,2935025,5/15/18,8:39:00,A,"Injury of any type (Serious, Minor, Possible)",C,Possible Injury (C),1,Local,0.57,429,PINE ROCK AV,PINE ROCK AV NO 1,,Blacy Street,104,Feet,S,1,Clear,1,Daylight,1,Dry,5500,"Trafficway, On Road",5/15/18 8:39
8367,416133,1,41.377276,-72.915988,2934618,5/15/18,9:52:00,A,"Injury of any type (Serious, Minor, Possible)",B,Suspected Minor Injury (B),2,Local,0.05,489,SHEPARD AV,SHEPARD AV,,Dixwell Av,250,Feet,W,1,Clear,1,Daylight,1,Dry,1400,"Trafficway, On Road",5/15/18 9:52
5606,415621,1,41.376949,-72.915095,2934106,5/15/18,11:17:00,O,Property Damage Only,O,No Apparent Injury (O),2,State,0.03,753,CT-10,753-S,SHEPARD AV,,,,,1,Clear,1,Daylight,1,Dry,13900,"Trafficway, On Road",5/15/18 11:17
4316,416427,1,41.378153,-72.905308,2934912,5/15/18,14:15:00,O,Property Damage Only,O,No Apparent Injury (O),2,State,0,15,15-S,15-S-122,707-N,,,,,1,Clear,1,Daylight,1,Dry,9300,"Trafficway, On Road",5/15/18 14:15
6807,416542,1,41.430524,-72.941945,2935026,5/15/18,17:50:00,O,Property Damage Only,O,No Apparent Injury (O),1,Local,0.5,208,GAYLORD MOUNTAIN RD,GAYLORD MOUNTAIN RD,,Huntington Ridge,250,Feet,E,9,Severe Crosswinds,1,Daylight,2,Wet,,"Trafficway, On Road",5/15/18 17:50
2331,421137,1,41.456098,-72.908385,2939621,5/15/18,20:30:00,O,Property Damage Only,O,No Apparent Injury (O),2,State,13.96,10,CT-10,10-N,,OLD LANE RD,97,TenthsofMile,S,4,Rain,3,Dusk,2,Wet,15400,"Trafficway, On Road",5/15/18 20:30
5229,418404,1,41.360879,-72.90938,2936888,5/16/18,11:06:00,O,Property Damage Only,O,No Apparent Injury (O),2,State,2.03,707,WHITNEY AV,707-N,,Harmon,60,Feet,N,2,Cloudy,1,Daylight,1,Dry,11900,"Trafficway, On Road",5/16/18 11:06
1209,416543,1,41.369522,-72.919026,2935027,5/16/18,12:45:00,O,Property Damage Only,O,No Apparent Injury (O),1,State,7.33,10,CT-10,10-N,,CONNOLLY PARKWAY,995,Feet,N,4,Rain,1,Daylight,2,Wet,23700,"Trafficway, On Road",5/16/18 12:45
796,416544,1,41.347579,-72.933203,2935028,5/16/18,15:45:00,A,"Injury of any type (Serious, Minor, Possible)",C,Possible Injury (C),2,State,5.65,10,CT-10,10-N,,Scott St.,301,Feet,S,4,Rain,1,Daylight,2,Wet,25300,"Trafficway, On Road",5/16/18 15:45
797,416545,1,41.347844,-72.933079,2935029,5/16/18,16:07:00,O,Property Damage Only,O,No Apparent Injury (O),2,State,5.67,10,CT-10,10-N,,Scott St.,189,Feet,S,4,Rain,1,Daylight,2,Wet,25300,"Trafficway, On Road",5/16/18 16:07
1963,416546,1,41.38293,-72.907742,2935030,5/16/18,16:14:00,O,Property Damage Only,O,No Apparent Injury (O),2,State,8.49,10,CT-10,10-N,EVERGREEN AV,,,,,4,Rain,1,Daylight,2,Wet,18400,"Trafficway, On Road",5/16/18 16:14