,CrashId,Fatal Case Status,lat,lon,DOT Case Number,Date Of Crash,Time of Crash,Crash Severity,Crash Severity Text Format,Most Severe Injury,Most Severe Injury Text Format,Number Of Motor Vehicles,Route Class Text Format,Milemarker,Road Number,Road Description,Roadway Name,Intersecting Roadway Name,Landmark Description,Distance From Nearest Landmark,Unit Of Measure From Nearest Landmark,Direction From Nearest Landmark,Weather Condition,Weather Condition Text Format,Light Condition,Light Condition Text Format,Road Surface Condition,Road Surface Condition Text Format,Average Daily Traffic,Trafficway Class Text Format,full_date
798,416547,1,41.413826,-72.902035,2935031,5/16/18,16:43:00,O,Property Damage Only,O,No Apparent Injury (O),2,State,10.99,10,CT-10,10-N,SHERMAN AV NO 2,,,,,4,Rain,1,Daylight,2,Wet,25300,"Trafficway, On Road",5/16/18 16:43
2186,418405,1,41.386885,-72.900605,2936889,5/17/18,7:33:00,O,Property Damage Only,O,No Apparent Injury (O),2,State,9.05,10,CT-10,10-N,DAY SPRING AV,,,,,1,Clear,1,Daylight,1,Dry,16900,"Trafficway, On Road",5/17/18 7:33
5834,416548,1,41.363503,-72.925421,2935032,5/17/18,7:44:00,A,"Injury of any type (Serious, Minor, Possible)",B,Suspected Minor Injury (B),2,Local,0.1,42,BENHAM ST,BENHAM ST,LAKEVIEW AV,,,,,97,Other,1,Daylight,2,Wet,12600,"Trafficway, On Road",5/17/18 7:44
4319,419051,1,41.378269,-72.905297,2937535,5/17/18,8:29:00,O,Property Damage Only,O,No Apparent Injury (O),2,State,0.17,15,15-S,15-S-122,,Route 15,76,Feet,N,4,Rain,1,Daylight,2,Wet,9300,"Trafficway, On Road",5/17/18 8:29
7272,416657,1,41.358744,-72.941762,2935141,5/17/18,8:46:00,O,Property Damage Only,O,No Apparent Injury (O),1,Local,0.56,309,LANE ST,LANE ST,MORGAN LA,,,,,4,Rain,1,Daylight,2,Wet,5300,"Trafficway, On Road",5/17/18 8:46
1210,417822,1,41.372322,-72.917206,2936306,5/17/18,11:36:00,A,"Injury of any type (Serious, Minor, Possible)",C,Possible Injury (C),2,State,7.54,10,CT-10,10-N,,SKIFF ST,840,Feet,S,1,Clear,1,Daylight,2,Wet,23700,"Trafficway, On Road",5/17/18 11:36
8368,418406,1,41.37685,-72.915802,2936890,5/17/18,14:58:00,O,Property Damage Only,O,No Apparent Injury (O),2,Local,0,489,SHEPARD AV,SHEPARD AV,753-S,,,,,1,Clear,1,Daylight,1,Dry,1400,"Trafficway, On Road",5/17/18 14:58
2043,416658,1,41.42804246,-72.90603496,2935142,5/17/18,18:11:00,O,Property Damage Only,O,No Apparent Injury (O),2,State,11.99,10,CT-10,10-N,,TUTTLE AVENUE,1,TenthsofMile,S,1,Clear,1,Daylight,1,Dry,17600,"Trafficway, On Road",5/17/18 18:11
3472,417796,1,41.365538,-72.920808,2936280,5/17/18,18:39:00,O,Property Damage Only,O,No Apparent Injury (O),2,State,0.08,15,15-N,15-N-221,,Route 15 North,10,Feet,S,1,Clear,1,Daylight,1,Dry,9300,"Trafficway, On Road",5/17/18 18:39
8584,417823,1,41.388904,-72.9221,2936307,5/17/18,23:24:00,O,Property Damage Only,O,No Apparent Injury (O),1,Local,0,491,SHERMAN AV,SHERMAN AV NO 1,SHEPARD AV,,,,,1,Clear,4,Dark-Lighted,1,Dry,5600,"Trafficway, On Road",5/17/18 23:24
3814,421010,1,41.37890676,-72.9038597,2939494,5/18/18,7:45:00,O,Property Damage Only,O,No Apparent Injury (O),2,State,51.59,15,15-S,15-S,,EXIT 61,100,Feet,S,1,Clear,1,Daylight,1,Dry,71800,"Trafficway, On Road",5/18/18 7:45
5721,416300,1,41.330528,-72.898578,2934785,5/18/18,8:02:00,O,Property Damage Only,O,No Apparent Injury (O),2,Local,0.07,20,ATLAS ST,ATLAS ST,,STATE STREET,125,Feet,E,1,Clear,1,Daylight,1,Dry,,"Trafficway, On Road",5/18/18 8:02
9208,416659,1,41.3517,-72.96474,2935143,5/18/18,9:08:00,O,Property Damage Only,O,No Apparent Injury (O),1,Local,1.7,594,WINTERGREEN AV,WINTERGREEN AV,,Woodin Street,519,Feet,S,1,Clear,1,Daylight,1,Dry,1600,"Trafficway, Not on Road",5/18/18 9:08
4828,416660,1,41.358918,-72.889391,2935144,5/18/18,10:51:00,O,Property Damage Only,O,No Apparent Injury (O),2,USRoute,3.28,5,US-5,5-N,,OLDS STREET,46,Feet,S,1,Clear,1,Daylight,1,Dry,9300,"Trafficway, On Road",5/18/18 10:51
5835,417824,1,41.363501,-72.925459,2936308,5/18/18,14:53:00,O,Property Damage Only,O,No Apparent Injury (O),2,Local,0.1,42,BENHAM ST,BENHAM ST,LAKEVIEW AV,,,,,1,Clear,1,Daylight,1,Dry,12600,"Trafficway, On Road",5/18/18 14:53
4317,418351,1,41.378114,-72.905322,2936835,5/18/18,14:54:00,O,Property Damage Only,O,No Apparent Injury (O),2,State,0.18,15,15-S,15-S-122,,Route 15 S,20,Feet,S,1,Clear,1,Daylight,1,Dry,9300,"Trafficway, On Road",5/18/18 14:54
563,419597,1,41.346275,-72.93386,2938081,5/18/18,15:56:00,O,Property Damage Only,O,No Apparent Injury (O),2,State,5.56,10,CT-10,10-N,,CIRCULAR AVE,120,Feet,S,1,Clear,1,Daylight,1,Dry,26700,"Trafficway, On Road",5/18/18 15:56
9190,417825,1,41.337974,-72.924792,2936309,5/18/18,18:52:00,O,Property Damage Only,O,No Apparent Injury (O),2,Local,0.09,591,WINCHESTER AV,WINCHESTER AV,NEWBURY ST,,,,,1,Clear,1,Daylight,1,Dry,1500,"Trafficway, On Road",5/18/18 18:52
9204,418428,1,41.357928,-72.953241,2936912,5/18/18,19:05:00,O,Property Damage Only,O,No Apparent Injury (O),2,Local,0.49,594,WINTERGREEN AV,WINTERGREEN AV,STANLEY RD,,,,,1,Clear,1,Daylight,1,Dry,1800,"Trafficway, On Road",5/18/18 19:05
3869,503709,1,41.375629,-72.908467,918091,5/18/18,23:31:00,K,Fatal (Kill),K,Fatal Injury (K),1,State,51.22,15,15-S,15-S,,Exit 61,3,TenthsofMile,S,1,Clear,5,Dark-Not Lighted,1,Dry,71800,"Trafficway, On Road",5/18/18 23:31
3465,417554,1,41.365466,-72.922871,2936038,5/19/18,8:21:00,O,Property Damage Only,O,No Apparent Injury (O),2,State,0.15,15,15-N,15-N-220,,Dixwell Ave,149,Feet,N,4,Rain,1,Daylight,2,Wet,9300,"Trafficway, On Road",5/19/18 8:21
4322,421174,1,41.378223,-72.9053,2939658,5/19/18,14:23:00,O,Property Damage Only,O,No Apparent Injury (O),2,State,0.17,15,15-S,15-S-122,,EXIT 61ENTRANCE RAMP,62,Feet,N,4,Rain,1,Daylight,2,Wet,9300,"Trafficway, On Road",5/19/18 14:23
1345,419598,1,41.352442,-72.930605,2938082,5/19/18,15:11:00,O,Property Damage Only,O,No Apparent Injury (O),2,State,6.01,10,CT-10,10-N,,CHURCH ST,136,Feet,S,4,Rain,1,Daylight,2,Wet,23400,"Trafficway, On Road",5/19/18 15:11
5457,423804,1,41.383096,-72.898448,2942288,5/19/18,15:22:00,A,"Injury of any type (Serious, Minor, Possible)",C,Possible Injury (C),2,State,0.18,717,DIXWELL AV,717-E,,washington,175,Feet,E,4,Rain,1,Daylight,2,Wet,18600,"Trafficway, On Road",5/19/18 15:22
8369,419599,1,41.404377,-72.923408,2938083,5/19/18,21:25:00,O,Property Damage Only,O,No Apparent Injury (O),2,Local,2.03,489,SHEPARD AV,SHEPARD AV,TIMBERWOOD TR,,,,,4,Rain,5,Dark-Not Lighted,2,Wet,1400,"Trafficway, On Road",5/19/18 21:25
8370,419600,1,41.401328,-72.923987,2938084,5/19/18,22:32:00,A,"Injury of any type (Serious, Minor, Possible)",B,Suspected Minor Injury (B),2,Local,1.82,489,SHEPARD AV,SHEPARD AV,WEST SHEPARD AV,,,,,4,Rain,4,Dark-Lighted,2,Wet,1400,"Trafficway, On Road",5/19/18 22:32
5836,422816,1,41.36281,-72.924157,2941300,5/20/18,10:52:00,O,Property Damage Only,O,No Apparent Injury (O),2,Local,0.02,42,BENHAM ST,BENHAM ST,,Dixwell Ave,60,Feet,W,97,Other,1,Daylight,1,Dry,12600,"Trafficway, On Road",5/20/18 10:52
1906,417826,1,41.42136,-72.90529,2936310,5/20/18,13:19:00,O,Property Damage Only,O,No Apparent Injury (O),2,State,11.54,10,CT-10,10-N,,West Woods Rd,100,Feet,N,2,Cloudy,1,Daylight,1,Dry,19100,"Trafficway, On Road",5/20/18 13:19
3815,421178,1,41.369604,-72.914852,2939662,5/20/18,14:36:00,O,Property Damage Only,O,No Apparent Injury (O),2,State,50.7,15,15-S,15-S,,EXIT 60,5,TenthsofMile,N,1,Clear,1,Daylight,1,Dry,71800,"Trafficway, On Road",5/20/18 14:36
1343,417827,1,41.350923,-72.931514,2936311,5/20/18,15:19:00,O,Property Damage Only,O,No Apparent Injury (O),2,State,5.9,10,CT-10,10-N,,Beacon Street,144,Feet,S,1,Clear,1,Daylight,1,Dry,23400,"Trafficway, On Road",5/20/18 15:19
4904,418429,1,41.383252,-72.901933,2936913,5/20/18,16:11:00,O,Property Damage Only,O,No Apparent Injury (O),2,State,3.61,707,WHITNEY AV,707-N,,DIxwell Ave,47,Feet,S,2,Cloudy,1,Daylight,1,Dry,16900,"Trafficway, On Road",5/20/18 16:11
7096,417574,1,41.346734,-72.904211,2936058,5/20/18,16:20:00,O,Property Damage Only,O,No Apparent Injury (O),1,Local,0.59,242,HARTFORD TPK,HARTFORD TPK,,Woodstock Rd,750,Feet,N,1,Clear,1,Daylight,1,Dry,3200,"Trafficway, On Road",5/20/18 16:20
2512,419601,1,41.338283,-72.935327,2938085,5/20/18,18:30:00,A,"Injury of any type (Serious, Minor, Possible)",C,Possible Injury (C),2,State,5,10,CT-10,10-N,MORSE ST,,,,,1,Clear,1,Daylight,1,Dry,12300,"Trafficway, On Road",5/20/18 18:30
9276,417828,1,41.35053,-72.955998,2936312,5/21/18,9:45:00,A,"Injury of any type (Serious, Minor, Possible)",B,Suspected Minor Injury (B),1,Local,0.48,598,WOODIN ST,WOODIN ST,,MUELLER DRIVE,40,Feet,W,1,Clear,1,Daylight,1,Dry,5400,"Trafficway, On Road",5/21/18 9:45
9218,418430,1,41.359943,-72.961693,2936914,5/21/18,10:01:00,A,"Injury of any type (Serious, Minor, Possible)",B,Suspected Minor Injury (B),1,Local,1.11,594,WINTERGREEN AV,WINTERGREEN AV,,Main Street,345,Feet,N,1,Clear,1,Daylight,1,Dry,1300,"Trafficway, On Road",5/21/18 10:01
9279,422415,1,41.350603,-72.956923,2940899,5/21/18,10:33:00,O,Property Damage Only,O,No Apparent Injury (O),1,Local,0.44,598,WOODIN ST,WOODIN ST,ELLIOT ST,,,,,1,Clear,1,Daylight,1,Dry,5400,"Trafficway, On Road",5/21/18 10:33
9277,417829,1,41.351677,-72.960886,2936313,5/21/18,10:41:00,A,"Injury of any type (Serious, Minor, Possible)",C,Possible Injury (C),1,Local,0.21,598,WOODIN ST,WOODIN ST,,WINTERGREEN AVENUE,2,TenthsofMile,E,1,Clear,1,Daylight,1,Dry,5400,"Trafficway, Not on Road",5/21/18 10:41
3816,421182,1,41.378182,-72.905297,2939666,5/21/18,11:02:00,O,Property Damage Only,O,No Apparent Injury (O),2,State,51.46,15,15-S,15-S,,Whitney Ave,930,Feet,S,1,Clear,1,Daylight,1,Dry,71800,"Trafficway, On Road",5/21/18 11:02
9280,422416,1,41.350822,-72.958374,2940900,5/21/18,11:07:00,O,Property Damage Only,O,No Apparent Injury (O),1,Local,0.35,598,WOODIN ST,WOODIN ST,,Fawn Ridge Dr.,51,Feet,W,1,Clear,1,Daylight,1,Dry,5400,"Trafficway, On Road",5/21/18 11:07
5208,418370,1,41.371343,-72.9063,2936854,5/21/18,11:12:00,O,Property Damage Only,O,No Apparent Injury (O),2,State,2.76,707,WHITNEY AV,707-N,,SKIFF STREET,77,Feet,N,1,Clear,1,Daylight,1,Dry,12500,"Trafficway, Not on Road",5/21/18 11:12
5519,418371,1,41.383365,-72.901364,2936855,5/21/18,12:29:00,O,Property Damage Only,O,No Apparent Injury (O),2,State,0.03,717,DIXWELL AV,717-E,,Whitney Avenue,125,Feet,E,1,Clear,1,Daylight,1,Dry,15400,"Trafficway, On Road",5/21/18 12:29
9278,420042,1,41.349783,-72.953528,2938526,5/21/18,14:29:00,O,Property Damage Only,O,No Apparent Injury (O),2,Local,0.61,598,WOODIN ST,WOODIN ST,,West Side Dr,200,Feet,W,1,Clear,1,Daylight,1,Dry,5400,"Trafficway, Not on Road",5/21/18 14:29
5520,420043,1,41.383189,-72.899335,2938527,5/21/18,15:28:00,O,Property Damage Only,O,No Apparent Injury (O),2,State,0.13,717,DIXWELL AV,717-E,,Washington Ave,50,Feet,W,1,Clear,1,Daylight,1,Dry,15400,"Trafficway, On Road",5/21/18 15:28
1344,418372,1,41.350277,-72.931732,2936856,5/21/18,20:31:00,O,Property Damage Only,O,No Apparent Injury (O),2,State,5.86,10,CT-10,10-N,,Lexington Av,50,Feet,S,1,Clear,4,Dark-Lighted,1,Dry,23400,"Trafficway, On Road",5/21/18 20:31
1964,419602,1,41.37786,-72.914579,2938086,5/22/18,7:28:00,O,Property Damage Only,O,No Apparent Injury (O),2,State,7.95,10,CT-10,10-N,,Shepard Avenue,500,Feet,N,1,Clear,1,Daylight,1,Dry,18400,"Trafficway, On Road",5/22/18 7:28
2185,418373,1,41.3847,-72.901358,2936857,5/22/18,11:16:00,O,Property Damage Only,O,No Apparent Injury (O),2,State,8.9,10,CT-10,10-N,,School Street,73,Feet,N,1,Clear,1,Daylight,1,Dry,16900,"Trafficway, Not on Road",5/22/18 11:16
4323,421184,1,41.378109,-72.90532,2939668,5/22/18,14:10:00,O,Property Damage Only,O,No Apparent Injury (O),2,State,0.18,15,15-S,15-S-122,rt 15,,,,,4,Rain,1,Daylight,2,Wet,9300,"Trafficway, On Road",5/22/18 14:10
5456,419604,1,41.383039,-72.897941,2938088,5/22/18,15:05:00,O,Property Damage Only,O,No Apparent Injury (O),2,State,0.2,717,DIXWELL AV,717-E,,Washington Ave,275,Feet,E,4,Rain,1,Daylight,2,Wet,18600,"Trafficway, On Road",5/22/18 15:05
1907,418375,1,41.424304,-72.905743,2936859,5/22/18,16:17:00,O,Property Damage Only,O,No Apparent Injury (O),2,State,11.73,10,CT-10,10-N,TODD ST,,,,,97,Other,1,Daylight,2,Wet,19100,"Trafficway, On Road",5/22/18 16:17
5454,418374,1,41.383159,-72.898832,2936858,5/22/18,16:18:00,O,Property Damage Only,O,No Apparent Injury (O),2,State,0.16,717,DIXWELL AV,717-E,,Washington Ave.,80,Feet,E,4,Rain,1,Daylight,2,Wet,18600,"Trafficway, On Road",5/22/18 16:18
166,418376,1,41.366723,-72.921024,2936860,5/22/18,16:56:00,O,Property Damage Only,O,No Apparent Injury (O),2,State,7.11,10,CT-10,10-N,,Connolly Pkwy,100,Feet,S,4,Rain,1,Daylight,2,Wet,33100,"Trafficway, On Road",5/22/18 16:56
2511,418407,1,41.338438,-72.938394,2936891,5/23/18,1:09:00,O,Property Damage Only,O,No Apparent Injury (O),1,State,4.85,10,CT-10,10-N,DIX ST,,,,,2,Cloudy,4,Dark-Lighted,1,Dry,12300,"Trafficway, On Road",5/23/18 1:09
7884,419605,1,41.354957,-72.928307,2938089,5/23/18,9:38:00,O,Property Damage Only,O,No Apparent Injury (O),2,Local,0.03,425,PERSHING ST,PERSHING ST,,Dixwell Avenue,125,Feet,E,1,Clear,1,Daylight,1,Dry,,"Trafficway, On Road",5/23/18 9:38
5230,420044,1,41.358294,-72.91025248,2938528,5/23/18,14:30:00,O,Property Damage Only,O,No Apparent Injury (O),2,State,1.84,707,WHITNEY AV,707-N,,GILLIES ROAD,20,Feet,S,1,Clear,1,Daylight,1,Dry,11900,"Trafficway, On Road",5/23/18 14:30
1346,422433,1,41.3534,-72.9297,2940917,5/23/18,15:18:00,A,"Injury of any type (Serious, Minor, Possible)",C,Possible Injury (C),1,State,6.11,10,CT-10,10-N,MILLIS ST,,,,,1,Clear,1,Daylight,1,Dry,23400,"Trafficway, On Road",5/23/18 15:18
4318,418953,1,41.378134,-72.905324,2937437,5/23/18,15:54:00,A,"Injury of any type (Serious, Minor, Possible)",C,Possible Injury (C),2,State,0.18,15,15-S,15-S-122,rt 15,,,,,1,Clear,1,Daylight,1,Dry,9300,"Trafficway, On Road",5/23/18 15:54
4909,429874,1,41.383288,-72.902013,2948352,5/23/18,16:17:00,O,Property Damage Only,O,No Apparent Injury (O),2,State,3.62,707,WHITNEY AV,707-N,10-N,,,,,1,Clear,1,Daylight,1,Dry,16900,"Trafficway, On Road",5/23/18 16:17
3821,429552,1,41.37890676,-72.9038597,2948030,5/23/18,17:43:00,O,Property Damage Only,O,No Apparent Injury (O),2,State,51.59,15,15-S,15-S,,15-S ,52,Feet,N,1,Clear,1,Daylight,1,Dry,71800,"Trafficway, On Road",5/23/18 17:43
7133,420053,1,41.398615,-72.908395,2938537,5/23/18,17:47:00,O,Property Damage Only,O,No Apparent Injury (O),2,Local,0.05,648,HEATHER RD,HEATHER RD,,Knob Hill Drive,285,Feet,E,99,Unknown,1,Daylight,99,Unknown,,"Trafficway, On Road",5/23/18 17:47
2332,422434,1,41.445383,-72.910529,2940918,5/23/18,20:51:00,A,"Injury of any type (Serious, Minor, Possible)",C,Possible Injury (C),2,State,13.22,10,CT-10,10-N,,BROOKSVALE AVE,1,TenthsofMile,N,1,Clear,4,Dark-Lighted,1,Dry,15400,"Trafficway, On Road",5/23/18 20:51
3817,422176,1,41.378076,-72.905336,2940660,5/24/18,7:33:00,O,Property Damage Only,O,No Apparent Injury (O),2,State,51.46,15,15-S,15-S,15-S-122,,,,,1,Clear,1,Daylight,1,Dry,71800,"Trafficway, On Road",5/24/18 7:33
5231,420054,1,41.358702,-72.90994,2938538,5/24/18,9:04:00,A,"Injury of any type (Serious, Minor, Possible)",C,Possible Injury (C),4,State,1.87,707,WHITNEY AV,707-N,GILLIES RD,,,,,1,Clear,1,Daylight,1,Dry,11900,"Trafficway, Not on Road",5/24/18 9:04
2187,422435,1,41.388403,-72.90005,2940919,5/24/18,12:31:00,O,Property Damage Only,O,No Apparent Injury (O),2,State,9.16,10,CT-10,10-N,LINCOLN ST,,,,,1,Clear,1,Daylight,1,Dry,16900,"Trafficway, On Road",5/24/18 12:31
3813,420240,1,41.366378,-72.918664,2938724,5/24/18,17:38:00,A,"Injury of any type (Serious, Minor, Possible)",B,Suspected Minor Injury (B),2,State,50.41,15,15-S,15-S,,EXIT 60,1,TenthsofMile,N,1,Clear,1,Daylight,1,Dry,71800,"Trafficway, On Road",5/24/18 17:38
6582,420045,1,41.365261,-72.916196,2938529,5/24/18,19:39:00,O,Property Damage Only,O,No Apparent Injury (O),2,Local,0.01,166,ELGIN ST,ELGIN ST,,Thorton St.,65,Feet,E,1,Clear,1,Daylight,1,Dry,3900,"Trafficway, On Road",5/24/18 19:39
7692,602282,1,41.34365,-72.926379,3120711,5/25/18,7:16:00,O,Property Damage Only,O,No Apparent Injury (O),1,Local,0,385,NEWHALL ST,NEWHALL ST,PUTNAM AVENUE,,,,,1,Clear,1,Daylight,1,Dry,7500,"Trafficway, Not on Road",5/25/18 7:16
5840,432906,1,41.363529,-72.925501,2951384,5/25/18,13:57:00,A,"Injury of any type (Serious, Minor, Possible)",C,Possible Injury (C),2,Local,0.1,42,BENHAM ST,BENHAM ST,LAKEVIEW AV,,,,,1,Clear,1,Daylight,1,Dry,12600,"Trafficway, On Road",5/25/18 13:57
4321,420800,1,41.378098,-72.905327,2939284,5/25/18,15:04:00,O,Property Damage Only,O,No Apparent Injury (O),2,State,0.18,15,15-S,15-S-122,,Route 15 South,20,Feet,N,1,Clear,1,Daylight,1,Dry,9300,"Trafficway, On Road",5/25/18 15:04
6340,422436,1,41.340019,-72.902505,2940920,5/25/18,16:41:00,A,"Injury of any type (Serious, Minor, Possible)",C,Possible Injury (C),2,Local,0.23,128,DAVIS ST,DAVIS ST,RIDGE RD,,,,,1,Clear,1,Daylight,1,Dry,11100,"Trafficway, On Road",5/25/18 16:41
6291,420056,1,41.366885,-72.919667,2938540,5/25/18,16:56:00,O,Property Damage Only,O,No Apparent Injury (O),2,Local,0.2,111,CONNOLLY PKWY,CONNOLLY PKWY,,Dixwell Ave,293,Feet,E,1,Clear,1,Daylight,1,Dry,8600,"Trafficway, On Road",5/25/18 16:56
1090,420071,1,41.3387,-72.935111,2938555,5/25/18,17:12:00,O,Property Damage Only,O,No Apparent Injury (O),2,State,5.03,10,CT-10,10-N,,Morse Street ,160,Feet,N,1,Clear,1,Daylight,1,Dry,24100,"Trafficway, On Road",5/25/18 17:12
637,422437,1,41.414654,-72.902424,2940921,5/25/18,20:05:00,O,Property Damage Only,O,No Apparent Injury (O),2,State,11.04,10,CT-10,10-N,,Sherman Ave,108,Feet,N,1,Clear,1,Daylight,1,Dry,25800,"Trafficway, On Road",5/25/18 20:05
8237,421138,1,41.347115,-72.941458,2939622,5/26/18,4:06:00,O,Property Damage Only,O,No Apparent Injury (O),2,Local,0.11,458,ROCHFORD AV,ROCHFORD AV,,Helen St,568,Feet,S,1,Clear,4,Dark-Lighted,1,Dry,,"Trafficway, On Road",5/26/18 4:06
6559,602283,1,41.362508,-72.895603,3120712,5/26/18,8:35:00,A,"Injury of any type (Serious, Minor, Possible)",B,Suspected Minor Injury (B),1,Local,0.03,157,EASTLAND RD,EASTLAND RD,,Fenbrook Rd,125,Feet,N,1,Clear,1,Daylight,1,Dry,,"Trafficway, On Road",5/26/18 8:35
8372,423118,1,41.3848,-72.921,2941602,5/26/18,16:40:00,O,Property Damage Only,O,No Apparent Injury (O),2,Local,0.67,489,SHEPARD AV,SHEPARD AV,FOUR ROD RD,,,,,1,Clear,1,Daylight,1,Dry,1400,"Trafficway, On Road",5/26/18 16:40
9,422438,1,41.362992,-72.923753,2940922,5/26/18,17:51:00,O,Property Damage Only,O,No Apparent Injury (O),2,State,6.82,10,CT-10,10-N,,Benham St.,70,Feet,N,1,Clear,1,Daylight,1,Dry,41100,"Trafficway, On Road",5/26/18 17:51
1213,422490,1,41.374799,-72.915646,2940974,5/26/18,21:26:00,O,Property Damage Only,O,No Apparent Injury (O),2,State,7.7,10,CT-10,10-N,,Skiff Street ,200,Feet,N,1,Clear,4,Dark-Lighted,1,Dry,23700,"Trafficway, On Road",5/26/18 21:26
4829,423138,1,41.349594,-72.892633,2941622,5/27/18,0:09:00,A,"Injury of any type (Serious, Minor, Possible)",B,Suspected Minor Injury (B),1,USRoute,2.62,5,US-5,5-N,FOOTE ST,,,,,1,Clear,4,Dark-Lighted,1,Dry,9300,"Trafficway, On Road",5/27/18 0:09
6919,422491,1,41.335476,-72.931522,2940975,5/27/18,12:37:00,O,Property Damage Only,O,No Apparent Injury (O),2,Local,0.61,222,GOODRICH ST,GOODRICH ST,,,,,,1,Clear,1,Daylight,1,Dry,3100,"Trafficway, On Road",5/27/18 12:37
10,423139,1,41.365258,-72.9222,2941623,5/27/18,15:16:00,O,Property Damage Only,O,No Apparent Injury (O),2,State,7.01,10,CT-10,10-N,rt 15 ramps,,,,,1,Clear,1,Daylight,1,Dry,41100,"Trafficway, On Road",5/27/18 15:16
9281,424722,1,41.3469,-72.9478,2943206,5/27/18,15:19:00,O,Property Damage Only,O,No Apparent Injury (O),2,Local,0.95,598,WOODIN ST,WOODIN ST,LOLLER RD,,,,,1,Clear,1,Daylight,1,Dry,5400,"Trafficway, On Road",5/27/18 15:19
1965,422492,1,41.40327,-72.898099,2940976,5/27/18,22:13:00,O,Property Damage Only,O,No Apparent Injury (O),2,State,10.23,10,CT-10,10-N,,IVES ST,200,Feet,S,1,Clear,4,Dark-Lighted,1,Dry,18400,"Trafficway, On Road",5/27/18 22:13
6801,420046,1,41.362933,-72.928271,2938530,5/28/18,9:46:00,O,Property Damage Only,O,No Apparent Injury (O),2,Local,0,206,GARFIELD ST,GARFIELD ST,ROOSEVELT ST,,,,,2,Cloudy,1,Daylight,1,Dry,,"Trafficway, On Road",5/28/18 9:46
6455,422493,1,41.3674,-72.9193,2940977,5/28/18,12:07:00,O,Property Damage Only,O,No Apparent Injury (O),3,,,,DIXWELL AV,2335 DIXWELL AVENUE,,CONNOLLY PARKWAY,125,Feet,N,1,Clear,1,Daylight,1,Dry,,"Trafficway, On Road",5/28/18 12:07
2153,422495,1,41.383446,-72.901857,2940979,5/29/18,11:21:00,O,Property Damage Only,O,No Apparent Injury (O),2,State,8.8,10,CT-10,10-N,,WHITNEY AVENUE,50,Feet,E,1,Clear,1,Daylight,1,Dry,17000,"Trafficway, On Road",5/29/18 11:21
5008,422496,1,41.346718,-72.91269,2940980,5/29/18,14:17:00,O,Property Damage Only,O,No Apparent Injury (O),2,State,0.99,707,WHITNEY AV,707-N,RALSTON AV,,,,,1,Clear,1,Daylight,1,Dry,14300,"Trafficway, On Road",5/29/18 14:17
8371,422497,1,41.433616,-72.913809,2940981,5/29/18,15:47:00,A,"Injury of any type (Serious, Minor, Possible)",C,Possible Injury (C),2,Local,4.17,489,SHEPARD AV,SHEPARD AV,,West Todd St.,2,TenthsofMile,E,1,Clear,1,Daylight,1,Dry,1400,"Trafficway, On Road",5/29/18 15:47
5102,423140,1,41.340103,-72.912929,2941624,5/29/18,19:21:00,O,Property Damage Only,O,No Apparent Injury (O),2,State,0.52,707,WHITNEY AV,707-N,BLAKE RD,,,,,1,Clear,1,Daylight,1,Dry,13500,"Trafficway, On Road",5/29/18 19:21
1091,422498,1,41.340067,-72.93518,2940982,5/30/18,9:07:00,O,Property Damage Only,O,No Apparent Injury (O),2,State,5.12,10,CT-10,10-N,,George Street,97,Feet,S,1,Clear,1,Daylight,1,Dry,24100,"Trafficway, On Road",5/30/18 9:07
1214,423141,1,41.369388,-72.918999,2941625,5/30/18,9:43:00,O,Property Damage Only,O,No Apparent Injury (O),1,State,7.32,10,CT-10,10-N,,connolly pkwy,2,TenthsofMile,N,1,Clear,1,Daylight,1,Dry,23700,"Trafficway, On Road",5/30/18 9:43
8585,426662,1,41.413019,-72.905214,2945144,5/30/18,11:12:00,O,Property Damage Only,O,No Apparent Injury (O),1,Local,1.94,491,SHERMAN AV,SHERMAN AV NO 1,,WHITNEY AVE,914,Feet,W,1,Clear,1,Daylight,1,Dry,5600,"Trafficway, On Road",5/30/18 11:12
2154,422521,1,41.383556,-72.903237,2941005,5/30/18,13:08:00,O,Property Damage Only,O,No Apparent Injury (O),2,State,8.73,10,CT-10,10-N,,Old Dixwell Avenue,75,Feet,E,1,Clear,1,Daylight,1,Dry,17000,"Trafficway, On Road",5/30/18 13:08
6144,423142,1,41.355074,-72.936592,2941626,5/30/18,17:00:00,O,Property Damage Only,O,No Apparent Injury (O),2,Local,0.77,99,CIRCULAR AV,CIRCULAR AV,,Taft Street,200,Feet,S,1,Clear,1,Daylight,1,Dry,7100,"Trafficway, On Road",5/30/18 17:00
5335,424723,1,41.355885,-72.911778,2943207,5/31/18,1:15:00,A,"Injury of any type (Serious, Minor, Possible)",C,Possible Injury (C),1,State,1.65,707,WHITNEY AV,707-N,WAITE ST,,,,,1,Clear,4,Dark-Lighted,1,Dry,11300,"Trafficway, On Road",5/31/18 1:15
1966,423157,1,41.378058,-72.914509,2941641,5/31/18,16:25:00,A,"Injury of any type (Serious, Minor, Possible)",C,Possible Injury (C),2,State,7.97,10,CT-10,10-N,,Shepard Ave.,1,TenthsofMile,E,4,Rain,1,Daylight,2,Wet,18400,"Trafficway, On Road",5/31/18 16:25
5521,426000,1,41.383159,-72.8991,2944483,5/31/18,17:17:00,O,Property Damage Only,O,No Apparent Injury (O),2,State,0.14,717,DIXWELL AV,717-E,WASHINGTON AV,,,,,1,Clear,1,Daylight,1,Dry,15400,"Trafficway, On Road",5/31/18 17:17