,CrashId,Fatal Case Status,lat,lon,DOT Case Number,Date Of Crash,Time of Crash,Crash Severity,Crash Severity Text Format,Most Severe Injury,Most Severe Injury Text Format,Number Of Motor Vehicles,Route Class Text Format,Milemarker,Road Number,Road Description,Roadway Name,Intersecting Roadway Name,Landmark Description,Distance From Nearest Landmark,Unit Of Measure From Nearest Landmark,Direction From Nearest Landmark,Weather Condition,Weather Condition Text Format,Light Condition,Light Condition Text Format,Road Surface Condition,Road Surface Condition Text Format,Average Daily Traffic,Trafficway Class Text Format,full_date
8374,423805,1,41.393457,-72.923088,2942289,5/31/18,17:26:00,A,"Injury of any type (Serious, Minor, Possible)",C,Possible Injury (C),2,Local,1.27,489,SHEPARD AV,SHEPARD AV,BEAR PATH RD,,,,,4,Rain,1,Daylight,2,Wet,1400,"Trafficway, On Road",5/31/18 17:26
6145,424741,1,41.348706,-72.934831,2943225,5/31/18,17:44:00,A,"Injury of any type (Serious, Minor, Possible)",C,Possible Injury (C),1,Local,1.22,99,CIRCULAR AV,CIRCULAR AV,BRADLEY AV,,,,,4,Rain,1,Daylight,2,Wet,7100,"Trafficway, On Road",5/31/18 17:44
1215,423806,1,41.369418,-72.919202,2942290,5/31/18,19:44:00,A,"Injury of any type (Serious, Minor, Possible)",C,Possible Injury (C),2,State,7.32,10,CT-10,10-N,,skiff st,4,TenthsofMile,S,1,Clear,3,Dusk,1,Dry,23700,"Trafficway, On Road",5/31/18 19:44
6370,423158,1,41.440247,-72.943609,2941642,6/1/18,4:06:00,O,Property Damage Only,O,No Apparent Injury (O),1,Local,0,729,DEER HILL RD,DEER HILL RD,GAYLORD MOUNTAIN RD,,,,,1,Clear,4,Dark-Lighted,1,Dry,,"Trafficway, Not on Road",6/1/18 4:06
8056,423159,1,41.34596,-72.912814,2941643,6/1/18,7:35:00,O,Property Damage Only,O,No Apparent Injury (O),2,Local,0.02,439,PUTNAM AV,PUTNAM AV,,WHITNEY AVE,50,Feet,W,1,Clear,1,Daylight,1,Dry,10000,"Trafficway, On Road",6/1/18 7:35
6063,423160,1,41.377001,-72.908695,2941644,6/1/18,8:30:00,A,"Injury of any type (Serious, Minor, Possible)",B,Suspected Minor Injury (B),1,Local,0.38,86,CENTERBROOK RD,CENTERBROOK RD,WORTH AV,,,,,4,Rain,1,Daylight,2,Wet,,"Trafficway, On Road",6/1/18 8:30
4556,423161,1,41.403514,-72.895607,2941645,6/1/18,14:57:00,A,"Injury of any type (Serious, Minor, Possible)",B,Suspected Minor Injury (B),2,State,0.14,22,CT-22,22-E,NEW RD,,,,,1,Clear,1,Daylight,1,Dry,5500,"Trafficway, On Road",6/1/18 14:57
4662,423162,1,41.327729,-72.897672,2941646,6/1/18,16:39:00,O,Property Damage Only,O,No Apparent Injury (O),2,USRoute,0.98,5,US-5,5-N,,Armstrong St,777,Feet,S,1,Clear,1,Daylight,1,Dry,17700,"Trafficway, On Road",6/1/18 16:39
4905,424742,1,41.381973,-72.902397,2943226,6/1/18,18:07:00,O,Property Damage Only,O,No Apparent Injury (O),2,State,3.52,707,WHITNEY AV,707-N,,Dixwell Avenue,1,TenthsofMile,S,1,Clear,1,Daylight,1,Dry,16900,"Trafficway, On Road",6/1/18 18:07
3818,422655,1,41.3696,-72.914823,2941139,6/1/18,18:18:00,O,Property Damage Only,O,No Apparent Injury (O),2,State,50.7,15,15-S,15-S,,Exit 60,5,TenthsofMile,N,1,Clear,1,Daylight,1,Dry,71800,"Trafficway, On Road",6/1/18 18:18
5334,423175,1,41.355913,-72.911685,2941659,6/1/18,19:35:00,A,"Injury of any type (Serious, Minor, Possible)",B,Suspected Minor Injury (B),2,State,1.65,707,WHITNEY AV,707-N,,,,,,1,Clear,1,Daylight,1,Dry,11300,"Trafficway, On Road",6/1/18 19:35
3039,422542,1,41.364581,-72.928048,2941026,6/1/18,19:39:00,O,Property Damage Only,O,No Apparent Injury (O),2,State,49.87,15,15-N,15-N,,Exit 60,1,TenthsofMile,S,1,Clear,1,Daylight,1,Dry,79900,"Trafficway, On Road",6/1/18 19:39
6406,426040,1,41.336945,-72.935165,2944522,6/1/18,23:53:00,O,Property Damage Only,O,No Apparent Injury (O),2,Local,0.11,142,DIXWELL AV,DIXWELL AV NO 1,EASTON ST,,,,,1,Clear,4,Dark-Lighted,1,Dry,15600,"Trafficway, On Road",6/1/18 23:53
8952,426041,1,41.364011,-72.92176,2944523,6/2/18,4:00:00,O,Property Damage Only,O,No Apparent Injury (O),2,Local,0.04,538,VICTOR ST,VICTOR ST,,Wheeler St,225,Feet,N,1,Clear,4,Dark-Lighted,1,Dry,,"Trafficway, On Road",6/2/18 4:00
1124,602284,1,41.3389595,-72.93550541,3120713,6/2/18,21:05:00,A,"Injury of any type (Serious, Minor, Possible)",C,Possible Injury (C),1,State,5.05,10,CT-10,10-N,,Morse St.,0.100000001,TenthsofMile,N,1,Clear,4,Dark-Lighted,2,Wet,24100,"Trafficway, On Road",6/2/18 21:05
638,426042,1,41.414989,-72.902562,2944524,6/3/18,13:33:00,O,Property Damage Only,O,No Apparent Injury (O),2,State,11.07,10,CT-10,10-N,,Sherman Ave,250,,N,1,Clear,1,Daylight,1,Dry,25800,"Trafficway, On Road",6/3/18 13:33
8764,426942,1,41.37489,-72.916741,2945423,6/4/18,2:15:00,O,Property Damage Only,O,No Apparent Injury (O),1,Local,0.06,495,SKIFF ST EXT,SKIFF ST EXT,,Dixwell Ave,150,Feet,W,1,Clear,4,Dark-Lighted,1,Dry,9400,"Trafficway, On Road",6/4/18 2:15
5458,423808,1,41.383086,-72.898387,2942292,6/4/18,8:16:00,O,Property Damage Only,O,No Apparent Injury (O),2,State,0.18,717,DIXWELL AV,717-E,,WASHINTON AVE,50,Feet,E,4,Rain,1,Daylight,2,Wet,18600,"Trafficway, On Road",6/4/18 8:16
806,432677,1,41.41371,-72.9021,2951155,6/4/18,9:32:00,O,Property Damage Only,O,No Apparent Injury (O),2,State,10.98,10,CT-10,10-N,,Sherman Av,100,Feet,S,4,Rain,1,Daylight,2,Wet,25300,"Trafficway, On Road",6/4/18 9:32
2155,424743,1,41.383692,-72.90333,2943227,6/4/18,9:48:00,O,Property Damage Only,O,No Apparent Injury (O),1,State,8.73,10,CT-10,10-N,,Whitney Avenue,380,Feet,W,2,Cloudy,1,Daylight,2,Wet,17000,"Trafficway, Not on Road",6/4/18 9:48
2156,424744,1,41.383055,-72.907324,2943228,6/4/18,12:39:00,A,"Injury of any type (Serious, Minor, Possible)",C,Possible Injury (C),2,State,8.52,10,CT-10,10-N,,Evergreen Ave,100,Feet,W,2,Cloudy,1,Daylight,2,Wet,17000,"Trafficway, On Road",6/4/18 12:39
1216,424745,1,41.36776,-72.920279,2943229,6/4/18,12:49:00,O,Property Damage Only,O,No Apparent Injury (O),2,State,7.19,10,CT-10,10-N,,CONNOLLY PKWY,230,Feet,N,1,Clear,1,Daylight,1,Dry,23700,"Trafficway, On Road",6/4/18 12:49
9349,424746,1,41.380827,-72.903182,2943230,6/4/18,13:18:00,O,Property Damage Only,O,No Apparent Injury (O),2,Local,0.02,603,WORTH AV,WORTH AV,,Whitney Ave,84,Feet,W,1,Clear,1,Daylight,1,Dry,,"Trafficway, On Road",6/4/18 13:18
4906,424747,1,41.3823,-72.902277,2943231,6/4/18,13:55:00,O,Property Damage Only,O,No Apparent Injury (O),2,State,3.54,707,WHITNEY AV,707-N,,Dixwell Avenue,400,Feet,S,1,Clear,1,Daylight,1,Dry,16900,"Trafficway, On Road",6/4/18 13:55
3819,423112,1,41.378111,-72.905311,2941596,6/4/18,14:01:00,O,Property Damage Only,O,No Apparent Injury (O),2,State,51.46,15,15-S,15-S,15-S-122,EXIT 61,300,Feet,S,2,Cloudy,1,Daylight,1,Dry,71800,"Trafficway, On Road",6/4/18 14:01
564,426943,1,41.346664,-72.933768,2945424,6/4/18,14:27:00,O,Property Damage Only,O,No Apparent Injury (O),2,State,5.56,10,CT-10,10-N,PUTNAM AV,,,,,1,Clear,1,Daylight,1,Dry,26700,"Trafficway, On Road",6/4/18 14:27
8860,430794,1,41.343815,-72.934673,2949272,6/4/18,16:42:00,O,Property Damage Only,O,No Apparent Injury (O),1,Local,0.25,518,THIRD ST,THIRD ST,,Dixwell Avenue ,20,Feet,W,1,Clear,1,Daylight,1,Dry,,"Trafficway, Not on Road",6/4/18 16:42
11,426663,1,41.363302,-72.923347,2945145,6/4/18,17:49:00,O,Property Damage Only,O,No Apparent Injury (O),2,State,6.85,10,CT-10,10-N,,Wheeler St,150,Feet,S,1,Clear,1,Daylight,1,Dry,41100,"Trafficway, On Road",6/4/18 17:49
2188,424748,1,41.389676,-72.899155,2943232,6/4/18,18:08:00,O,Property Damage Only,O,No Apparent Injury (O),2,State,9.26,10,CT-10,10-N,,Lincoln Street,1,TenthsofMile,N,1,Clear,1,Daylight,1,Dry,16900,"Trafficway, On Road",6/4/18 18:08
6454,424724,1,41.370324,-72.918864,2943208,6/4/18,19:24:00,O,Property Damage Only,O,No Apparent Injury (O),2,,,,DIXWELL AV,2300 DIXWELL AVE,,Connolly Pkwy,1,TenthsofMile,N,1,Clear,1,Daylight,1,Dry,,"Trafficway, On Road",6/4/18 19:24
9167,424749,1,41.359238,-72.942668,2943233,6/4/18,20:50:00,O,Property Damage Only,O,No Apparent Injury (O),2,Local,0.04,578,WHITE DR,WHITE DR,,Morgan Lane,175,Feet,N,1,Clear,5,Dark-Not Lighted,1,Dry,,"Trafficway, On Road",6/4/18 20:50
2382,424750,1,41.393536,-72.897132,2943234,6/5/18,10:21:00,O,Property Damage Only,O,No Apparent Injury (O),2,State,9.55,10,CT-10,10-N,CARMEL ST,,,,,1,Clear,1,Daylight,1,Dry,14700,"Trafficway, On Road",6/5/18 10:21
2048,428512,1,41.44268,-72.91076,2946991,6/5/18,17:51:00,A,"Injury of any type (Serious, Minor, Possible)",B,Suspected Minor Injury (B),3,State,13.03,10,CT-10,10-N,BROOKSVALE AV,,,,,1,Clear,1,Daylight,1,Dry,17600,"Trafficway, On Road",6/5/18 17:51
1347,426068,1,41.350005,-72.932081,2944550,6/5/18,22:22:00,O,Property Damage Only,O,No Apparent Injury (O),2,State,5.83,10,CT-10,10-N,,Collins St.,100,Feet,N,1,Clear,4,Dark-Lighted,1,Dry,23400,"Trafficway, On Road",6/5/18 22:22
6649,424751,1,41.421827,-72.936603,2943235,6/6/18,7:29:00,A,"Injury of any type (Serious, Minor, Possible)",C,Possible Injury (C),2,Local,0.08,175,EXETER RD,EXETER RD,CHOATE AV,,,,,1,Clear,1,Daylight,1,Dry,,"Trafficway, On Road",6/6/18 7:29
8375,424752,1,41.382718,-72.920639,2943236,6/6/18,9:06:00,A,"Injury of any type (Serious, Minor, Possible)",C,Possible Injury (C),2,Local,0.52,489,SHEPARD AV,SHEPARD AV,,Howard Avenue,92,Feet,W,1,Clear,1,Daylight,1,Dry,1400,"Trafficway, On Road",6/6/18 9:06
4298,423642,1,41.36632699,-72.9220888,2942126,6/6/18,10:30:00,A,"Injury of any type (Serious, Minor, Possible)",C,Possible Injury (C),2,State,0.15,15,15-S,15-S-119,,Exit 60,1,TenthsofMile,S,1,Clear,1,Daylight,1,Dry,9300,"Trafficway, On Road",6/6/18 10:30
2044,424753,1,41.434056,-72.908165,2943237,6/6/18,17:06:00,A,"Injury of any type (Serious, Minor, Possible)",C,Possible Injury (C),2,State,12.42,10,CT-10,10-N,,Shepard Ave.,2,TenthsofMile,S,1,Clear,1,Daylight,1,Dry,17600,"Trafficway, On Road",6/6/18 17:06
7758,424754,1,41.438377,-72.920774,2943238,6/7/18,14:40:00,O,Property Damage Only,O,No Apparent Injury (O),2,Local,0.07,398,OCTOBER HILL RD NO 1,OCTOBER HILL RD NO 1,,Still Hill Rd,358,Feet,S,1,Clear,1,Daylight,1,Dry,,"Trafficway, On Road",6/7/18 14:40
1220,429875,1,41.373097,-72.91682,2948353,6/7/18,15:53:00,O,Property Damage Only,O,No Apparent Injury (O),2,State,7.6,10,CT-10,10-N,,Skiff Street,547,Feet,S,1,Clear,1,Daylight,1,Dry,23700,"Trafficway, On Road",6/7/18 15:53
1967,426944,1,41.377685,-72.91478,2945425,6/7/18,17:07:00,A,"Injury of any type (Serious, Minor, Possible)",C,Possible Injury (C),2,State,7.94,10,CT-10,10-N,,Shepard Avenue,307,Feet,N,1,Clear,1,Daylight,1,Dry,18400,"Trafficway, On Road",6/7/18 17:07
7894,433576,1,41.339505,-72.945852,2952054,6/7/18,17:51:00,A,"Injury of any type (Serious, Minor, Possible)",A,Suspected Serious Injury (A),1,Local,0.22,664,PINE ROCK AV,PINE ROCK AV NO 2,,Arch St,1,TenthsofMile,S,1,Clear,1,Daylight,1,Dry,6600,"Trafficway, On Road",6/7/18 17:51
2046,426674,1,41.441139,-72.910651,2945156,6/8/18,11:29:00,O,Property Damage Only,O,No Apparent Injury (O),1,State,12.92,10,CT-10,10-N,,Brooksvale Ave,100,Feet,S,1,Clear,1,Daylight,97,Other,17600,"Trafficway, Not on Road",6/8/18 11:29
8954,428513,1,41.35469,-72.93973,2946992,6/8/18,13:30:00,O,Property Damage Only,O,No Apparent Injury (O),2,Local,0.11,540,VILLAGE CIR,VILLAGE CIR,,Meadow Rd.,50,Feet,E,1,Clear,1,Daylight,1,Dry,,"Trafficway, On Road",6/8/18 13:30
4907,426675,1,41.380716,-72.903009,2945157,6/8/18,16:17:00,A,"Injury of any type (Serious, Minor, Possible)",B,Suspected Minor Injury (B),1,State,3.43,707,WHITNEY AV,707-N,WORTH AV,,,,,1,Clear,1,Daylight,1,Dry,16900,"Trafficway, On Road",6/8/18 16:17
6772,429876,1,41.385526,-72.931645,2948354,6/8/18,17:46:00,O,Property Damage Only,O,No Apparent Injury (O),2,Local,0.04,197,FOUR ROD RD,FOUR ROD RD,,Paradise Ave,185,Feet,E,1,Clear,1,Daylight,1,Dry,1600,"Trafficway, On Road",6/8/18 17:46
2192,429179,1,41.389377,-72.899419,2947658,6/8/18,18:40:00,O,Property Damage Only,O,No Apparent Injury (O),3,State,9.24,10,CT-10,10-N,,Farrell Street,500,Feet,S,1,Clear,1,Daylight,1,Dry,16900,"Trafficway, On Road",6/8/18 18:40
1348,426945,1,41.352019,-72.930891,2945426,6/8/18,18:55:00,O,Property Damage Only,O,No Apparent Injury (O),2,State,5.98,10,CT-10,10-N,CONCORD ST,,,,,1,Clear,1,Daylight,1,Dry,23400,"Trafficway, On Road",6/8/18 18:55
7893,426946,1,41.342837,-72.945579,2945427,6/8/18,20:54:00,A,"Injury of any type (Serious, Minor, Possible)",B,Suspected Minor Injury (B),1,Local,0.46,664,PINE ROCK AV,PINE ROCK AV NO 2,,High Top Circle,53,Feet,N,1,Clear,5,Dark-Not Lighted,1,Dry,6600,"Trafficway, On Road",6/8/18 20:54
7448,426665,1,41.369366,-72.925066,2945147,6/9/18,1:57:00,O,Property Damage Only,O,No Apparent Injury (O),2,Local,0.41,366,MIX AV,MIX AV,,Kaye Vue Dr,206,Feet,N,1,Clear,4,Dark-Lighted,1,Dry,4000,"Trafficway, On Road",6/9/18 1:57
4735,428514,1,41.332811,-72.900564,2946993,6/9/18,2:14:00,O,Property Damage Only,O,No Apparent Injury (O),2,USRoute,1.37,5,US-5,5-N,COOK ST,,,,,1,Clear,4,Dark-Lighted,1,Dry,14100,"Trafficway, On Road",6/9/18 2:14
12,426676,1,41.365303,-72.922197,2945158,6/9/18,7:16:00,A,"Injury of any type (Serious, Minor, Possible)",C,Possible Injury (C),2,State,7.01,10,CT-10,10-N,15-N-220,,,,,1,Clear,1,Daylight,1,Dry,41100,"Trafficway, On Road",6/9/18 7:16
4830,426694,1,41.352844,-72.89167,2945176,6/9/18,8:11:00,A,"Injury of any type (Serious, Minor, Possible)",C,Possible Injury (C),2,USRoute,2.85,5,US-5,5-N,SEBEC ST,,,,,1,Clear,1,Daylight,1,Dry,9300,"Trafficway, On Road",6/9/18 8:11
167,426947,1,41.367173,-72.920647,2945428,6/9/18,16:07:00,A,"Injury of any type (Serious, Minor, Possible)",B,Suspected Minor Injury (B),2,State,7.14,10,CT-10,10-N,CONNOLLY PKWY,,,,,1,Clear,1,Daylight,1,Dry,33100,"Trafficway, On Road",6/9/18 16:07
5716,426948,1,41.3297,-72.8972,2945429,6/9/18,17:30:00,O,Property Damage Only,O,No Apparent Injury (O),2,Local,0.07,18,ARMSTRONG ST,ARMSTRONG ST,,WELTON ST,50,Feet,W,1,Clear,1,Daylight,1,Dry,,"Trafficway, On Road",6/9/18 17:30
6808,428515,1,41.436402,-72.941845,2946994,6/9/18,19:51:00,O,Property Damage Only,O,No Apparent Injury (O),1,Local,0.92,208,GAYLORD MOUNTAIN RD,GAYLORD MOUNTAIN RD,,West Todd St.,540,Feet,N,1,Clear,1,Daylight,1,Dry,,"Trafficway, On Road",6/9/18 19:51
8057,426950,1,41.345377,-72.917132,2945431,6/10/18,2:43:00,O,Property Damage Only,O,No Apparent Injury (O),1,Local,0.25,439,PUTNAM AV,PUTNAM AV,,Clifford St,176,Feet,W,1,Clear,4,Dark-Lighted,1,Dry,10000,"Trafficway, On Road",6/10/18 2:43
7449,429877,1,41.367825,-72.926124,918107,6/10/18,10:13:00,K,Fatal (Kill),K,Fatal Injury (K),2,Local,0.29,366,MIX AV,MIX AV,,Benham St,1504,Feet,N,1,Clear,1,Daylight,1,Dry,4000,"Trafficway, On Road",6/10/18 10:13
8699,426951,1,41.371774,-72.908009,2945432,6/10/18,12:59:00,O,Property Damage Only,O,No Apparent Injury (O),2,Local,0.1,494,SKIFF ST,SKIFF ST,,Whitney Avenue,2,TenthsofMile,W,1,Clear,1,Daylight,1,Dry,,"Trafficway, On Road",6/10/18 12:59
8324,426952,1,41.368498,-72.948093,2945433,6/10/18,13:06:00,O,Property Damage Only,O,No Apparent Injury (O),1,Local,0.03,481,SCHUPP RD,SCHUPP RD,,Benham St,110,Feet,N,1,Clear,1,Daylight,1,Dry,,"Trafficway, On Road",6/10/18 13:06
9158,426953,1,41.384035,-72.912539,2945434,6/10/18,13:24:00,O,Property Damage Only,O,No Apparent Injury (O),2,Local,0.17,569,WESTMINISTER ST,WESTMINISTER ST,,Dixwell Ave,850,Feet,N,1,Clear,1,Daylight,1,Dry,,"Trafficway, On Road",6/10/18 13:24
224,426954,1,41.362474,-72.923928,2945435,6/10/18,18:13:00,O,Property Damage Only,O,No Apparent Injury (O),2,State,6.79,10,CT-10,10-N,,Benham St,40,Feet,W,1,Clear,1,Daylight,1,Dry,32100,"Trafficway, On Road",6/10/18 18:13
6038,426955,1,41.397024,-72.898046,2945436,6/11/18,1:18:00,O,Property Damage Only,O,No Apparent Injury (O),1,Local,0.29,74,CANNON ST,CANNON ST,,Old Cannon Street,36,Feet,W,1,Clear,5,Dark-Not Lighted,1,Dry,,"Trafficway, On Road",6/11/18 1:18
4734,426974,1,41.330379,-72.899298,2945455,6/11/18,8:32:00,A,"Injury of any type (Serious, Minor, Possible)",C,Possible Injury (C),2,USRoute,1.19,5,US-5,5-N,ATLAS ST,,,,,1,Clear,1,Daylight,1,Dry,14100,"Trafficway, On Road",6/11/18 8:32
7917,426975,1,41.34941133,-72.94449026,2945456,6/11/18,9:57:00,O,Property Damage Only,O,No Apparent Injury (O),1,Local,0.23,429,PINE ROCK AV,PINE ROCK AV NO 1,,Wilmot Rd.,50,Feet,N,1,Clear,1,Daylight,1,Dry,5500,"Trafficway, On Road",6/11/18 9:57
8852,426983,1,41.3622,-72.908648,2945464,6/11/18,13:18:00,O,Property Damage Only,O,No Apparent Injury (O),2,Local,0.03,512,SWARTHMORE ST,SWARTHMORE ST,,Whitney Avenue,121,Feet,E,1,Clear,1,Daylight,1,Dry,,"Trafficway, On Road",6/11/18 13:18
8284,426984,1,41.385191,-72.906826,2945465,6/11/18,14:25:00,O,Property Damage Only,O,No Apparent Injury (O),2,Local,0,480,SCHOOL ST,SCHOOL ST,HAMDEN HILLS DR,,,,,1,Clear,1,Daylight,1,Dry,5300,"Trafficway, On Road",6/11/18 14:25
5459,427659,1,41.383069,-72.898248,2946139,6/11/18,14:46:00,O,Property Damage Only,O,No Apparent Injury (O),2,State,0.19,717,DIXWELL AV,717-E,,Washington Ave.,150,Feet,E,1,Clear,1,Daylight,1,Dry,18600,"Trafficway, On Road",6/11/18 14:46
7985,426956,1,41.337655,-72.91926,2945437,6/11/18,20:34:00,O,Property Damage Only,O,No Apparent Injury (O),2,Local,0.05,438,PROSPECT ST,PROSPECT ST,ARMORY ST,,,,,1,Clear,4,Dark-Lighted,1,Dry,4600,"Trafficway, On Road",6/11/18 20:34
2513,426985,1,41.338431,-72.940021,2945466,6/12/18,7:22:00,O,Property Damage Only,O,No Apparent Injury (O),2,State,4.76,10,CT-10,10-N,WARNER ST,,,,,1,Clear,1,Daylight,1,Dry,12300,"Trafficway, On Road",6/12/18 7:22
639,427660,1,41.414851,-72.902507,2946140,6/12/18,7:34:00,O,Property Damage Only,O,No Apparent Injury (O),2,State,11.06,10,CT-10,10-N,,SHERMAN AVENUE,177,Feet,N,1,Clear,1,Daylight,1,Dry,25800,"Trafficway, On Road",6/12/18 7:34
7620,426986,1,41.423329,-72.884219,2945467,6/12/18,9:06:00,O,Property Damage Only,O,No Apparent Injury (O),2,Local,0.57,375,MOUNT CARMEL AV,MOUNT CARMEL AV,,RIDGE ROAD,386,Feet,W,1,Clear,1,Daylight,1,Dry,2100,"Trafficway, On Road",6/12/18 9:06
14,430790,1,41.363741,-72.923298,2949268,6/12/18,9:26:00,O,Property Damage Only,O,No Apparent Injury (O),2,State,6.88,10,CT-10,10-N,PALMER AV,,,,,1,Clear,1,Daylight,1,Dry,41100,"Trafficway, On Road",6/12/18 9:26
6619,428588,1,41.38666,-72.90649,2947067,6/12/18,10:09:00,O,Property Damage Only,O,No Apparent Injury (O),2,Local,0.26,174,EVERGREEN AV,EVERGREEN AV,COLONIAL DR,,,,,1,Clear,1,Daylight,1,Dry,6400,"Trafficway, On Road",6/12/18 10:09
2045,426622,1,41.428505,-72.906358,2945104,6/12/18,13:03:00,A,"Injury of any type (Serious, Minor, Possible)",A,Suspected Serious Injury (A),2,State,12.02,10,CT-10,10-N,TUTTLE AV NO 1,,,,,1,Clear,1,Daylight,1,Dry,17600,"Trafficway, On Road",6/12/18 13:03
2189,426987,1,41.387243,-72.900535,2945468,6/12/18,15:42:00,O,Property Damage Only,O,No Apparent Injury (O),2,State,9.08,10,CT-10,10-N,,Day Spring Avenue,100,Feet,N,1,Clear,1,Daylight,1,Dry,16900,"Trafficway, On Road",6/12/18 15:42
4908,427288,1,41.379163,-72.903351,2945768,6/12/18,15:55:00,O,Property Damage Only,O,No Apparent Injury (O),2,State,3.32,707,WHITNEY AV,707-N,,15-N off ramp,100,Feet,N,1,Clear,1,Daylight,1,Dry,16900,"Trafficway, On Road",6/12/18 15:55
8343,426645,1,41.335086,-72.930307,2945127,6/12/18,18:32:00,O,Property Damage Only,O,No Apparent Injury (O),2,Local,0.17,488,SHELTON AV,SHELTON AV,,Goodrich Street,73.40000153,Feet,S,1,Clear,1,Daylight,1,Dry,2200,"Trafficway, On Road",6/12/18 18:32
6146,427289,1,41.352283,-72.935901,2945769,6/12/18,19:27:00,O,Property Damage Only,O,No Apparent Injury (O),2,Local,0.96,99,CIRCULAR AV,CIRCULAR AV,PEARL AV,,,,,1,Clear,1,Daylight,1,Dry,7100,"Trafficway, On Road",6/12/18 19:27
4324,427526,1,41.378122,-72.905319,2946006,6/12/18,19:39:00,O,Property Damage Only,O,No Apparent Injury (O),2,State,0.18,15,15-S,15-S-122,,Route 15 Southbound,10,Feet,W,1,Clear,1,Daylight,1,Dry,9300,"Trafficway, On Road",6/12/18 19:39
5232,426988,1,41.359942,-72.909581,2945469,6/13/18,9:00:00,O,Property Damage Only,O,No Apparent Injury (O),1,State,1.96,707,WHITNEY AV,707-N,HAWTHORNE AV,,,,,1,Clear,1,Daylight,1,Dry,11900,"Trafficway, On Road",6/13/18 9:00
6547,426989,1,41.374001,-72.950351,2945470,6/13/18,11:30:00,O,Property Damage Only,O,No Apparent Injury (O),1,Local,1.83,152,DUNBAR HILL RD,DUNBAR HILL RD,,HIGH RIDGE ROAD,457,Feet,N,1,Clear,1,Daylight,1,Dry,,"Trafficway, On Road",6/13/18 11:30
5175,426990,1,41.371092,-72.906244,2945471,6/13/18,14:19:00,A,"Injury of any type (Serious, Minor, Possible)",C,Possible Injury (C),2,State,2.74,707,WHITNEY AV,707-N,SKIFF ST,,,,,2,Cloudy,1,Daylight,1,Dry,13300,"Trafficway, On Road",6/13/18 14:19
2191,427290,1,41.388153,-72.90011,2945770,6/13/18,16:27:00,O,Property Damage Only,O,No Apparent Injury (O),2,State,9.15,10,CT-10,10-N,,LINCOLN ST,50,Feet,N,1,Clear,1,Daylight,1,Dry,16900,"Trafficway, On Road",6/13/18 16:27
8191,426991,1,41.358787,-72.900572,2945472,6/13/18,16:49:00,O,Property Damage Only,O,No Apparent Injury (O),2,Local,1.68,452,RIDGE RD,RIDGE RD,HAVERFORD ST,,,,,1,Clear,1,Daylight,1,Dry,5200,"Trafficway, On Road",6/13/18 16:49
5607,430791,1,41.374566,-72.915877,2949269,6/13/18,17:00:00,O,Property Damage Only,O,No Apparent Injury (O),2,State,0.17,753,CT-10,753-S,SKIFF ST,,,,,1,Clear,1,Daylight,1,Dry,13900,"Trafficway, On Road",6/13/18 17:00
3871,426446,1,41.378141,-72.9053,2944928,6/13/18,17:29:00,O,Property Damage Only,O,No Apparent Injury (O),2,State,51.46,15,15-S,15-S ENTRANCE RAMP 61,,15-S,20,Feet,N,1,Clear,1,Daylight,1,Dry,71800,"Trafficway, On Road",6/13/18 17:29
2047,426992,1,41.440007,-72.910406,2945473,6/14/18,6:56:00,A,"Injury of any type (Serious, Minor, Possible)",C,Possible Injury (C),1,State,12.85,10,CT-10,10-N,,RIVER ROAD,300,Feet,N,1,Clear,1,Daylight,1,Dry,17600,"Trafficway, On Road",6/14/18 6:56
2352,426993,1,41.400082,-72.897575,2945474,6/14/18,8:24:00,O,Property Damage Only,O,No Apparent Injury (O),2,State,10,10,CT-10,10-N,40-S-6,,,,,1,Clear,1,Daylight,1,Dry,14800,"Trafficway, On Road",6/14/18 8:24
5336,426994,1,41.353159,-72.913153,2945475,6/14/18,10:11:00,O,Property Damage Only,O,No Apparent Injury (O),2,State,1.43,707,WHITNEY AV,707-N,SERVOSS ST,,,,,1,Clear,1,Daylight,1,Dry,11300,"Trafficway, On Road",6/14/18 10:11
13,427005,1,41.364352,-72.922775,2945486,6/14/18,15:13:00,O,Property Damage Only,O,No Apparent Injury (O),2,State,6.93,10,CT-10,10-N,Lee Street,,,,,1,Clear,1,Daylight,1,Dry,41100,"Trafficway, On Road",6/14/18 15:13
5838,428589,1,41.364777,-72.930527,2947068,6/14/18,15:21:00,O,Property Damage Only,O,No Apparent Injury (O),2,Local,0.37,42,BENHAM ST,BENHAM ST,VANTAGE RD,,,,,1,Clear,1,Daylight,1,Dry,12600,"Trafficway, On Road",6/14/18 15:21
6661,427006,1,41.342169,-72.941262,2945487,6/14/18,19:31:00,O,Property Damage Only,O,No Apparent Injury (O),2,Local,0.27,176,FAIRVIEW AV,FAIRVIEW AV,,North Street,94,Feet,N,1,Clear,1,Daylight,1,Dry,4800,"Trafficway, On Road",6/14/18 19:31
2190,427007,1,41.388332,-72.900173,2945488,6/15/18,8:58:00,A,"Injury of any type (Serious, Minor, Possible)",B,Suspected Minor Injury (B),1,State,9.16,10,CT-10,10-N,LINCOLN ST,,,,,1,Clear,1,Daylight,1,Dry,16900,"Trafficway, Not on Road",6/15/18 8:58
4291,428341,1,41.37823,-72.90529,2946820,6/15/18,9:33:00,O,Property Damage Only,O,No Apparent Injury (O),2,State,0.17,15,15-S,15-S EXIT 61 ENTRANCE RAMP,,15-S,40,Feet,N,1,Clear,1,Daylight,1,Dry,9300,"Trafficway, On Road",6/15/18 9:33