,CrashId,Fatal Case Status,lat,lon,DOT Case Number,Date Of Crash,Time of Crash,Crash Severity,Crash Severity Text Format,Most Severe Injury,Most Severe Injury Text Format,Number Of Motor Vehicles,Route Class Text Format,Milemarker,Road Number,Road Description,Roadway Name,Intersecting Roadway Name,Landmark Description,Distance From Nearest Landmark,Unit Of Measure From Nearest Landmark,Direction From Nearest Landmark,Weather Condition,Weather Condition Text Format,Light Condition,Light Condition Text Format,Road Surface Condition,Road Surface Condition Text Format,Average Daily Traffic,Trafficway Class Text Format,full_date
9283,427661,1,41.345509,-72.941981,2946141,6/15/18,20:42:00,O,Property Damage Only,O,No Apparent Injury (O),2,Local,1.29,598,WOODIN ST,WOODIN ST,ROCHFORD AV,,,,,1,Clear,4,Dark-Lighted,1,Dry,5400,"Trafficway, On Road",6/15/18 20:42
7824,429878,1,41.329597,-72.898499,2948356,6/16/18,0:12:00,A,"Injury of any type (Serious, Minor, Possible)",C,Possible Injury (C),2,Local,0,414,PARK RD,PARK RD,ARMSTRONG ST,,,,,1,Clear,4,Dark-Lighted,1,Dry,2800,"Trafficway, On Road",6/16/18 0:12
2514,428590,1,41.338547,-72.935253,2947069,6/16/18,2:00:00,O,Property Damage Only,O,No Apparent Injury (O),2,State,5,10,CT-10,10-N,MORSE ST,,,,,1,Clear,4,Dark-Lighted,1,Dry,12300,"Trafficway, On Road",6/16/18 2:00
3040,426652,1,41.36528129,-72.92654734,2945134,6/16/18,2:21:00,A,"Injury of any type (Serious, Minor, Possible)",B,Suspected Minor Injury (B),3,State,49.96,15,15-N,15-N,,EXIT 60,10,TenthsofMile,S,1,Clear,4,Dark-Lighted,1,Dry,79900,"Trafficway, On Road",6/16/18 2:21
8685,427008,1,41.371511,-72.907352,2945489,6/16/18,10:57:00,O,Property Damage Only,O,No Apparent Injury (O),2,Local,0.06,494,SKIFF ST,SKIFF ST,,Skiff St,50,Feet,N,1,Clear,1,Daylight,1,Dry,24000,"Trafficway, On Road",6/16/18 10:57
8765,427009,1,41.374734,-72.916535,2945490,6/16/18,11:10:00,O,Property Damage Only,O,No Apparent Injury (O),2,Local,0.04,495,SKIFF ST EXT,SKIFF ST EXT,,Dixwell Avenue,30,Feet,W,1,Clear,1,Daylight,1,Dry,9400,"Trafficway, On Road",6/16/18 11:10
1221,430792,1,41.372628,-72.91713,2949270,6/16/18,15:28:00,O,Property Damage Only,O,No Apparent Injury (O),2,State,7.57,10,CT-10,10-N,,Skiff St.,700,Feet,S,1,Clear,1,Daylight,1,Dry,23700,"Trafficway, On Road",6/16/18 15:28
5233,427010,1,41.360276,-72.909564,2945491,6/16/18,15:35:00,O,Property Damage Only,O,No Apparent Injury (O),2,State,1.98,707,WHITNEY AV,707-N,,Hawthorne Ave,100,Feet,N,1,Clear,1,Daylight,1,Dry,11900,"Trafficway, On Road",6/16/18 15:35
6317,436674,1,41.403304,-72.909299,2955152,6/16/18,17:47:00,O,Property Damage Only,O,No Apparent Injury (O),2,Local,0.14,685,COSTANZO CT,COSTANZO CT,,Ferguson road,20,Feet,S,1,Clear,1,Daylight,1,Dry,,"Trafficway, On Road",6/16/18 17:47
5009,427011,1,41.347759,-72.913085,2945492,6/16/18,18:01:00,O,Property Damage Only,O,No Apparent Injury (O),2,State,1.07,707,WHITNEY AV,707-N,,Treadwell Street,95,Feet,S,1,Clear,1,Daylight,1,Dry,14300,"Trafficway, On Road",6/16/18 18:01
565,426957,1,41.346501,-72.933881,2945438,6/16/18,23:54:00,O,Property Damage Only,O,No Apparent Injury (O),2,State,5.56,10,CT-10,10-N,CIRCULAR,,,,,1,Clear,4,Dark-Lighted,1,Dry,26700,"Trafficway, On Road",6/16/18 23:54
5724,427012,1,41.342728,-72.920054,2945493,6/17/18,13:09:00,O,Property Damage Only,O,No Apparent Injury (O),2,Local,0.42,21,AUGUR ST,AUGUR ST,,Paramount Ave.,75,Feet,S,1,Clear,1,Daylight,1,Dry,,"Trafficway, On Road",6/17/18 13:09
3041,427260,1,41.360515,-72.935692,2945740,6/17/18,15:53:00,O,Property Damage Only,O,No Apparent Injury (O),3,State,49.38,15,15-N,15-N,,Exit 60,6,TenthsofMile,S,1,Clear,1,Daylight,1,Dry,79900,"Trafficway, On Road",6/17/18 15:53
2433,427424,1,41.338289,-72.9411,2945904,6/17/18,21:49:00,O,Property Damage Only,O,No Apparent Injury (O),2,State,4.7,10,CT-10,10-N,ARCH ST,,,,,1,Clear,4,Dark-Lighted,1,Dry,13600,"Trafficway, On Road",6/17/18 21:49
6037,426678,1,41.39775,-72.903702,2945160,6/18/18,10:21:00,O,Property Damage Only,O,No Apparent Injury (O),2,Local,0,74,CANNON ST,CANNON ST,EVERGREEN AV,,,,,1,Clear,1,Daylight,1,Dry,,"Trafficway, On Road",6/18/18 10:21
8376,427425,1,41.391482,-72.922668,2945905,6/18/18,11:32:00,O,Property Damage Only,O,No Apparent Injury (O),2,Local,1.13,489,SHEPARD AV,SHEPARD AV,SHERMAN AV NO 1,,,,,1,Clear,1,Daylight,1,Dry,1400,"Trafficway, On Road",6/18/18 11:32
5176,427426,1,41.371029,-72.906305,2945906,6/18/18,12:46:00,O,Property Damage Only,O,No Apparent Injury (O),2,State,2.74,707,WHITNEY AV,707-N,SKIFF ST,,100,Feet,W,1,Clear,1,Daylight,1,Dry,13300,"Trafficway, On Road",6/18/18 12:46
801,427427,1,41.4039615,-72.89835983,2945907,6/18/18,15:47:00,O,Property Damage Only,O,No Apparent Injury (O),2,State,10.28,10,CT-10,10-N,,Dickerman Street,50,Feet,N,1,Clear,1,Daylight,1,Dry,25300,"Trafficway, On Road",6/18/18 15:47
1349,428700,1,41.349943,-72.932104,2947179,6/18/18,22:03:00,O,Property Damage Only,O,No Apparent Injury (O),2,State,5.82,10,CT-10,10-N,,Collins Street,82,Feet,N,1,Clear,4,Dark-Lighted,1,Dry,23400,"Trafficway, On Road",6/18/18 22:03
2434,428701,1,41.338301,-72.935256,2947180,6/18/18,22:23:00,O,Property Damage Only,O,No Apparent Injury (O),2,State,4.7,10,CT-10,10-N,ARCH ST,,,,,1,Clear,4,Dark-Lighted,1,Dry,13600,"Trafficway, On Road",6/18/18 22:23
6147,427428,1,41.35227,-72.935862,2945908,6/19/18,7:29:00,O,Property Damage Only,O,No Apparent Injury (O),2,Local,0.96,99,CIRCULAR AV,CIRCULAR AV,BEACON ST,,,,,1,Clear,1,Daylight,1,Dry,7100,"Trafficway, On Road",6/19/18 7:29
1217,427662,1,41.372806,-72.91722,2946142,6/19/18,8:49:00,O,Property Damage Only,O,No Apparent Injury (O),1,State,7.57,10,CT-10,10-N,,SKIFF STREET,1,TenthsofMile,S,1,Clear,1,Daylight,1,Dry,23700,"Trafficway, On Road",6/19/18 8:49
802,427429,1,41.404137,-72.898524,2945909,6/19/18,12:26:00,O,Property Damage Only,O,No Apparent Injury (O),2,State,10.29,10,CT-10,10-N,,DICKERMAN STREET,100,Feet,N,1,Clear,1,Daylight,1,Dry,25300,"Trafficway, On Road",6/19/18 12:26
8853,428702,1,41.361805,-72.906802,2947181,6/19/18,14:38:00,O,Property Damage Only,O,No Apparent Injury (O),2,Local,0.13,512,SWARTHMORE ST,SWARTHMORE ST,,WHITNEY AVENUE,649,Feet,E,1,Clear,1,Daylight,1,Dry,,"Trafficway, On Road",6/19/18 14:38
4805,427431,1,41.335909,-72.899857,2945911,6/19/18,15:28:00,O,Property Damage Only,O,No Apparent Injury (O),2,USRoute,1.59,5,US-5,5-N,,Ridge Road,95,Feet,N,1,Clear,1,Daylight,1,Dry,9900,"Trafficway, On Road",6/19/18 15:28
803,427432,1,41.404111,-72.898524,2945912,6/20/18,7:59:00,O,Property Damage Only,O,No Apparent Injury (O),2,State,10.29,10,CT-10,10-N,,Dickerman Street,104,Feet,N,1,Clear,1,Daylight,1,Dry,25300,"Trafficway, On Road",6/20/18 7:59
5837,427433,1,41.364916,-72.932269,2945913,6/20/18,8:39:00,O,Property Damage Only,O,No Apparent Injury (O),1,Local,0.46,42,BENHAM ST,BENHAM ST,,VANTAGE STREET,500,Feet,W,1,Clear,1,Daylight,1,Dry,12600,"Trafficway, On Road",6/20/18 8:39
9049,429894,1,41.329732,-72.896888,2948372,6/20/18,8:51:00,O,Property Damage Only,O,No Apparent Injury (O),2,Local,0.39,562,WELTON ST,WELTON ST,,Armstrong St,72,Feet,S,1,Clear,1,Daylight,1,Dry,,"Trafficway, On Road",6/20/18 8:51
8822,428703,1,41.390951,-72.928931,2947182,6/20/18,11:05:00,O,Property Damage Only,O,No Apparent Injury (O),1,Local,0.36,641,SKYVIEW CIR,SKYVIEW CIR,HUME DR,,,,,1,Clear,1,Daylight,1,Dry,,"Trafficway, Not on Road",6/20/18 11:05
489,428516,1,41.35882,-72.92593,2946995,6/20/18,14:36:00,A,"Injury of any type (Serious, Minor, Possible)",B,Suspected Minor Injury (B),2,State,6.52,10,CT-10,10-N,,Mather Street,75,Feet,S,1,Clear,1,Daylight,1,Dry,27500,"Trafficway, On Road",6/20/18 14:36
804,428704,1,41.346981,-72.93366,2947183,6/20/18,16:59:00,O,Property Damage Only,O,No Apparent Injury (O),2,State,5.61,10,CT-10,10-N,,Circular Ave ,209,Feet,N,1,Clear,1,Daylight,1,Dry,25300,"Trafficway, On Road",6/20/18 16:59
3820,428402,1,41.366405,-72.918733,2946881,6/20/18,17:09:00,O,Property Damage Only,O,No Apparent Injury (O),2,State,50.41,15,15-S,15-S,,Exit 60,1143,Feet,N,1,Clear,1,Daylight,1,Dry,71800,"Trafficway, On Road",6/20/18 17:09
8959,428705,1,41.356318,-72.921019,2947184,6/20/18,18:07:00,O,Property Damage Only,O,No Apparent Injury (O),2,Local,1.18,548,WAITE ST,WAITE ST,MATHER ST,,,,,1,Clear,1,Daylight,1,Dry,3200,"Trafficway, On Road",6/20/18 18:07
805,428706,1,41.346436,-72.933887,2947185,6/20/18,18:25:00,O,Property Damage Only,O,No Apparent Injury (O),2,State,5.57,10,CT-10,10-N,Putnam Ave,,,,,1,Clear,1,Daylight,1,Dry,25300,"Trafficway, On Road",6/20/18 18:25
2049,428707,1,41.436775,-72.908794,2947186,6/21/18,10:08:00,O,Property Damage Only,O,No Apparent Injury (O),2,State,12.62,10,CT-10,10-N,SHEPARD AV,,,,,1,Clear,1,Daylight,1,Dry,17600,"Trafficway, On Road",6/21/18 10:08
225,428517,1,41.362661,-72.9238,2946996,6/21/18,13:02:00,O,Property Damage Only,O,No Apparent Injury (O),2,State,6.8,10,CT-10,10-N,BENHAM ST,,,,,1,Clear,1,Daylight,1,Dry,32100,"Trafficway, On Road",6/21/18 13:02
6620,428708,1,41.386903,-72.906513,2947187,6/21/18,15:52:00,A,"Injury of any type (Serious, Minor, Possible)",B,Suspected Minor Injury (B),1,Local,0.28,174,EVERGREEN AV,EVERGREEN AV,,Colonial Drive,89,Feet,N,1,Clear,1,Daylight,1,Dry,6400,"Trafficway, On Road",6/21/18 15:52
1218,428709,1,41.369439,-72.919113,2947188,6/21/18,15:57:00,O,Property Damage Only,O,No Apparent Injury (O),2,State,7.32,10,CT-10,10-N,,Connolly  Pkwy,3,TenthsofMile,N,1,Clear,1,Daylight,1,Dry,23700,"Trafficway, On Road",6/21/18 15:57
3042,428417,1,41.359699,-72.937805,2946896,6/21/18,16:05:00,O,Property Damage Only,O,No Apparent Injury (O),2,State,49.26,15,15-N,15-N,,Exit 60,7,TenthsofMile,S,1,Clear,1,Daylight,1,Dry,79900,"Trafficway, On Road",6/21/18 16:05
8933,428710,1,41.435603,-72.89547,2947189,6/21/18,17:44:00,A,"Injury of any type (Serious, Minor, Possible)",C,Possible Injury (C),1,Local,0.76,530,TUTTLE AV,TUTTLE AV NO 1,RIVER RD NO 2,,,,,1,Clear,1,Daylight,1,Dry,,"Trafficway, On Road",6/21/18 17:44
2524,602285,1,41.338349,-72.935666,3120714,6/21/18,17:55:00,O,Property Damage Only,O,No Apparent Injury (O),1,State,4.97,10,CT-10,10-N,,Dixwell Avenue,50,Feet,W,1,Clear,1,Daylight,1,Dry,12300,"Trafficway, On Road",6/21/18 17:55
8586,428711,1,41.393132,-72.920371,2947190,6/21/18,19:54:00,O,Property Damage Only,O,No Apparent Injury (O),2,Local,0.21,491,SHERMAN AV,SHERMAN AV NO 1,RACCIO PARK RD,,,,,1,Clear,1,Daylight,1,Dry,5600,"Trafficway, On Road",6/21/18 19:54
490,429898,1,41.35903,-72.925794,2948376,6/21/18,21:54:00,A,"Injury of any type (Serious, Minor, Possible)",C,Possible Injury (C),2,State,6.53,10,CT-10,10-N,MATHER ST,,,,,1,Clear,4,Dark-Lighted,1,Dry,27500,"Trafficway, On Road",6/21/18 21:54
4325,429603,1,41.378119,-72.905311,2948081,6/22/18,8:45:00,O,Property Damage Only,O,No Apparent Injury (O),2,State,0.18,15,15-S,15-S-122,,ROUTE 15 SOUTHBOUND,25,Feet,N,1,Clear,1,Daylight,1,Dry,9300,"Trafficway, On Road",6/22/18 8:45
9130,429899,1,41.420735,-72.938539,2948377,6/22/18,12:45:00,O,Property Damage Only,O,No Apparent Injury (O),2,Local,0.95,655,WEST WOODS RD,WEST WOODS RD NO 2,,Joyce Rd.,275,Feet,E,2,Cloudy,1,Daylight,1,Dry,1700,"Trafficway, On Road",6/22/18 12:45
640,428712,1,41.420745,-72.904268,2947191,6/22/18,18:02:00,A,"Injury of any type (Serious, Minor, Possible)",B,Suspected Minor Injury (B),2,State,11.48,10,CT-10,10-N,WEST WOODS RD NO 1,,,,,1,Clear,1,Daylight,1,Dry,25800,"Trafficway, On Road",6/22/18 18:02
1219,428713,1,41.373119,-72.916843,2947192,6/22/18,19:11:00,O,Property Damage Only,O,No Apparent Injury (O),2,State,7.6,10,CT-10,10-N,,Skiff Street,1,TenthsofMile,S,1,Clear,1,Daylight,1,Dry,23700,"Trafficway, On Road",6/22/18 19:11
6662,431341,1,41.338355,-72.941072,2949819,6/22/18,21:13:00,O,Property Damage Only,O,No Apparent Injury (O),2,Local,0,176,FAIRVIEW AV,FAIRVIEW AV,ARCH ST,,,,,1,Clear,4,Dark-Lighted,1,Dry,4800,"Trafficway, On Road",6/22/18 21:13
3602,432268,1,41.364297,-72.928832,2950746,6/23/18,6:41:00,O,Property Damage Only,O,No Apparent Injury (O),2,State,49.84,15,15-S,15-S,,Exit 60,3,TenthsofMile,S,2,Cloudy,1,Daylight,1,Dry,79900,"Trafficway, On Road",6/23/18 6:41
2157,428714,1,41.38366,-72.90487,2947193,6/23/18,9:13:00,O,Property Damage Only,O,No Apparent Injury (O),2,State,8.7,10,CT-10,10-N,OLD DIXWELL AV,,,,,2,Cloudy,1,Daylight,1,Dry,17000,"Trafficway, On Road",6/23/18 9:13
6165,428715,1,41.358003,-72.937255,2947194,6/23/18,14:41:00,O,Property Damage Only,O,No Apparent Injury (O),1,Local,0.57,99,CIRCULAR AV,CIRCULAR AV,BATTIS RD,,,,,1,Clear,1,Daylight,1,Dry,1900,"Trafficway, On Road",6/23/18 14:41
8686,428716,1,41.374461,-72.915562,2947195,6/23/18,21:59:00,O,Property Damage Only,O,No Apparent Injury (O),2,Local,0.53,494,SKIFF ST,SKIFF ST,,Dixwell Avenue,10,Feet,E,1,Clear,4,Dark-Lighted,1,Dry,24000,"Trafficway, On Road",6/23/18 21:59
3064,601967,1,41.36296,-72.93067,3120396,6/24/18,0:53:00,O,Property Damage Only,O,No Apparent Injury (O),2,State,49.7,15,15-N,15-N,,EXIT #60,3,TenthsofMile,S,1,Clear,5,Dark-Not Lighted,1,Dry,79900,"Trafficway, On Road",6/24/18 0:53
3043,431435,1,41.36528129,-72.92654734,2949913,6/24/18,4:51:00,O,Property Damage Only,O,No Apparent Injury (O),1,State,49.96,15,15-N,15-N,,EXIT #60,3,TenthsofMile,N,1,Clear,5,Dark-Not Lighted,1,Dry,79900,"Trafficway, On Road",6/24/18 4:51
5681,429309,1,41.39977,-72.911514,2947787,6/24/18,10:41:00,O,Property Damage Only,O,No Apparent Injury (O),2,Local,0.42,626,ANNS FARM RD,ANNS FARM RD,,Read Road,627,Feet,S,1,Clear,1,Daylight,1,Dry,,"Trafficway, On Road",6/24/18 10:41
8058,428718,1,41.343664,-72.926376,2947197,6/24/18,13:23:00,A,"Injury of any type (Serious, Minor, Possible)",C,Possible Injury (C),2,Local,0.74,439,PUTNAM AV,PUTNAM AV,LEEDER HILL DR,,,,,1,Clear,1,Daylight,1,Dry,10000,"Trafficway, On Road",6/24/18 13:23
5104,438056,1,41.345757,-72.912345,2956534,6/25/18,0:10:00,O,Property Damage Only,O,No Apparent Injury (O),1,State,0.92,707,WHITNEY AV,707-N,,Lake Rd,99,Feet,S,1,Clear,4,Dark-Lighted,1,Dry,13500,"Trafficway, On Road",6/25/18 0:10
2383,429900,1,41.39228,-72.89761,2948378,6/25/18,17:05:00,A,"Injury of any type (Serious, Minor, Possible)",C,Possible Injury (C),1,State,9.46,10,CT-10,10-N,,James St,20,Feet,N,1,Clear,1,Daylight,1,Dry,14700,"Trafficway, On Road",6/25/18 17:05
6925,602286,1,41.335736,-72.934674,3120715,6/25/18,17:31:00,A,"Injury of any type (Serious, Minor, Possible)",C,Possible Injury (C),1,Local,0.78,222,GOODRICH ST,GOODRICH ST,,DIXWELL AVENUE,130,Feet,E,1,Clear,1,Daylight,1,Dry,3100,"Trafficway, On Road",6/25/18 17:31
1968,430793,1,41.38278295,-72.90989043,2949271,6/25/18,22:19:00,A,"Injury of any type (Serious, Minor, Possible)",C,Possible Injury (C),2,State,8.39,10,CT-10,10-N,,Thompson St,150,Feet,E,1,Clear,4,Dark-Lighted,1,Dry,18400,"Trafficway, On Road",6/25/18 22:19
9186,435872,1,41.348276,-72.948547,2954350,6/26/18,11:19:00,O,Property Damage Only,O,No Apparent Injury (O),2,Local,0.04,588,WILMOT RD,WILMOT RD,,WOODIN ST,200,Feet,N,1,Clear,1,Daylight,1,Dry,,"Trafficway, On Road",6/26/18 11:19
8082,429902,1,41.345726,-72.932982,2948380,6/26/18,13:08:00,O,Property Damage Only,O,No Apparent Injury (O),2,Local,1.12,439,PUTNAM AV,PUTNAM AV,,Dixwell Avenue,300,Feet,E,1,Clear,1,Daylight,1,Dry,,"Trafficway, On Road",6/26/18 13:08
2193,429903,1,41.38526,-72.901257,2948381,6/26/18,13:45:00,O,Property Damage Only,O,No Apparent Injury (O),2,State,8.94,10,CT-10,10-N,,COLONIAL DRIVE,300,Feet,S,1,Clear,1,Daylight,1,Dry,16900,"Trafficway, On Road",6/26/18 13:45
1093,430807,1,41.343851,-72.934659,2949285,6/26/18,15:35:00,O,Property Damage Only,O,No Apparent Injury (O),3,State,5.39,10,CT-10,10-N,THIRD ST,,,,,1,Clear,1,Daylight,1,Dry,24100,"Trafficway, On Road",6/26/18 15:35
7918,432768,1,41.34847,-72.945019,2951246,6/26/18,16:19:00,A,"Injury of any type (Serious, Minor, Possible)",C,Possible Injury (C),2,Local,0.15,429,PINE ROCK AV,PINE ROCK AV NO 1,OBERLIN RD,,,,,1,Clear,1,Daylight,1,Dry,5500,"Trafficway, On Road",6/26/18 16:19
4737,441141,1,41.334017,-72.900647,2959619,6/27/18,10:38:00,O,Property Damage Only,O,No Apparent Injury (O),2,USRoute,1.45,5,US-5,5-N,,Farm Rd,85,Feet,S,1,Clear,1,Daylight,1,Dry,14100,"Trafficway, On Road",6/27/18 10:38
7737,429879,1,41.40562,-72.926758,2948357,6/28/18,4:19:00,O,Property Damage Only,O,No Apparent Injury (O),2,Local,0.19,289,NOLAN RD,NOLAN RD,OLD COACH HWY,,,,,1,Clear,6,Dark-Unknown Lighting,2,Wet,,"Trafficway, On Road",6/28/18 4:19
2062,614843,1,41.4351,-72.9089,3133270,6/28/18,4:21:00,O,Property Damage Only,O,No Apparent Injury (O),2,State,12.5,10,CT-10,10-N,,SHEPARD AVE,400,Feet,S,1,Clear,4,Dark-Lighted,1,Dry,17600,"Trafficway, On Road",6/28/18 4:21
3314,430765,1,41.365722,-72.920625,2949243,6/28/18,6:07:00,O,Property Damage Only,O,No Apparent Injury (O),1,State,50.27,15,15-N,15-N,,Exit 60,3,TenthsofMile,N,4,Rain,1,Daylight,2,Wet,66000,"Trafficway, On Road",6/28/18 6:07
4910,429904,1,41.383484,-72.901846,2948382,6/28/18,21:30:00,O,Property Damage Only,O,No Apparent Injury (O),2,State,3.62,707,WHITNEY AV,707-N,10-N,,,,,1,Clear,4,Dark-Lighted,1,Dry,16900,"Trafficway, On Road",6/28/18 21:30
8893,431342,1,41.427148,-72.915803,2949820,6/29/18,9:23:00,O,Property Damage Only,O,No Apparent Injury (O),2,Local,0.04,525,TODD ST,TODD ST,,WHITNEY AVENUE,1,TenthsofMile,W,1,Clear,1,Daylight,1,Dry,1800,"Trafficway, On Road",6/29/18 9:23
8687,431343,1,41.371185,-72.90675,2949821,6/29/18,12:35:00,O,Property Damage Only,O,No Apparent Injury (O),2,Local,0.02,494,SKIFF ST,SKIFF ST,,Whitney Av,100,Feet,W,1,Clear,1,Daylight,1,Dry,24000,"Trafficway, On Road",6/29/18 12:35
15,430808,1,41.363819,-72.923248,2949286,6/29/18,17:53:00,O,Property Damage Only,O,No Apparent Injury (O),2,State,6.88,10,CT-10,10-N,PALMER AV,,,,,1,Clear,1,Daylight,1,Dry,41100,"Trafficway, On Road",6/29/18 17:53
4326,430406,1,41.378134,-72.905323,2948884,6/30/18,18:15:00,A,"Injury of any type (Serious, Minor, Possible)",B,Suspected Minor Injury (B),2,State,0.18,15,15-S,15-S-122,,Route 15 South ,10,Feet,N,1,Clear,1,Daylight,1,Dry,9300,"Trafficway, On Road",6/30/18 18:15
2515,430809,1,41.338442,-72.938418,2949287,6/30/18,19:54:00,O,Property Damage Only,O,No Apparent Injury (O),2,State,4.85,10,CT-10,10-N,DIX ST,,,,,1,Clear,1,Daylight,1,Dry,12300,"Trafficway, On Road",6/30/18 19:54
6421,503202,1,41.337911,-72.935143,918130,7/1/18,1:53:00,K,Fatal (Kill),K,Fatal Injury (K),3,Local,0.18,142,DIXWELL AV,DIXWELL AV NO 1,,Morse Street,107,Feet,S,1,Clear,4,Dark-Lighted,1,Dry,15600,"Trafficway, On Road",7/1/18 1:53
7138,430810,1,41.346801,-72.935229,2949288,7/1/18,4:33:00,O,Property Damage Only,O,No Apparent Injury (O),2,Local,0.06,251,HELEN ST,HELEN ST,,NOTKINS ST,10,Feet,W,1,Clear,4,Dark-Lighted,1,Dry,3000,"Trafficway, On Road",7/1/18 4:33
6278,431344,1,41.352686,-72.933227,2949822,7/1/18,11:01:00,O,Property Damage Only,O,No Apparent Injury (O),2,Local,0.09,110,CONCORD ST,CONCORD ST,GARDEN ST,,,,,1,Clear,1,Daylight,1,Dry,,"Trafficway, On Road",7/1/18 11:01
7979,465557,1,41.335056,-72.919909,2984024,7/1/18,14:22:00,A,"Injury of any type (Serious, Minor, Possible)",C,Possible Injury (C),1,Local,0.02,436,PROSPECT CT,PROSPECT CT,,Prospect St,50,Feet,W,1,Clear,1,Daylight,1,Dry,,"Trafficway, On Road",7/1/18 14:22
4831,430921,1,41.35414,-72.891341,2949399,7/1/18,15:31:00,O,Property Damage Only,O,No Apparent Injury (O),1,USRoute,2.94,5,US-5,5-N,,SEBEC STREET ,449,Feet,N,1,Clear,1,Daylight,1,Dry,9300,"Trafficway, On Road",7/1/18 15:31
6554,431345,1,41.365308,-72.951788,2949823,7/1/18,16:02:00,O,Property Damage Only,O,No Apparent Injury (O),2,Local,0.02,722,DUNBAR LA,DUNBAR LA,,Dunbar Hill Rd,108,Feet,W,1,Clear,1,Daylight,1,Dry,,"Trafficway, On Road",7/1/18 16:02
9024,431346,1,41.38369,-72.89897,2949824,7/2/18,10:21:00,A,"Injury of any type (Serious, Minor, Possible)",C,Possible Injury (C),2,Local,0.04,554,WASHINGTON AV,WASHINGTON AV,,Dixwell Avenue,150,Feet,N,1,Clear,1,Daylight,1,Dry,2700,"Trafficway, On Road",7/2/18 10:21
5608,431347,1,41.376649,-72.915441,2949825,7/2/18,11:35:00,O,Property Damage Only,O,No Apparent Injury (O),2,State,0.03,753,CT-10,753-S,SHEPARD AV,,,,,1,Clear,1,Daylight,1,Dry,13900,"Trafficway, On Road",7/2/18 11:35
1095,436892,1,41.34451,-72.93432,2955370,7/2/18,14:16:00,O,Property Damage Only,O,No Apparent Injury (O),2,State,5.42,10,CT-10,10-N,WOODIN ST,,,,,1,Clear,1,Daylight,1,Dry,24100,"Trafficway, On Road",7/2/18 14:16
5839,431348,1,41.365985,-72.936064,2949826,7/2/18,17:45:00,O,Property Damage Only,O,No Apparent Injury (O),1,Local,0.68,42,BENHAM ST,BENHAM ST,,Denslow Hill Rd.,160,Feet,E,1,Clear,1,Daylight,1,Dry,12600,"Trafficway, On Road",7/2/18 17:45
566,431349,1,41.346607,-72.933757,2949827,7/2/18,20:39:00,O,Property Damage Only,O,No Apparent Injury (O),2,State,5.56,10,CT-10,10-N,PUTNAM AV,,,,,1,Clear,1,Daylight,1,Dry,26700,"Trafficway, On Road",7/2/18 20:39
5010,431351,1,41.346759,-72.912712,2949829,7/3/18,16:27:00,A,"Injury of any type (Serious, Minor, Possible)",C,Possible Injury (C),2,State,0.99,707,WHITNEY AV,707-N,RALSTON AV,,,,,1,Clear,1,Daylight,1,Dry,14300,"Trafficway, On Road",7/3/18 16:27
7561,438701,1,41.336803,-72.924458,2957179,7/4/18,10:38:00,O,Property Damage Only,O,No Apparent Injury (O),3,Local,0.56,370,MORSE ST,MORSE ST,,NEWHALL ST,91,Feet,E,1,Clear,1,Daylight,1,Dry,3100,"Trafficway, On Road",7/4/18 10:38
5696,436894,1,41.338515,-72.936777,2955372,7/5/18,19:32:00,A,"Injury of any type (Serious, Minor, Possible)",C,Possible Injury (C),1,,,14,ARCH ST,38 ARCH STREET,,,,,,1,Clear,1,Daylight,1,Dry,,Non-trafficway,7/5/18 19:32
4833,432907,1,41.342728,-72.895381,2951385,7/6/18,8:06:00,O,Property Damage Only,O,No Apparent Injury (O),2,USRoute,2.12,5,US-5,5-N,,LONDON DR,420,Feet,N,1,Clear,1,Daylight,1,Dry,9300,"Trafficway, On Road",7/6/18 8:06
3822,432526,1,41.377011,-72.906887,2951004,7/6/18,8:33:00,O,Property Damage Only,O,No Apparent Injury (O),2,State,51.35,15,15-S,15-S,,EXIT 61,2,TenthsofMile,S,2,Cloudy,1,Daylight,1,Dry,71800,"Trafficway, On Road",7/6/18 8:33
135,436895,1,41.365672,-72.921976,2955373,7/6/18,12:10:00,O,Property Damage Only,O,No Apparent Injury (O),2,State,7.03,10,CT-10,10-N,,Connolly Pkwy,611,Feet,S,4,Rain,1,Daylight,2,Wet,34100,"Trafficway, On Road",7/6/18 12:10
3948,432391,1,41.382019,-72.89888,2950869,7/6/18,18:29:00,O,Property Damage Only,O,No Apparent Injury (O),3,State,51.93,15,15-S,15-S,,Exit #62,1,TenthsofMile,N,1,Clear,1,Daylight,1,Dry,68700,"Trafficway, On Road",7/6/18 18:29
8766,433186,1,41.376415,-72.920235,2951664,7/6/18,19:06:00,O,Property Damage Only,O,No Apparent Injury (O),2,Local,0.26,495,SKIFF ST EXT,SKIFF ST EXT,MIX AV,,,,,1,Clear,1,Daylight,1,Dry,9400,"Trafficway, On Road",7/6/18 19:06
1222,436896,1,41.369611,-72.919031,2955374,7/6/18,20:50:00,O,Property Damage Only,O,No Apparent Injury (O),2,State,7.33,10,CT-10,10-N,,Skiff Street,1970,Feet,S,1,Clear,4,Dark-Lighted,1,Dry,23700,"Trafficway, On Road",7/6/18 20:50
6755,433187,1,41.350551,-72.8959,2951665,7/7/18,10:39:00,O,Property Damage Only,O,No Apparent Injury (O),2,Local,0.36,192,FOOTE ST,FOOTE ST,,Leo Rd,78,Feet,W,1,Clear,1,Daylight,1,Dry,,"Trafficway, On Road",7/7/18 10:39