,CrashId,Fatal Case Status,lat,lon,DOT Case Number,Date Of Crash,Time of Crash,Crash Severity,Crash Severity Text Format,Most Severe Injury,Most Severe Injury Text Format,Number Of Motor Vehicles,Route Class Text Format,Milemarker,Road Number,Road Description,Roadway Name,Intersecting Roadway Name,Landmark Description,Distance From Nearest Landmark,Unit Of Measure From Nearest Landmark,Direction From Nearest Landmark,Weather Condition,Weather Condition Text Format,Light Condition,Light Condition Text Format,Road Surface Condition,Road Surface Condition Text Format,Average Daily Traffic,Trafficway Class Text Format,full_date
6386,433188,1,41.339786,-72.938244,2951666,7/7/18,19:57:00,O,Property Damage Only,O,No Apparent Injury (O),2,Local,0.1,141,DIX ST,DIX ST,,Pine St.,24,Feet,N,1,Clear,1,Daylight,1,Dry,,"Trafficway, On Road",7/7/18 19:57
5234,433189,1,41.361772,-72.909148,2951667,7/8/18,10:51:00,O,Property Damage Only,O,No Apparent Injury (O),2,State,2.09,707,WHITNEY AV,707-N,,ELIHU STREET,100,Feet,N,1,Clear,1,Daylight,1,Dry,11900,"Trafficway, On Road",7/8/18 10:51
6921,433191,1,41.33529,-72.929034,2951669,7/8/18,13:56:00,O,Property Damage Only,O,No Apparent Injury (O),2,Local,0.48,222,GOODRICH ST,GOODRICH ST,BUTLER ST,,,,,1,Clear,1,Daylight,1,Dry,3100,"Trafficway, On Road",7/8/18 13:56
6542,602287,1,41.337126,-72.934468,3120716,7/9/18,18:02:00,O,Property Damage Only,O,No Apparent Injury (O),1,Local,0.04,150,DUDLEY ST,DUDLEY ST,,Dixwell Ave,150,Feet,E,1,Clear,1,Daylight,1,Dry,750,"Trafficway, On Road",7/9/18 18:02
4605,438097,1,41.399884,-72.894679,2956575,7/10/18,6:10:00,A,"Injury of any type (Serious, Minor, Possible)",B,Suspected Minor Injury (B),1,State,2.89,40,40-N,40-N,,Exit 1,1,TenthsofMile,E,1,Clear,1,Daylight,1,Dry,18700,"Trafficway, On Road",7/10/18 6:10
3044,433246,1,41.347734,-72.966972,2951724,7/10/18,9:50:00,A,"Injury of any type (Serious, Minor, Possible)",C,Possible Injury (C),2,State,47.49,15,15-N,15-N,,Entrance 59,6,TenthsofMile,N,1,Clear,1,Daylight,1,Dry,79900,"Trafficway, On Road",7/10/18 9:50
5103,433192,1,41.345956,-72.91252,2951670,7/10/18,10:15:00,O,Property Damage Only,O,No Apparent Injury (O),2,State,0.94,707,WHITNEY AV,707-N,LAKE RD,,,,,1,Clear,1,Daylight,1,Dry,13500,"Trafficway, On Road",7/10/18 10:15
2158,433193,1,41.383446,-72.901857,2951671,7/10/18,12:23:00,O,Property Damage Only,O,No Apparent Injury (O),2,State,8.8,10,CT-10,10-N,707-N,,,,,1,Clear,1,Daylight,1,Dry,17000,"Trafficway, On Road",7/10/18 12:23
6785,433194,1,41.344621,-72.937401,2951672,7/10/18,12:25:00,O,Property Damage Only,O,No Apparent Injury (O),3,Local,0.14,198,FOURTH ST,FOURTH ST,WARREN ST,,,,,1,Clear,1,Daylight,1,Dry,,"Trafficway, On Road",7/10/18 12:25
5522,433195,1,41.383121,-72.899079,2951673,7/10/18,17:01:00,O,Property Damage Only,O,No Apparent Injury (O),2,State,0.14,717,DIXWELL AV,717-E,WASHINGTON AV,,,,,1,Clear,1,Daylight,1,Dry,15400,"Trafficway, On Road",7/10/18 17:01
7919,433196,1,41.346647,-72.945848,2951674,7/10/18,17:33:00,O,Property Damage Only,O,No Apparent Injury (O),1,Local,0.02,429,PINE ROCK AV,PINE ROCK AV NO 1,,Woodin St,110,Feet,N,1,Clear,1,Daylight,1,Dry,5500,"Trafficway, On Road",7/10/18 17:33
491,433197,1,41.35903,-72.925794,2951675,7/11/18,7:15:00,O,Property Damage Only,O,No Apparent Injury (O),2,State,6.53,10,CT-10,10-N,MATHER ST,,,,,1,Clear,1,Daylight,1,Dry,27500,"Trafficway, On Road",7/11/18 7:15
7776,433587,1,41.356907,-72.903408,2952065,7/11/18,8:53:00,O,Property Damage Only,O,No Apparent Injury (O),2,Local,0.07,403,ORCHARD CT,ORCHARD CT,,DESSA DRIVE,335,Feet,N,1,Clear,1,Daylight,1,Dry,,"Trafficway, On Road",7/11/18 8:53
3823,435289,1,41.378132,-72.905304,2953767,7/11/18,10:29:00,O,Property Damage Only,O,No Apparent Injury (O),2,State,51.46,15,15-S,15-S,,Route 15,43,Feet,N,1,Clear,1,Daylight,1,Dry,71800,"Trafficway, On Road",7/11/18 10:29
807,433588,1,41.405405,-72.898957,2952066,7/11/18,12:08:00,A,"Injury of any type (Serious, Minor, Possible)",C,Possible Injury (C),3,State,10.38,10,CT-10,10-N,WOODRUFF ST,,,,,1,Clear,1,Daylight,1,Dry,25300,"Trafficway, On Road",7/11/18 12:08
1969,433207,1,41.381728,-72.911507,2951685,7/11/18,13:09:00,O,Property Damage Only,O,No Apparent Injury (O),3,State,8.3,10,CT-10,10-N,WESTMINISTER ST,,,,,1,Clear,1,Daylight,1,Dry,18400,"Trafficway, On Road",7/11/18 13:09
3045,435291,1,41.359535,-72.938235,2953769,7/11/18,13:50:00,O,Property Damage Only,O,No Apparent Injury (O),2,State,49.23,15,15-N,15-N,,Exit 60,4046,Feet,S,1,Clear,1,Daylight,1,Dry,79900,"Trafficway, On Road",7/11/18 13:50
2194,436897,1,41.38929,-72.899442,2955375,7/11/18,19:41:00,O,Property Damage Only,O,No Apparent Injury (O),2,State,9.23,10,CT-10,10-N,,Lincoln St,400,Feet,N,1,Clear,1,Daylight,1,Dry,16900,"Trafficway, On Road",7/11/18 19:41
6166,438702,1,41.357217,-72.936993,2957180,7/11/18,21:04:00,O,Property Damage Only,O,No Apparent Injury (O),1,Local,0.62,99,CIRCULAR AV,CIRCULAR AV,GILBERT AV,,,,,1,Clear,4,Dark-Lighted,1,Dry,1900,Non-trafficway,7/11/18 21:04
134,433589,1,41.366248,-72.921505,2952067,7/12/18,12:17:00,O,Property Damage Only,O,No Apparent Injury (O),2,State,7.06,10,CT-10,10-N,,,,,,1,Clear,1,Daylight,1,Dry,34100,"Trafficway, On Road",7/12/18 12:17
3046,435412,1,41.35764,-72.942816,2953890,7/12/18,13:30:00,O,Property Damage Only,O,No Apparent Injury (O),2,State,48.96,15,15-N,15-N,,Exit 60,10,TenthsofMile,S,1,Clear,1,Daylight,1,Dry,79900,"Trafficway, On Road",7/12/18 13:30
8059,438069,1,41.343682,-72.926341,2956547,7/12/18,16:55:00,A,"Injury of any type (Serious, Minor, Possible)",C,Possible Injury (C),2,Local,0.74,439,PUTNAM AV,PUTNAM AV,LEEDER HILL DR,,,,,1,Clear,1,Daylight,1,Dry,10000,"Trafficway, On Road",7/12/18 16:55
5460,435799,1,41.383045,-72.8982,2954277,7/13/18,10:57:00,O,Property Damage Only,O,No Apparent Injury (O),2,State,0.19,717,DIXWELL AV,717-E,,WASHINGTON AVENUE,250,Feet,E,1,Clear,1,Daylight,1,Dry,18600,"Trafficway, On Road",7/13/18 10:57
3824,437212,1,41.377854,-72.9056,2955690,7/13/18,14:04:00,O,Property Damage Only,O,No Apparent Injury (O),2,State,51.43,15,15-S,15-S,,61-entrance,10,Feet,S,1,Clear,1,Daylight,1,Dry,71800,"Trafficway, On Road",7/13/18 14:04
5236,438703,1,41.3598,-72.9091,2957181,7/13/18,17:07:00,A,"Injury of any type (Serious, Minor, Possible)",B,Suspected Minor Injury (B),2,State,1.95,707,WHITNEY AV,707-N,,Hawthorne Ave.,75,Feet,S,1,Clear,1,Daylight,1,Dry,11900,"Trafficway, On Road",7/13/18 17:07
5235,438070,1,41.362335,-72.909075,2956548,7/13/18,17:30:00,O,Property Damage Only,O,No Apparent Injury (O),2,State,2.12,707,WHITNEY AV,707-N,SWARTHMORE ST,,,,,1,Clear,1,Daylight,1,Dry,11900,"Trafficway, On Road",7/13/18 17:30
3047,435915,1,41.347214,-72.967549,2954393,7/13/18,18:08:00,O,Property Damage Only,O,No Apparent Injury (O),2,State,47.44,15,15-N,15-N,,Entrance 59,500,Feet,N,1,Clear,1,Daylight,1,Dry,79900,"Trafficway, On Road",7/13/18 18:08
1094,436326,1,41.341601,-72.934943,2954804,7/14/18,11:30:00,O,Property Damage Only,O,No Apparent Injury (O),2,State,5.23,10,CT-10,10-N,,North Street,79,Feet,S,1,Clear,1,Daylight,1,Dry,24100,"Trafficway, On Road",7/14/18 11:30
7450,438071,1,41.376021,-72.920522,2956549,7/14/18,13:59:00,O,Property Damage Only,O,No Apparent Injury (O),2,Local,0.92,366,MIX AV,MIX AV,,Skiff Street,50,Feet,S,1,Clear,1,Daylight,1,Dry,4000,"Trafficway, On Road",7/14/18 13:59
16,439086,1,41.363828,-72.923473,2957564,7/15/18,9:00:00,O,Property Damage Only,O,No Apparent Injury (O),2,State,6.88,10,CT-10,10-N,PALMER AV,,,,,1,Clear,1,Daylight,1,Dry,41100,"Trafficway, On Road",7/15/18 9:00
6922,435919,1,41.335058,-72.92691,2954397,7/15/18,13:36:00,A,"Injury of any type (Serious, Minor, Possible)",B,Suspected Minor Injury (B),2,Local,0.36,222,GOODRICH ST,GOODRICH ST,NEWHALL ST,,,,,1,Clear,1,Daylight,1,Dry,3100,"Trafficway, On Road",7/15/18 13:36
3825,437818,1,41.378025,-72.905351,2956296,7/15/18,13:45:00,A,"Injury of any type (Serious, Minor, Possible)",C,Possible Injury (C),2,State,51.45,15,15-S,15-S,Exit 61 on ramp,,,,,1,Clear,1,Daylight,1,Dry,71800,"Trafficway, On Road",7/15/18 13:45
1970,436327,1,41.404037,-72.898498,2954805,7/16/18,15:16:00,O,Property Damage Only,O,No Apparent Injury (O),2,State,10.27,10,CT-10,10-N,DICKERMAN ST,,,,,1,Clear,1,Daylight,1,Dry,18400,"Trafficway, On Road",7/16/18 15:16
1223,436898,1,41.369111,-72.919391,2955376,7/16/18,17:15:00,O,Property Damage Only,O,No Apparent Injury (O),2,State,7.3,10,CT-10,10-N,,Connolly Parkway,0.200000003,TenthsofMile,N,1,Clear,1,Daylight,1,Dry,23700,"Trafficway, On Road",7/16/18 17:15
1224,436899,1,41.367471,-72.920413,2955377,7/16/18,20:47:00,O,Property Damage Only,O,No Apparent Injury (O),2,State,7.17,10,CT-10,10-N,,Connolly Parkway,350,Feet,N,1,Clear,4,Dark-Lighted,1,Dry,23700,"Trafficway, On Road",7/16/18 20:47
7825,438072,1,41.337203,-72.902066,2956550,7/16/18,21:42:00,A,"Injury of any type (Serious, Minor, Possible)",B,Suspected Minor Injury (B),1,Local,0.62,414,PARK RD,PARK RD,,Ridge Rd,10,Feet,S,1,Clear,4,Dark-Lighted,1,Dry,2800,"Trafficway, On Road",7/16/18 21:42
4736,436394,1,41.334275,-72.900635,2954872,7/17/18,12:15:00,A,"Injury of any type (Serious, Minor, Possible)",C,Possible Injury (C),2,USRoute,1.47,5,US-5,5-N,FARM RD,,,,,1,Clear,1,Daylight,1,Dry,14100,"Trafficway, On Road",7/17/18 12:15
6985,436900,1,41.348963,-72.938459,2955378,7/17/18,12:58:00,O,Property Damage Only,O,No Apparent Injury (O),2,Local,0.3,226,GORHAM AV,GORHAM AV,,Circular Ave,1,TenthsofMile,W,1,Clear,1,Daylight,1,Dry,1600,"Trafficway, On Road",7/17/18 12:58
18,441142,1,41.363328,-72.923551,2959620,7/17/18,15:12:00,O,Property Damage Only,O,No Apparent Injury (O),2,State,6.85,10,CT-10,10-N,,Palmer Ave,156,Feet,S,2,Cloudy,1,Daylight,1,Dry,41100,"Trafficway, On Road",7/17/18 15:12
1226,441674,1,41.367323,-72.920686,2960152,7/17/18,15:15:00,O,Property Damage Only,O,No Apparent Injury (O),2,State,7.15,10,CT-10,10-N,,Connolly Parkway,97,Feet,N,1,Clear,1,Daylight,1,Dry,23700,"Trafficway, On Road",7/17/18 15:15
567,438850,1,41.34575,-72.93402,2957328,7/17/18,15:32:00,O,Property Damage Only,O,No Apparent Injury (O),2,State,5.52,10,CT-10,10-N,,Putnam Avenue,80,Feet,S,4,Rain,1,Daylight,2,Wet,26700,"Trafficway, On Road",7/17/18 15:32
1096,436901,1,41.338675,-72.935124,2955379,7/17/18,16:06:00,O,Property Damage Only,O,No Apparent Injury (O),2,State,5.03,10,CT-10,10-N,,Morse Street,200,Feet,N,4,Rain,1,Daylight,2,Wet,24100,"Trafficway, On Road",7/17/18 16:06
6663,438851,1,41.345239,-72.940829,2957329,7/17/18,17:48:00,O,Property Damage Only,O,No Apparent Injury (O),2,Local,0.48,176,FAIRVIEW AV,FAIRVIEW AV,,Woodin St,86,Feet,S,4,Rain,1,Daylight,2,Wet,4800,"Trafficway, On Road",7/17/18 17:48
3048,440067,1,41.347937,-72.966814,2958545,7/18/18,9:33:00,O,Property Damage Only,O,No Apparent Injury (O),3,State,47.51,15,15-N,15-N,,EXIT 59,8,TenthsofMile,N,1,Clear,1,Daylight,1,Dry,79900,"Trafficway, On Road",7/18/18 9:33
6407,438852,1,41.336848,-72.935124,2957330,7/18/18,16:13:00,O,Property Damage Only,O,No Apparent Injury (O),2,Local,0.1,142,DIXWELL AV,DIXWELL AV NO 1,,Dudley St.,100,Feet,S,1,Clear,1,Daylight,1,Dry,15600,"Trafficway, On Road",7/18/18 16:13
6097,438853,1,41.354462,-72.935572,2957331,7/19/18,7:43:00,O,Property Damage Only,O,No Apparent Injury (O),2,Local,0.28,97,CHURCH ST,CHURCH ST,,BANK STREET,52,Feet,W,1,Clear,1,Daylight,1,Dry,,"Trafficway, On Road",7/19/18 7:43
4327,437250,1,41.378132,-72.905319,2955728,7/19/18,9:22:00,O,Property Damage Only,O,No Apparent Injury (O),2,State,0.18,15,15-S,15-S-122,Ent 61,,,,,1,Clear,1,Daylight,1,Dry,9300,"Trafficway, On Road",7/19/18 9:22
6786,440205,1,41.344607,-72.93747,2958683,7/19/18,12:38:00,O,Property Damage Only,O,No Apparent Injury (O),2,Local,0.14,198,FOURTH ST,FOURTH ST,WARREN ST,,,,,1,Clear,1,Daylight,1,Dry,,"Trafficway, On Road",7/19/18 12:38
3603,438283,1,41.359595,-72.93824,2956761,7/19/18,13:07:00,O,Property Damage Only,O,No Apparent Injury (O),2,State,49.24,15,15-S,15-S,,Exit 60,9,TenthsofMile,S,1,Clear,1,Daylight,1,Dry,79900,"Trafficway, On Road",7/19/18 13:07
8377,438854,1,41.415665,-72.922275,2957332,7/19/18,15:48:00,A,"Injury of any type (Serious, Minor, Possible)",C,Possible Injury (C),2,Local,2.83,489,SHEPARD AV,SHEPARD AV,FANS ROCK RD,,,,,1,Clear,1,Daylight,1,Dry,1400,"Trafficway, On Road",7/19/18 15:48
809,440206,1,41.405443,-72.8989,2958684,7/20/18,10:55:00,O,Property Damage Only,O,No Apparent Injury (O),2,State,10.38,10,CT-10,10-N,WOODRUFF ST,,,,,1,Clear,1,Daylight,1,Dry,25300,"Trafficway, On Road",7/20/18 10:55
2516,440207,1,41.338302,-72.935196,2958685,7/20/18,12:14:00,O,Property Damage Only,O,No Apparent Injury (O),2,State,5,10,CT-10,10-N,MORSE ST,,,,,1,Clear,1,Daylight,1,Dry,12300,"Trafficway, On Road",7/20/18 12:14
226,438855,1,41.360875,-72.924782,2957333,7/20/18,16:16:00,O,Property Damage Only,O,No Apparent Injury (O),2,State,6.67,10,CT-10,10-N,MAPLEWOOD TER NO 2,,,,,1,Clear,1,Daylight,1,Dry,32100,"Trafficway, On Road",7/20/18 16:16
2164,485812,1,41.383679,-72.903842,918147,7/20/18,18:48:00,K,Fatal (Kill),K,Fatal Injury (K),1,State,8.7,10,CT-10,10-N,OLD DIXWELL AV,,,,,1,Clear,1,Daylight,1,Dry,17000,"Trafficway, On Road",7/20/18 18:48
234,460512,1,41.3626,-72.9224,2978980,7/21/18,4:01:00,O,Property Damage Only,O,No Apparent Injury (O),2,State,6.8,10,CT-10,10-N,BENHAM ST,,,,,1,Clear,4,Dark-Lighted,1,Dry,32100,"Trafficway, On Road",7/21/18 4:01
6809,438856,1,41.445723,-72.956286,2957334,7/21/18,8:15:00,O,Property Damage Only,O,No Apparent Injury (O),1,Local,2.09,208,GAYLORD MOUNTAIN RD,GAYLORD MOUNTAIN RD,,Handy Rd,282,Feet,N,1,Clear,1,Daylight,1,Dry,,"Trafficway, On Road",7/21/18 8:15
8016,438857,1,41.34362,-72.926723,2957335,7/21/18,11:11:00,O,Property Damage Only,O,No Apparent Injury (O),2,Local,0.76,439,PUTNAM AV,PUTNAM AV,,Leeder Hill Dr,10,Feet,W,1,Clear,1,Daylight,1,Dry,11500,"Trafficway, On Road",7/21/18 11:11
9284,440208,1,41.345506,-72.940774,2958686,7/21/18,12:27:00,O,Property Damage Only,O,No Apparent Injury (O),2,Local,1.36,598,WOODIN ST,WOODIN ST,FAIRVIEW AV,,,,,1,Clear,1,Daylight,1,Dry,5400,"Trafficway, On Road",7/21/18 12:27
8378,440209,1,41.376779,-72.915767,2958687,7/21/18,13:12:00,O,Property Damage Only,O,No Apparent Injury (O),2,Local,0.02,489,SHEPARD AV,SHEPARD AV,,DIXWELL AVENUE,118,Feet,N,1,Clear,1,Daylight,1,Dry,1400,"Trafficway, On Road",7/21/18 13:12
4062,442621,1,41.365811,-72.924357,2961097,7/21/18,16:08:00,A,"Injury of any type (Serious, Minor, Possible)",B,Suspected Minor Injury (B),4,State,50.1,15,15-S,15-S,,exit #60,470,Feet,S,1,Clear,1,Daylight,1,Dry,66000,"Trafficway, On Road",7/21/18 16:08
1225,438858,1,41.368182,-72.920019,2957336,7/21/18,16:15:00,O,Property Damage Only,O,No Apparent Injury (O),2,State,7.22,10,CT-10,10-N,,Connolly Pkwy,444,Feet,N,1,Clear,1,Daylight,1,Dry,23700,"Trafficway, On Road",7/21/18 16:15
5990,602288,1,41.349234,-72.936544,3120717,7/21/18,16:35:00,O,Property Damage Only,O,No Apparent Injury (O),1,Local,0.32,54,BRADLEY AV,BRADLEY AV,DUANE RD,,,,,1,Clear,1,Daylight,1,Dry,,"Trafficway, On Road",7/21/18 16:35
3049,440290,1,41.359029,-72.939452,2958768,7/21/18,17:22:00,A,"Injury of any type (Serious, Minor, Possible)",C,Possible Injury (C),2,State,49.16,15,15-N,15-N,,Exit 60,8,TenthsofMile,S,1,Clear,1,Daylight,1,Dry,79900,"Trafficway, On Road",7/21/18 17:22
4606,441469,1,41.401703,-72.897834,918149,7/22/18,2:26:00,K,Fatal (Kill),K,Fatal Injury (K),1,State,3.08,40,40-N,40-N,10-N,,,,,4,Rain,4,Dark-Lighted,2,Wet,18700,Non-trafficway,7/22/18 2:26
5237,440211,1,41.363205,-72.908988,2958689,7/22/18,18:08:00,O,Property Damage Only,O,No Apparent Injury (O),2,State,2.18,707,WHITNEY AV,707-N,ARDMORE ST,,,,,2,Cloudy,1,Daylight,2,Wet,11900,"Trafficway, On Road",7/22/18 18:08
9025,438859,1,41.391737,-72.897627,2957337,7/23/18,13:17:00,O,Property Damage Only,O,No Apparent Injury (O),2,Local,0.59,554,WASHINGTON AV,WASHINGTON AV,,WHITNEY AVENUE,50,Feet,S,1,Clear,1,Daylight,1,Dry,2700,"Trafficway, On Road",7/23/18 13:17
8060,440212,1,41.34368,-72.926404,2958690,7/23/18,16:44:00,O,Property Damage Only,O,No Apparent Injury (O),2,Local,0.74,439,PUTNAM AV,PUTNAM AV,LEEDER HILL DR,,,,,1,Clear,1,Daylight,1,Dry,10000,"Trafficway, On Road",7/23/18 16:44
7124,439087,1,41.359185,-72.902462,2957565,7/24/18,6:57:00,O,Property Damage Only,O,No Apparent Injury (O),2,Local,0.42,244,HAVERFORD ST,HAVERFORD ST,,RIDGE ROAD,514,Feet,W,1,Clear,1,Daylight,1,Dry,,"Trafficway, On Road",7/24/18 6:57
492,440213,1,41.359007,-72.925795,2958691,7/24/18,8:18:00,A,"Injury of any type (Serious, Minor, Possible)",C,Possible Injury (C),2,State,6.53,10,CT-10,10-N,MATHER ST,,,,,1,Clear,1,Daylight,1,Dry,27500,"Trafficway, On Road",7/24/18 8:18
808,438860,1,41.414053,-72.902183,2957338,7/24/18,11:15:00,O,Property Damage Only,O,No Apparent Injury (O),2,State,10.99,10,CT-10,10-N,SHERMAN AV NO 2,,,,,1,Clear,1,Daylight,1,Dry,25300,"Trafficway, On Road",7/24/18 11:15
3453,440214,1,41.378815,-72.903482,2958692,7/24/18,12:54:00,A,"Injury of any type (Serious, Minor, Possible)",C,Possible Injury (C),2,State,0.21,15,15-N,15-N-124,707-N,,,,,1,Clear,1,Daylight,1,Dry,9300,"Trafficway, On Road",7/24/18 12:54
5461,440215,1,41.383093,-72.898286,2958693,7/24/18,18:12:00,O,Property Damage Only,O,No Apparent Injury (O),2,State,0.18,717,DIXWELL AV,717-E,,Washington Ave.,100,Feet,W,1,Clear,1,Daylight,1,Dry,18600,"Trafficway, On Road",7/24/18 18:12
8163,438861,1,41.336631,-72.901377,2957339,7/25/18,8:03:00,O,Property Damage Only,O,No Apparent Injury (O),2,Local,0.1,452,RIDGE RD,RIDGE RD,,Park Rd,225,Feet,E,1,Clear,1,Daylight,1,Dry,9100,"Trafficway, On Road",7/25/18 8:03
7920,441675,1,41.349532,-72.944367,2960153,7/25/18,8:51:00,O,Property Damage Only,O,No Apparent Injury (O),2,Local,0.24,429,PINE ROCK AV,PINE ROCK AV NO 1,,Helen St,100,Feet,S,1,Clear,1,Daylight,1,Dry,5500,"Trafficway, On Road",7/25/18 8:51
7451,440216,1,41.380528,-72.917515,2958694,7/25/18,10:50:00,A,"Injury of any type (Serious, Minor, Possible)",C,Possible Injury (C),2,Local,1.27,366,MIX AV,MIX AV,SHEPARD AV,,,,,4,Rain,1,Daylight,2,Wet,4000,"Trafficway, On Road",7/25/18 10:50
6587,438862,1,41.34356,-72.912055,2957340,7/25/18,16:21:00,O,Property Damage Only,O,No Apparent Injury (O),2,Local,0.08,167,ELI RD,ELI RD,Whitney Ave,,,,,4,Rain,1,Daylight,2,Wet,3500,"Trafficway, On Road",7/25/18 16:21
6531,440217,1,41.383065,-72.913922,2958695,7/25/18,20:05:00,O,Property Damage Only,O,No Apparent Injury (O),2,Local,0.15,147,DORRANCE ST,DORRANCE ST,,Sanford St,2,TenthsofMile,N,4,Rain,3,Dusk,2,Wet,,"Trafficway, On Road",7/25/18 20:05
2195,440330,1,41.385329,-72.901169,2958808,7/26/18,10:14:00,A,"Injury of any type (Serious, Minor, Possible)",C,Possible Injury (C),2,State,8.94,10,CT-10,10-N,,School Street,150,Feet,N,1,Clear,1,Daylight,1,Dry,16900,"Trafficway, On Road",7/26/18 10:14
5609,440087,1,41.376752,-72.915732,2958565,7/26/18,11:03:00,A,"Injury of any type (Serious, Minor, Possible)",C,Possible Injury (C),1,State,0.03,753,CT-10,753-S,SHEPARD AV,,,,,1,Clear,1,Daylight,1,Dry,13900,"Trafficway, On Road",7/26/18 11:03
8192,441972,1,41.358782,-72.900577,2960448,7/26/18,11:08:00,A,"Injury of any type (Serious, Minor, Possible)",C,Possible Injury (C),2,Local,1.68,452,RIDGE RD,RIDGE RD,HAVERFORD ST,,,,,2,Cloudy,1,Daylight,2,Wet,5200,"Trafficway, On Road",7/26/18 11:08
5462,440331,1,41.383081,-72.898395,2958809,7/26/18,12:02:00,A,"Injury of any type (Serious, Minor, Possible)",C,Possible Injury (C),2,State,0.18,717,DIXWELL AV,717-E,,WASHINGTON AVENUE,175,Feet,E,1,Clear,1,Daylight,1,Dry,18600,"Trafficway, Not on Road",7/26/18 12:02
4071,602012,1,41.365807,-72.924149,3120441,7/26/18,16:51:00,O,Property Damage Only,O,No Apparent Injury (O),3,State,50.11,15,15-S,15-S,,EXIT 60,450,Feet,S,4,Rain,1,Daylight,2,Wet,66000,"Trafficway, On Road",7/26/18 16:51
4299,441638,1,41.36625,-72.923612,2960116,7/26/18,18:47:00,O,Property Damage Only,O,No Apparent Injury (O),2,State,0.05,15,15-S,15-S-119,,Route 15 South,20,Feet,N,1,Clear,1,Daylight,1,Dry,9300,"Trafficway, On Road",7/26/18 18:47
2333,440333,1,41.453314,-72.908518,2958811,7/26/18,20:05:00,O,Property Damage Only,O,No Apparent Injury (O),1,State,13.77,10,CT-10,10-N,,Willow St,75,Feet,S,1,Clear,1,Daylight,1,Dry,15400,"Trafficway, On Road",7/26/18 20:05
17,440334,1,41.363245,-72.923574,2958812,7/27/18,14:44:00,A,"Injury of any type (Serious, Minor, Possible)",C,Possible Injury (C),3,State,6.84,10,CT-10,10-N,,Benham St.,195,Feet,N,1,Clear,1,Daylight,1,Dry,41100,"Trafficway, On Road",7/27/18 14:44
8767,440218,1,41.376432,-72.920207,2958696,7/27/18,18:13:00,O,Property Damage Only,O,No Apparent Injury (O),2,Local,0.26,495,SKIFF ST EXT,SKIFF ST EXT,MIX AV,,,,,1,Clear,1,Daylight,1,Dry,9400,"Trafficway, On Road",7/27/18 18:13
810,441676,1,41.346815,-72.933733,2960154,7/27/18,22:29:00,O,Property Damage Only,O,No Apparent Injury (O),2,State,5.59,10,CT-10,10-N,,Circular Ave,160,Feet,N,4,Rain,4,Dark-Lighted,2,Wet,25300,"Trafficway, On Road",7/27/18 22:29
4738,441677,1,41.33316,-72.900547,2960155,7/28/18,3:47:00,O,Property Damage Only,O,No Apparent Injury (O),3,USRoute,1.39,5,US-5,5-N,,Cook Street,100,Feet,N,1,Clear,4,Dark-Lighted,1,Dry,14100,"Trafficway, On Road",7/28/18 3:47
1097,443222,1,41.339557,-72.935249,2961698,7/28/18,9:15:00,A,"Injury of any type (Serious, Minor, Possible)",C,Possible Injury (C),3,State,5.09,10,CT-10,10-N,PINE ST,,,,,1,Clear,1,Daylight,1,Dry,24100,"Trafficway, On Road",7/28/18 9:15
3604,442057,1,41.362891,-72.930926,2960533,7/28/18,14:17:00,O,Property Damage Only,O,No Apparent Injury (O),1,State,49.69,15,15-S,15-S,,Exit 60,5,TenthsofMile,S,1,Clear,1,Daylight,1,Dry,79900,"Trafficway, On Road",7/28/18 14:17
3949,439899,1,41.381568,-72.899638,2958377,7/28/18,14:55:00,O,Property Damage Only,O,No Apparent Injury (O),2,State,51.88,15,15-S,15-S,,Exit 62,500,Feet,N,1,Clear,1,Daylight,1,Dry,68700,"Trafficway, On Road",7/28/18 14:55
7340,444813,1,41.36718,-72.961823,2963289,7/28/18,17:17:00,A,"Injury of any type (Serious, Minor, Possible)",B,Suspected Minor Injury (B),1,Local,1.6,340,MAIN ST,MAIN ST,,benham street,1468,Feet,S,1,Clear,1,Daylight,1,Dry,550,"Trafficway, On Road",7/28/18 17:17
2303,451220,1,41.384385,-72.901497,2969691,7/28/18,21:13:00,O,Property Damage Only,O,No Apparent Injury (O),2,State,8.87,10,CT-10,10-N,,School Street,36,Feet,S,1,Clear,4,Dark-Lighted,1,Dry,16500,"Trafficway, On Road",7/28/18 21:13
8344,441678,1,41.335605,-72.930163,2960156,7/29/18,13:08:00,O,Property Damage Only,O,No Apparent Injury (O),2,Local,0.13,488,SHELTON AV,SHELTON AV,,Goodrich Street,80,Feet,N,1,Clear,1,Daylight,1,Dry,2200,"Trafficway, On Road",7/29/18 13:08
3826,440079,1,41.367893,-72.916671,2958557,7/29/18,13:17:00,O,Property Damage Only,O,No Apparent Injury (O),2,State,50.55,15,15-S,15-S,,EXIT 60,3,TenthsofMile,S,1,Clear,1,Daylight,1,Dry,71800,"Trafficway, On Road",7/29/18 13:17
5011,441679,1,41.346831,-72.912797,2960157,7/29/18,13:28:00,O,Property Damage Only,O,No Apparent Injury (O),2,State,1,707,WHITNEY AV,707-N,,Ralston Avenue,38,Feet,N,1,Clear,1,Daylight,1,Dry,14300,"Trafficway, On Road",7/29/18 13:28
5354,441680,1,41.33655,-72.911426,2960158,7/29/18,14:47:00,A,"Injury of any type (Serious, Minor, Possible)",B,Suspected Minor Injury (B),2,State,0.26,707,WHITNEY AV,707-N,ARMORY ST,,,,,1,Clear,1,Daylight,1,Dry,11200,"Trafficway, On Road",7/29/18 14:47