,CrashId,Fatal Case Status,lat,lon,DOT Case Number,Date Of Crash,Time of Crash,Crash Severity,Crash Severity Text Format,Most Severe Injury,Most Severe Injury Text Format,Number Of Motor Vehicles,Route Class Text Format,Milemarker,Road Number,Road Description,Roadway Name,Intersecting Roadway Name,Landmark Description,Distance From Nearest Landmark,Unit Of Measure From Nearest Landmark,Direction From Nearest Landmark,Weather Condition,Weather Condition Text Format,Light Condition,Light Condition Text Format,Road Surface Condition,Road Surface Condition Text Format,Average Daily Traffic,Trafficway Class Text Format,full_date
5610,442788,1,41.376631,-72.915448,2961264,7/29/18,17:01:00,O,Property Damage Only,O,No Apparent Injury (O),2,State,0.03,753,CT-10,753-S,SHEPARD AV,,,,,1,Clear,1,Daylight,1,Dry,13900,"Trafficway, On Road",7/29/18 17:01
4328,440081,1,41.37952065,-72.90373497,2958559,7/30/18,8:42:00,O,Property Damage Only,O,No Apparent Injury (O),2,State,0.02,15,15-S,15-S-122,,EXIT 61,100,Feet,S,1,Clear,1,Daylight,1,Dry,9300,"Trafficway, On Road",7/30/18 8:42
7562,441681,1,41.338175,-72.93491,2960159,7/30/18,19:53:00,A,"Injury of any type (Serious, Minor, Possible)",C,Possible Injury (C),2,Local,0.01,370,MORSE ST,MORSE ST,,Dixwell Ave,50,Feet,E,1,Clear,1,Daylight,1,Dry,3100,"Trafficway, On Road",7/30/18 19:53
3333,442066,1,41.380701,-72.900724,2960542,7/31/18,8:30:00,O,Property Damage Only,O,No Apparent Injury (O),2,State,51.76,15,15-N,15-N,61 entrance,,,,,1,Clear,1,Daylight,1,Dry,64800,"Trafficway, On Road",7/31/18 8:30
2384,441682,1,41.392238,-72.89754,2960160,7/31/18,11:57:00,O,Property Damage Only,O,No Apparent Injury (O),2,State,9.46,10,CT-10,10-N,JAMES ST,,,,,1,Clear,1,Daylight,1,Dry,14700,"Trafficway, On Road",7/31/18 11:57
8345,441683,1,41.337255,-72.929561,2960161,7/31/18,12:20:00,O,Property Damage Only,O,No Apparent Injury (O),2,Local,0.01,488,SHELTON AV,SHELTON AV,,Morse Street,20,Feet,S,1,Clear,1,Daylight,1,Dry,2200,"Trafficway, On Road",7/31/18 12:20
2196,440669,1,41.387558,-72.90028,2959147,7/31/18,13:40:00,O,Property Damage Only,O,No Apparent Injury (O),2,State,9.1,10,CT-10,10-N,,LINCOLN ST,250,Feet,S,1,Clear,1,Daylight,1,Dry,16900,"Trafficway, On Road",7/31/18 13:40
5238,443960,1,41.363159,-72.908989,2962436,7/31/18,14:40:00,A,"Injury of any type (Serious, Minor, Possible)",B,Suspected Minor Injury (B),2,State,2.18,707,WHITNEY AV,707-N,ARDMORE ST,,,,,1,Clear,1,Daylight,1,Dry,11900,"Trafficway, On Road",7/31/18 14:40
6408,441973,1,41.33753,-72.93523,2960449,7/31/18,15:36:00,O,Property Damage Only,O,No Apparent Injury (O),2,Local,0.15,142,DIXWELL AV,DIXWELL AV NO 1,,Easton Street,175,Feet,N,1,Clear,1,Daylight,1,Dry,15600,"Trafficway, On Road",7/31/18 15:36
7826,443561,1,41.32971,-72.898605,2962037,8/1/18,12:09:00,A,"Injury of any type (Serious, Minor, Possible)",A,Suspected Serious Injury (A),2,Local,0,414,PARK RD,PARK RD,ARMSTRONG ST,,,,,1,Clear,1,Daylight,1,Dry,2800,"Trafficway, On Road",8/1/18 12:09
2197,444814,1,41.386885,-72.900592,2963290,8/1/18,15:14:00,O,Property Damage Only,O,No Apparent Injury (O),2,State,9.05,10,CT-10,10-N,DAY SPRING AV,,,,,2,Cloudy,1,Daylight,1,Dry,16900,"Trafficway, On Road",8/1/18 15:14
1227,444815,1,41.372778,-72.916927,2963291,8/1/18,17:11:00,O,Property Damage Only,O,No Apparent Injury (O),3,State,7.58,10,CT-10,10-N,,Skiff St,1,TenthsofMile,S,1,Clear,1,Daylight,1,Dry,23700,"Trafficway, On Road",8/1/18 17:11
7374,446740,1,41.355192,-72.919612,2965214,8/1/18,17:26:00,O,Property Damage Only,O,No Apparent Injury (O),1,Local,0.59,352,MATHER ST,MATHER ST,,Waite St,350,Feet,E,1,Clear,1,Daylight,2,Wet,5200,"Trafficway, On Road",8/1/18 17:26
5012,443834,1,41.346245,-72.912556,2962310,8/2/18,16:13:00,A,"Injury of any type (Serious, Minor, Possible)",C,Possible Injury (C),2,State,0.95,707,WHITNEY AV,707-N,,Putnam Ave.,60,Feet,N,1,Clear,1,Daylight,1,Dry,14300,"Trafficway, On Road",8/2/18 16:13
6292,442887,1,41.3668,-72.9204,2961363,8/3/18,14:08:00,O,Property Damage Only,O,No Apparent Injury (O),2,Local,0.24,111,CONNOLLY PKWY,CONNOLLY PKWY,,Dixwell Avenue,500,Feet,E,1,Clear,1,Daylight,1,Dry,8600,"Trafficway, On Road",8/3/18 14:08
2159,443563,1,41.383603,-72.90372,2962039,8/3/18,15:20:00,O,Property Damage Only,O,No Apparent Injury (O),2,State,8.71,10,CT-10,10-N,,Evergreen Avenue,500,Feet,N,1,Clear,1,Daylight,1,Dry,17000,"Trafficway, On Road",8/3/18 15:20
136,451222,1,41.36595,-72.921703,2969693,8/4/18,6:21:00,O,Property Damage Only,O,No Apparent Injury (O),2,State,7.04,10,CT-10,10-N,,Marietta St,294,Feet,S,1,Clear,1,Daylight,1,Dry,34100,"Trafficway, On Road",8/4/18 6:21
2435,442889,1,41.338361,-72.940972,2961365,8/4/18,8:39:00,O,Property Damage Only,O,No Apparent Injury (O),2,State,4.7,10,CT-10,10-N,ARCH ST,,,,,1,Clear,1,Daylight,2,Wet,13600,"Trafficway, On Road",8/4/18 8:39
1352,446741,1,41.35113,-72.931461,2965215,8/4/18,18:22:00,O,Property Damage Only,O,No Apparent Injury (O),2,State,5.92,10,CT-10,10-N,,Beacon Street,20,Feet,S,1,Clear,1,Daylight,1,Dry,23400,"Trafficway, On Road",8/4/18 18:22
7630,443654,1,41.429898,-72.85616,2962130,8/5/18,10:35:00,O,Property Damage Only,O,No Apparent Injury (O),2,Local,1.18,375,MOUNT CARMEL AV,MOUNT CARMEL AV,,HARTFORD TURNPIKE,520,Feet,W,1,Clear,1,Daylight,1,Dry,,"Trafficway, On Road",8/5/18 10:35
3828,443507,1,41.377175,-72.906359,2961983,8/5/18,14:38:00,O,Property Damage Only,O,No Apparent Injury (O),3,State,51.37,15,15-S,15-S,,Exit 61,6,TenthsofMile,S,1,Clear,1,Daylight,1,Dry,71800,"Trafficway, On Road",8/5/18 14:38
7242,443330,1,41.35989,-72.939762,2961806,8/5/18,16:17:00,O,Property Damage Only,O,No Apparent Injury (O),1,Local,0.1,294,KATHRINE DR,KATHRINE DR,,Lane Street,600,Feet,E,1,Clear,1,Daylight,1,Dry,,"Trafficway, Not on Road",8/5/18 16:17
3827,443120,1,41.367008,-72.91765,2961596,8/5/18,17:13:00,O,Property Damage Only,O,No Apparent Injury (O),3,State,50.48,15,15-S,15-S,,Exit 60,3,TenthsofMile,N,1,Clear,1,Daylight,1,Dry,71800,"Trafficway, On Road",8/5/18 17:13
1233,458866,1,41.374239,-72.915965,2977334,8/5/18,17:58:00,O,Property Damage Only,O,No Apparent Injury (O),2,State,7.69,10,CT-10,10-N,,SKIFF ST.,1,TenthsofMile,N,1,Clear,1,Daylight,1,Dry,23700,"Trafficway, On Road",8/5/18 17:58
2385,445793,1,41.397051,-72.897045,2964269,8/6/18,7:02:00,O,Property Damage Only,O,No Apparent Injury (O),2,State,9.8,10,CT-10,10-N,,Riverside Drive,100,Feet,S,1,Clear,1,Daylight,1,Dry,14700,"Trafficway, On Road",8/6/18 7:02
812,443961,1,41.40476,-72.89876,2962437,8/6/18,12:03:00,O,Property Damage Only,O,No Apparent Injury (O),2,State,10.34,10,CT-10,10-N,,Dickerman St.,50,Feet,N,1,Clear,1,Daylight,1,Dry,25300,"Trafficway, On Road",8/6/18 12:03
1351,445794,1,41.351053,-72.931399,2964270,8/6/18,12:32:00,O,Property Damage Only,O,No Apparent Injury (O),2,State,5.91,10,CT-10,10-N,,Beacon Street,150,Feet,N,1,Clear,1,Daylight,1,Dry,23400,"Trafficway, Not on Road",8/6/18 12:32
7452,443564,1,41.364696,-72.929008,2962040,8/6/18,13:56:00,O,Property Damage Only,O,No Apparent Injury (O),2,Local,0.02,366,MIX AV,MIX AV,,Benham Street,100,Feet,N,1,Clear,1,Daylight,1,Dry,4000,"Trafficway, On Road",8/6/18 13:56
8768,443962,1,41.37589,-72.91887,2962438,8/6/18,13:57:00,O,Property Damage Only,O,No Apparent Injury (O),1,Local,0.18,495,SKIFF ST EXT,SKIFF ST EXT,,MIX AVE,100,Feet,E,1,Clear,1,Daylight,1,Dry,9400,"Trafficway, On Road",8/6/18 13:57
6756,443331,1,41.350441,-72.895542,2961807,8/7/18,9:30:00,O,Property Damage Only,O,No Apparent Injury (O),2,Local,0.38,192,FOOTE ST,FOOTE ST,LEO RD,,,,,1,Clear,1,Daylight,1,Dry,,"Trafficway, On Road",8/7/18 9:30
7827,444816,1,41.329662,-72.898522,2963292,8/7/18,10:03:00,O,Property Damage Only,O,No Apparent Injury (O),2,Local,0,414,PARK RD,PARK RD,ARMSTRONG ST,,,,,1,Clear,1,Daylight,1,Dry,2800,"Trafficway, On Road",8/7/18 10:03
8688,444817,1,41.371336,-72.906983,2963293,8/7/18,12:48:00,O,Property Damage Only,O,No Apparent Injury (O),2,Local,0.04,494,SKIFF ST,SKIFF ST,,WHITNEY AVE,172,Feet,W,1,Clear,1,Daylight,1,Dry,24000,"Trafficway, On Road",8/7/18 12:48
19,444818,1,41.363529,-72.92341,2963294,8/7/18,19:10:00,O,Property Damage Only,O,No Apparent Injury (O),2,State,6.86,10,CT-10,10-N,,Benham St.,306,Feet,N,1,Clear,1,Daylight,1,Dry,41100,"Trafficway, On Road",8/7/18 19:10
6923,446742,1,41.33547,-72.93035,2965216,8/7/18,21:01:00,O,Property Damage Only,O,No Apparent Injury (O),1,Local,0.54,222,GOODRICH ST,GOODRICH ST,SHELTON AV,,,,,1,Clear,4,Dark-Lighted,1,Dry,3100,"Trafficway, On Road",8/7/18 21:01
5523,443963,1,41.383149,-72.899116,2962439,8/8/18,10:54:00,O,Property Damage Only,O,No Apparent Injury (O),2,State,0.14,717,DIXWELL AV,717-E,WASHINGTON AV,,,,,1,Clear,1,Daylight,1,Dry,15400,"Trafficway, On Road",8/8/18 10:54
811,443835,1,41.404105,-72.898514,2962311,8/8/18,18:42:00,O,Property Damage Only,O,No Apparent Injury (O),2,State,10.29,10,CT-10,10-N,,Dickerman St,80,Feet,N,4,Rain,1,Daylight,2,Wet,25300,"Trafficway, On Road",8/8/18 18:42
6773,444819,1,41.385458,-72.928547,2963295,8/8/18,20:10:00,A,"Injury of any type (Serious, Minor, Possible)",B,Suspected Minor Injury (B),2,Local,0.2,197,FOUR ROD RD,FOUR ROD RD,EARL AV,,,,,4,Rain,4,Dark-Lighted,2,Wet,1600,"Trafficway, On Road",8/8/18 20:10
7373,443964,1,41.357184,-72.921577,2962440,8/9/18,7:51:00,O,Property Damage Only,O,No Apparent Injury (O),1,Local,0.78,352,MATHER ST,MATHER ST,,Waite Street,140,Feet,W,1,Clear,1,Daylight,1,Dry,5200,"Trafficway, On Road",8/9/18 7:51
1229,453066,1,41.37039,-72.918587,2971536,8/9/18,12:30:00,O,Property Damage Only,O,No Apparent Injury (O),2,State,7.39,10,CT-10,10-N,,Connolly Pkwy,1304,Feet,N,1,Clear,1,Daylight,1,Dry,23700,"Trafficway, On Road",8/9/18 12:30
7828,445052,1,41.335452,-72.901994,2963528,8/9/18,13:58:00,O,Property Damage Only,O,No Apparent Injury (O),2,Local,0.5,414,PARK RD,PARK RD,,Farm Rd,450,Feet,N,1,Clear,1,Daylight,1,Dry,2800,"Trafficway, On Road",8/9/18 13:58
6409,444839,1,41.33746,-72.935167,2963315,8/9/18,15:43:00,O,Property Damage Only,O,No Apparent Injury (O),3,Local,0.14,142,DIXWELL AV,DIXWELL AV NO 1,,DUDLEY ST,100,Feet,N,1,Clear,1,Daylight,1,Dry,15600,"Trafficway, On Road",8/9/18 15:43
3829,444762,1,41.378082,-72.905335,2963238,8/9/18,16:18:00,O,Property Damage Only,O,No Apparent Injury (O),2,State,51.46,15,15-S,15-S,Exit 61,,,,,1,Clear,1,Daylight,1,Dry,71800,"Trafficway, On Road",8/9/18 16:18
813,446743,1,41.347702,-72.933135,2965217,8/9/18,22:00:00,A,"Injury of any type (Serious, Minor, Possible)",C,Possible Injury (C),2,State,5.66,10,CT-10,10-N,,Putnam Ave.,1,TenthsofMile,N,1,Clear,4,Dark-Lighted,1,Dry,25300,"Trafficway, On Road",8/9/18 22:00
6039,445053,1,41.396999,-72.897844,2963529,8/10/18,9:24:00,A,"Injury of any type (Serious, Minor, Possible)",C,Possible Injury (C),1,Local,0.3,74,CANNON ST,CANNON ST,OLD CANNON ST,,,,,1,Clear,1,Daylight,1,Dry,,"Trafficway, On Road",8/10/18 9:24
642,446744,1,41.4204,-72.904355,2965218,8/10/18,13:03:00,O,Property Damage Only,O,No Apparent Injury (O),2,State,11.46,10,CT-10,10-N,,Mt Carmel Ave,20,Feet,S,1,Clear,1,Daylight,1,Dry,25800,"Trafficway, On Road",8/10/18 13:03
5962,446745,1,41.338359,-72.93793,2965219,8/10/18,15:04:00,A,"Injury of any type (Serious, Minor, Possible)",C,Possible Injury (C),2,Local,0.18,52,BOWEN ST,BOWEN ST,10-N,,,,,1,Clear,1,Daylight,1,Dry,4900,"Trafficway, On Road",8/10/18 15:04
4558,444840,1,41.403524,-72.895597,2963316,8/10/18,15:50:00,A,"Injury of any type (Serious, Minor, Possible)",C,Possible Injury (C),2,State,0.14,22,CT-22,22-E,NEW RD,,,,,1,Clear,1,Daylight,1,Dry,5500,"Trafficway, On Road",8/10/18 15:50
6410,445795,1,41.336944,-72.935246,2964271,8/10/18,16:43:00,O,Property Damage Only,O,No Apparent Injury (O),2,Local,0.11,142,DIXWELL AV,DIXWELL AV NO 1,EASTON ST,,,,,1,Clear,1,Daylight,1,Dry,15600,"Trafficway, On Road",8/10/18 16:43
9191,444841,1,41.335102,-72.924821,2963317,8/10/18,18:03:00,O,Property Damage Only,O,No Apparent Injury (O),2,Local,0.3,591,WINCHESTER AV,WINCHESTER AV,,Goodrich St,50,Feet,N,1,Clear,1,Daylight,1,Dry,1500,"Trafficway, On Road",8/10/18 18:03
5984,451226,1,41.348692,-72.934929,2969697,8/10/18,19:50:00,O,Property Damage Only,O,No Apparent Injury (O),2,Local,0.41,54,BRADLEY AV,BRADLEY AV,CIRCULAR AV,,,,,1,Clear,1,Daylight,1,Dry,,"Trafficway, On Road",8/10/18 19:50
493,452405,1,41.35455,-72.92936,2970875,8/10/18,20:53:00,A,"Injury of any type (Serious, Minor, Possible)",C,Possible Injury (C),2,State,6.17,10,CT-10,10-N,,Cumley St,25,Feet,N,1,Clear,4,Dark-Lighted,1,Dry,27500,"Trafficway, On Road",8/10/18 20:53
6729,444842,1,41.341765,-72.923044,2963318,8/11/18,6:42:00,A,"Injury of any type (Serious, Minor, Possible)",C,Possible Injury (C),1,Local,0.03,181,FARNSWORTH ST,FARNSWORTH ST,,AUGUR STREET,155,Feet,S,1,Clear,1,Daylight,1,Dry,,"Trafficway, Not on Road",8/11/18 6:42
4834,444843,1,41.341788,-72.895416,2963319,8/11/18,9:42:00,O,Property Damage Only,O,No Apparent Injury (O),2,USRoute,2.06,5,US-5,5-N,,LONDON DRIVE,100,Feet,N,4,Rain,1,Daylight,2,Wet,9300,"Trafficway, On Road",8/11/18 9:42
8061,444844,1,41.3459,-72.91309,2963320,8/11/18,10:46:00,O,Property Damage Only,O,No Apparent Injury (O),2,Local,0.03,439,PUTNAM AV,PUTNAM AV,WHITNEY,,,,,4,Rain,1,Daylight,2,Wet,10000,"Trafficway, On Road",8/11/18 10:46
3461,449410,1,41.380028,-72.900654,2967881,8/11/18,14:15:00,O,Property Damage Only,O,No Apparent Injury (O),2,State,0.18,15,15-N,15-N-125,,Route 15,10,Feet,S,4,Rain,1,Daylight,2,Wet,9300,"Trafficway, On Road",8/11/18 14:15
6387,444845,1,41.340404,-72.938233,2963321,8/12/18,14:43:00,O,Property Damage Only,O,No Apparent Injury (O),2,Local,0.14,141,DIX ST,DIX ST,GEORGE ST,,,,,1,Clear,1,Daylight,1,Dry,,"Trafficway, On Road",8/12/18 14:43
6025,446746,1,41.339671,-72.939168,2965220,8/12/18,16:46:00,O,Property Damage Only,O,No Apparent Injury (O),2,Local,0.09,71,BURKE ST,BURKE ST,,ARCH ST,450,Feet,N,1,Clear,1,Daylight,1,Dry,,"Trafficway, On Road",8/12/18 16:46
6040,446747,1,41.397603,-72.902587,2965221,8/12/18,18:09:00,O,Property Damage Only,O,No Apparent Injury (O),2,Local,0.06,74,CANNON ST,CANNON ST,,Evergreen Avenue,2,TenthsofMile,E,1,Clear,1,Daylight,1,Dry,,"Trafficway, On Road",8/12/18 18:09
6540,447491,1,41.336965,-72.932096,2965965,8/12/18,19:52:00,O,Property Damage Only,O,No Apparent Injury (O),2,Local,0.15,150,DUDLEY ST,DUDLEY ST,SAINT MARY ST,,,,,4,Rain,4,Dark-Lighted,2,Wet,750,"Trafficway, On Road",8/12/18 19:52
8689,445989,1,41.372041,-72.908756,2964465,8/13/18,12:15:00,O,Property Damage Only,O,No Apparent Injury (O),2,Local,0.14,494,SKIFF ST,SKIFF ST,,Whitney Avenue,1,TenthsofMile,W,4,Rain,1,Daylight,2,Wet,24000,"Trafficway, On Road",8/13/18 12:15
5177,446748,1,41.365983,-72.908236,2965222,8/13/18,13:43:00,O,Property Damage Only,O,No Apparent Injury (O),2,State,2.38,707,WHITNEY AV,707-N,THORNTON ST,,,,,4,Rain,1,Daylight,2,Wet,13300,"Trafficway, On Road",8/13/18 13:43
8178,445627,1,41.340736,-72.902394,2964103,8/13/18,15:13:00,A,"Injury of any type (Serious, Minor, Possible)",C,Possible Injury (C),2,Local,0.4,452,RIDGE RD,RIDGE RD,LILLIBRIDGE CT,,,,,4,Rain,1,Daylight,2,Wet,6000,"Trafficway, On Road",8/13/18 15:13
1350,445647,1,41.354016,-72.929575,2964123,8/13/18,19:04:00,O,Property Damage Only,O,No Apparent Injury (O),3,State,6.13,10,CT-10,10-N,TREADWELL ST,,,,,1,Clear,1,Daylight,1,Dry,23400,"Trafficway, On Road",8/13/18 19:04
5842,446749,1,41.362806,-72.924263,2965223,8/13/18,19:35:00,A,"Injury of any type (Serious, Minor, Possible)",C,Possible Injury (C),2,Local,0.02,42,BENHAM ST,BENHAM ST,,Dixwell Ave,60,Feet,W,2,Cloudy,4,Dark-Lighted,2,Wet,12600,"Trafficway, On Road",8/13/18 19:35
641,445990,1,41.41456,-72.902322,2964466,8/15/18,9:25:00,O,Property Damage Only,O,No Apparent Injury (O),2,State,11.04,10,CT-10,10-N,,SHERMAN AVENUE,30,Feet,N,1,Clear,1,Daylight,1,Dry,25800,"Trafficway, On Road",8/15/18 9:25
5841,445882,1,41.362762,-72.924115,2964358,8/15/18,9:50:00,O,Property Damage Only,O,No Apparent Injury (O),2,Local,0.01,42,BENHAM ST,BENHAM ST,,Dixwell Ave,84,Feet,W,1,Clear,1,Daylight,1,Dry,12600,"Trafficway, On Road",8/15/18 9:50
3830,449017,1,41.378545,-72.90443,2967488,8/15/18,10:08:00,O,Property Damage Only,O,No Apparent Injury (O),2,State,51.54,15,15-S,15-S,,EXIT 61,100,Feet,S,1,Clear,1,Daylight,1,Dry,71800,"Trafficway, On Road",8/15/18 10:08
1971,445941,1,41.376945,-72.91511,2964417,8/15/18,10:54:00,O,Property Damage Only,O,No Apparent Injury (O),2,State,7.89,10,CT-10,10-N,,Shepard Ave,200,Feet,N,1,Clear,1,Daylight,1,Dry,18400,"Trafficway, On Road",8/15/18 10:54
3222,446647,1,41.3792,-72.90325,2965121,8/15/18,12:02:00,O,Property Damage Only,O,No Apparent Injury (O),3,State,51.61,15,15-N,15-N,,Exit 61,1,TenthsofMile,S,1,Clear,1,Daylight,1,Dry,71800,"Trafficway, On Road",8/15/18 12:02
1098,445883,1,41.339468,-72.935278,2964359,8/15/18,12:25:00,O,Property Damage Only,O,No Apparent Injury (O),2,State,5.12,10,CT-10,10-N,PINE ST,,,,,1,Clear,1,Daylight,1,Dry,24100,"Trafficway, On Road",8/15/18 12:25
2301,445991,1,41.384516,-72.901306,2964467,8/15/18,14:05:00,A,"Injury of any type (Serious, Minor, Possible)",C,Possible Injury (C),1,State,8.88,10,CT-10,10-N,SCHOOL ST,,,,,1,Clear,1,Daylight,1,Dry,16500,"Trafficway, Not on Road",8/15/18 14:05
3260,449020,1,41.381904,-72.898879,2967491,8/15/18,14:05:00,O,Property Damage Only,O,No Apparent Injury (O),2,State,51.89,15,15-N,15-N,,Exit 61,2,TenthsofMile,N,1,Clear,1,Daylight,1,Dry,68700,"Trafficway, On Road",8/15/18 14:05
2198,445992,1,41.384761,-72.901434,2964468,8/16/18,9:28:00,O,Property Damage Only,O,No Apparent Injury (O),2,State,8.9,10,CT-10,10-N,,SCHOOL ST,85,Feet,N,1,Clear,1,Daylight,1,Dry,16900,"Trafficway, On Road",8/16/18 9:28
5611,446765,1,41.374797,-72.915988,2965239,8/16/18,11:42:00,O,Property Damage Only,O,No Apparent Injury (O),2,State,0.17,753,CT-10,753-S,SKIFF ST,,,,,1,Clear,1,Daylight,1,Dry,13900,"Trafficway, On Road",8/16/18 11:42
2302,446766,1,41.384647,-72.90147,2965240,8/16/18,12:28:00,O,Property Damage Only,O,No Apparent Injury (O),2,State,8.88,10,CT-10,10-N,SCHOOL ST,,,,,1,Clear,1,Daylight,1,Dry,16500,"Trafficway, On Road",8/16/18 12:28
9180,446850,1,41.403475,-72.893733,2965324,8/16/18,13:04:00,A,"Injury of any type (Serious, Minor, Possible)",C,Possible Injury (C),3,,,,WHITNEY AV,WHITNEY AVENUE,IVES STREET,,,,,1,Clear,1,Daylight,1,Dry,,"Trafficway, On Road",8/16/18 13:04
5013,446767,1,41.346738,-72.912784,2965241,8/16/18,13:25:00,O,Property Damage Only,O,No Apparent Injury (O),2,State,0.99,707,WHITNEY AV,707-N,RALSTON AV,,,,,1,Clear,1,Daylight,1,Dry,14300,"Trafficway, On Road",8/16/18 13:25
8379,451228,1,41.384792,-72.921432,2969699,8/16/18,15:58:00,O,Property Damage Only,O,No Apparent Injury (O),2,Local,0.67,489,SHEPARD AV,SHEPARD AV,FOUR ROD RD,,,,,1,Clear,1,Daylight,1,Dry,1400,"Trafficway, On Road",8/16/18 15:58
2386,451230,1,41.392724,-72.897208,2969701,8/16/18,18:44:00,A,"Injury of any type (Serious, Minor, Possible)",C,Possible Injury (C),1,State,9.49,10,CT-10,10-N,Forest ST,,,,,1,Clear,1,Daylight,1,Dry,14700,"Trafficway, On Road",8/16/18 18:44
6986,446851,1,41.350013,-72.941766,2965325,8/17/18,6:24:00,O,Property Damage Only,O,No Apparent Injury (O),2,Local,0.11,226,GORHAM AV,GORHAM AV,,William St,250,Feet,E,1,Clear,4,Dark-Lighted,1,Dry,1600,"Trafficway, On Road",8/17/18 6:24
7237,446852,1,41.425791,-72.930781,2965326,8/17/18,7:01:00,A,"Injury of any type (Serious, Minor, Possible)",B,Suspected Minor Injury (B),1,Local,0.02,290,JOHNSON RD,JOHNSON RD,,STILL HILL ROAD,100,Feet,E,1,Clear,1,Daylight,1,Dry,,"Trafficway, On Road",8/17/18 7:01
7221,455658,1,41.380074,-72.924293,2974127,8/17/18,8:55:00,A,"Injury of any type (Serious, Minor, Possible)",C,Possible Injury (C),2,Local,0.27,273,HOWARD DR,HOWARD DR,,Skiffs St Ext,218,Feet,N,1,Clear,1,Daylight,1,Dry,2900,"Trafficway, On Road",8/17/18 8:55
7129,446768,1,41.360727,-72.912822,2965242,8/17/18,10:12:00,O,Property Damage Only,O,No Apparent Injury (O),2,Local,0.13,246,HAWTHORNE AV,HAWTHORNE AV,,HUMISTON AVENUE,66,Feet,E,1,Clear,1,Daylight,1,Dry,350,"Trafficway, On Road",8/17/18 10:12
7966,446769,1,41.339651,-72.93732,2965243,8/17/18,10:48:00,O,Property Damage Only,O,No Apparent Injury (O),2,Local,0.1,428,PINE ST,PINE ST,,DIX STREET,244,Feet,E,1,Clear,1,Daylight,1,Dry,,"Trafficway, On Road",8/17/18 10:48
4382,446675,1,41.3793972,-72.90375396,2965149,8/17/18,11:04:00,A,"Injury of any type (Serious, Minor, Possible)",B,Suspected Minor Injury (B),2,State,0.16,15,15-S,15-S-123,,R/L ,10,Feet,N,1,Clear,1,Daylight,1,Dry,9300,"Trafficway, On Road",8/17/18 11:04
7921,446770,1,41.357021,-72.94146,2965244,8/17/18,11:59:00,O,Property Damage Only,O,No Apparent Injury (O),2,Local,0.78,429,PINE ROCK AV,PINE ROCK AV NO 1,GILBERT,,,,,1,Clear,1,Daylight,1,Dry,5500,"Trafficway, On Road",8/17/18 11:59
2199,446771,1,41.390609,-72.898562,2965245,8/17/18,17:23:00,A,"Injury of any type (Serious, Minor, Possible)",C,Possible Injury (C),2,State,9.33,10,CT-10,10-N,,Farrell St.,111,Feet,S,1,Clear,1,Daylight,1,Dry,16900,"Trafficway, On Road",8/17/18 17:23
6810,454083,1,41.446495,-72.956931,2972553,8/18/18,0:09:00,O,Property Damage Only,O,No Apparent Injury (O),1,Local,2.15,208,GAYLORD MOUNTAIN RD,GAYLORD MOUNTAIN RD,,Handy Rd,100,Feet,S,4,Rain,5,Dark-Not Lighted,2,Wet,,"Trafficway, On Road",8/18/18 0:09
8062,452406,1,41.344313,-72.922544,2970876,8/18/18,4:27:00,O,Property Damage Only,O,No Apparent Injury (O),2,Local,0.54,439,PUTNAM AV,PUTNAM AV,WINNETT ST,,,,,1,Clear,4,Dark-Lighted,1,Dry,10000,"Trafficway, On Road",8/18/18 4:27
3861,493515,1,41.366371,-72.918714,3011974,8/18/18,8:28:00,O,Property Damage Only,O,No Apparent Injury (O),2,State,50.41,15,15-S,15-S,,Exit 60,2,TenthsofMile,N,2,Cloudy,1,Daylight,1,Dry,71800,"Trafficway, On Road",8/18/18 8:28
4066,493514,1,41.365875,-72.920818,3011973,8/18/18,8:28:00,O,Property Damage Only,O,No Apparent Injury (O),2,State,50.29,15,15-S,15-S,,Exit 60,1,TenthsofMile,N,2,Cloudy,1,Daylight,1,Dry,66000,"Trafficway, On Road",8/18/18 8:28
3862,493516,1,41.379809,-72.902404,3011975,8/18/18,11:50:00,O,Property Damage Only,O,No Apparent Injury (O),2,State,51.69,15,15-S,15-S,,Exit 61,1,TenthsofMile,N,1,Clear,1,Daylight,1,Dry,71800,"Trafficway, On Road",8/18/18 11:50
7101,452407,1,41.341307,-72.907539,2970877,8/18/18,12:48:00,O,Property Damage Only,O,No Apparent Injury (O),1,Local,0.19,242,HARTFORD TPK,HARTFORD TPK,DAVIS ST,,,,,2,Cloudy,1,Daylight,1,Dry,100,"Trafficway, On Road",8/18/18 12:48
4806,446853,1,41.339452,-72.897035,2965327,8/18/18,21:57:00,A,"Injury of any type (Serious, Minor, Possible)",B,Suspected Minor Injury (B),1,USRoute,1.87,5,US-5,5-N,,Batti Road,100,Feet,N,1,Clear,4,Dark-Lighted,1,Dry,9900,"Trafficway, On Road",8/18/18 21:57
6664,451232,1,41.338533,-72.941011,2969703,8/19/18,1:33:00,A,"Injury of any type (Serious, Minor, Possible)",C,Possible Injury (C),1,Local,0.02,176,FAIRVIEW AV,FAIRVIEW AV,,Arch St,75,Feet,N,1,Clear,4,Dark-Lighted,1,Dry,4800,"Trafficway, On Road",8/19/18 1:33
6548,451234,1,41.370888,-72.949824,2969705,8/19/18,2:27:00,O,Property Damage Only,O,No Apparent Injury (O),1,Local,2.07,152,DUNBAR HILL RD,DUNBAR HILL RD,,Cooper Lane,10,Feet,S,1,Clear,4,Dark-Lighted,1,Dry,,"Trafficway, On Road",8/19/18 2:27