,CrashId,Fatal Case Status,lat,lon,DOT Case Number,Date Of Crash,Time of Crash,Crash Severity,Crash Severity Text Format,Most Severe Injury,Most Severe Injury Text Format,Number Of Motor Vehicles,Route Class Text Format,Milemarker,Road Number,Road Description,Roadway Name,Intersecting Roadway Name,Landmark Description,Distance From Nearest Landmark,Unit Of Measure From Nearest Landmark,Direction From Nearest Landmark,Weather Condition,Weather Condition Text Format,Light Condition,Light Condition Text Format,Road Surface Condition,Road Surface Condition Text Format,Average Daily Traffic,Trafficway Class Text Format,full_date
7453,446854,1,41.370497,-72.924262,2965328,8/20/18,8:29:00,O,Property Damage Only,O,No Apparent Injury (O),3,Local,0.5,366,MIX AV,MIX AV,,PLAZA TER,50,Feet,S,1,Clear,1,Daylight,1,Dry,4000,"Trafficway, On Road",8/20/18 8:29
3832,452025,1,41.37819,-72.905296,2970495,8/20/18,10:35:00,O,Property Damage Only,O,No Apparent Injury (O),2,State,51.47,15,15-S,15-S,,EXIT 61,100,Feet,S,2,Cloudy,1,Daylight,1,Dry,71800,"Trafficway, On Road",8/20/18 10:35
4607,447492,1,41.401236,-72.897698,2965966,8/20/18,11:40:00,O,Property Damage Only,O,No Apparent Injury (O),2,State,3.08,40,40-N,40-N,10-N,,,,,1,Clear,1,Daylight,1,Dry,18700,"Trafficway, On Road",8/20/18 11:40
227,447133,1,41.359206,-72.925657,2965607,8/20/18,11:58:00,O,Property Damage Only,O,No Apparent Injury (O),2,State,6.55,10,CT-10,10-N,,MATHER ST,50,Feet,N,1,Clear,1,Daylight,1,Dry,32100,"Trafficway, On Road",8/20/18 11:58
8909,447119,1,41.350023,-72.919274,2965593,8/20/18,12:22:00,A,"Injury of any type (Serious, Minor, Possible)",B,Suspected Minor Injury (B),1,Local,0.64,527,TREADWELL ST,TREADWELL ST,,LAKE STREET,100,Feet,W,1,Clear,1,Daylight,1,Dry,5100,"Trafficway, On Road",8/20/18 12:22
814,447493,1,41.405544,-72.899007,2965967,8/20/18,12:52:00,O,Property Damage Only,O,No Apparent Injury (O),2,State,10.39,10,CT-10,10-N,,WOODRUFF ST,64,Feet,N,1,Clear,1,Daylight,1,Dry,25300,"Trafficway, On Road",8/20/18 12:52
6041,451236,1,41.397369,-72.900935,2969707,8/20/18,13:55:00,O,Property Damage Only,O,No Apparent Injury (O),2,Local,0.15,74,CANNON ST,CANNON ST,,PELHAM AVE,210,Feet,W,1,Clear,1,Daylight,1,Dry,,"Trafficway, On Road",8/20/18 13:55
8894,452408,1,41.426428,-72.914198,2970878,8/20/18,20:41:00,O,Property Damage Only,O,No Apparent Injury (O),3,Local,0.14,525,TODD ST,TODD ST,,Barbara Ln,250,Feet,E,1,Clear,5,Dark-Not Lighted,1,Dry,1800,"Trafficway, On Road",8/20/18 20:41
2161,459951,1,41.38348,-72.901818,2978419,8/21/18,15:53:00,O,Property Damage Only,O,No Apparent Injury (O),2,State,8.8,10,CT-10,10-N,707-N,,,,,1,Clear,1,Daylight,1,Dry,17000,"Trafficway, On Road",8/21/18 15:53
5612,453051,1,41.374659,-72.916315,2971521,8/21/18,20:38:00,O,Property Damage Only,O,No Apparent Injury (O),2,State,0.17,753,CT-10,753-S,SKIFF ST,,10,Feet,E,1,Clear,4,Dark-Lighted,1,Dry,13900,"Trafficway, On Road",8/21/18 20:38
3833,452104,1,41.37813,-72.90532,2970574,8/22/18,10:31:00,O,Property Damage Only,O,No Apparent Injury (O),2,State,51.46,15,15-S,15-S,,EXIT 61,100,Feet,S,2,Cloudy,1,Daylight,1,Dry,71800,"Trafficway, On Road",8/22/18 10:31
9050,451238,1,41.33003,-72.896975,2969709,8/22/18,12:17:00,O,Property Damage Only,O,No Apparent Injury (O),2,Local,0.37,562,WELTON ST,WELTON ST,,Armstrong St.,40,Feet,N,1,Clear,1,Daylight,1,Dry,,"Trafficway, On Road",8/22/18 12:17
1353,451240,1,41.348706,-72.932698,2969711,8/22/18,12:43:00,O,Property Damage Only,O,No Apparent Injury (O),2,State,5.73,10,CT-10,10-N,,Scott St.,70,Feet,S,1,Clear,1,Daylight,1,Dry,23400,"Trafficway, On Road",8/22/18 12:43
21,453052,1,41.365045,-72.922471,2971522,8/22/18,16:28:00,O,Property Damage Only,O,No Apparent Injury (O),2,State,6.99,10,CT-10,10-N,,Dewey St,100,Feet,N,1,Clear,1,Daylight,1,Dry,41100,"Trafficway, On Road",8/22/18 16:28
8193,454000,1,41.358821,-72.900604,2972470,8/22/18,18:19:00,A,"Injury of any type (Serious, Minor, Possible)",C,Possible Injury (C),2,Local,1.68,452,RIDGE RD,RIDGE RD,HAVERFORD ST,,,,,1,Clear,1,Daylight,1,Dry,5200,"Trafficway, On Road",8/22/18 18:19
6924,451242,1,41.334965,-72.924992,2969713,8/23/18,5:09:00,O,Property Damage Only,O,No Apparent Injury (O),1,Local,0.27,222,GOODRICH ST,GOODRICH ST,,WINCHESTER AVE,10,Feet,W,1,Clear,2,Dawn,1,Dry,3100,"Trafficway, Not on Road",8/23/18 5:09
5524,451247,1,41.383318,-72.900539,2969718,8/23/18,8:39:00,O,Property Damage Only,O,No Apparent Injury (O),2,State,0.07,717,DIXWELL AV,717-E,,WHITNEY AVENUE,150,Feet,E,1,Clear,1,Daylight,1,Dry,15400,"Trafficway, On Road",8/23/18 8:39
7829,451249,1,41.329853,-72.898821,2969720,8/23/18,9:53:00,O,Property Damage Only,O,No Apparent Injury (O),2,Local,0,414,PARK RD,PARK RD,ARMSTRONG ST,,,,,1,Clear,1,Daylight,1,Dry,2800,"Trafficway, On Road",8/23/18 9:53
3834,452159,1,41.37814,-72.905295,2970629,8/23/18,14:46:00,O,Property Damage Only,O,No Apparent Injury (O),2,State,51.46,15,15-S,15-S,,EXIT 61,100,Feet,S,1,Clear,1,Daylight,1,Dry,71800,"Trafficway, On Road",8/23/18 14:46
7657,451251,1,41.380481,-72.959727,2969722,8/23/18,22:43:00,O,Property Damage Only,O,No Apparent Injury (O),1,Local,1.35,373,MOUNTAIN RD,MOUNTAIN RD,,Main Street,3,TenthsofMile,W,1,Clear,5,Dark-Not Lighted,1,Dry,,"Trafficway, Not on Road",8/23/18 22:43
815,452584,1,41.405773,-72.899107,2971054,8/24/18,12:55:00,A,"Injury of any type (Serious, Minor, Possible)",C,Possible Injury (C),2,State,10.41,10,CT-10,10-N,,WOODRUFF STREET,127,Feet,N,1,Clear,1,Daylight,1,Dry,25300,"Trafficway, On Road",8/24/18 12:55
5105,456664,1,41.343514,-72.91203,2975133,8/24/18,17:28:00,O,Property Damage Only,O,No Apparent Injury (O),2,State,0.77,707,WHITNEY AV,707-N,ELI RD,,,,,1,Clear,1,Daylight,1,Dry,13500,"Trafficway, On Road",8/24/18 17:28
7247,454084,1,41.392955,-72.926948,2972554,8/25/18,4:33:00,O,Property Damage Only,O,No Apparent Injury (O),1,Local,0.1,300,KIRK RD,KIRK RD,BEAR PATH RD,,,,,1,Clear,4,Dark-Lighted,1,Dry,,"Trafficway, On Road",8/25/18 4:33
7698,451253,1,41.336194,-72.926649,2969724,8/25/18,9:57:00,O,Property Damage Only,O,No Apparent Injury (O),2,Local,0.52,385,NEWHALL ST,NEWHALL ST,MARLBORO ST,,,,,1,Clear,1,Daylight,1,Dry,,"Trafficway, On Road",8/25/18 9:57
3835,455108,1,41.367197,-72.917479,2973578,8/25/18,10:41:00,O,Property Damage Only,O,No Apparent Injury (O),2,State,50.49,15,15-S,15-S,,EXIT 61,3,TenthsofMile,S,1,Clear,1,Daylight,1,Dry,71800,"Trafficway, On Road",8/25/18 10:41
3831,450955,1,41.378134,-72.9053,2969426,8/25/18,11:32:00,A,"Injury of any type (Serious, Minor, Possible)",C,Possible Injury (C),2,State,51.46,15,15-S,15-S,,Entrance 61,10,Feet,N,1,Clear,1,Daylight,1,Dry,71800,"Trafficway, On Road",8/25/18 11:32
1354,452585,1,41.349655,-72.93219,2971055,8/25/18,12:32:00,O,Property Damage Only,O,No Apparent Injury (O),2,State,5.8,10,CT-10,10-N,,Collins,10,Feet,S,1,Clear,1,Daylight,1,Dry,23400,"Trafficway, On Road",8/25/18 12:32
2334,453053,1,41.453381,-72.908519,2971523,8/25/18,12:50:00,A,"Injury of any type (Serious, Minor, Possible)",C,Possible Injury (C),2,State,13.77,10,CT-10,10-N,,Willow Crest Drive ,20,Feet,S,1,Clear,1,Daylight,1,Dry,15400,"Trafficway, On Road",8/25/18 12:50
5985,451255,1,41.349755,-72.938212,2969726,8/25/18,16:49:00,O,Property Damage Only,O,No Apparent Injury (O),2,Local,0.23,54,BRADLEY AV,BRADLEY AV,,DALLAS ST,25,Feet,E,1,Clear,1,Daylight,1,Dry,,"Trafficway, On Road",8/25/18 16:49
1228,451257,1,41.374801,-72.915963,2969728,8/25/18,19:09:00,O,Property Damage Only,O,No Apparent Injury (O),2,State,7.7,10,CT-10,10-N,,Skiff St.,40,Feet,N,1,Clear,1,Daylight,1,Dry,23700,"Trafficway, On Road",8/25/18 19:09
9219,456442,1,41.359504,-72.95912,2974911,8/25/18,23:04:00,A,"Injury of any type (Serious, Minor, Possible)",A,Suspected Serious Injury (A),1,Local,0.97,594,WINTERGREEN AV,WINTERGREEN AV,,Building Brook Road,497,Feet,S,1,Clear,4,Dark-Lighted,1,Dry,1300,"Trafficway, On Road",8/25/18 23:04
1232,458142,1,41.37408,-72.916124,2976611,8/26/18,11:31:00,O,Property Damage Only,O,No Apparent Injury (O),2,State,7.68,10,CT-10,10-N,,Skiff Street,200,Feet,N,1,Clear,1,Daylight,1,Dry,23700,"Trafficway, On Road",8/26/18 11:31
1231,457734,1,41.369759,-72.919015,2976203,8/26/18,13:07:00,A,"Injury of any type (Serious, Minor, Possible)",B,Suspected Minor Injury (B),3,State,7.34,10,CT-10,10-N,,2100 Dixwell Avenue,100,Feet,N,1,Clear,1,Daylight,1,Dry,23700,"Trafficway, On Road",8/26/18 13:07
6575,452586,1,41.361395,-72.936116,2971056,8/26/18,18:46:00,O,Property Damage Only,O,No Apparent Injury (O),2,Local,0.03,165,ELEANOR ST,ELEANOR ST,,Cherry Hill Rd.,150,Feet,S,1,Clear,1,Daylight,1,Dry,,"Trafficway, On Road",8/26/18 18:46
5337,455480,1,41.355984,-72.91189,2973949,8/26/18,20:52:00,O,Property Damage Only,O,No Apparent Injury (O),2,State,1.65,707,WHITNEY AV,707-N,WAITE ST,,,,,1,Clear,4,Dark-Lighted,1,Dry,11300,"Trafficway, On Road",8/26/18 20:52
1104,461432,1,41.344119,-72.934361,2979900,8/26/18,23:01:00,A,"Injury of any type (Serious, Minor, Possible)",B,Suspected Minor Injury (B),2,State,5.4,10,CT-10,10-N,,Woodin Street,5,Feet,S,1,Clear,4,Dark-Lighted,1,Dry,24100,"Trafficway, On Road",8/26/18 23:01
568,452587,1,41.345591,-72.934013,2971057,8/27/18,11:32:00,A,"Injury of any type (Serious, Minor, Possible)",B,Suspected Minor Injury (B),2,State,5.51,10,CT-10,10-N,,Putnam Av,100,Feet,S,1,Clear,1,Daylight,1,Dry,26700,"Trafficway, On Road",8/27/18 11:32
5843,456443,1,41.362996,-72.924513,2974912,8/27/18,11:47:00,A,"Injury of any type (Serious, Minor, Possible)",C,Possible Injury (C),2,Local,0.04,42,BENHAM ST,BENHAM ST,,Dixwell Ave,205,Feet,E,1,Clear,1,Daylight,1,Dry,12600,"Trafficway, On Road",8/27/18 11:47
3836,455118,1,41.37789393,-72.9054785,2973588,8/27/18,13:47:00,O,Property Damage Only,O,No Apparent Injury (O),2,State,51.44,15,15-S,15-S,,Route 15,10,Feet,N,1,Clear,1,Daylight,1,Dry,71800,"Trafficway, On Road",8/27/18 13:47
816,452588,1,41.413826,-72.902035,2971058,8/27/18,14:32:00,O,Property Damage Only,O,No Apparent Injury (O),2,State,10.99,10,CT-10,10-N,SHERMAN AV NO 2,,,,,1,Clear,1,Daylight,1,Dry,25300,"Trafficway, On Road",8/27/18 14:32
7685,448425,1,41.334706,-72.926936,2966897,8/27/18,14:32:00,O,Property Damage Only,O,No Apparent Injury (O),3,Local,0.62,385,NEWHALL ST,NEWHALL ST,,LANDER ST,200,Feet,N,1,Clear,1,Daylight,1,Dry,7500,"Trafficway, On Road",8/27/18 14:32
1972,453055,1,41.40378,-72.89792,2971525,8/27/18,15:41:00,O,Property Damage Only,O,No Apparent Injury (O),2,State,10.27,10,CT-10,10-N,DICKERMAN ST,,,,,1,Clear,1,Daylight,1,Dry,18400,"Trafficway, On Road",8/27/18 15:41
20,452589,1,41.364829,-72.922533,2971059,8/27/18,15:59:00,O,Property Damage Only,O,No Apparent Injury (O),2,State,6.97,10,CT-10,10-N,,Dewey St.,40,Feet,S,1,Clear,1,Daylight,1,Dry,41100,"Trafficway, On Road",8/27/18 15:59
5463,453056,1,41.383136,-72.898613,2971526,8/27/18,16:07:00,O,Property Damage Only,O,No Apparent Injury (O),2,State,0.17,717,DIXWELL AV,717-E,,Washington Avenue,150,Feet,E,1,Clear,1,Daylight,1,Dry,18600,"Trafficway, On Road",8/27/18 16:07
3226,493518,1,41.366644,-72.917917,3011977,8/27/18,17:32:00,O,Property Damage Only,O,No Apparent Injury (O),2,State,50.43,15,15-N,15-N,,Exit 62,1,TenthsofMile,N,1,Clear,1,Daylight,1,Dry,71800,"Trafficway, On Road",8/27/18 17:32
1099,453057,1,41.341871,-72.934931,2971527,8/27/18,20:52:00,A,"Injury of any type (Serious, Minor, Possible)",C,Possible Injury (C),2,State,5.25,10,CT-10,10-N,,North St,30,Feet,N,1,Clear,4,Dark-Lighted,1,Dry,24100,"Trafficway, On Road",8/27/18 20:52
4911,452590,1,41.378963,-72.903459,2971060,8/27/18,21:54:00,O,Property Damage Only,O,No Apparent Injury (O),1,State,3.31,707,WHITNEY AV,707-N,,RT. 15 exit ramp,60,Feet,N,1,Clear,4,Dark-Lighted,1,Dry,16900,"Trafficway, On Road",8/27/18 21:54
5613,453058,1,41.376631,-72.915448,2971528,8/28/18,9:44:00,O,Property Damage Only,O,No Apparent Injury (O),2,State,0.03,753,CT-10,753-S,,Shepard Ave.,300,Feet,N,1,Clear,1,Daylight,1,Dry,13900,"Trafficway, On Road",8/28/18 9:44
817,453059,1,41.347773,-72.933154,2971529,8/28/18,11:07:00,A,"Injury of any type (Serious, Minor, Possible)",C,Possible Injury (C),2,State,5.67,10,CT-10,10-N,,SCOTT ST,228,Feet,S,1,Clear,1,Daylight,1,Dry,25300,"Trafficway, On Road",8/28/18 11:07
5614,454332,1,41.376724,-72.915484,2972802,8/29/18,0:23:00,A,"Injury of any type (Serious, Minor, Possible)",C,Possible Injury (C),2,State,0.03,753,CT-10,753-S,SHEPARD AV,,,,,1,Clear,4,Dark-Lighted,1,Dry,13900,"Trafficway, On Road",8/29/18 0:23
643,453060,1,41.417211,-72.903304,2971530,8/29/18,8:40:00,A,"Injury of any type (Serious, Minor, Possible)",B,Suspected Minor Injury (B),2,State,11.23,10,CT-10,10-N,,MT CARMEL AVENUE,1,TenthsofMile,S,1,Clear,1,Daylight,1,Dry,25800,"Trafficway, On Road",8/29/18 8:40
7742,469723,1,41.341901,-72.938064,2988188,8/29/18,9:08:00,O,Property Damage Only,O,No Apparent Injury (O),1,Local,0.16,392,NORTH ST,NORTH ST,DIX ST,,,,,1,Clear,1,Daylight,1,Dry,,"Trafficway, Not on Road",8/29/18 9:08
1110,466861,1,41.338847,-72.935258,2985328,8/29/18,9:32:00,O,Property Damage Only,O,No Apparent Injury (O),2,State,5.04,10,CT-10,10-N,,Arch St.,125,Feet,N,1,Clear,1,Daylight,1,Dry,24100,"Trafficway, On Road",8/29/18 9:32
7031,453061,1,41.361584,-72.915368,2971531,8/29/18,9:50:00,O,Property Damage Only,O,No Apparent Injury (O),2,Local,0.34,232,GREENWAY ST,GREENWAY ST,,HAWTHORNE AV,110,Feet,N,1,Clear,1,Daylight,1,Dry,,"Trafficway, On Road",8/29/18 9:50
644,453062,1,41.420436,-72.904368,2971532,8/29/18,11:40:00,O,Property Damage Only,O,No Apparent Injury (O),2,State,11.48,10,CT-10,10-N,WEST WOODS RD NO 1,,,,,1,Clear,1,Daylight,1,Dry,25800,"Trafficway, On Road",8/29/18 11:40
7249,453063,1,41.401364,-72.908665,2971533,8/29/18,13:30:00,O,Property Damage Only,O,No Apparent Injury (O),2,Local,0.34,302,KNOB HILL DR,KNOB HILL DR,,CLARK ST,402,Feet,N,1,Clear,1,Daylight,1,Dry,,"Trafficway, On Road",8/29/18 13:30
5525,453064,1,41.383411,-72.901135,2971534,8/29/18,15:54:00,O,Property Damage Only,O,No Apparent Injury (O),2,State,0.04,717,DIXWELL AV,717-E,,10-N,177,Feet,E,1,Clear,1,Daylight,1,Dry,15400,"Trafficway, On Road",8/29/18 15:54
7986,453065,1,41.337633,-72.919305,2971535,8/29/18,17:03:00,O,Property Damage Only,O,No Apparent Injury (O),2,Local,0.05,438,PROSPECT ST,PROSPECT ST,ARMORY ST,,,,,1,Clear,1,Daylight,1,Dry,4600,"Trafficway, On Road",8/29/18 17:03
511,602289,1,41.35847,-72.926127,3120718,8/30/18,7:51:00,O,Property Damage Only,O,No Apparent Injury (O),2,State,6.49,10,CT-10,10-N,,MATHER ST,200,Feet,S,1,Clear,1,Daylight,1,Dry,27500,"Trafficway, On Road",8/30/18 7:51
1230,453067,1,41.370404,-72.918618,2971537,8/30/18,10:33:00,O,Property Damage Only,O,No Apparent Injury (O),2,State,7.39,10,CT-10,10-N,,CONNOLLY PKWY,1319,Feet,N,1,Clear,1,Daylight,1,Dry,23700,"Trafficway, On Road",8/30/18 10:33
7454,453068,1,41.373293,-72.922358,2971538,8/30/18,11:47:00,A,"Injury of any type (Serious, Minor, Possible)",C,Possible Injury (C),2,Local,0.71,366,MIX AV,MIX AV,,EAST GATE LANE,220,Feet,S,1,Clear,1,Daylight,1,Dry,4000,"Trafficway, On Road",8/30/18 11:47
3837,455142,1,41.365195,-72.926895,2973612,8/31/18,7:40:00,O,Property Damage Only,O,No Apparent Injury (O),2,State,51.59,15,15-S,15-S,,EXIT 60,100,Feet,S,1,Clear,1,Daylight,1,Dry,71800,"Trafficway, On Road",8/31/18 7:40
2335,453069,1,41.45504,-72.908365,2971539,8/31/18,7:43:00,O,Property Damage Only,O,No Apparent Injury (O),1,State,13.89,10,CT-10,10-N,,Mt. Sanford Road,1,TenthsofMile,S,1,Clear,1,Daylight,1,Dry,15400,"Trafficway, On Road",8/31/18 7:43
6604,456769,1,41.347652,-72.944277,2975238,8/31/18,11:14:00,O,Property Damage Only,O,No Apparent Injury (O),2,Local,0.12,172,ELMER AV,ELMER AV,,Helen St,1,TenthsofMile,S,1,Clear,1,Daylight,1,Dry,,"Trafficway, On Road",8/31/18 11:14
1355,456444,1,41.353837,-72.929846,2974913,8/31/18,12:06:00,O,Property Damage Only,O,No Apparent Injury (O),2,State,6.12,10,CT-10,10-N,,Treadwell Street,100,Feet,S,1,Clear,1,Daylight,1,Dry,23400,"Trafficway, On Road",8/31/18 12:06
5615,456445,1,41.37669,-72.91567,2974914,8/31/18,12:23:00,A,"Injury of any type (Serious, Minor, Possible)",C,Possible Injury (C),2,State,0.03,753,CT-10,753-S,SHEPARD AV,,,,,1,Clear,1,Daylight,1,Dry,13900,"Trafficway, On Road",8/31/18 12:23
228,456460,1,41.362182,-72.924037,2974929,8/31/18,19:00:00,O,Property Damage Only,O,No Apparent Injury (O),2,State,6.77,10,CT-10,10-N,,Benham St,250,Feet,S,1,Clear,1,Daylight,1,Dry,32100,"Trafficway, On Road",8/31/18 19:00
22,457914,1,41.363001,-72.923747,2976383,8/31/18,23:12:00,O,Property Damage Only,O,No Apparent Injury (O),2,State,6.82,10,CT-10,10-N,,Benham Street ,50,Feet,N,1,Clear,4,Dark-Lighted,1,Dry,41100,"Trafficway, On Road",8/31/18 23:12
5464,456461,1,41.38320314,-72.89852186,2974930,9/1/18,3:12:00,A,"Injury of any type (Serious, Minor, Possible)",B,Suspected Minor Injury (B),1,State,0.17,717,DIXWELL AV,717-E,,Washington Ave,100,Feet,N,1,Clear,4,Dark-Lighted,1,Dry,18600,"Trafficway, On Road",9/1/18 3:12
1100,456770,1,41.338792,-72.93521,2975239,9/1/18,12:08:00,O,Property Damage Only,O,No Apparent Injury (O),2,State,5.04,10,CT-10,10-N,,Arch St,170,Feet,N,1,Clear,1,Daylight,1,Dry,24100,"Trafficway, On Road",9/1/18 12:08
7044,456462,1,41.385192,-72.907131,2974931,9/1/18,12:21:00,O,Property Damage Only,O,No Apparent Injury (O),2,Local,0.6,713,HAMDEN HILLS DR,HAMDEN HILLS DR,,Evergreen Avenue,10,Feet,W,1,Clear,1,Daylight,1,Dry,8500,"Trafficway, On Road",9/1/18 12:21
1101,456771,1,41.338645,-72.935202,2975240,9/1/18,13:04:00,O,Property Damage Only,O,No Apparent Injury (O),2,State,5.03,10,CT-10,10-N,,Arch St,125,Feet,N,1,Clear,1,Daylight,1,Dry,24100,"Trafficway, On Road",9/1/18 13:04
1356,456772,1,41.350783,-72.931671,2975241,9/1/18,13:43:00,O,Property Damage Only,O,No Apparent Injury (O),2,State,5.89,10,CT-10,10-N,,Lexington St,101,Feet,N,1,Clear,1,Daylight,1,Dry,23400,"Trafficway, On Road",9/1/18 13:43
5618,468958,1,41.376692,-72.915617,2987423,9/1/18,15:15:00,O,Property Damage Only,O,No Apparent Injury (O),1,State,0.03,753,CT-10,753-S,SHEPARD AV,,,,,1,Clear,1,Daylight,1,Dry,13900,"Trafficway, On Road",9/1/18 15:15
3473,455158,1,41.365289,-72.921805,2973628,9/1/18,17:28:00,O,Property Damage Only,O,No Apparent Injury (O),2,State,0.02,15,15-N,15-N-221,,Exit 60,2,TenthsofMile,S,1,Clear,1,Daylight,1,Dry,9300,"Trafficway, On Road",9/1/18 17:28
569,456774,1,41.346561,-72.934163,2975243,9/1/18,19:56:00,O,Property Damage Only,O,No Apparent Injury (O),2,State,5.56,10,CT-10,10-N,PUTNAM AV,,,,,1,Clear,4,Dark-Lighted,1,Dry,26700,"Trafficway, On Road",9/1/18 19:56
3951,602053,1,41.383238,-72.896661,3120482,9/2/18,0:13:00,A,"Injury of any type (Serious, Minor, Possible)",B,Suspected Minor Injury (B),1,State,52.04,15,15-S,15-S,,EXIT #62,3,TenthsofMile,S,1,Clear,5,Dark-Not Lighted,1,Dry,68700,"Trafficway, On Road",9/2/18 0:13
6167,460308,1,41.360695,-72.936905,2978776,9/2/18,2:22:00,A,"Injury of any type (Serious, Minor, Possible)",C,Possible Injury (C),1,Local,0.37,99,CIRCULAR AV,CIRCULAR AV,,Cherry Hill Rd.,200,Feet,S,1,Clear,4,Dark-Lighted,1,Dry,1900,"Trafficway, On Road",9/2/18 2:22
1357,458143,1,41.352826,-72.930513,2976612,9/2/18,12:55:00,O,Property Damage Only,O,No Apparent Injury (O),2,State,6.04,10,CT-10,10-N,,church street,10,Feet,W,1,Clear,1,Daylight,1,Dry,23400,"Trafficway, On Road",9/2/18 12:55
6857,456463,1,41.357186,-72.937815,2974932,9/2/18,16:28:00,A,"Injury of any type (Serious, Minor, Possible)",B,Suspected Minor Injury (B),1,Local,0.04,212,GILBERT AV,GILBERT AV,Plains Rd,,,,,1,Clear,1,Daylight,1,Dry,5500,"Trafficway, On Road",9/2/18 16:28
4608,455167,1,41.400258,-72.895509,2973637,9/2/18,21:32:00,O,Property Damage Only,O,No Apparent Injury (O),2,State,2.94,40,40-N,40-N,,Whitney Avenue,1,TenthsofMile,E,1,Clear,4,Dark-Lighted,1,Dry,18700,"Trafficway, On Road",9/2/18 21:32
4739,456775,1,41.333044,-72.900576,2975244,9/3/18,0:40:00,O,Property Damage Only,O,No Apparent Injury (O),2,USRoute,1.38,5,US-5,5-N,,Cook St,50,Feet,N,1,Clear,4,Dark-Lighted,1,Dry,14100,"Trafficway, On Road",9/3/18 0:40
3611,500190,1,41.35458881,-72.95332505,3018646,9/3/18,12:37:00,O,Property Damage Only,O,No Apparent Injury (O),2,State,48.38,15,15-S,15-S,,exit 59,3,TenthsofMile,N,1,Clear,1,Daylight,1,Dry,79900,"Trafficway, On Road",9/3/18 12:37
2160,456464,1,41.383557,-72.904982,2974933,9/3/18,17:12:00,O,Property Damage Only,O,No Apparent Injury (O),2,State,8.65,10,CT-10,10-N,,Old Dixwell Ave,50,Feet,W,1,Clear,1,Daylight,1,Dry,17000,"Trafficway, On Road",9/3/18 17:12
2457,456465,1,41.374547,-72.915776,2974934,9/3/18,19:44:00,A,"Injury of any type (Serious, Minor, Possible)",B,Suspected Minor Injury (B),2,Local,0,144,CT-10,DIXWELL AV NO 2 RT 10 NB,SKIFF ST,,,,W,1,Clear,4,Dark-Lighted,1,Dry,12700,"Trafficway, On Road",9/3/18 19:44
6987,458144,1,41.347743,-72.934677,2976613,9/4/18,7:10:00,O,Property Damage Only,O,No Apparent Injury (O),2,Local,0.51,226,GORHAM AV,GORHAM AV,,CIRCULAR AV,44,Feet,W,1,Clear,1,Daylight,1,Dry,1600,"Trafficway, On Road",9/4/18 7:10
6341,456790,1,41.340399,-72.905641,2975259,9/4/18,9:02:00,A,"Injury of any type (Serious, Minor, Possible)",B,Suspected Minor Injury (B),1,Local,0.4,128,DAVIS ST,DAVIS ST,,ROGERS RD,51,Feet,E,1,Clear,1,Daylight,1,Dry,11100,"Trafficway, On Road",9/4/18 9:02
6149,456791,1,41.349829,-72.935102,2975260,9/4/18,10:07:00,O,Property Damage Only,O,No Apparent Injury (O),3,Local,1.14,99,CIRCULAR AV,CIRCULAR AV,NEWTON ST,,,,,1,Clear,1,Daylight,1,Dry,7100,"Trafficway, On Road",9/4/18 10:07
3334,455285,1,41.380703,-72.900722,2973755,9/4/18,14:18:00,O,Property Damage Only,O,No Apparent Injury (O),2,State,51.76,15,15-N,15-N,exit  61 on ramp,,10,Feet,S,1,Clear,1,Daylight,1,Dry,64800,"Trafficway, On Road",9/4/18 14:18
230,458449,1,41.362402,-72.92393,2976918,9/4/18,19:40:00,A,"Injury of any type (Serious, Minor, Possible)",C,Possible Injury (C),2,State,6.78,10,CT-10,10-N,,Benham St,100,Feet,S,1,Clear,3,Dusk,1,Dry,32100,"Trafficway, On Road",9/4/18 19:40
5844,456792,1,41.365376,-72.934192,2975261,9/4/18,20:39:00,A,"Injury of any type (Serious, Minor, Possible)",C,Possible Injury (C),2,Local,0.57,42,BENHAM ST,BENHAM ST,CHERRY HILL RD,,,,,1,Clear,4,Dark-Lighted,1,Dry,12600,"Trafficway, On Road",9/4/18 20:39
229,456793,1,41.362912,-72.923756,2975262,9/4/18,21:28:00,A,"Injury of any type (Serious, Minor, Possible)",C,Possible Injury (C),3,State,6.8,10,CT-10,10-N,BENHAM ST,,,,,1,Clear,4,Dark-Lighted,1,Dry,32100,"Trafficway, On Road",9/4/18 21:28
5239,458450,1,41.361153,-72.90933,2976919,9/5/18,8:33:00,A,"Injury of any type (Serious, Minor, Possible)",C,Possible Injury (C),2,State,2.05,707,WHITNEY AV,707-N,,HAVERFORD ST,47,Feet,S,1,Clear,1,Daylight,1,Dry,11900,"Trafficway, On Road",9/5/18 8:33
3838,457978,1,41.378051,-72.905354,2976447,9/5/18,9:03:00,O,Property Damage Only,O,No Apparent Injury (O),2,State,51.45,15,15-S,15-S,EXIT 61,,,,,1,Clear,1,Daylight,1,Dry,71800,"Trafficway, On Road",9/5/18 9:03
8593,456794,1,41.415097,-72.91289,2975263,9/5/18,13:23:00,O,Property Damage Only,O,No Apparent Injury (O),2,,,,SHERMAN AV,305 SHERMAN AVENUE,,SHERMAN AVENUE,2,TenthsofMile,N,1,Clear,1,Daylight,1,Dry,,"Trafficway, On Road",9/5/18 13:23