,CrashId,Fatal Case Status,lat,lon,DOT Case Number,Date Of Crash,Time of Crash,Crash Severity,Crash Severity Text Format,Most Severe Injury,Most Severe Injury Text Format,Number Of Motor Vehicles,Route Class Text Format,Milemarker,Road Number,Road Description,Roadway Name,Intersecting Roadway Name,Landmark Description,Distance From Nearest Landmark,Unit Of Measure From Nearest Landmark,Direction From Nearest Landmark,Weather Condition,Weather Condition Text Format,Light Condition,Light Condition Text Format,Road Surface Condition,Road Surface Condition Text Format,Average Daily Traffic,Trafficway Class Text Format,full_date
8063,456795,1,41.343714,-72.92632,2975264,9/5/18,16:04:00,A,"Injury of any type (Serious, Minor, Possible)",C,Possible Injury (C),2,Local,0.74,439,PUTNAM AV,PUTNAM AV,LEEDER HILL DR,,,,,1,Clear,1,Daylight,1,Dry,10000,"Trafficway, On Road",9/5/18 16:04
8064,458146,1,41.343836,-72.925593,2976615,9/5/18,16:37:00,O,Property Damage Only,O,No Apparent Injury (O),2,Local,0.7,439,PUTNAM AV,PUTNAM AV,,LEEDER HILL DR,200,Feet,E,1,Clear,1,Daylight,1,Dry,10000,"Trafficway, On Road",9/5/18 16:37
1987,502815,1,41.381781,-72.911533,3021271,9/5/18,17:20:00,O,Property Damage Only,O,No Apparent Injury (O),2,State,8.29,10,CT-10,10-N,,shepard Avenue,4,TenthsofMile,N,1,Clear,1,Daylight,1,Dry,18400,"Trafficway, On Road",9/5/18 17:20
3474,457980,1,41.365356,-72.92258,2976449,9/6/18,8:19:00,O,Property Damage Only,O,No Apparent Injury (O),2,State,0,15,15-N,15-N-221,10-N,,20,Feet,S,1,Clear,1,Daylight,1,Dry,9300,"Trafficway, On Road",9/6/18 8:19
4063,457983,1,41.365809,-72.921284,2976452,9/6/18,11:02:00,A,"Injury of any type (Serious, Minor, Possible)",C,Possible Injury (C),2,State,50.27,15,15-S,15-S,,Dixwell Avenue,150,Feet,N,1,Clear,1,Daylight,1,Dry,66000,"Trafficway, On Road",9/6/18 11:02
4835,458147,1,41.354177,-72.891267,2976616,9/6/18,16:29:00,O,Property Damage Only,O,No Apparent Injury (O),2,USRoute,2.94,5,US-5,5-N,,Sebec St.,2,TenthsofMile,N,1,Clear,1,Daylight,1,Dry,9300,"Trafficway, On Road",9/6/18 16:29
7761,458148,1,41.383756,-72.904861,2976617,9/6/18,18:42:00,O,Property Damage Only,O,No Apparent Injury (O),2,Local,0.04,143,OLD DIXWELL AV,OLD DIXWELL AV,,10-N,55,Feet,N,1,Clear,1,Daylight,1,Dry,,"Trafficway, On Road",9/6/18 18:42
6725,458149,1,41.336265,-72.908874,2976618,9/6/18,19:32:00,O,Property Damage Only,O,No Apparent Injury (O),1,,,,FARNAM DR,FARNAM DR.,,Davis St.,4,TenthsofMile,S,4,Rain,4,Dark-Lighted,2,Wet,,"Trafficway, On Road",9/6/18 19:32
5526,458150,1,41.383149,-72.899267,2976619,9/7/18,11:04:00,A,"Injury of any type (Serious, Minor, Possible)",C,Possible Injury (C),2,State,0.14,717,DIXWELL AV,717-E,WASHINGTON AV,,,,,1,Clear,1,Daylight,1,Dry,15400,"Trafficway, On Road",9/7/18 11:04
494,455855,1,41.356413,-72.927843,2974324,9/7/18,12:41:00,A,"Injury of any type (Serious, Minor, Possible)",B,Suspected Minor Injury (B),3,State,6.32,10,CT-10,10-N,,Foch Street,82,Feet,N,2,Cloudy,1,Daylight,1,Dry,27500,"Trafficway, On Road",9/7/18 12:41
1973,458152,1,41.377448,-72.914928,2976621,9/7/18,17:28:00,O,Property Damage Only,O,No Apparent Injury (O),2,State,7.92,10,CT-10,10-N,,Shepard Ave,320,Feet,N,1,Clear,1,Daylight,1,Dry,18400,"Trafficway, On Road",9/7/18 17:28
6411,458100,1,41.336247,-72.9351,2976569,9/7/18,18:38:00,O,Property Damage Only,O,No Apparent Injury (O),2,Local,0.05,142,DIXWELL AV,DIXWELL AV NO 1,,Alling St.,5,Feet,S,1,Clear,1,Daylight,1,Dry,15600,"Trafficway, On Road",9/7/18 18:38
8876,458487,1,41.344001,-72.948303,2976956,9/7/18,19:54:00,O,Property Damage Only,O,No Apparent Injury (O),1,Local,0.03,519,THOMAS ST,THOMAS ST,,Rosina Rd,40,Feet,S,1,Clear,4,Dark-Lighted,1,Dry,,"Trafficway, On Road",9/7/18 19:54
231,458488,1,41.360824,-72.924762,2976957,9/7/18,21:48:00,O,Property Damage Only,O,No Apparent Injury (O),2,State,6.66,10,CT-10,10-N,,Maplewood Terr,25,Feet,S,1,Clear,4,Dark-Lighted,1,Dry,32100,"Trafficway, On Road",9/7/18 21:48
8380,457915,1,41.382151,-72.919989,2976384,9/7/18,21:50:00,A,"Injury of any type (Serious, Minor, Possible)",B,Suspected Minor Injury (B),3,Local,0.46,489,SHEPARD AV,SHEPARD AV,,SANFORD STREET,20,Feet,S,1,Clear,4,Dark-Lighted,1,Dry,1400,"Trafficway, On Road",9/7/18 21:50
818,455894,1,41.347019,-72.933561,2974363,9/8/18,1:59:00,O,Property Damage Only,O,No Apparent Injury (O),2,State,5.61,10,CT-10,10-N,,CIRCULAR AV,200,Feet,N,1,Clear,4,Dark-Lighted,1,Dry,25300,"Trafficway, On Road",9/8/18 1:59
3840,466045,1,41.376966,-72.906907,2984512,9/8/18,10:43:00,A,"Injury of any type (Serious, Minor, Possible)",C,Possible Injury (C),2,State,51.34,15,15-S,15-S,,EXIT 61,2,TenthsofMile,S,1,Clear,1,Daylight,1,Dry,71800,"Trafficway, On Road",9/8/18 10:43
5616,458153,1,41.374561,-72.915969,2976622,9/8/18,10:48:00,O,Property Damage Only,O,No Apparent Injury (O),2,State,0.17,753,CT-10,753-S,SKIFF ST,,,,,1,Clear,1,Daylight,1,Dry,13900,"Trafficway, On Road",9/8/18 10:48
8382,458867,1,41.376782,-72.915775,2977335,9/8/18,10:57:00,O,Property Damage Only,O,No Apparent Injury (O),2,Local,0.02,489,SHEPARD AV,SHEPARD AV,,Dixwell Ave.,10,Feet,E,1,Clear,1,Daylight,1,Dry,1400,"Trafficway, On Road",9/8/18 10:57
5845,458489,1,41.3626,-72.9243,2976958,9/8/18,11:01:00,O,Property Damage Only,O,No Apparent Injury (O),2,Local,0.02,42,BENHAM ST,BENHAM ST,,Dixwell Ave,50,Feet,W,1,Clear,1,Daylight,1,Dry,12600,"Trafficway, On Road",9/8/18 11:01
1360,461433,1,41.34941,-72.932266,2979901,9/8/18,15:42:00,O,Property Damage Only,O,No Apparent Injury (O),2,State,5.78,10,CT-10,10-N,,Oregon Ave.,0.200000003,TenthsofMile,S,2,Cloudy,1,Daylight,1,Dry,23400,"Trafficway, On Road",9/8/18 15:42
6413,458883,1,41.33724,-72.935149,2977351,9/8/18,15:54:00,O,Property Damage Only,O,No Apparent Injury (O),2,Local,0.13,142,DIXWELL AV,DIXWELL AV NO 1,,Dudley St,30,Feet,N,2,Cloudy,1,Daylight,1,Dry,15600,"Trafficway, On Road",9/8/18 15:54
168,458884,1,41.366956,-72.920841,2977352,9/8/18,16:06:00,O,Property Damage Only,O,No Apparent Injury (O),2,State,7.13,10,CT-10,10-N,,Connolly Parkway,10,Feet,S,2,Cloudy,1,Daylight,1,Dry,33100,"Trafficway, On Road",9/8/18 16:06
3050,455353,1,41.350119,-72.964271,2973823,9/8/18,16:23:00,O,Property Damage Only,O,No Apparent Injury (O),1,State,47.71,15,15-N,15-N,,Rt 15 NB after exit 59 on-ramp,8,TenthsofMile,N,4,Rain,1,Daylight,2,Wet,79900,"Trafficway, On Road",9/8/18 16:23
819,458490,1,41.41365,-72.901986,2976959,9/9/18,17:23:00,O,Property Damage Only,O,No Apparent Injury (O),2,State,10.98,10,CT-10,10-N,,Sherman Avenue,100,Feet,N,1,Clear,1,Daylight,1,Dry,25300,"Trafficway, On Road",9/9/18 17:23
6760,460250,1,41.394278,-72.906426,2978718,9/9/18,17:25:00,O,Property Damage Only,O,No Apparent Injury (O),1,Local,0.49,196,FOREST ST,FOREST ST,,EVERGREEN AV,565,Feet,W,1,Clear,1,Daylight,1,Dry,650,"Trafficway, On Road",9/9/18 17:25
6588,458491,1,41.34353,-72.91206,2976960,9/10/18,10:14:00,A,"Injury of any type (Serious, Minor, Possible)",C,Possible Injury (C),2,Local,0.08,167,ELI RD,ELI RD,WHITNEY AVE,,,,,4,Rain,1,Daylight,2,Wet,3500,"Trafficway, On Road",9/10/18 10:14
6811,458885,1,41.445482,-72.956174,2977353,9/10/18,12:50:00,A,"Injury of any type (Serious, Minor, Possible)",B,Suspected Minor Injury (B),1,Local,2.07,208,GAYLORD MOUNTAIN RD,GAYLORD MOUNTAIN RD,,Handy Road,298,Feet,W,4,Rain,1,Daylight,2,Wet,,"Trafficway, On Road",9/10/18 12:50
3842,467203,1,41.378111,-72.905312,2985670,9/11/18,7:40:00,O,Property Damage Only,O,No Apparent Injury (O),2,State,51.46,15,15-S,15-S,,EXIT 61,100,Feet,S,2,Cloudy,1,Daylight,1,Dry,71800,"Trafficway, On Road",9/11/18 7:40
7243,458177,1,41.368067,-72.927004,2976646,9/11/18,10:26:00,O,Property Damage Only,O,No Apparent Injury (O),2,,,,KAY VUE DR,KAY VUE DRIVE,,MIX AVENUE,1,TenthsofMile,W,1,Clear,1,Daylight,1,Dry,,"Trafficway, On Road",9/11/18 10:26
9168,458178,1,41.340967,-72.935129,2976647,9/11/18,10:38:00,O,Property Damage Only,O,No Apparent Injury (O),2,Local,0.15,579,WHITING ST,WHITING ST,10-N,,,,,1,Clear,1,Daylight,1,Dry,,"Trafficway, On Road",9/11/18 10:38
6869,458179,1,41.3579,-72.9051,2976648,9/11/18,16:08:00,O,Property Damage Only,O,No Apparent Injury (O),2,Local,0.25,214,GILLIES RD,GILLIES RD,,Ranch Rd.,100,Feet,S,1,Clear,1,Daylight,1,Dry,1300,"Trafficway, On Road",9/11/18 16:08
5682,458451,1,41.398757,-72.903975,2976920,9/11/18,16:49:00,O,Property Damage Only,O,No Apparent Injury (O),2,Local,0.02,626,ANNS FARM RD,ANNS FARM RD,,Evergreen Av,106,Feet,W,1,Clear,1,Daylight,1,Dry,,"Trafficway, On Road",9/11/18 16:49
6412,458868,1,41.337857,-72.935197,2977336,9/11/18,17:18:00,O,Property Damage Only,O,No Apparent Injury (O),2,Local,0.17,142,DIXWELL AV,DIXWELL AV NO 1,,10-N,114,Feet,S,1,Clear,1,Daylight,1,Dry,15600,"Trafficway, On Road",9/11/18 17:18
8386,470339,1,41.391304,-72.922606,2988804,9/11/18,17:40:00,O,Property Damage Only,O,No Apparent Injury (O),2,Local,1.12,489,SHEPARD AV,SHEPARD AV,,SHERMAN AV NO 1,50,Feet,S,1,Clear,1,Daylight,1,Dry,1400,"Trafficway, On Road",9/11/18 17:40
2050,458452,1,41.435355,-72.908435,2976921,9/11/18,17:47:00,A,"Injury of any type (Serious, Minor, Possible)",C,Possible Injury (C),2,State,12.51,10,CT-10,10-N,,Shepard Av,1,TenthsofMile,S,1,Clear,1,Daylight,1,Dry,17600,"Trafficway, On Road",9/11/18 17:47
574,480893,1,41.346402,-72.933906,2999355,9/11/18,21:10:00,O,Property Damage Only,O,No Apparent Injury (O),2,State,5.56,10,CT-10,10-N,PUTNAM AV,,,,,1,Clear,4,Dark-Lighted,1,Dry,26700,"Trafficway, On Road",9/11/18 21:10
5107,460310,1,41.34461,-72.91233,2978778,9/12/18,8:03:00,O,Property Damage Only,O,No Apparent Injury (O),2,State,0.84,707,WHITNEY AV,707-N,,AUGUR ST,50,Feet,N,1,Clear,1,Daylight,1,Dry,13500,"Trafficway, On Road",9/12/18 8:03
7563,458453,1,41.338118,-72.934682,2976922,9/12/18,16:33:00,A,"Injury of any type (Serious, Minor, Possible)",C,Possible Injury (C),3,Local,0.03,370,MORSE ST,MORSE ST,,Dixwell Av,100,Feet,E,4,Rain,1,Daylight,2,Wet,3100,"Trafficway, On Road",9/12/18 16:33
5106,458463,1,41.34162,-72.91283,2976932,9/12/18,17:12:00,O,Property Damage Only,O,No Apparent Injury (O),2,State,0.62,707,WHITNEY AV,707-N,DAVIS ST,,0,,,4,Rain,1,Daylight,2,Wet,13500,"Trafficway, On Road",9/12/18 17:12
6665,458464,1,41.341286,-72.941405,2976933,9/12/18,17:24:00,O,Property Damage Only,O,No Apparent Injury (O),2,Local,0.21,176,FAIRVIEW AV,FAIRVIEW AV,,Mott Street,20,Feet,N,4,Rain,1,Daylight,2,Wet,4800,"Trafficway, On Road",9/12/18 17:24
5355,459940,1,41.336618,-72.911453,2978408,9/12/18,18:48:00,O,Property Damage Only,O,No Apparent Injury (O),3,State,0.26,707,WHITNEY AV,707-N,,Armory Street,10,Feet,N,4,Rain,5,Dark-Not Lighted,2,Wet,11200,"Trafficway, On Road",9/12/18 18:48
3841,467173,1,41.378475,-72.904574,2985640,9/13/18,16:06:00,O,Property Damage Only,O,No Apparent Injury (O),2,State,51.53,15,15-S,15-S,,EXIT 61,100,Feet,S,2,Cloudy,1,Daylight,1,Dry,71800,"Trafficway, On Road",9/13/18 16:06
6422,506770,1,41.335613,-72.935185,3025224,9/14/18,10:46:00,O,Property Damage Only,O,No Apparent Injury (O),2,Local,0.01,142,DIXWELL AV,DIXWELL AV NO 1,CHERRY ANN ST,,,,,1,Clear,1,Daylight,1,Dry,15600,"Trafficway, On Road",9/14/18 10:46
3605,458328,1,41.349128,-72.965738,2976797,9/14/18,15:32:00,O,Property Damage Only,O,No Apparent Injury (O),2,State,47.6,15,15-S,15-S,,Exit #59,9,TenthsofMile,N,1,Clear,1,Daylight,1,Dry,79900,"Trafficway, On Road",9/14/18 15:32
1974,458492,1,41.401762,-72.897746,2976961,9/14/18,15:43:00,A,"Injury of any type (Serious, Minor, Possible)",B,Suspected Minor Injury (B),2,State,10.12,10,CT-10,10-N,,Rte. 40,50,Feet,N,1,Clear,1,Daylight,1,Dry,18400,"Trafficway, On Road",9/14/18 15:43
1102,458493,1,41.338982,-72.935261,2976962,9/14/18,16:38:00,A,"Injury of any type (Serious, Minor, Possible)",B,Suspected Minor Injury (B),2,State,5.05,10,CT-10,10-N,,Arch Street,0.25,TenthsofMile,N,1,Clear,1,Daylight,1,Dry,24100,"Trafficway, On Road",9/14/18 16:38
646,465558,1,41.414669,-72.902321,2984025,9/15/18,11:03:00,A,"Injury of any type (Serious, Minor, Possible)",C,Possible Injury (C),2,State,11.04,10,CT-10,10-N,,SHERMAN AVE,100,Feet,N,1,Clear,1,Daylight,1,Dry,25800,"Trafficway, On Road",9/15/18 11:03
4329,458001,1,41.378113,-72.905311,2976470,9/15/18,12:49:00,O,Property Damage Only,O,No Apparent Injury (O),2,State,0.18,15,15-S,15-S-122,,Route 15 Southbound,10,Feet,N,1,Clear,1,Daylight,1,Dry,9300,"Trafficway, On Road",9/15/18 12:49
1234,461841,1,41.367337,-72.920704,2980309,9/15/18,13:31:00,O,Property Damage Only,O,No Apparent Injury (O),2,State,7.15,10,CT-10,10-N,,connolly parkway,15,Feet,N,1,Clear,1,Daylight,1,Dry,23700,"Trafficway, On Road",9/15/18 13:31
236,462896,1,41.36185,-72.92448,2981363,9/15/18,14:24:00,O,Property Damage Only,O,No Apparent Injury (O),2,State,6.74,10,CT-10,10-N,ROBERT ST,,,,,1,Clear,1,Daylight,1,Dry,32100,"Trafficway, On Road",9/15/18 14:24
7045,458869,1,41.389101,-72.910617,2977337,9/15/18,16:48:00,O,Property Damage Only,O,No Apparent Injury (O),2,Local,0.27,713,HAMDEN HILLS DR,HAMDEN HILLS DR,APSEN GLEN DR,,,,,1,Clear,1,Daylight,1,Dry,8500,"Trafficway, On Road",9/15/18 16:48
7090,459941,1,41.361461,-72.912812,2978409,9/15/18,19:44:00,A,"Injury of any type (Serious, Minor, Possible)",B,Suspected Minor Injury (B),2,Local,0.14,239,HARMON ST,HARMON ST,HUMISTON AV,,0,,,1,Clear,4,Dark-Lighted,1,Dry,,"Trafficway, On Road",9/15/18 19:44
232,458870,1,41.36242,-72.923883,2977338,9/15/18,21:00:00,O,Property Damage Only,O,No Apparent Injury (O),2,State,6.78,10,CT-10,10-N,,BENHAM ST,65,Feet,S,1,Clear,4,Dark-Lighted,1,Dry,32100,"Trafficway, On Road",9/15/18 21:00
6774,459998,1,41.384782,-72.921518,2978466,9/16/18,12:52:00,O,Property Damage Only,O,No Apparent Injury (O),2,Local,0.57,197,FOUR ROD RD,FOUR ROD RD,,Shepard Ave,10,Feet,W,1,Clear,1,Daylight,1,Dry,1600,"Trafficway, On Road",9/16/18 12:52
1103,458871,1,41.341767,-72.934927,2977339,9/17/18,9:37:00,O,Property Damage Only,O,No Apparent Injury (O),2,State,5.24,10,CT-10,10-N,NORTH ST,,,,,1,Clear,1,Daylight,1,Dry,24100,"Trafficway, On Road",9/17/18 9:37
5338,458872,1,41.353146,-72.913093,2977340,9/17/18,11:29:00,O,Property Damage Only,O,No Apparent Injury (O),2,State,1.43,707,WHITNEY AV,707-N,SERVOSS ST,,,,,1,Clear,1,Daylight,1,Dry,11300,"Trafficway, On Road",9/17/18 11:29
8381,458101,1,41.396032,-72.923719,2976570,9/17/18,14:23:00,O,Property Damage Only,O,No Apparent Injury (O),2,Local,1.45,489,SHEPARD AV,SHEPARD AV,,Bear Path Road,1,TenthsofMile,N,1,Clear,1,Daylight,1,Dry,1400,"Trafficway, On Road",9/17/18 14:23
6589,459999,1,41.343482,-72.912001,2978467,9/17/18,16:52:00,A,"Injury of any type (Serious, Minor, Possible)",C,Possible Injury (C),2,Local,0.08,167,ELI RD,ELI RD,,WHITNEY AVENUE,30,Feet,S,1,Clear,1,Daylight,1,Dry,3500,"Trafficway, On Road",9/17/18 16:52
8587,458886,1,41.391684,-72.920711,2977354,9/17/18,18:20:00,O,Property Damage Only,O,No Apparent Injury (O),2,Local,0.1,491,SHERMAN AV,SHERMAN AV NO 1,SHERMAN LA,,,,,4,Rain,3,Dusk,2,Wet,5600,"Trafficway, On Road",9/17/18 18:20
3844,467255,1,41.378096,-72.905316,2985722,9/18/18,7:46:00,O,Property Damage Only,O,No Apparent Injury (O),2,State,51.46,15,15-S,15-S,,EXIT 61,100,Feet,S,4,Rain,1,Daylight,2,Wet,71800,"Trafficway, On Road",9/18/18 7:46
2387,458887,1,41.393466,-72.896994,2977355,9/18/18,10:30:00,O,Property Damage Only,O,No Apparent Injury (O),2,State,9.55,10,CT-10,10-N,CARMEL ST,,,,,4,Rain,1,Daylight,2,Wet,14700,"Trafficway, On Road",9/18/18 10:30
570,461434,1,41.345662,-72.934001,2979902,9/18/18,15:05:00,O,Property Damage Only,O,No Apparent Injury (O),1,State,5.51,10,CT-10,10-N,,Putnam Avenue,202,Feet,S,4,Rain,1,Daylight,2,Wet,26700,"Trafficway, On Road",9/18/18 15:05
2304,460000,1,41.384481,-72.90166,2978468,9/18/18,15:19:00,O,Property Damage Only,O,No Apparent Injury (O),2,State,8.88,10,CT-10,10-N,SCHOOL ST,,,,,4,Rain,1,Daylight,2,Wet,16500,"Trafficway, On Road",9/18/18 15:19
1358,460311,1,41.35093,-72.93138,2978779,9/18/18,15:43:00,A,"Injury of any type (Serious, Minor, Possible)",C,Possible Injury (C),2,State,5.91,10,CT-10,10-N,,Beacon St,100,Feet,S,4,Rain,1,Daylight,2,Wet,23400,"Trafficway, On Road",9/18/18 15:43
9085,466814,1,41.42941,-72.917689,2985281,9/18/18,16:30:00,A,"Injury of any type (Serious, Minor, Possible)",C,Possible Injury (C),1,Local,1.33,573,WEST TODD ST,WEST TODD ST,,Shepard Av,1,TenthsofMile,W,4,Rain,1,Daylight,2,Wet,,"Trafficway, On Road",9/18/18 16:30
2051,460001,1,41.429575,-72.906785,2978469,9/18/18,23:56:00,A,"Injury of any type (Serious, Minor, Possible)",B,Suspected Minor Injury (B),1,State,12.1,10,CT-10,10-N,,richard dr.,198,Feet,N,1,Clear,6,Dark-Unknown Lighting,1,Dry,17600,"Trafficway, On Road",9/18/18 23:56
495,458888,1,41.359035,-72.925768,2977356,9/19/18,8:11:00,O,Property Damage Only,O,No Apparent Injury (O),2,State,6.53,10,CT-10,10-N,MATHER ST,,,,,1,Clear,1,Daylight,1,Dry,27500,"Trafficway, On Road",9/19/18 8:11
3335,467257,1,41.380661,-72.900739,2985724,9/19/18,9:45:00,A,"Injury of any type (Serious, Minor, Possible)",C,Possible Injury (C),2,State,51.76,15,15-N,15-N,,EXIT 61,100,Feet,N,1,Clear,1,Daylight,1,Dry,64800,"Trafficway, On Road",9/19/18 9:45
3845,467258,1,41.378045,-72.905349,2985725,9/19/18,13:26:00,O,Property Damage Only,O,No Apparent Injury (O),2,State,51.45,15,15-S,15-S,EXIT 61,,,,,1,Clear,1,Daylight,1,Dry,71800,"Trafficway, On Road",9/19/18 13:26
233,460017,1,41.362661,-72.9238,2978485,9/19/18,14:58:00,O,Property Damage Only,O,No Apparent Injury (O),2,State,6.8,10,CT-10,10-N,BENHAM ST,,,,,1,Clear,1,Daylight,1,Dry,32100,"Trafficway, On Road",9/19/18 14:58
2388,460513,1,41.392888,-72.897332,2978981,9/19/18,16:13:00,O,Property Damage Only,O,No Apparent Injury (O),2,State,9.5,10,CT-10,10-N,,Forest St,25,Feet,N,1,Clear,1,Daylight,1,Dry,14700,"Trafficway, On Road",9/19/18 16:13
9192,460312,1,41.33501,-72.92494,2978780,9/19/18,16:45:00,O,Property Damage Only,O,No Apparent Injury (O),2,Local,0.3,591,WINCHESTER AV,WINCHESTER AV,GOODRICH,,,,,1,Clear,1,Daylight,1,Dry,1500,"Trafficway, On Road",9/19/18 16:45
496,461435,1,41.35477,-72.929126,2979903,9/20/18,6:46:00,O,Property Damage Only,O,No Apparent Injury (O),2,State,6.19,10,CT-10,10-N,,Pershing St,160,Feet,S,1,Clear,1,Daylight,1,Dry,27500,"Trafficway, On Road",9/20/18 6:46
5707,458889,1,41.337131,-72.91557,2977357,9/20/18,7:47:00,O,Property Damage Only,O,No Apparent Injury (O),2,Local,0.21,17,ARMORY ST,ARMORY ST,EDGEHILL RD,,,,,1,Clear,1,Daylight,1,Dry,3800,"Trafficway, On Road",9/20/18 7:47
7564,460313,1,41.338028,-72.933918,2978781,9/20/18,12:53:00,O,Property Damage Only,O,No Apparent Injury (O),2,Local,0.05,370,MORSE ST,MORSE ST,HAMDEN PARK DR,,,,,1,Clear,1,Daylight,1,Dry,3100,"Trafficway, On Road",9/20/18 12:53
3606,467259,1,41.361718,-72.933051,2985726,9/20/18,16:02:00,O,Property Damage Only,O,No Apparent Injury (O),2,State,49.55,15,15-S,15-S,,EXIT 60,5,TenthsofMile,S,1,Clear,1,Daylight,1,Dry,79900,"Trafficway, On Road",9/20/18 16:02
7830,460314,1,41.329735,-72.898725,2978782,9/20/18,18:00:00,O,Property Damage Only,O,No Apparent Injury (O),2,Local,0,414,PARK RD,PARK RD,ARMSTRONG ST,,12.1,Feet,,1,Clear,1,Daylight,1,Dry,2800,"Trafficway, On Road",9/20/18 18:00
5109,460385,1,41.346024,-72.912455,2978853,9/20/18,23:16:00,A,"Injury of any type (Serious, Minor, Possible)",B,Suspected Minor Injury (B),2,State,0.94,707,WHITNEY AV,707-N,LAKE RD,,,,,4,Rain,4,Dark-Lighted,2,Wet,13500,"Trafficway, On Road",9/20/18 23:16
2200,459952,1,41.38728,-72.900511,2978420,9/21/18,12:11:00,A,"Injury of any type (Serious, Minor, Possible)",B,Suspected Minor Injury (B),2,State,9.08,10,CT-10,10-N,,DAY SPRING AV,131,Feet,N,2,Cloudy,1,Daylight,1,Dry,16900,"Trafficway, On Road",9/21/18 12:11
1359,460315,1,41.353398,-72.930179,2978783,9/21/18,16:27:00,O,Property Damage Only,O,No Apparent Injury (O),2,State,6.08,10,CT-10,10-N,,Treadwell St,250,Feet,S,1,Clear,1,Daylight,1,Dry,23400,"Trafficway, On Road",9/21/18 16:27
3227,493525,1,41.373083,-72.910928,3011984,9/22/18,9:29:00,O,Property Damage Only,O,No Apparent Injury (O),2,State,51.02,15,15-N,15-N,,Exit 59,1,TenthsofMile,N,1,Clear,1,Daylight,1,Dry,71800,"Trafficway, On Road",9/22/18 9:29
5108,460316,1,41.344097,-72.912111,2978784,9/22/18,10:21:00,O,Property Damage Only,O,No Apparent Injury (O),2,State,0.8,707,WHITNEY AV,707-N,AUGUR ST,,,,,1,Clear,1,Daylight,1,Dry,13500,"Trafficway, On Road",9/22/18 10:21
8690,460565,1,41.374487,-72.915926,2979033,9/22/18,13:37:00,O,Property Damage Only,O,No Apparent Injury (O),2,Local,0.54,494,SKIFF ST,SKIFF ST,DIXWELL,,,,,1,Clear,1,Daylight,1,Dry,24000,"Trafficway, On Road",9/22/18 13:37
235,461436,1,41.359326,-72.925786,2979904,9/22/18,20:00:00,O,Property Damage Only,O,No Apparent Injury (O),2,State,6.55,10,CT-10,10-N,,Mathers St,50,Feet,S,1,Clear,4,Dark-Lighted,1,Dry,32100,"Trafficway, On Road",9/22/18 20:00
3053,465519,1,41.36528129,-72.92654734,2983986,9/23/18,0:10:00,A,"Injury of any type (Serious, Minor, Possible)",B,Suspected Minor Injury (B),2,State,49.96,15,15-N,15-N,,Exit 59,0.899999976,TenthsofMile,N,2,Cloudy,5,Dark-Not Lighted,1,Dry,79900,"Trafficway, On Road",9/23/18 0:10
6150,460317,1,41.348688,-72.934803,2978785,9/23/18,9:48:00,O,Property Damage Only,O,No Apparent Injury (O),2,Local,1.22,99,CIRCULAR AV,CIRCULAR AV,BRADLEY AV,,,,,1,Clear,1,Daylight,1,Dry,7100,"Trafficway, On Road",9/23/18 9:48
3224,467261,1,41.368909,-72.915419,2985728,9/24/18,8:25:00,O,Property Damage Only,O,No Apparent Injury (O),2,State,50.64,15,15-N,15-N,,EXIT 60,3,TenthsofMile,N,1,Clear,1,Daylight,1,Dry,71800,"Trafficway, On Road",9/24/18 8:25
3051,463756,1,41.361142,-72.934034,2982223,9/24/18,12:42:00,O,Property Damage Only,O,No Apparent Injury (O),1,State,49.48,15,15-N,15-N,,Exit 60,5,TenthsofMile,S,1,Clear,1,Daylight,1,Dry,79900,"Trafficway, On Road",9/24/18 12:42
5617,459961,1,41.376671,-72.915644,2978429,9/24/18,12:54:00,O,Property Damage Only,O,No Apparent Injury (O),2,State,0.03,753,CT-10,753-S,SHEPARD AV,,,,,1,Clear,1,Daylight,1,Dry,13900,"Trafficway, On Road",9/24/18 12:54
2517,465158,1,41.338195,-72.935221,2983625,9/24/18,15:02:00,O,Property Damage Only,O,No Apparent Injury (O),2,State,5,10,CT-10,10-N,DIXWELL,,,,,1,Clear,1,Daylight,1,Dry,12300,"Trafficway, On Road",9/24/18 15:02
6293,459962,1,41.367141,-72.92034,2978430,9/25/18,9:42:00,O,Property Damage Only,O,No Apparent Injury (O),1,Local,0.24,111,CONNOLLY PKWY,CONNOLLY PKWY,,10-N,60,Feet,E,4,Rain,1,Daylight,2,Wet,8600,"Trafficway, Not on Road",9/25/18 9:42
2162,460318,1,41.383438,-72.901654,2978786,9/25/18,11:45:00,O,Property Damage Only,O,No Apparent Injury (O),2,State,8.8,10,CT-10,10-N,707-N,,,,,4,Rain,1,Daylight,2,Wet,17000,"Trafficway, On Road",9/25/18 11:45
497,461437,1,41.355869,-72.928152,2979905,9/25/18,15:46:00,O,Property Damage Only,O,No Apparent Injury (O),2,State,6.28,10,CT-10,10-N,,SAINT JAMES ST,45,Feet,S,4,Rain,1,Daylight,2,Wet,27500,"Trafficway, On Road",9/25/18 15:46
1237,466685,1,41.374296,-72.915996,2985152,9/25/18,16:52:00,O,Property Damage Only,O,No Apparent Injury (O),2,State,7.7,10,CT-10,10-N,,Skiff St,15,Feet,S,4,Rain,1,Daylight,2,Wet,23700,"Trafficway, On Road",9/25/18 16:52
2436,465581,1,41.337988,-72.941398,2984048,9/25/18,17:36:00,O,Property Damage Only,O,No Apparent Injury (O),3,State,4.67,10,CT-10,10-N,,Arch St.,75,Feet,S,4,Rain,1,Daylight,2,Wet,13600,"Trafficway, On Road",9/25/18 17:36