,CrashId,Fatal Case Status,lat,lon,DOT Case Number,Date Of Crash,Time of Crash,Crash Severity,Crash Severity Text Format,Most Severe Injury,Most Severe Injury Text Format,Number Of Motor Vehicles,Route Class Text Format,Milemarker,Road Number,Road Description,Roadway Name,Intersecting Roadway Name,Landmark Description,Distance From Nearest Landmark,Unit Of Measure From Nearest Landmark,Direction From Nearest Landmark,Weather Condition,Weather Condition Text Format,Light Condition,Light Condition Text Format,Road Surface Condition,Road Surface Condition Text Format,Average Daily Traffic,Trafficway Class Text Format,full_date
9126,484216,1,41.419207,-72.917856,3002677,9/26/18,6:51:00,O,Property Damage Only,O,No Apparent Injury (O),2,Local,0.19,575,WEST WOODS RD,WEST WOODS RD NO 1,ERAMO TER,,,,,1,Clear,1,Daylight,1,Dry,3400,"Trafficway, On Road",9/26/18 6:51
6151,460626,1,41.346999,-72.934269,2979094,9/26/18,8:19:00,O,Property Damage Only,O,No Apparent Injury (O),2,Local,1.33,99,CIRCULAR AV,CIRCULAR AV,,Helen St,150,Feet,N,1,Clear,1,Daylight,2,Wet,7100,"Trafficway, On Road",9/26/18 8:19
7301,462898,1,41.344429,-72.926569,2981365,9/26/18,9:07:00,O,Property Damage Only,O,No Apparent Injury (O),1,Local,0.05,317,LEEDER HILL DR,LEEDER HILL DR,,PUTNAM AVE,250,Feet,N,4,Rain,1,Daylight,2,Wet,3600,"Trafficway, On Road",9/26/18 9:07
23,461621,1,41.364695,-72.92249,2980089,9/26/18,14:24:00,O,Property Damage Only,O,No Apparent Injury (O),2,State,6.96,10,CT-10,10-N,DEWEY ST,,,,,1,Clear,1,Daylight,1,Dry,41100,"Trafficway, On Road",9/26/18 14:24
5846,460567,1,41.364598,-72.929201,2979035,9/26/18,17:38:00,O,Property Damage Only,O,No Apparent Injury (O),2,Local,0.3,42,BENHAM ST,BENHAM ST,MIX AV,,,,,1,Clear,1,Daylight,1,Dry,12600,"Trafficway, On Road",9/26/18 17:38
7739,461842,1,41.334979,-72.923976,2980310,9/27/18,11:34:00,O,Property Damage Only,O,No Apparent Injury (O),2,Local,0.12,393,NORTH SHEFFIELD ST,NORTH SHEFFIELD ST,,GOODRICH STREET,50,Feet,N,1,Clear,6,Dark-Unknown Lighting,1,Dry,,"Trafficway, On Road",9/27/18 11:34
6042,460911,1,41.397254,-72.900332,2979379,9/27/18,12:02:00,O,Property Damage Only,O,No Apparent Injury (O),2,Local,0.18,74,CANNON ST,CANNON ST,,Pellham Ave.,45,Feet,W,1,Clear,1,Daylight,1,Dry,,"Trafficway, On Road",9/27/18 12:02
6152,461843,1,41.347305,-72.934353,2980311,9/27/18,12:47:00,A,"Injury of any type (Serious, Minor, Possible)",B,Suspected Minor Injury (B),2,Local,1.31,99,CIRCULAR AV,CIRCULAR AV,,GORHAM AVENUE,80,Feet,S,1,Clear,1,Daylight,1,Dry,7100,"Trafficway, On Road",9/27/18 12:47
2202,461844,1,41.388474,-72.90002,2980312,9/27/18,14:37:00,O,Property Damage Only,O,No Apparent Injury (O),2,State,9.17,10,CT-10,10-N,,Lincoln Street,50,Feet,N,1,Clear,1,Daylight,1,Dry,16900,"Trafficway, On Road",9/27/18 14:37
3223,467178,1,41.37789393,-72.9054785,2985645,9/27/18,14:59:00,O,Property Damage Only,O,No Apparent Injury (O),2,State,51.46,15,15-N,15-N,,EXIT 62,100,Feet,N,1,Clear,1,Daylight,1,Dry,71800,"Trafficway, On Road",9/27/18 14:59
4740,460847,1,41.331773,-72.900253,2979315,9/27/18,17:25:00,O,Property Damage Only,O,No Apparent Injury (O),2,USRoute,1.3,5,US-5,5-N,,Hyde Street,225,Feet,S,1,Clear,1,Daylight,1,Dry,14100,"Trafficway, On Road",9/27/18 17:25
6414,460848,1,41.336997,-72.935235,2979316,9/27/18,17:35:00,O,Property Damage Only,O,No Apparent Injury (O),2,Local,0.11,142,DIXWELL AV,DIXWELL AV NO 1,EASTON ST,,,,,1,Clear,1,Daylight,1,Dry,15600,"Trafficway, On Road",9/27/18 17:35
8384,467345,1,41.377231,-72.91595,2985812,9/27/18,17:43:00,A,"Injury of any type (Serious, Minor, Possible)",C,Possible Injury (C),2,Local,0.05,489,SHEPARD AV,SHEPARD AV,,DIXWELL AVE,294,Feet,N,1,Clear,1,Daylight,1,Dry,1400,"Trafficway, On Road",9/27/18 17:43
4586,461401,1,41.397123,-72.8892,2979869,9/27/18,18:15:00,O,Property Damage Only,O,No Apparent Injury (O),1,State,2.54,40,40-N,40-N,,Whitney Avenue,5,TenthsofMile,E,1,Clear,1,Daylight,1,Dry,20600,"Trafficway, On Road",9/27/18 18:15
5986,462899,1,41.34892,-72.935561,2981366,9/27/18,21:39:00,O,Property Damage Only,O,No Apparent Injury (O),2,Local,0.37,54,BRADLEY AV,BRADLEY AV,,Circular Ave.,215,Feet,E,4,Rain,4,Dark-Lighted,2,Wet,,"Trafficway, On Road",9/27/18 21:39
6812,460849,1,41.438127,-72.941909,2979317,9/28/18,2:02:00,O,Property Damage Only,O,No Apparent Injury (O),2,Local,1.03,208,GAYLORD MOUNTAIN RD,GAYLORD MOUNTAIN RD,,Town line marker,80,Feet,W,2,Cloudy,5,Dark-Not Lighted,1,Dry,,"Trafficway, On Road",9/28/18 2:02
4609,464371,1,41.401335,-72.897312,2982838,9/28/18,8:07:00,O,Property Damage Only,O,No Apparent Injury (O),2,State,3.06,40,40-N,40-N,,Route 10,100,Feet,E,4,Rain,1,Daylight,2,Wet,18700,"Trafficway, On Road",9/28/18 8:07
1105,461845,1,41.338527,-72.935234,2980313,9/28/18,9:38:00,A,"Injury of any type (Serious, Minor, Possible)",C,Possible Injury (C),2,State,5.02,10,CT-10,10-N,,ARCH ST,50,Feet,N,1,Clear,1,Daylight,2,Wet,24100,"Trafficway, On Road",9/28/18 9:38
498,465559,1,41.358504,-72.92623,2984026,9/28/18,13:16:00,O,Property Damage Only,O,No Apparent Injury (O),2,State,6.49,10,CT-10,10-N,,MATHER ST,200,Feet,S,2,Cloudy,1,Daylight,1,Dry,27500,"Trafficway, On Road",9/28/18 13:16
5528,467509,1,41.38350905,-72.90072952,2985976,9/28/18,16:07:00,O,Property Damage Only,O,No Apparent Injury (O),2,State,0.06,717,DIXWELL AV,717-E,,Washington Avenue,150,Feet,W,1,Clear,1,Daylight,1,Dry,15400,"Trafficway, On Road",9/28/18 16:07
3496,461415,1,41.380622,-72.900745,2979883,9/28/18,16:47:00,O,Property Damage Only,O,No Apparent Injury (O),2,State,0.22,15,15-N,15-N-125,,Route 15 North,200,Feet,E,1,Clear,1,Daylight,1,Dry,2300,"Trafficway, On Road",9/28/18 16:47
645,462900,1,41.420079,-72.904174,2981367,9/28/18,17:08:00,O,Property Damage Only,O,No Apparent Injury (O),2,State,11.43,10,CT-10,10-N,,MT CARMEL AVE,200,Feet,S,1,Clear,1,Daylight,1,Dry,25800,"Trafficway, On Road",9/28/18 17:08
4914,467510,1,41.383446,-72.901857,2985977,9/28/18,19:56:00,A,"Injury of any type (Serious, Minor, Possible)",B,Suspected Minor Injury (B),3,State,3.62,707,WHITNEY AV,707-N,10-N,,,,,1,Clear,4,Dark-Lighted,1,Dry,16900,"Trafficway, On Road",9/28/18 19:56
9285,462901,1,41.34549,-72.938467,2981368,9/29/18,11:15:00,O,Property Damage Only,O,No Apparent Injury (O),2,Local,1.49,598,WOODIN ST,WOODIN ST,,ALENIER STREET,60,Feet,W,1,Clear,1,Daylight,1,Dry,5400,"Trafficway, On Road",9/29/18 11:15
3843,467223,1,41.378084,-72.905332,2985690,9/29/18,11:19:00,A,"Injury of any type (Serious, Minor, Possible)",C,Possible Injury (C),2,State,51.46,15,15-S,15-S,EXIT 61,,,,,1,Clear,1,Daylight,1,Dry,71800,"Trafficway, On Road",9/29/18 11:19
8325,462902,1,41.353164,-72.892901,2981369,9/29/18,17:32:00,O,Property Damage Only,O,No Apparent Injury (O),2,Local,0.35,483,SEBEC ST,SEBEC ST,,State St,125,Feet,W,1,Clear,1,Daylight,1,Dry,,"Trafficway, On Road",9/29/18 17:32
8268,462903,1,41.381305,-72.912929,2981370,9/29/18,20:32:00,A,"Injury of any type (Serious, Minor, Possible)",C,Possible Injury (C),1,Local,0.01,477,SANFORD ST,SANFORD ST,DORRANCE ST,,,,,1,Clear,5,Dark-Not Lighted,1,Dry,5200,"Trafficway, On Road",9/29/18 20:32
5111,466686,1,41.34159,-72.912809,2985153,9/29/18,23:36:00,A,"Injury of any type (Serious, Minor, Possible)",B,Suspected Minor Injury (B),2,State,0.62,707,WHITNEY AV,707-N,DAVIS ST,,,,,1,Clear,4,Dark-Lighted,1,Dry,13500,"Trafficway, On Road",9/29/18 23:36
1235,465159,1,41.372774,-72.916981,2983626,9/30/18,0:48:00,A,"Injury of any type (Serious, Minor, Possible)",B,Suspected Minor Injury (B),1,State,7.58,10,CT-10,10-N,,Skiff Street,400,Feet,S,1,Clear,4,Dark-Lighted,1,Dry,23700,"Trafficway, On Road",9/30/18 0:48
7019,463922,1,41.357354,-72.930668,2982389,9/30/18,7:40:00,O,Property Damage Only,O,No Apparent Injury (O),2,Local,0.29,230,GRANDVIEW AV,GRANDVIEW AV,,Homestead Ave,211,Feet,S,1,Clear,99,Unknown,1,Dry,,"Trafficway, On Road",9/30/18 7:40
4300,461661,1,41.36619839,-72.92361542,2980129,9/30/18,15:24:00,O,Property Damage Only,O,No Apparent Injury (O),3,State,0.05,15,15-S,15-S-119,,Exit 60,2,TenthsofMile,N,1,Clear,1,Daylight,1,Dry,9300,"Trafficway, On Road",9/30/18 15:24
5527,463937,1,41.383227,-72.899374,2982404,9/30/18,16:05:00,O,Property Damage Only,O,No Apparent Injury (O),2,State,0.13,717,DIXWELL AV,717-E,,Washington Ave.,40,Feet,W,1,Clear,1,Daylight,1,Dry,15400,"Trafficway, On Road",9/30/18 16:05
1975,465160,1,41.376876,-72.915342,2983627,10/1/18,14:12:00,O,Property Damage Only,O,No Apparent Injury (O),2,State,7.89,10,CT-10,10-N,,Shepard Avenue,75,Feet,N,1,Clear,1,Daylight,1,Dry,18400,"Trafficway, On Road",10/1/18 14:12
1107,464503,1,41.339205,-72.93521,2982970,10/1/18,17:37:00,A,"Injury of any type (Serious, Minor, Possible)",B,Suspected Minor Injury (B),2,State,5.06,10,CT-10,10-N,,Arch St,160,Feet,N,1,Clear,1,Daylight,1,Dry,24100,"Trafficway, On Road",10/1/18 17:37
820,463938,1,41.409999,-72.900671,2982405,10/1/18,19:35:00,A,"Injury of any type (Serious, Minor, Possible)",C,Possible Injury (C),2,State,10.72,10,CT-10,10-N,,Evergreen Avenue,50,Feet,N,1,Clear,4,Dark-Lighted,1,Dry,25300,"Trafficway, On Road",10/1/18 19:35
1106,461955,1,41.339259,-72.935251,2980423,10/2/18,7:42:00,O,Property Damage Only,O,No Apparent Injury (O),2,State,5.07,10,CT-10,10-N,,PINE STREET,100,Feet,S,1,Clear,1,Daylight,1,Dry,24100,"Trafficway, On Road",10/2/18 7:42
3608,491755,1,41.361745,-72.933073,3010215,10/2/18,8:00:00,A,"Injury of any type (Serious, Minor, Possible)",C,Possible Injury (C),2,State,49.55,15,15-S,15-S,,Exit 60,5,TenthsofMile,S,2,Cloudy,1,Daylight,1,Dry,79900,"Trafficway, On Road",10/2/18 8:00
821,464504,1,41.405366,-72.898952,2982971,10/2/18,8:42:00,A,"Injury of any type (Serious, Minor, Possible)",B,Suspected Minor Injury (B),2,State,10.38,10,CT-10,10-N,,DICKERMAN ST,1,TenthsofMile,N,1,Clear,1,Daylight,2,Wet,25300,"Trafficway, On Road",10/2/18 8:42
9083,464505,1,41.433052,-72.930937,2982972,10/2/18,13:31:00,O,Property Damage Only,O,No Apparent Injury (O),2,Local,0.59,573,WEST TODD ST,WEST TODD ST,,STILL HILL RD,850,Feet,W,1,Clear,1,Daylight,1,Dry,,"Trafficway, On Road",10/2/18 13:31
8691,464543,1,41.371352,-72.907134,2983010,10/2/18,13:47:00,O,Property Damage Only,O,No Apparent Injury (O),2,Local,0.05,494,SKIFF ST,SKIFF ST,,WHITNEY AVENUE,200,Feet,W,1,Clear,1,Daylight,1,Dry,24000,"Trafficway, On Road",10/2/18 13:47
1108,464544,1,41.339259,-72.935138,2983011,10/2/18,17:09:00,O,Property Damage Only,O,No Apparent Injury (O),2,State,5.07,10,CT-10,10-N,,Pine St.,100,Feet,S,4,Rain,1,Daylight,2,Wet,24100,"Trafficway, On Road",10/2/18 17:09
7565,463939,1,41.336837,-72.924813,2982406,10/2/18,17:37:00,O,Property Damage Only,O,No Apparent Injury (O),2,Local,0.54,370,MORSE ST,MORSE ST,WINCHESTER AV,,,,N,4,Rain,1,Daylight,2,Wet,3100,"Trafficway, On Road",10/2/18 17:37
2437,465582,1,41.338292,-72.941101,2984049,10/2/18,17:52:00,A,"Injury of any type (Serious, Minor, Possible)",C,Possible Injury (C),2,State,4.7,10,CT-10,10-N,ARCH ST,,,,,4,Rain,1,Daylight,2,Wet,13600,"Trafficway, On Road",10/2/18 17:52
7621,465583,1,41.423467,-72.884688,2984050,10/2/18,20:21:00,O,Property Damage Only,O,No Apparent Injury (O),1,Local,0.55,375,MOUNT CARMEL AV,MOUNT CARMEL AV,,OUTER RIDGE RD,1,TenthsofMile,W,4,Rain,4,Dark-Lighted,2,Wet,2100,"Trafficway, On Road",10/2/18 20:21
2305,464545,1,41.38451,-72.901478,2983012,10/2/18,21:24:00,O,Property Damage Only,O,No Apparent Injury (O),2,State,8.88,10,CT-10,10-N,,,,,,4,Rain,4,Dark-Lighted,2,Wet,16500,"Trafficway, On Road",10/2/18 21:24
1362,467921,1,41.353835,-72.929853,2986387,10/3/18,7:36:00,O,Property Damage Only,O,No Apparent Injury (O),2,State,6.13,10,CT-10,10-N,TREADWELL ST,,,,,1,Clear,1,Daylight,1,Dry,23400,"Trafficway, On Road",10/3/18 7:36
24,464546,1,41.363378,-72.923475,2983013,10/3/18,10:54:00,A,"Injury of any type (Serious, Minor, Possible)",C,Possible Injury (C),3,State,6.85,10,CT-10,10-N,,PALMER AVENUE,115,Feet,S,1,Clear,1,Daylight,1,Dry,41100,"Trafficway, On Road",10/3/18 10:54
170,469218,1,41.366533,-72.921336,2987683,10/3/18,13:31:00,O,Property Damage Only,O,No Apparent Injury (O),2,State,7.09,10,CT-10,10-N,,RTE 15 South on ramp,75,Feet,N,1,Clear,1,Daylight,1,Dry,33100,"Trafficway, On Road",10/3/18 13:31
2052,464579,1,41.428484,-72.906285,2983046,10/3/18,16:56:00,O,Property Damage Only,O,No Apparent Injury (O),2,State,12.02,10,CT-10,10-N,TUTTLE AV NO 1,,,,,1,Clear,1,Daylight,1,Dry,17600,"Trafficway, On Road",10/3/18 16:56
2053,464580,1,41.428485,-72.906293,2983047,10/3/18,17:03:00,O,Property Damage Only,O,No Apparent Injury (O),2,State,12.02,10,CT-10,10-N,TUTTLE AV NO 1,,,,,1,Clear,1,Daylight,1,Dry,17600,"Trafficway, On Road",10/3/18 17:03
7567,465584,1,41.337363,-72.92953,2984051,10/4/18,12:23:00,O,Property Damage Only,O,No Apparent Injury (O),2,Local,0.29,370,MORSE ST,MORSE ST,Shelton Ave,,,,E,1,Clear,1,Daylight,1,Dry,3100,"Trafficway, On Road",10/4/18 12:23
3475,464581,1,41.365133,-72.9223,2983048,10/4/18,15:35:00,O,Property Damage Only,O,No Apparent Injury (O),2,State,0,15,15-N,15-N-221,10-N,,,,,2,Cloudy,1,Daylight,1,Dry,9300,"Trafficway, On Road",10/4/18 15:35
2054,464582,1,41.43551,-72.908517,2983049,10/4/18,17:29:00,O,Property Damage Only,O,No Apparent Injury (O),2,State,12.52,10,CT-10,10-N,,SHEPARD AVE.,500,Feet,S,1,Clear,1,Daylight,1,Dry,17600,"Trafficway, On Road",10/4/18 17:29
571,464831,1,41.345231,-72.934167,2983298,10/4/18,19:28:00,O,Property Damage Only,O,No Apparent Injury (O),2,State,5.48,10,CT-10,10-N,,Woodin St,250,Feet,N,1,Clear,4,Dark-Lighted,1,Dry,26700,"Trafficway, On Road",10/4/18 19:28
4741,464583,1,41.332811,-72.900564,2983050,10/5/18,7:35:00,O,Property Damage Only,O,No Apparent Injury (O),2,USRoute,1.37,5,US-5,5-N,COOK ST,,,,,1,Clear,1,Daylight,1,Dry,14100,"Trafficway, On Road",10/5/18 7:35
823,469724,1,41.405596,-72.898966,2988189,10/5/18,8:25:00,A,"Injury of any type (Serious, Minor, Possible)",C,Possible Injury (C),2,State,10.4,10,CT-10,10-N,,WOODRUFF ST,30,Feet,N,1,Clear,1,Daylight,1,Dry,25300,"Trafficway, On Road",10/5/18 8:25
1363,469028,1,41.351095,-72.931441,2987493,10/5/18,10:39:00,A,"Injury of any type (Serious, Minor, Possible)",B,Suspected Minor Injury (B),2,State,5.92,10,CT-10,10-N,,Beacon St.,50,Feet,S,1,Clear,1,Daylight,1,Dry,23400,"Trafficway, On Road",10/5/18 10:39
3315,464457,1,41.378045,-72.905132,2982924,10/5/18,10:54:00,O,Property Damage Only,O,No Apparent Injury (O),2,State,50.2,15,15-N,15-N,,61-entrance,5,Feet,S,1,Clear,1,Daylight,1,Dry,66000,"Trafficway, On Road",10/5/18 10:54
3052,465198,1,41.36135,-72.933724,2983665,10/5/18,13:26:00,A,"Injury of any type (Serious, Minor, Possible)",C,Possible Injury (C),2,State,49.5,15,15-N,15-N,,Exit 60,5,TenthsofMile,S,1,Clear,1,Daylight,1,Dry,79900,"Trafficway, On Road",10/5/18 13:26
237,465585,1,41.359367,-72.925673,2984052,10/5/18,14:22:00,O,Property Damage Only,O,No Apparent Injury (O),2,State,6.56,10,CT-10,10-N,,MATHER ST,100,Feet,N,1,Clear,1,Daylight,1,Dry,32100,"Trafficway, On Road",10/5/18 14:22
6415,465586,1,41.335787,-72.935011,2984053,10/5/18,15:31:00,O,Property Damage Only,O,No Apparent Injury (O),2,Local,0.02,142,DIXWELL AV,DIXWELL AV NO 1,GOODRICH ST,,,,,1,Clear,1,Daylight,1,Dry,15600,"Trafficway, On Road",10/5/18 15:31
8017,467511,1,41.345639,-72.932862,2985978,10/5/18,22:55:00,O,Property Damage Only,O,No Apparent Injury (O),2,Local,1.11,439,PUTNAM AV,PUTNAM AV,,Dixwell Ave,350,Feet,E,1,Clear,4,Dark-Lighted,1,Dry,11500,"Trafficway, On Road",10/5/18 22:55
1109,464584,1,41.341739,-72.935031,2983051,10/6/18,0:37:00,A,"Injury of any type (Serious, Minor, Possible)",A,Suspected Serious Injury (A),2,State,5.24,10,CT-10,10-N,NORTH ST,,,,,1,Clear,4,Dark-Lighted,1,Dry,24100,"Trafficway, On Road",10/6/18 0:37
7922,465161,1,41.354823,-72.941633,2983628,10/6/18,2:22:00,A,"Injury of any type (Serious, Minor, Possible)",B,Suspected Minor Injury (B),1,Local,0.63,429,PINE ROCK AV,PINE ROCK AV NO 1,,VILLAGE CIRCLE,20,Feet,S,1,Clear,4,Dark-Lighted,1,Dry,5500,"Trafficway, On Road",10/6/18 2:22
7566,464585,1,41.336322,-72.920629,2983052,10/6/18,3:28:00,A,"Injury of any type (Serious, Minor, Possible)",A,Suspected Serious Injury (A),1,Local,0.76,370,MORSE ST,MORSE ST,,Prospect ST,300,Feet,W,1,Clear,4,Dark-Lighted,1,Dry,3100,"Trafficway, On Road",10/6/18 3:28
3462,465240,1,41.3804753,-72.9007663,2983707,10/6/18,14:01:00,O,Property Damage Only,O,No Apparent Injury (O),2,State,0.21,15,15-N,15-N-125,,Rt 15 NB,1,TenthsofMile,S,1,Clear,1,Daylight,1,Dry,9300,"Trafficway, On Road",10/6/18 14:01
6153,465587,1,41.350929,-72.935518,2984054,10/7/18,6:52:00,A,"Injury of any type (Serious, Minor, Possible)",B,Suspected Minor Injury (B),1,Local,1.06,99,CIRCULAR AV,CIRCULAR AV,,Wilbert Street,80,Feet,S,2,Cloudy,1,Daylight,2,Wet,7100,"Trafficway, On Road",10/7/18 6:52
1361,467813,1,41.348491,-72.932776,2986280,10/7/18,9:55:00,A,"Injury of any type (Serious, Minor, Possible)",C,Possible Injury (C),2,State,5.72,10,CT-10,10-N,,SCOTT ST,50,Feet,N,1,Clear,1,Daylight,1,Dry,23400,"Trafficway, On Road",10/7/18 9:55
9286,465162,1,41.345494,-72.936857,2983629,10/7/18,10:02:00,A,"Injury of any type (Serious, Minor, Possible)",C,Possible Injury (C),2,Local,1.57,598,WOODIN ST,WOODIN ST,MURRAY ST,,,,,1,Clear,1,Daylight,1,Dry,5400,"Trafficway, On Road",10/7/18 10:02
4330,464491,1,41.37952,-72.90373,2982958,10/7/18,10:51:00,O,Property Damage Only,O,No Apparent Injury (O),2,State,0.02,15,15-S,15-S-122,,Route 15 Southbound,10,Feet,N,1,Clear,1,Daylight,1,Dry,9300,"Trafficway, On Road",10/7/18 10:51
3839,465466,1,41.378767,-72.904132,2983933,10/7/18,17:40:00,O,Property Damage Only,O,No Apparent Injury (O),2,State,51.57,15,15-S,15-S,,Route 15 South,25,Feet,N,1,Clear,1,Daylight,1,Dry,71800,"Trafficway, On Road",10/7/18 17:40
7568,467512,1,41.336809,-72.924812,2985979,10/7/18,20:20:00,O,Property Damage Only,O,No Apparent Injury (O),2,Local,0.54,370,MORSE ST,MORSE ST,WINCHESTER AV,,,,,1,Clear,4,Dark-Lighted,1,Dry,3100,"Trafficway, On Road",10/7/18 20:20
3849,469358,1,41.378051,-72.90536,2987823,10/8/18,8:23:00,O,Property Damage Only,O,No Apparent Injury (O),2,State,51.45,15,15-S,15-S,EXIT 61,,,,,2,Cloudy,1,Daylight,1,Dry,71800,"Trafficway, On Road",10/8/18 8:23
5110,464586,1,41.341518,-72.912839,2983053,10/8/18,11:19:00,O,Property Damage Only,O,No Apparent Injury (O),2,State,0.62,707,WHITNEY AV,707-N,DAVIS ST,,,,,1,Clear,1,Daylight,1,Dry,13500,"Trafficway, On Road",10/8/18 11:19
7029,464958,1,41.363003,-72.915614,2983425,10/9/18,7:02:00,O,Property Damage Only,O,No Apparent Injury (O),2,Local,0.23,232,GREENWAY ST,GREENWAY ST,,INGRAM STREET,125,Feet,N,1,Clear,1,Daylight,99,Unknown,1300,"Trafficway, On Road",10/9/18 7:02
4331,467186,1,41.378088,-72.905344,2985653,10/9/18,7:10:00,O,Property Damage Only,O,No Apparent Injury (O),2,State,0.18,15,15-S,15-S-122,,Route 15,24,Feet,N,2,Cloudy,2,Dawn,1,Dry,9300,"Trafficway, On Road",10/9/18 7:10
5241,466862,1,41.359976,-72.909632,2985329,10/9/18,7:19:00,O,Property Damage Only,O,No Apparent Injury (O),2,State,1.96,707,WHITNEY AV,707-N,HAWTHORNE AV,,,,,1,Clear,1,Daylight,1,Dry,11900,"Trafficway, On Road",10/9/18 7:19
1236,465588,1,41.369202,-72.919236,2984055,10/9/18,15:14:00,A,"Injury of any type (Serious, Minor, Possible)",C,Possible Injury (C),2,State,7.3,10,CT-10,10-N,,Connolly Pkwy.,833,Feet,N,1,Clear,1,Daylight,1,Dry,23700,"Trafficway, On Road",10/9/18 15:14
1908,465560,1,41.423496,-72.90565,2984027,10/9/18,17:30:00,O,Property Damage Only,O,No Apparent Injury (O),2,State,11.68,10,CT-10,10-N,,WEST WOODS RD.,1056,Feet,N,1,Clear,1,Daylight,1,Dry,19100,"Trafficway, On Road",10/9/18 17:30
9056,465163,1,41.336703,-72.939488,2983630,10/9/18,17:31:00,O,Property Damage Only,O,No Apparent Injury (O),2,Local,0.02,564,WEST EASTON ST,WEST EASTON ST,,Warner Street ,100,Feet,E,1,Clear,6,Dark-Unknown Lighting,1,Dry,,"Trafficway, On Road",10/9/18 17:31
7273,465589,1,41.36677,-72.940739,2984056,10/9/18,18:50:00,A,"Injury of any type (Serious, Minor, Possible)",C,Possible Injury (C),2,Local,0,309,LANE ST,LANE ST,BENHAM ST,,,,,1,Clear,4,Dark-Lighted,1,Dry,5300,"Trafficway, On Road",10/9/18 18:50
2203,465164,1,41.388314,-72.90004,2983631,10/9/18,18:54:00,O,Property Damage Only,O,No Apparent Injury (O),2,State,9.16,10,CT-10,10-N,LINCOLN ST,,,,,1,Clear,4,Dark-Lighted,1,Dry,16900,"Trafficway, On Road",10/9/18 18:54
839,487520,1,41.40547,-72.89899,3005981,10/10/18,7:29:00,O,Property Damage Only,O,No Apparent Injury (O),2,State,10.38,10,CT-10,10-N,WOODRUFF ST,,,,,1,Clear,1,Daylight,1,Dry,25300,"Trafficway, On Road",10/10/18 7:29
5242,466863,1,41.362313,-72.90919,2985330,10/10/18,7:43:00,O,Property Damage Only,O,No Apparent Injury (O),2,State,2.12,707,WHITNEY AV,707-N,SWARTHMORE ST,,,,,1,Clear,1,Daylight,1,Dry,11900,"Trafficway, On Road",10/10/18 7:43
6168,465590,1,41.357182,-72.936969,2984057,10/10/18,7:46:00,O,Property Damage Only,O,No Apparent Injury (O),2,Local,0.62,99,CIRCULAR AV,CIRCULAR AV,GILBERT AV,,,,,1,Clear,1,Daylight,1,Dry,1900,"Trafficway, On Road",10/10/18 7:46
4912,465606,1,41.383215,-72.902007,2984073,10/10/18,8:03:00,O,Property Damage Only,O,No Apparent Injury (O),2,State,3.6,707,WHITNEY AV,707-N,,School St,82,Feet,S,1,Clear,1,Daylight,1,Dry,16900,"Trafficway, On Road",10/10/18 8:03
5465,472049,1,41.383113,-72.898466,2990514,10/10/18,8:34:00,O,Property Damage Only,O,No Apparent Injury (O),2,State,0.17,717,DIXWELL AV,717-E,,WASHINGTON AVE,100,Feet,E,1,Clear,1,Daylight,1,Dry,18600,"Trafficway, On Road",10/10/18 8:34
5667,465607,1,41.382923,-72.926347,2984074,10/10/18,8:46:00,O,Property Damage Only,O,No Apparent Injury (O),2,Local,0.19,615,ADLA DR,ADLA DR,,HOWARD DR,2,TenthsofMile,N,1,Clear,1,Daylight,1,Dry,150,"Trafficway, On Road",10/10/18 8:46
822,465608,1,41.346619,-72.933691,2984075,10/10/18,13:57:00,O,Property Damage Only,O,No Apparent Injury (O),2,State,5.58,10,CT-10,10-N,,Circular Avenue,100,Feet,N,1,Clear,1,Daylight,1,Dry,25300,"Trafficway, On Road",10/10/18 13:57
5847,465937,1,41.364526,-72.929296,2984404,10/10/18,17:15:00,O,Property Damage Only,O,No Apparent Injury (O),2,Local,0.3,42,BENHAM ST,BENHAM ST,MIX AV,,,,,1,Clear,1,Daylight,1,Dry,12600,"Trafficway, On Road",10/10/18 17:15
9072,469029,1,41.351426,-72.950756,2987494,10/11/18,6:58:00,O,Property Damage Only,O,No Apparent Injury (O),2,Local,0.17,571,WEST SIDE DR,WEST SIDE DR,,BELAIR,20,Feet,S,1,Clear,1,Daylight,1,Dry,,"Trafficway, On Road",10/11/18 6:58
3846,467264,1,41.37890676,-72.9038597,2985731,10/11/18,8:07:00,O,Property Damage Only,O,No Apparent Injury (O),2,State,51.59,15,15-S,15-S,,EXIT 61,100,Feet,S,2,Cloudy,1,Daylight,1,Dry,71800,"Trafficway, On Road",10/11/18 8:07
6988,466815,1,41.349436,-72.940057,2985282,10/11/18,8:34:00,O,Property Damage Only,O,No Apparent Injury (O),2,Local,0.21,226,GORHAM AV,GORHAM AV,LANGER ST,,,,,1,Clear,1,Daylight,1,Dry,1600,"Trafficway, On Road",10/11/18 8:34
4004,467234,1,41.38046,-72.901414,2985701,10/11/18,8:57:00,O,Property Damage Only,O,No Apparent Injury (O),2,State,51.77,15,15-S,15-S,,EXIT 61,100,Feet,S,2,Cloudy,1,Daylight,1,Dry,67000,"Trafficway, On Road",10/11/18 8:57