,CrashId,Fatal Case Status,lat,lon,DOT Case Number,Date Of Crash,Time of Crash,Crash Severity,Crash Severity Text Format,Most Severe Injury,Most Severe Injury Text Format,Number Of Motor Vehicles,Route Class Text Format,Milemarker,Road Number,Road Description,Roadway Name,Intersecting Roadway Name,Landmark Description,Distance From Nearest Landmark,Unit Of Measure From Nearest Landmark,Direction From Nearest Landmark,Weather Condition,Weather Condition Text Format,Light Condition,Light Condition Text Format,Road Surface Condition,Road Surface Condition Text Format,Average Daily Traffic,Trafficway Class Text Format,full_date
169,465938,1,41.36686,-72.920931,2984405,10/11/18,13:12:00,A,"Injury of any type (Serious, Minor, Possible)",C,Possible Injury (C),2,State,7.12,10,CT-10,10-N,,Connolly Pkwy,75,Feet,S,4,Rain,1,Daylight,2,Wet,33100,"Trafficway, On Road",10/11/18 13:12
1240,472050,1,41.37402,-72.91611,2990515,10/11/18,14:08:00,O,Property Damage Only,O,No Apparent Injury (O),2,State,7.68,10,CT-10,10-N,,SKIFF ST,145,Feet,S,4,Rain,1,Daylight,2,Wet,23700,"Trafficway, On Road",10/11/18 14:08
238,465939,1,41.359442,-72.925582,2984406,10/11/18,15:47:00,O,Property Damage Only,O,No Apparent Injury (O),2,State,6.56,10,CT-10,10-N,,Mather St,150,Feet,N,1,Clear,1,Daylight,2,Wet,32100,"Trafficway, On Road",10/11/18 15:47
4913,465940,1,41.383105,-72.901957,2984407,10/11/18,16:45:00,O,Property Damage Only,O,No Apparent Injury (O),2,State,3.6,707,WHITNEY AV,707-N,,Dixwell Av,100,Feet,S,4,Rain,1,Daylight,2,Wet,16900,"Trafficway, On Road",10/11/18 16:45
2163,465941,1,41.383498,-72.902633,2984408,10/11/18,17:43:00,A,"Injury of any type (Serious, Minor, Possible)",C,Possible Injury (C),2,State,8.76,10,CT-10,10-N,,Old Dixwell Ave,300,Feet,E,4,Rain,1,Daylight,2,Wet,17000,"Trafficway, On Road",10/11/18 17:43
9084,465942,1,41.434997,-72.941047,2984409,10/11/18,17:57:00,O,Property Damage Only,O,No Apparent Injury (O),1,Local,0.04,573,WEST TODD ST,WEST TODD ST,,Gaylord Mountain Rd,200,Feet,E,4,Rain,4,Dark-Lighted,2,Wet,,Non-trafficway,10/11/18 17:57
2518,470340,1,41.338317,-72.935351,2988805,10/11/18,19:40:00,O,Property Damage Only,O,No Apparent Injury (O),2,State,5,10,CT-10,10-N,MORSE ST,,,,,4,Rain,4,Dark-Lighted,2,Wet,12300,"Trafficway, On Road",10/11/18 19:40
5240,465980,1,41.361365,-72.909402,2984447,10/12/18,8:04:00,O,Property Damage Only,O,No Apparent Injury (O),2,State,2.06,707,WHITNEY AV,707-N,HAVERFORD ST,,,,,2,Cloudy,1,Daylight,2,Wet,11900,"Trafficway, On Road",10/12/18 8:04
826,472051,1,41.406408,-72.899317,2990516,10/12/18,8:12:00,O,Property Damage Only,O,No Apparent Injury (O),2,State,10.46,10,CT-10,10-N,HOME PL,,,,,4,Rain,1,Daylight,2,Wet,25300,"Trafficway, On Road",10/12/18 8:12
8383,466864,1,41.380565,-72.917505,2985331,10/12/18,10:15:00,O,Property Damage Only,O,No Apparent Injury (O),2,Local,0.3,489,SHEPARD AV,SHEPARD AV,MIX AV,,,,,1,Clear,1,Daylight,1,Dry,1400,"Trafficway, On Road",10/12/18 10:15
2204,470341,1,41.390398,-72.898784,2988806,10/12/18,11:10:00,O,Property Damage Only,O,No Apparent Injury (O),2,State,9.31,10,CT-10,10-N,,Farrell St,200,Feet,S,1,Clear,1,Daylight,1,Dry,16900,"Trafficway, On Road",10/12/18 11:10
6294,467614,1,41.366208,-72.917245,2986081,10/12/18,12:16:00,O,Property Damage Only,O,No Apparent Injury (O),2,Local,0.07,111,CONNOLLY PKWY,CONNOLLY PKWY,,Thornton St.,350,Feet,W,1,Clear,1,Daylight,1,Dry,8600,"Trafficway, On Road",10/12/18 12:16
8770,471054,1,41.376392,-72.920073,2989519,10/12/18,13:29:00,O,Property Damage Only,O,No Apparent Injury (O),2,Local,0.25,495,SKIFF ST EXT,SKIFF ST EXT,,Mix Av,52,Feet,E,1,Clear,1,Daylight,1,Dry,9400,"Trafficway, On Road",10/12/18 13:29
4559,466865,1,41.403535,-72.895646,2985332,10/12/18,15:19:00,O,Property Damage Only,O,No Apparent Injury (O),2,State,0.14,22,CT-22,22-E,NEW RD,,,,,1,Clear,1,Daylight,1,Dry,5500,"Trafficway, On Road",10/12/18 15:19
8692,466884,1,41.374483,-72.91575,2985351,10/12/18,19:42:00,O,Property Damage Only,O,No Apparent Injury (O),2,Local,0.54,494,SKIFF ST,SKIFF ST,,Dixwell Avenue,10,Feet,E,1,Clear,4,Dark-Lighted,1,Dry,24000,"Trafficway, On Road",10/12/18 19:42
6614,467539,1,41.382904,-72.907787,2986006,10/13/18,9:21:00,A,"Injury of any type (Serious, Minor, Possible)",B,Suspected Minor Injury (B),2,Local,0,174,EVERGREEN AV,EVERGREEN AV,DIXWELL,,,,,4,Rain,1,Daylight,2,Wet,8300,"Trafficway, On Road",10/13/18 9:21
5243,467922,1,41.362309,-72.909071,2986388,10/13/18,10:50:00,O,Property Damage Only,O,No Apparent Injury (O),2,State,2.12,707,WHITNEY AV,707-N,SWARTHMORE ST,,,,,1,Clear,1,Daylight,1,Dry,11900,"Trafficway, On Road",10/13/18 10:50
5244,470022,1,41.363142,-72.908928,2988487,10/14/18,13:44:00,A,"Injury of any type (Serious, Minor, Possible)",B,Suspected Minor Injury (B),2,State,2.18,707,WHITNEY AV,707-N,ARDMORE ST,,,,,1,Clear,1,Daylight,1,Dry,11900,"Trafficway, On Road",10/14/18 13:44
500,469059,1,41.354251,-72.929588,2987524,10/14/18,15:27:00,O,Property Damage Only,O,No Apparent Injury (O),2,State,6.15,10,CT-10,10-N,,TREADWELL ST,105,Feet,N,1,Clear,1,Daylight,1,Dry,27500,"Trafficway, On Road",10/14/18 15:27
1976,467541,1,41.403485,-72.898105,2986008,10/14/18,15:53:00,O,Property Damage Only,O,No Apparent Injury (O),1,State,10.25,10,CT-10,10-N,,Ives St.,500,Feet,S,1,Clear,1,Daylight,1,Dry,18400,"Trafficway, On Road",10/14/18 15:53
499,467542,1,41.356243,-72.927877,2986009,10/15/18,8:47:00,O,Property Damage Only,O,No Apparent Injury (O),2,State,6.31,10,CT-10,10-N,FOCH ST,,,,,4,Rain,1,Daylight,2,Wet,27500,"Trafficway, On Road",10/15/18 8:47
1365,469725,1,41.351471,-72.931111,2988190,10/15/18,11:38:00,O,Property Damage Only,O,No Apparent Injury (O),2,State,5.94,10,CT-10,10-N,,Beacon St,60,Feet,N,2,Cloudy,1,Daylight,1,Dry,23400,"Trafficway, On Road",10/15/18 11:38
834,478258,1,41.405419,-72.898893,2996722,10/15/18,12:33:00,O,Property Damage Only,O,No Apparent Injury (O),2,State,10.38,10,CT-10,10-N,WOODRUFF ST,,,,,4,Rain,1,Daylight,2,Wet,25300,"Trafficway, On Road",10/15/18 12:33
8769,467615,1,41.374713,-72.916547,2986082,10/15/18,12:34:00,O,Property Damage Only,O,No Apparent Injury (O),2,Local,0.04,495,SKIFF ST EXT,SKIFF ST EXT,,Dixwell Ave,500,Feet,W,4,Rain,1,Daylight,2,Wet,9400,"Trafficway, On Road",10/15/18 12:34
4560,467543,1,41.403496,-72.895602,2986010,10/15/18,14:14:00,A,"Injury of any type (Serious, Minor, Possible)",C,Possible Injury (C),2,State,0.14,22,CT-22,22-E,NEW RD,,,,,1,Clear,1,Daylight,1,Dry,5500,"Trafficway, On Road",10/15/18 14:14
3476,467616,1,41.365267,-72.922189,2986083,10/15/18,14:20:00,A,"Injury of any type (Serious, Minor, Possible)",C,Possible Injury (C),2,State,0,15,15-N,15-N-221,10-N,Rte. 15 off ramp,175,Feet,S,2,Cloudy,1,Daylight,1,Dry,9300,"Trafficway, On Road",10/15/18 14:20
1112,469219,1,41.343128,-72.934711,2987684,10/15/18,17:19:00,A,"Injury of any type (Serious, Minor, Possible)",A,Suspected Serious Injury (A),1,State,5.34,10,CT-10,10-N,SECOND ST,,,,,4,Rain,1,Daylight,2,Wet,24100,"Trafficway, On Road",10/15/18 17:19
1364,469220,1,41.352055,-72.930859,2987685,10/16/18,7:04:00,O,Property Damage Only,O,No Apparent Injury (O),2,State,5.98,10,CT-10,10-N,CONCORD ST,,,,,1,Clear,1,Daylight,1,Dry,23400,"Trafficway, Not on Road",10/16/18 7:04
1111,467923,1,41.339541,-72.935205,2986389,10/16/18,7:53:00,O,Property Damage Only,O,No Apparent Injury (O),2,State,5.09,10,CT-10,10-N,PINE ST,,,,,1,Clear,1,Daylight,1,Dry,24100,"Trafficway, On Road",10/16/18 7:53
239,467544,1,41.362661,-72.9238,2986011,10/16/18,11:44:00,A,"Injury of any type (Serious, Minor, Possible)",B,Suspected Minor Injury (B),1,State,6.8,10,CT-10,10-N,BENHAM ST,,,,,1,Clear,1,Daylight,1,Dry,32100,"Trafficway, On Road",10/16/18 11:44
240,469292,1,41.359713,-72.925417,2987757,10/16/18,15:43:00,O,Property Damage Only,O,No Apparent Injury (O),2,State,6.58,10,CT-10,10-N,,Red Rock Terrace,115,Feet,S,1,Clear,1,Daylight,1,Dry,32100,"Trafficway, On Road",10/16/18 15:43
501,471055,1,41.357665,-72.926724,2989520,10/16/18,17:03:00,A,"Injury of any type (Serious, Minor, Possible)",C,Possible Injury (C),2,State,6.43,10,CT-10,10-N,,Hillcrest St.,83,Feet,N,1,Clear,1,Daylight,1,Dry,27500,"Trafficway, On Road",10/16/18 17:03
6271,467545,1,41.386234,-72.910275,2986012,10/16/18,17:40:00,O,Property Damage Only,O,No Apparent Injury (O),2,Local,0.25,108,COLONY ST,COLONY ST,,Dixwell Avenue,1330,Feet,N,1,Clear,1,Daylight,1,Dry,,"Trafficway, On Road",10/16/18 17:40
6416,467814,1,41.337937,-72.935151,2986281,10/16/18,20:24:00,A,"Injury of any type (Serious, Minor, Possible)",B,Suspected Minor Injury (B),2,Local,0.18,142,DIXWELL AV,DIXWELL AV NO 1,,Morse Street ,25,Feet,S,1,Clear,4,Dark-Lighted,1,Dry,15600,"Trafficway, On Road",10/16/18 20:24
1977,470023,1,41.403813,-72.898319,2988488,10/16/18,23:28:00,A,"Injury of any type (Serious, Minor, Possible)",C,Possible Injury (C),2,State,10.27,10,CT-10,10-N,IVES,,,,,1,Clear,4,Dark-Lighted,1,Dry,18400,"Trafficway, On Road",10/16/18 23:28
3851,470363,1,41.378114,-72.905313,2988828,10/17/18,8:22:00,O,Property Damage Only,O,No Apparent Injury (O),2,State,51.46,15,15-S,15-S,,EXIT 61,100,Feet,S,1,Clear,1,Daylight,1,Dry,71800,"Trafficway, On Road",10/17/18 8:22
3455,500730,1,41.381014,-72.900381,3019186,10/17/18,10:48:00,O,Property Damage Only,O,No Apparent Injury (O),4,State,0.05,15,15-N,15-N-124,,Exit 61,1,TenthsofMile,N,1,Clear,1,Daylight,1,Dry,9300,"Trafficway, On Road",10/17/18 10:48
8385,467617,1,41.40131,-72.923982,2986084,10/17/18,12:28:00,O,Property Damage Only,O,No Apparent Injury (O),2,Local,1.82,489,SHEPARD AV,SHEPARD AV,WEST SHEPARD AV,,,,,1,Clear,1,Daylight,1,Dry,1400,"Trafficway, On Road",10/17/18 12:28
827,472052,1,41.405534,-72.899003,2990517,10/17/18,12:37:00,O,Property Damage Only,O,No Apparent Injury (O),2,State,10.39,10,CT-10,10-N,,WOODRUFF ST,60,Feet,N,1,Clear,1,Daylight,1,Dry,25300,"Trafficway, On Road",10/17/18 12:37
8194,469351,1,41.353453,-72.902757,2987816,10/17/18,13:00:00,A,"Injury of any type (Serious, Minor, Possible)",A,Suspected Serious Injury (A),1,Local,1.29,452,RIDGE RD,RIDGE RD,WAITE ST,,,,,1,Clear,1,Daylight,1,Dry,5200,"Trafficway, On Road",10/17/18 13:00
7421,472053,1,41.33942,-72.92496,2990518,10/18/18,10:10:00,O,Property Damage Only,O,No Apparent Injury (O),2,Local,0.61,365,MILL ROCK RD,MILL ROCK RD,,Winchester Ave.,10,Feet,W,1,Clear,1,Daylight,1,Dry,4400,"Trafficway, On Road",10/18/18 10:10
9287,473809,1,41.34554,-72.942022,2992274,10/18/18,11:45:00,O,Property Damage Only,O,No Apparent Injury (O),2,Local,1.29,598,WOODIN ST,WOODIN ST,ROCHFORD AV,,,,,1,Clear,1,Daylight,1,Dry,5400,"Trafficway, On Road",10/18/18 11:45
241,469443,1,41.362066,-72.92408,2987908,10/18/18,16:08:00,A,"Injury of any type (Serious, Minor, Possible)",C,Possible Injury (C),2,State,6.76,10,CT-10,10-N,,Benham St,200,Feet,S,1,Clear,1,Daylight,1,Dry,32100,"Trafficway, On Road",10/18/18 16:08
3847,468784,1,41.378038,-72.905358,2987249,10/18/18,18:52:00,O,Property Damage Only,O,No Apparent Injury (O),2,State,51.45,15,15-S,15-S,EXIT 61,,,,,1,Clear,5,Dark-Not Lighted,1,Dry,71800,"Trafficway, On Road",10/18/18 18:52
1238,471317,1,41.367185,-72.920677,2989782,10/18/18,18:57:00,A,"Injury of any type (Serious, Minor, Possible)",B,Suspected Minor Injury (B),1,State,7.15,10,CT-10,10-N,,Connolly Pkwy,25,Feet,N,1,Clear,4,Dark-Lighted,1,Dry,23700,"Trafficway, On Road",10/18/18 18:57
3848,468788,1,41.378018,-72.90503,2987253,10/18/18,22:13:00,A,"Injury of any type (Serious, Minor, Possible)",B,Suspected Minor Injury (B),3,State,51.47,15,15-S,15-S,,Exit #61,2,TenthsofMile,S,1,Clear,5,Dark-Not Lighted,1,Dry,71800,"Trafficway, On Road",10/18/18 22:13
7415,472304,1,41.3412,-72.9489,2990769,10/19/18,5:02:00,O,Property Damage Only,O,No Apparent Injury (O),2,Local,0.08,699,MIDHILL DR,MIDHILL DR,,High Top Cirlce,600,Feet,S,1,Clear,4,Dark-Lighted,1,Dry,,"Trafficway, On Road",10/19/18 5:02
2458,469726,1,41.376872,-72.91512,2988191,10/19/18,9:07:00,O,Property Damage Only,O,No Apparent Injury (O),2,Local,0.16,144,CT-10,DIXWELL AV NO 2 RT 10 NB,,,,,,1,Clear,1,Daylight,1,Dry,12700,"Trafficway, On Road",10/19/18 9:07
6342,471318,1,41.341545,-72.907925,2989783,10/19/18,12:13:00,O,Property Damage Only,O,No Apparent Injury (O),1,Local,0.54,128,DAVIS ST,DAVIS ST,,Hartford Tpke,100,Feet,W,99,Unknown,99,Unknown,99,Unknown,11100,"Trafficway, On Road",10/19/18 12:13
2055,470024,1,41.43848,-72.909683,2988489,10/19/18,12:55:00,O,Property Damage Only,O,No Apparent Injury (O),2,State,12.73,10,CT-10,10-N,RIVER RD NO 2,,,,,1,Clear,1,Daylight,1,Dry,17600,"Trafficway, On Road",10/19/18 12:55
4077,469080,1,41.380122,-72.901832,2987545,10/19/18,16:22:00,O,Property Damage Only,O,No Apparent Injury (O),2,State,51.74,15,15-S,15-S,,R/L ,20,Feet,W,1,Clear,1,Daylight,1,Dry,64800,"Trafficway, On Road",10/19/18 16:22
6154,469444,1,41.353813,-72.936326,2987909,10/19/18,18:00:00,O,Property Damage Only,O,No Apparent Injury (O),2,Local,0.86,99,CIRCULAR AV,CIRCULAR AV,,CHURCH ST,350,Feet,S,1,Clear,4,Dark-Lighted,1,Dry,7100,"Trafficway, On Road",10/19/18 18:00
7699,470060,1,41.339796,-72.92651,2988525,10/19/18,19:58:00,O,Property Damage Only,O,No Apparent Injury (O),2,Local,0.27,385,NEWHALL ST,NEWHALL ST,MILL ROCK RD,,,,,1,Clear,4,Dark-Lighted,1,Dry,,"Trafficway, On Road",10/19/18 19:58
25,470061,1,41.36372,-72.923246,2988526,10/19/18,20:52:00,O,Property Damage Only,O,No Apparent Injury (O),2,State,6.88,10,CT-10,10-N,,Palmer Avenue,10,Feet,S,1,Clear,4,Dark-Lighted,1,Dry,41100,"Trafficway, On Road",10/19/18 20:52
6155,470322,1,41.353789,-72.936342,2988787,10/19/18,22:02:00,O,Property Damage Only,O,No Apparent Injury (O),2,Local,0.86,99,CIRCULAR AV,CIRCULAR AV,,CHURCH ST,350,Feet,S,1,Clear,4,Dark-Lighted,1,Dry,7100,"Trafficway, On Road",10/19/18 22:02
7569,471319,1,41.337706,-72.931983,2989784,10/20/18,6:53:00,O,Property Damage Only,O,No Apparent Injury (O),1,Local,0.16,370,MORSE ST,MORSE ST,SAINT MARY ST,,,,,1,Clear,1,Daylight,1,Dry,3100,"Trafficway, On Road",10/20/18 6:53
5708,471320,1,41.336594,-72.911689,2989785,10/20/18,12:20:00,O,Property Damage Only,O,No Apparent Injury (O),2,Local,0.01,17,ARMORY ST,ARMORY ST,,Whitney Ave.,39,Feet,W,1,Clear,1,Daylight,1,Dry,3800,"Trafficway, On Road",10/20/18 12:20
3336,470374,1,41.380677,-72.90071,2988839,10/20/18,13:56:00,A,"Injury of any type (Serious, Minor, Possible)",C,Possible Injury (C),2,State,51.76,15,15-N,15-N,,Route 15,30,Feet,S,1,Clear,1,Daylight,1,Dry,64800,"Trafficway, On Road",10/20/18 13:56
1366,472054,1,41.353122,-72.930374,2990519,10/20/18,18:04:00,O,Property Damage Only,O,No Apparent Injury (O),2,State,6.06,10,CT-10,10-N,,CHURCH ST,100,Feet,N,1,Clear,4,Dark-Lighted,1,Dry,23400,"Trafficway, On Road",10/20/18 18:04
7455,471321,1,41.364645,-72.929083,2989786,10/21/18,5:22:00,O,Property Damage Only,O,No Apparent Injury (O),2,Local,0.02,366,MIX AV,MIX AV,,Benham St,20,Feet,N,1,Clear,4,Dark-Lighted,1,Dry,4000,"Trafficway, On Road",10/21/18 5:22
4333,470376,1,41.378061,-72.905347,2988841,10/21/18,13:29:00,O,Property Damage Only,O,No Apparent Injury (O),2,State,0.18,15,15-S,15-S-122,15-S,,,,,1,Clear,1,Daylight,1,Dry,9300,"Trafficway, On Road",10/21/18 13:29
572,471670,1,41.345817,-72.933975,2990135,10/21/18,15:04:00,O,Property Damage Only,O,No Apparent Injury (O),2,State,5.52,10,CT-10,10-N,,Putnam Ave,30,Feet,S,1,Clear,1,Daylight,1,Dry,26700,"Trafficway, On Road",10/21/18 15:04
4332,469208,1,41.378134,-72.905308,2987673,10/22/18,13:25:00,O,Property Damage Only,O,No Apparent Injury (O),2,State,0.18,15,15-S,15-S-122,,Exit 61,0.100000001,Feet,S,1,Clear,1,Daylight,1,Dry,9300,"Trafficway, On Road",10/22/18 13:25
1239,471322,1,41.36988,-72.918903,2989787,10/22/18,15:43:00,A,"Injury of any type (Serious, Minor, Possible)",C,Possible Injury (C),2,State,7.35,10,CT-10,10-N,,Connolly Parkway,2,TenthsofMile,N,2,Cloudy,1,Daylight,1,Dry,23700,"Trafficway, On Road",10/22/18 15:43
2389,472055,1,41.396776,-72.896988,2990520,10/22/18,16:58:00,A,"Injury of any type (Serious, Minor, Possible)",C,Possible Injury (C),2,State,9.77,10,CT-10,10-N,,CANNON ST,50,Feet,S,1,Clear,1,Daylight,1,Dry,14700,"Trafficway, On Road",10/22/18 16:58
5619,470323,1,41.374596,-72.91626,2988788,10/22/18,20:15:00,A,"Injury of any type (Serious, Minor, Possible)",C,Possible Injury (C),3,State,0.17,753,CT-10,753-S,SKIFF ST,,,,,1,Clear,4,Dark-Lighted,1,Dry,13900,"Trafficway, On Road",10/22/18 20:15
824,471323,1,41.414176,-72.90217,2989788,10/23/18,8:46:00,O,Property Damage Only,O,No Apparent Injury (O),2,State,11.01,10,CT-10,10-N,,Sherman Ave,120,Feet,N,1,Clear,1,Daylight,1,Dry,25300,"Trafficway, On Road",10/23/18 8:46
825,471689,1,41.414192,-72.902217,2990154,10/23/18,9:16:00,A,"Injury of any type (Serious, Minor, Possible)",C,Possible Injury (C),2,State,11.01,10,CT-10,10-N,,Sherman Avenue,125,Feet,N,1,Clear,1,Daylight,1,Dry,25300,"Trafficway, On Road",10/23/18 9:16
9209,472056,1,41.349608,-72.968563,2990521,10/23/18,11:56:00,O,Property Damage Only,O,No Apparent Injury (O),1,Local,2,594,WINTERGREEN AV,WINTERGREEN AV,,Carbonella Dr.,1,TenthsofMile,N,1,Clear,1,Daylight,1,Dry,1600,"Trafficway, Not on Road",10/23/18 11:56
1241,472305,1,41.373124,-72.916846,2990770,10/23/18,15:05:00,O,Property Damage Only,O,No Apparent Injury (O),2,State,7.6,10,CT-10,10-N,,Skiff Street,500,Feet,S,1,Clear,1,Daylight,1,Dry,23700,"Trafficway, On Road",10/23/18 15:05
3852,471676,1,41.378143,-72.905292,2990141,10/23/18,15:42:00,O,Property Damage Only,O,No Apparent Injury (O),2,State,51.46,15,15-S,15-S,,EXIT 61,100,Feet,S,1,Clear,1,Daylight,1,Dry,71800,"Trafficway, On Road",10/23/18 15:42
4334,471677,1,41.37808,-72.905344,2990142,10/23/18,16:33:00,O,Property Damage Only,O,No Apparent Injury (O),2,State,0.18,15,15-S,15-S-122,15-S-122,ROUTE 15 SOUTHBOUND,31,,N,1,Clear,1,Daylight,1,Dry,9300,"Trafficway, On Road",10/23/18 16:33
6295,471690,1,41.367064,-72.92037,2990155,10/23/18,19:41:00,O,Property Damage Only,O,No Apparent Injury (O),2,Local,0.24,111,CONNOLLY PKWY,CONNOLLY PKWY,,Dixwell Avenue,25,Feet,E,4,Rain,4,Dark-Lighted,2,Wet,8600,"Trafficway, On Road",10/23/18 19:41
4335,471680,1,41.378153,-72.905304,2990145,10/24/18,7:55:00,O,Property Damage Only,O,No Apparent Injury (O),2,State,0.18,15,15-S,15-S-122,,EXIT 61,50,Feet,N,1,Clear,1,Daylight,1,Dry,9300,"Trafficway, On Road",10/24/18 7:55
5848,472057,1,41.36571,-72.93501,2990522,10/24/18,7:59:00,O,Property Damage Only,O,No Apparent Injury (O),2,Local,0.62,42,BENHAM ST,BENHAM ST,,Cherry Hill,186,Feet,W,1,Clear,1,Daylight,1,Dry,12600,"Trafficway, On Road",10/24/18 7:59
6156,471282,1,41.348697,-72.934817,2989747,10/24/18,8:43:00,O,Property Damage Only,O,No Apparent Injury (O),2,Local,1.22,99,CIRCULAR AV,CIRCULAR AV,BRADLEY AV,,,,,1,Clear,1,Daylight,1,Dry,7100,"Trafficway, On Road",10/24/18 8:43
2306,472058,1,41.384469,-72.901394,2990523,10/24/18,12:11:00,O,Property Damage Only,O,No Apparent Injury (O),2,State,8.88,10,CT-10,10-N,SCHOOL ST,,,,,1,Clear,1,Daylight,1,Dry,16500,"Trafficway, On Road",10/24/18 12:11
8065,471324,1,41.343912,-72.925131,2989789,10/24/18,13:27:00,O,Property Damage Only,O,No Apparent Injury (O),1,Local,0.67,439,PUTNAM AV,PUTNAM AV,,LEEDER HILL DR,220,Feet,E,1,Clear,1,Daylight,1,Dry,10000,"Trafficway, Not on Road",10/24/18 13:27
6296,472365,1,41.3666,-72.9196,2990830,10/24/18,17:14:00,O,Property Damage Only,O,No Apparent Injury (O),2,Local,0.19,111,CONNOLLY PKWY,CONNOLLY PKWY,,Dixwell Avenue,2,TenthsofMile,E,1,Clear,1,Daylight,1,Dry,8600,"Trafficway, On Road",10/24/18 17:14
7570,471325,1,41.338171,-72.934878,2989790,10/25/18,11:58:00,O,Property Damage Only,O,No Apparent Injury (O),2,Local,0.02,370,MORSE ST,MORSE ST,DIXWELL,,,,,1,Clear,1,Daylight,1,Dry,3100,"Trafficway, On Road",10/25/18 11:58
573,472323,1,41.346104,-72.933975,2990788,10/25/18,13:11:00,O,Property Damage Only,O,No Apparent Injury (O),2,State,5.54,10,CT-10,10-N,,PUTNAM AVE,75,Feet,S,1,Clear,1,Daylight,1,Dry,26700,"Trafficway, On Road",10/25/18 13:11
5529,472067,1,41.383416,-72.901233,2990532,10/25/18,14:26:00,O,Property Damage Only,O,No Apparent Injury (O),2,State,0.03,717,DIXWELL AV,717-E,,WHITNEY AVE,150,Feet,E,1,Clear,1,Daylight,1,Dry,15400,"Trafficway, On Road",10/25/18 14:26
6169,472068,1,41.363689,-72.937046,2990533,10/25/18,16:24:00,O,Property Damage Only,O,No Apparent Injury (O),1,Local,0.16,99,CIRCULAR AV,CIRCULAR AV,,Springdale Street,50,Feet,S,1,Clear,1,Daylight,1,Dry,1900,"Trafficway, On Road",10/25/18 16:24
5849,472069,1,41.364533,-72.929323,2990534,10/25/18,17:58:00,A,"Injury of any type (Serious, Minor, Possible)",C,Possible Injury (C),2,Local,0.3,42,BENHAM ST,BENHAM ST,MIX AV,,,,,1,Clear,3,Dusk,1,Dry,12600,"Trafficway, On Road",10/25/18 17:58
647,474499,1,41.414813,-72.902505,2992964,10/25/18,18:23:00,O,Property Damage Only,O,No Apparent Injury (O),1,State,11.06,10,CT-10,10-N,,Sherman Ave,179,Feet,N,1,Clear,4,Dark-Lighted,1,Dry,25800,"Trafficway, On Road",10/25/18 18:23
3853,472266,1,41.379923,-72.902018,2990731,10/26/18,11:38:00,O,Property Damage Only,O,No Apparent Injury (O),2,State,51.72,15,15-S,15-S,,EXIT 61,100,Feet,S,1,Clear,1,Daylight,1,Dry,71800,"Trafficway, On Road",10/26/18 11:38
828,472071,1,41.413826,-72.902035,2990536,10/26/18,12:12:00,A,"Injury of any type (Serious, Minor, Possible)",C,Possible Injury (C),2,State,10.99,10,CT-10,10-N,SHERMAN AV NO 2,,,,,1,Clear,1,Daylight,1,Dry,25300,"Trafficway, On Road",10/26/18 12:12
8861,475849,1,41.343903,-72.937866,2994314,10/26/18,13:32:00,O,Property Damage Only,O,No Apparent Injury (O),3,Local,0.09,518,THIRD ST,THIRD ST,,warren st,60,Feet,W,1,Clear,1,Daylight,1,Dry,,"Trafficway, On Road",10/26/18 13:32
5622,482820,1,41.376647,-72.91548,3001281,10/26/18,15:40:00,O,Property Damage Only,O,No Apparent Injury (O),2,State,0.03,753,CT-10,753-S,SHEPARD AV,,,,,1,Clear,1,Daylight,1,Dry,13900,"Trafficway, On Road",10/26/18 15:40
2308,484217,1,41.38431,-72.901579,3002678,10/26/18,16:29:00,O,Property Damage Only,O,No Apparent Injury (O),2,State,8.87,10,CT-10,10-N,,SCHOOL ST,50,Feet,S,1,Clear,1,Daylight,1,Dry,16500,"Trafficway, On Road",10/26/18 16:29
3607,470894,1,41.348838,-72.966005,2989359,10/26/18,17:10:00,O,Property Damage Only,O,No Apparent Injury (O),2,State,47.58,15,15-S,15-S,,Exit 59,9,TenthsofMile,N,1,Clear,1,Daylight,1,Dry,79900,"Trafficway, On Road",10/26/18 17:10
7204,472324,1,41.422135,-72.890931,2990789,10/26/18,18:43:00,O,Property Damage Only,O,No Apparent Injury (O),1,Local,0.04,268,HOGAN RD,HOGAN RD,,Mt Carmel Av,200,Feet,S,1,Clear,4,Dark-Lighted,1,Dry,,Non-trafficway,10/26/18 18:43
8387,472325,1,41.384767,-72.92142,2990790,10/27/18,1:05:00,O,Property Damage Only,O,No Apparent Injury (O),1,Local,0.67,489,SHEPARD AV,SHEPARD AV,FOUR ROD RD,,,,,1,Clear,4,Dark-Lighted,1,Dry,1400,"Trafficway, On Road",10/27/18 1:05
6418,475765,1,41.335883,-72.935326,2994230,10/27/18,3:51:00,O,Property Damage Only,O,No Apparent Injury (O),1,Local,0.02,142,DIXWELL AV,DIXWELL AV NO 1,GOODRICH ST,,,,,4,Rain,4,Dark-Lighted,2,Wet,15600,"Trafficway, On Road",10/27/18 3:51
243,475766,1,41.359609,-72.925547,2994231,10/27/18,11:26:00,O,Property Damage Only,O,No Apparent Injury (O),2,State,6.57,10,CT-10,10-N,,Mather St,200,Feet,N,4,Rain,1,Daylight,2,Wet,32100,"Trafficway, On Road",10/27/18 11:26
1113,472326,1,41.341827,-72.93493,2990791,10/27/18,12:50:00,O,Property Damage Only,O,No Apparent Injury (O),2,State,5.24,10,CT-10,10-N,,North Street,10,Feet,N,2,Cloudy,1,Daylight,2,Wet,24100,"Trafficway, On Road",10/27/18 12:50