,CrashId,Fatal Case Status,lat,lon,DOT Case Number,Date Of Crash,Time of Crash,Crash Severity,Crash Severity Text Format,Most Severe Injury,Most Severe Injury Text Format,Number Of Motor Vehicles,Route Class Text Format,Milemarker,Road Number,Road Description,Roadway Name,Intersecting Roadway Name,Landmark Description,Distance From Nearest Landmark,Unit Of Measure From Nearest Landmark,Direction From Nearest Landmark,Weather Condition,Weather Condition Text Format,Light Condition,Light Condition Text Format,Road Surface Condition,Road Surface Condition Text Format,Average Daily Traffic,Trafficway Class Text Format,full_date
6320,472327,1,41.400002,-72.905729,2990792,10/27/18,14:00:00,O,Property Damage Only,O,No Apparent Injury (O),1,Local,0.16,121,CUMPSTONE DR,CUMPSTONE DR,DEST DR,,,,,4,Rain,1,Daylight,2,Wet,80,"Trafficway, Not on Road",10/27/18 14:00
1979,473810,1,41.403477,-72.89823,2992275,10/27/18,14:48:00,A,"Injury of any type (Serious, Minor, Possible)",C,Possible Injury (C),2,State,10.25,10,CT-10,10-N,,Home Pl,2,TenthsofMile,S,4,Rain,1,Daylight,2,Wet,18400,"Trafficway, On Road",10/27/18 14:48
8066,473811,1,41.34375,-72.925837,2992276,10/27/18,17:49:00,O,Property Damage Only,O,No Apparent Injury (O),2,Local,0.71,439,PUTNAM AV,PUTNAM AV,,Newhall St.,136,Feet,E,4,Rain,1,Daylight,2,Wet,10000,"Trafficway, On Road",10/27/18 17:49
502,473812,1,41.354342,-72.929429,2992277,10/27/18,18:40:00,A,"Injury of any type (Serious, Minor, Possible)",B,Suspected Minor Injury (B),1,State,6.16,10,CT-10,10-N,CUMLEY ST,,,,N,4,Rain,4,Dark-Lighted,2,Wet,27500,"Trafficway, On Road",10/27/18 18:40
1980,474500,1,41.382904,-72.907787,2992965,10/27/18,19:40:00,O,Property Damage Only,O,No Apparent Injury (O),2,State,8.49,10,CT-10,10-N,EVERGREEN AV,,,,,1,Clear,4,Dark-Lighted,2,Wet,18400,"Trafficway, On Road",10/27/18 19:40
9184,475767,1,41.342986,-72.918571,2994232,10/27/18,20:00:00,O,Property Damage Only,O,No Apparent Injury (O),2,Local,0,582,WILKINS ST,WILKINS ST,AUGUR ST,,,,,1,Clear,4,Dark-Lighted,1,Dry,,"Trafficway, On Road",10/27/18 20:00
3337,471868,1,41.380541,-72.90077,2990333,10/27/18,20:38:00,O,Property Damage Only,O,No Apparent Injury (O),2,State,51.75,15,15-N,15-N,,R/L ,10,Feet,S,4,Rain,4,Dark-Lighted,2,Wet,64800,"Trafficway, On Road",10/27/18 20:38
3854,472270,1,41.378049,-72.905355,2990735,10/28/18,9:43:00,O,Property Damage Only,O,No Apparent Injury (O),2,State,51.45,15,15-S,15-S,EXIT 61,,,,,1,Clear,1,Daylight,1,Dry,71800,"Trafficway, On Road",10/28/18 9:43
5642,585943,1,41.374592,-72.91597,3104375,10/28/18,10:27:00,O,Property Damage Only,O,No Apparent Injury (O),2,State,0.17,753,CT-10,753-S,SKIFF ST,,,,,1,Clear,1,Daylight,1,Dry,13900,"Trafficway, On Road",10/28/18 10:27
5339,472328,1,41.355978,-72.911755,2990793,10/28/18,14:00:00,O,Property Damage Only,O,No Apparent Injury (O),1,State,1.65,707,WHITNEY AV,707-N,WAITE ST,,,,,1,Clear,1,Daylight,1,Dry,11300,"Trafficway, On Road",10/28/18 14:00
7895,472329,1,41.339429,-72.945967,2990794,10/28/18,14:24:00,O,Property Damage Only,O,No Apparent Injury (O),2,Local,0.21,664,PINE ROCK AV,PINE ROCK AV NO 2,,Arch St,400,Feet,S,1,Clear,1,Daylight,1,Dry,6600,"Trafficway, On Road",10/28/18 14:24
7896,472330,1,41.342191,-72.945634,2990795,10/29/18,0:36:00,O,Property Damage Only,O,No Apparent Injury (O),1,Local,0.42,664,PINE ROCK AV,PINE ROCK AV NO 2,,High Top Circle,150,Feet,S,2,Cloudy,4,Dark-Lighted,1,Dry,6600,"Trafficway, On Road",10/29/18 0:36
242,473813,1,41.359213,-72.925853,2992278,10/29/18,11:22:00,O,Property Damage Only,O,No Apparent Injury (O),2,State,6.54,10,CT-10,10-N,,Mather St,25,Feet,N,1,Clear,1,Daylight,1,Dry,32100,"Trafficway, On Road",10/29/18 11:22
4742,473814,1,41.330093,-72.899021,2992279,10/29/18,15:59:00,A,"Injury of any type (Serious, Minor, Possible)",C,Possible Injury (C),2,USRoute,1.16,5,US-5,5-N,,ATLAS ST,100,Feet,S,1,Clear,1,Daylight,1,Dry,14100,"Trafficway, On Road",10/29/18 15:59
3054,472529,1,41.365415,-72.92606,2990994,10/29/18,16:01:00,O,Property Damage Only,O,No Apparent Injury (O),2,State,49.99,15,15-N,15-N,EXIT 60,,,,,1,Clear,1,Daylight,1,Dry,79900,"Trafficway, On Road",10/29/18 16:01
1242,473815,1,41.374292,-72.915921,2992280,10/29/18,18:20:00,O,Property Damage Only,O,No Apparent Injury (O),2,State,7.7,10,CT-10,10-N,,SKIFF ST,39,Feet,S,1,Clear,4,Dark-Lighted,1,Dry,23700,"Trafficway, On Road",10/29/18 18:20
2519,473816,1,41.338306,-72.935352,2992281,10/30/18,1:10:00,A,"Injury of any type (Serious, Minor, Possible)",B,Suspected Minor Injury (B),1,State,5,10,CT-10,10-N,MORSE ST,,,,W,1,Clear,4,Dark-Lighted,1,Dry,12300,"Trafficway, On Road",10/30/18 1:10
3477,472366,1,41.365424,-72.922101,2990831,10/30/18,7:23:00,O,Property Damage Only,O,No Apparent Injury (O),2,State,0,15,15-N,15-N-221,10-N,,,,,1,Clear,1,Daylight,1,Dry,9300,"Trafficway, On Road",10/30/18 7:23
829,472367,1,41.346813,-72.933694,2990832,10/30/18,14:22:00,O,Property Damage Only,O,No Apparent Injury (O),2,State,5.59,10,CT-10,10-N,,CIRCULAR AVE,75,Feet,N,1,Clear,1,Daylight,1,Dry,25300,"Trafficway, On Road",10/30/18 14:22
6272,472368,1,41.383535,-72.909539,2990833,10/30/18,14:55:00,O,Property Damage Only,O,No Apparent Injury (O),2,Local,0.06,108,COLONY ST,COLONY ST,,Dixwell Ave,315,Feet,N,1,Clear,1,Daylight,1,Dry,,"Trafficway, On Road",10/30/18 14:55
6615,473817,1,41.385015,-72.906903,2992282,10/30/18,15:16:00,O,Property Damage Only,O,No Apparent Injury (O),2,Local,0.15,174,EVERGREEN AV,EVERGREEN AV,,SCHOOL ST,75,Feet,S,1,Clear,1,Daylight,1,Dry,8300,"Trafficway, On Road",10/30/18 15:16
6015,474932,1,41.459942,-72.918807,2993397,10/30/18,15:35:00,O,Property Damage Only,O,No Apparent Injury (O),2,Local,1.46,66,BROOKSVALE AV,BROOKSVALE AV,MT SANFORD RD NO 2,,,,,1,Clear,1,Daylight,1,Dry,950,"Trafficway, On Road",10/30/18 15:35
9210,480894,1,41.350633,-72.965512,2999356,10/30/18,17:06:00,O,Property Damage Only,O,No Apparent Injury (O),1,Local,1.78,594,WINTERGREEN AV,WINTERGREEN AV,,Woodin St,2,TenthsofMile,S,1,Clear,1,Daylight,1,Dry,1600,"Trafficway, On Road",10/30/18 17:06
1114,472369,1,41.341646,-72.934936,2990834,10/30/18,18:45:00,O,Property Damage Only,O,No Apparent Injury (O),2,State,5.24,10,CT-10,10-N,NORTH ST,,,,,1,Clear,1,Daylight,1,Dry,24100,"Trafficway, On Road",10/30/18 18:45
1115,473818,1,41.33937,-72.93525,2992283,10/30/18,20:51:00,O,Property Damage Only,O,No Apparent Injury (O),2,State,5.08,10,CT-10,10-N,,MORSE ST,100,Feet,N,1,Clear,4,Dark-Lighted,1,Dry,24100,"Trafficway, On Road",10/30/18 20:51
830,473835,1,41.410226,-72.900691,2992300,10/31/18,15:16:00,O,Property Damage Only,O,No Apparent Injury (O),3,State,10.74,10,CT-10,10-N,SLEEPING GIANT DR,,,,,1,Clear,1,Daylight,1,Dry,25300,"Trafficway, On Road",10/31/18 15:16
1367,480895,1,41.351046,-72.931444,2999357,11/1/18,8:48:00,O,Property Damage Only,O,No Apparent Injury (O),2,State,5.91,10,CT-10,10-N,,BEACON ST,84,Feet,S,1,Clear,1,Daylight,1,Dry,23400,"Trafficway, On Road",11/1/18 8:48
3056,485579,1,41.357296,-72.943751,3004040,11/1/18,13:43:00,A,"Injury of any type (Serious, Minor, Possible)",C,Possible Injury (C),2,State,48.91,15,15-N,15-N,,Exit 60,10,TenthsofMile,S,1,Clear,1,Daylight,1,Dry,79900,"Trafficway, On Road",11/1/18 13:43
1909,473932,1,41.424342,-72.905685,2992397,11/1/18,14:08:00,A,"Injury of any type (Serious, Minor, Possible)",B,Suspected Minor Injury (B),2,State,11.73,10,CT-10,10-N,TODD ST,,,,,1,Clear,1,Daylight,1,Dry,19100,"Trafficway, On Road",11/1/18 14:08
8389,476045,1,41.382502,-72.920415,2994510,11/1/18,16:05:00,O,Property Damage Only,O,No Apparent Injury (O),2,Local,0.5,489,SHEPARD AV,SHEPARD AV,Howard Drive ,,,,,1,Clear,1,Daylight,1,Dry,1400,"Trafficway, On Road",11/1/18 16:05
7789,474547,1,41.380693,-72.934956,2993012,11/1/18,16:07:00,O,Property Damage Only,O,No Apparent Injury (O),2,Local,1.03,411,PARADISE AV,PARADISE AV NO 5,,HOWARD DR,132,Feet,S,1,Clear,1,Daylight,1,Dry,3800,"Trafficway, On Road",11/1/18 16:07
1116,474548,1,41.341611,-72.935106,2993013,11/1/18,20:56:00,A,"Injury of any type (Serious, Minor, Possible)",C,Possible Injury (C),2,State,5.23,10,CT-10,10-N,,North Street,50,Feet,S,1,Clear,4,Dark-Lighted,1,Dry,24100,"Trafficway, On Road",11/1/18 20:56
6158,482838,1,41.350887,-72.9354,3001299,11/1/18,21:26:00,A,"Injury of any type (Serious, Minor, Possible)",B,Suspected Minor Injury (B),4,Local,1.07,99,CIRCULAR AV,CIRCULAR AV,,Wilbert Street,50,Feet,N,1,Clear,4,Dark-Lighted,1,Dry,7100,"Trafficway, On Road",11/1/18 21:26
6157,473471,1,41.348182,-72.934645,2991936,11/2/18,7:27:00,O,Property Damage Only,O,No Apparent Injury (O),2,Local,1.25,99,CIRCULAR AV,CIRCULAR AV,,GORHAM AVE,150,Feet,N,1,Clear,1,Daylight,2,Wet,7100,"Trafficway, On Road",11/2/18 7:27
7779,473472,1,41.351559,-72.929566,2991937,11/2/18,11:34:00,O,Property Damage Only,O,No Apparent Injury (O),2,Local,0.07,406,OREGON AV,OREGON AV,,MANILA AV,58,Feet,W,1,Clear,1,Daylight,2,Wet,,"Trafficway, On Road",11/2/18 11:34
6813,473933,1,41.446411,-72.956876,2992398,11/2/18,14:24:00,O,Property Damage Only,O,No Apparent Injury (O),1,Local,2.15,208,GAYLORD MOUNTAIN RD,GAYLORD MOUNTAIN RD,,Handy Road,185.5,Feet,W,4,Rain,1,Daylight,2,Wet,,"Trafficway, On Road",11/2/18 14:24
6625,473968,1,41.40265,-72.90279,2992433,11/2/18,14:40:00,O,Property Damage Only,O,No Apparent Injury (O),3,Local,1.38,174,EVERGREEN AV,EVERGREEN AV,DICKERMAN ST,,,,,2,Cloudy,1,Daylight,2,Wet,4100,"Trafficway, On Road",11/2/18 14:40
5466,474549,1,41.383046,-72.898468,2993014,11/2/18,14:45:00,O,Property Damage Only,O,No Apparent Injury (O),2,State,0.18,717,DIXWELL AV,717-E,,Washington Avenue,1,TenthsofMile,E,1,Clear,1,Daylight,1,Dry,18600,"Trafficway, On Road",11/2/18 14:45
4628,474551,1,41.400025,-72.897544,2993016,11/2/18,16:35:00,A,"Injury of any type (Serious, Minor, Possible)",C,Possible Injury (C),2,State,0,40,40-S,40-S-6,10-N,,,,,1,Clear,1,Daylight,1,Dry,1800,"Trafficway, On Road",11/2/18 16:35
3855,475573,1,41.378694,-72.904219,2994038,11/2/18,16:43:00,O,Property Damage Only,O,No Apparent Injury (O),2,State,51.46,15,15-S,15-S,,Exit 61 entrance,50,Feet,N,1,Clear,1,Daylight,1,Dry,71800,"Trafficway, On Road",11/2/18 16:43
5178,474552,1,41.363393,-72.90888,2993017,11/2/18,16:57:00,A,"Injury of any type (Serious, Minor, Possible)",C,Possible Injury (C),2,State,2.2,707,WHITNEY AV,707-N,,Santa Fe Ave,10,Feet,N,1,Clear,1,Daylight,1,Dry,13300,"Trafficway, On Road",11/2/18 16:57
2336,480779,1,41.454074,-72.908399,2999241,11/2/18,17:52:00,O,Property Damage Only,O,No Apparent Injury (O),2,State,13.82,10,CT-10,10-N,,Willow Crest Dr,71,Feet,N,4,Rain,4,Dark-Lighted,2,Wet,15400,"Trafficway, On Road",11/2/18 17:52
2057,482747,1,41.4301,-72.90689,3001208,11/2/18,23:00:00,O,Property Damage Only,O,No Apparent Injury (O),1,State,12.13,10,CT-10,10-N,,Lawrence St,200,Feet,S,4,Rain,4,Dark-Lighted,2,Wet,17600,Non-trafficway,11/2/18 23:00
4301,485630,1,41.36619839,-72.92361542,3004091,11/3/18,9:20:00,O,Property Damage Only,O,No Apparent Injury (O),2,State,0.05,15,15-S,15-S-119,,EXIT 59,5,TenthsofMile,N,2,Cloudy,1,Daylight,2,Wet,9300,"Trafficway, On Road",11/3/18 9:20
4915,474554,1,41.383445,-72.902133,2993019,11/3/18,16:32:00,A,"Injury of any type (Serious, Minor, Possible)",C,Possible Injury (C),2,State,3.62,707,WHITNEY AV,707-N,10-N,,,,,1,Clear,1,Daylight,1,Dry,16900,"Trafficway, On Road",11/3/18 16:32
9086,474840,1,41.431127,-72.921367,2993305,11/3/18,17:24:00,A,"Injury of any type (Serious, Minor, Possible)",C,Possible Injury (C),1,Local,1.11,573,WEST TODD ST,WEST TODD ST,,CHATTERTON WAY,50,Feet,E,1,Clear,1,Daylight,1,Dry,,"Trafficway, On Road",11/3/18 17:24
2441,491931,1,41.338156,-72.941195,3010391,11/3/18,21:46:00,O,Property Damage Only,O,No Apparent Injury (O),2,State,4.69,10,CT-10,10-N,,Arch St,20,Feet,S,1,Clear,4,Dark-Lighted,1,Dry,13600,"Trafficway, On Road",11/3/18 21:46
6881,474555,1,41.347389,-72.915361,2993020,11/4/18,0:30:00,O,Property Damage Only,O,No Apparent Injury (O),2,Local,0.13,218,GLENDALE ST,GLENDALE ST,,Treadwell Street,100,Feet,S,1,Clear,4,Dark-Lighted,1,Dry,,"Trafficway, On Road",11/4/18 0:30
8242,474653,1,41.407789,-72.9141,2993118,11/4/18,8:54:00,A,"Injury of any type (Serious, Minor, Possible)",C,Possible Injury (C),1,Local,0.5,461,ROCKY TOP RD,ROCKY TOP RD,,GREENES RIDGE RD,175,Feet,E,1,Clear,1,Daylight,1,Dry,,"Trafficway, Not on Road",11/4/18 8:54
8388,474654,1,41.427457,-72.916479,2993119,11/4/18,15:31:00,O,Property Damage Only,O,No Apparent Injury (O),2,Local,3.73,489,SHEPARD AV,SHEPARD AV,TODD ST,,,,,1,Clear,1,Daylight,1,Dry,1400,"Trafficway, On Road",11/4/18 15:31
1117,474655,1,41.338571,-72.93523,2993120,11/5/18,8:45:00,O,Property Damage Only,O,No Apparent Injury (O),2,State,5.02,10,CT-10,10-N,,ARCH ST,82,Feet,N,4,Rain,1,Daylight,2,Wet,24100,"Trafficway, On Road",11/5/18 8:45
8067,474841,1,41.346049,-72.912671,2993306,11/5/18,12:07:00,O,Property Damage Only,O,No Apparent Injury (O),2,Local,0.01,439,PUTNAM AV,PUTNAM AV,,WHITNEY AVE,26,Feet,W,1,Clear,1,Daylight,2,Wet,10000,"Trafficway, Not on Road",11/5/18 12:07
831,474687,1,41.405773,-72.899096,2993152,11/5/18,13:28:00,O,Property Damage Only,O,No Apparent Injury (O),2,State,10.41,10,CT-10,10-N,,WOODRUFF ST,138,Feet,N,1,Clear,1,Daylight,2,Wet,25300,"Trafficway, On Road",11/5/18 13:28
7571,482839,1,41.33738,-72.92908,3001300,11/5/18,14:54:00,O,Property Damage Only,O,No Apparent Injury (O),2,Local,0.31,370,MORSE ST,MORSE ST,,Shelton Ave,1,TenthsofMile,E,1,Clear,1,Daylight,1,Dry,3100,"Trafficway, On Road",11/5/18 14:54
835,482718,1,41.406,-72.899148,3001179,11/5/18,15:39:00,A,"Injury of any type (Serious, Minor, Possible)",C,Possible Injury (C),2,State,10.43,10,CT-10,10-N,,Evergreen Ave,3,TenthsofMile,S,2,Cloudy,1,Daylight,2,Wet,25300,"Trafficway, On Road",11/5/18 15:39
4078,475606,1,41.380259,-72.901399,2994071,11/5/18,15:40:00,O,Property Damage Only,O,No Apparent Injury (O),1,State,51.76,15,15-S,15-S,,Rt 15 SB ,1,TenthsofMile,S,4,Rain,1,Daylight,2,Wet,64800,"Trafficway, On Road",11/5/18 15:40
1118,476182,1,41.340373,-72.935165,2994647,11/5/18,20:43:00,O,Property Damage Only,O,No Apparent Injury (O),3,State,5.14,10,CT-10,10-N,GEORGE ST,,,,,4,Rain,4,Dark-Lighted,2,Wet,24100,"Trafficway, On Road",11/5/18 20:43
5850,474688,1,41.362836,-72.924165,2993153,11/6/18,8:50:00,O,Property Damage Only,O,No Apparent Injury (O),2,Local,0.02,42,BENHAM ST,BENHAM ST,,DIXWELL AVE,75,Feet,W,1,Clear,1,Daylight,2,Wet,12600,"Trafficway, On Road",11/6/18 8:50
2307,480780,1,41.38451,-72.901478,2999242,11/6/18,9:54:00,O,Property Damage Only,O,No Apparent Injury (O),3,State,8.88,10,CT-10,10-N,SCHOOL ST,,,,,2,Cloudy,1,Daylight,2,Wet,16500,"Trafficway, On Road",11/6/18 9:54
6616,474689,1,41.38325,-72.907733,2993154,11/6/18,10:59:00,O,Property Damage Only,O,No Apparent Injury (O),2,Local,0.02,174,EVERGREEN AV,EVERGREEN AV,,DIXWELL AVE,85,Feet,N,4,Rain,1,Daylight,2,Wet,8300,"Trafficway, On Road",11/6/18 10:59
1981,475698,1,41.37766473,-72.91507222,2994163,11/6/18,15:41:00,O,Property Damage Only,O,No Apparent Injury (O),2,State,7.93,10,CT-10,10-N,,Shepard Avenue,50,Feet,N,4,Rain,1,Daylight,2,Wet,18400,"Trafficway, On Road",11/6/18 15:41
5851,474690,1,41.363592,-72.92564,2993155,11/7/18,7:41:00,O,Property Damage Only,O,No Apparent Injury (O),1,Local,0.11,42,BENHAM ST,BENHAM ST,,LAKEVIEW AVE,70,Feet,W,1,Clear,1,Daylight,2,Wet,12600,"Trafficway, Not on Road",11/7/18 7:41
6417,474842,1,41.336586,-72.935149,2993307,11/7/18,10:48:00,O,Property Damage Only,O,No Apparent Injury (O),2,Local,0.08,142,DIXWELL AV,DIXWELL AV NO 1,,Alling Street,75,Feet,N,1,Clear,1,Daylight,1,Dry,15600,"Trafficway, On Road",11/7/18 10:48
7139,474844,1,41.348679,-72.940823,2993309,11/7/18,15:44:00,O,Property Damage Only,O,No Apparent Injury (O),2,Local,0.37,251,HELEN ST,HELEN ST,ROCHFORD AV,,,,,1,Clear,1,Daylight,1,Dry,3000,"Trafficway, On Road",11/7/18 15:44
2056,474845,1,41.436901,-72.908911,2993310,11/7/18,16:47:00,A,"Injury of any type (Serious, Minor, Possible)",C,Possible Injury (C),2,State,12.62,10,CT-10,10-N,SHEPARD AV,,,,,1,Clear,3,Dusk,1,Dry,17600,"Trafficway, On Road",11/7/18 16:47
2058,482840,1,41.429073,-72.906513,3001301,11/8/18,0:18:00,O,Property Damage Only,O,No Apparent Injury (O),1,State,12.02,10,CT-10,10-N,TUTTLE AV NO 1,,,,,1,Clear,4,Dark-Lighted,1,Dry,17600,"Trafficway, On Road",11/8/18 0:18
5112,478259,1,41.340163,-72.91292,2996723,11/8/18,8:01:00,O,Property Damage Only,O,No Apparent Injury (O),2,State,0.52,707,WHITNEY AV,707-N,BLAKE RD,,,,,1,Clear,1,Daylight,1,Dry,13500,"Trafficway, On Road",11/8/18 8:01
3229,500816,1,41.368475,-72.915821,3019272,11/8/18,8:26:00,O,Property Damage Only,O,No Apparent Injury (O),2,State,50.6,15,15-N,15-N,,Exit 60,6,TenthsofMile,N,1,Clear,1,Daylight,1,Dry,71800,"Trafficway, On Road",11/8/18 8:26
1368,482841,1,41.352186,-72.93075,3001302,11/8/18,10:13:00,O,Property Damage Only,O,No Apparent Injury (O),2,State,5.99,10,CT-10,10-N,,OREGON AVE,50,Feet,N,1,Clear,1,Daylight,1,Dry,23400,"Trafficway, On Road",11/8/18 10:13
7457,476046,1,41.375369,-72.92104,2994511,11/8/18,15:49:00,O,Property Damage Only,O,No Apparent Injury (O),2,Local,0.87,366,MIX AV,MIX AV,,SKIFF STREET,400,Feet,S,1,Clear,1,Daylight,1,Dry,4000,"Trafficway, On Road",11/8/18 15:49
5620,474846,1,41.376662,-72.915539,2993311,11/8/18,17:04:00,O,Property Damage Only,O,No Apparent Injury (O),2,State,0.03,753,CT-10,753-S,SHEPARD AV,,,,,1,Clear,4,Dark-Lighted,1,Dry,13900,"Trafficway, On Road",11/8/18 17:04
5113,478260,1,41.337993,-72.912175,2996724,11/8/18,18:17:00,O,Property Damage Only,O,No Apparent Injury (O),4,State,0.37,707,WHITNEY AV,707-N,,ARMORY STREET,1,TenthsofMile,W,1,Clear,4,Dark-Lighted,1,Dry,13500,"Trafficway, On Road",11/8/18 18:17
8285,474847,1,41.385236,-72.90684,2993312,11/8/18,20:32:00,A,"Injury of any type (Serious, Minor, Possible)",C,Possible Injury (C),2,Local,0,480,SCHOOL ST,SCHOOL ST,HAMDEN HILLS DR,,,,,1,Clear,4,Dark-Lighted,1,Dry,5300,"Trafficway, On Road",11/8/18 20:32
3612,500818,1,41.35600081,-72.94726663,3019274,11/9/18,10:18:00,O,Property Damage Only,O,No Apparent Injury (O),2,State,48.71,15,15-S,15-S,,Exit 59,8,TenthsofMile,S,1,Clear,1,Daylight,1,Dry,79900,"Trafficway, On Road",11/9/18 10:18
6571,475255,1,41.33705,-72.93068,2993720,11/9/18,16:28:00,O,Property Damage Only,O,No Apparent Injury (O),2,Local,0.11,164,EDWARDS ST,EDWARDS ST,,WHITNEY AVE,300,Feet,W,4,Rain,4,Dark-Lighted,2,Wet,,"Trafficway, On Road",11/9/18 16:28
832,475850,1,41.34834,-72.932924,2994315,11/9/18,16:45:00,A,"Injury of any type (Serious, Minor, Possible)",B,Suspected Minor Injury (B),3,State,5.71,10,CT-10,10-N,,SCOTT ST,10,Feet,S,4,Rain,4,Dark-Lighted,2,Wet,25300,"Trafficway, On Road",11/9/18 16:45
2438,478261,1,41.338168,-72.941186,2996725,11/9/18,17:04:00,O,Property Damage Only,O,No Apparent Injury (O),3,State,4.7,10,CT-10,10-N,ARCH ST,,,,,4,Rain,4,Dark-Lighted,2,Wet,13600,"Trafficway, On Road",11/9/18 17:04
8164,475851,1,41.335619,-72.900285,2994316,11/9/18,17:26:00,O,Property Damage Only,O,No Apparent Injury (O),2,Local,0.01,452,RIDGE RD,RIDGE RD,,STATE STREET,25,Feet,W,4,Rain,4,Dark-Lighted,2,Wet,9100,"Trafficway, On Road",11/9/18 17:26
833,475852,1,41.405406,-72.898902,2994317,11/9/18,17:32:00,O,Property Damage Only,O,No Apparent Injury (O),2,State,10.38,10,CT-10,10-N,,WOODRUFF ST,500,Feet,S,4,Rain,4,Dark-Lighted,2,Wet,25300,"Trafficway, On Road",11/9/18 17:32
1369,482842,1,41.353676,-72.92995,3001303,11/9/18,18:29:00,O,Property Damage Only,O,No Apparent Injury (O),2,State,6.11,10,CT-10,10-N,MILLIS ST,,,,,4,Rain,4,Dark-Lighted,2,Wet,23400,"Trafficway, On Road",11/9/18 18:29
5858,476047,1,41.364583,-72.929169,2994512,11/9/18,18:39:00,A,"Injury of any type (Serious, Minor, Possible)",B,Suspected Minor Injury (B),2,Local,0.3,42,BENHAM ST,BENHAM ST,MIX AV,,,,,4,Rain,4,Dark-Lighted,2,Wet,,"Trafficway, On Road",11/9/18 18:39
4561,475853,1,41.403493,-72.89563,2994318,11/9/18,19:56:00,O,Property Damage Only,O,No Apparent Injury (O),2,State,0.14,22,CT-22,22-E,NEW RD,,,,,4,Rain,5,Dark-Not Lighted,2,Wet,5500,"Trafficway, On Road",11/9/18 19:56
6388,482843,1,41.33849,-72.938315,3001304,11/9/18,20:16:00,A,"Injury of any type (Serious, Minor, Possible)",C,Possible Injury (C),2,Local,0.01,141,DIX ST,DIX ST,,Arch Street ,22,Feet,N,4,Rain,4,Dark-Lighted,2,Wet,,"Trafficway, On Road",11/9/18 20:16
5963,602290,1,41.338372,-72.937918,3120719,11/9/18,23:10:00,O,Property Damage Only,O,No Apparent Injury (O),2,Local,0.18,52,BOWEN ST,BOWEN ST,10-N,,,,,1,Clear,4,Dark-Lighted,2,Wet,4900,"Trafficway, On Road",11/9/18 23:10
8910,475854,1,41.349428,-72.918511,2994319,11/10/18,8:12:00,O,Property Damage Only,O,No Apparent Injury (O),2,Local,0.7,527,TREADWELL ST,TREADWELL ST,,Clifford Street,1,TenthsofMile,W,1,Clear,1,Daylight,2,Wet,5100,"Trafficway, On Road",11/10/18 8:12
4064,475724,1,41.365616,-72.925973,2994189,11/10/18,14:43:00,O,Property Damage Only,O,No Apparent Injury (O),2,State,50.01,15,15-S,15-S,,Rt 15 SB exit 60 on-ramp,5,TenthsofMile,S,1,Clear,1,Daylight,1,Dry,66000,"Trafficway, On Road",11/10/18 14:43
27,484219,1,41.363737,-72.923162,3002680,11/10/18,15:22:00,O,Property Damage Only,O,No Apparent Injury (O),2,State,6.88,10,CT-10,10-N,PALMER AV,,,,,1,Clear,1,Daylight,1,Dry,41100,"Trafficway, On Road",11/10/18 15:22
4563,478262,1,41.403496,-72.895602,2996726,11/10/18,16:19:00,O,Property Damage Only,O,No Apparent Injury (O),2,State,0.14,22,CT-22,22-E,NEW RD,,,,,1,Clear,3,Dusk,1,Dry,5500,"Trafficway, On Road",11/10/18 16:19
7622,476354,1,41.4242945,-72.87783844,2994819,11/10/18,16:24:00,O,Property Damage Only,O,No Apparent Injury (O),1,Local,0.92,375,MOUNT CARMEL AV,MOUNT CARMEL AV,,OUTER RIDGE RD,1413,Feet,E,1,Clear,6,Dark-Unknown Lighting,1,Dry,2100,"Trafficway, On Road",11/10/18 16:24
8934,486578,1,41.440973,-72.891838,3005039,11/10/18,16:33:00,O,Property Damage Only,O,No Apparent Injury (O),2,Local,1.19,530,TUTTLE AV,TUTTLE AV NO 1,,Doolittle Lane,1041,Feet,S,1,Clear,6,Dark-Unknown Lighting,1,Dry,,"Trafficway, On Road",11/10/18 16:33
4562,475855,1,41.403519,-72.895618,2994320,11/11/18,10:31:00,O,Property Damage Only,O,No Apparent Injury (O),2,State,0.14,22,CT-22,22-E,NEW RD,,,,,1,Clear,1,Daylight,1,Dry,5500,"Trafficway, On Road",11/11/18 10:31
8286,475856,1,41.384547,-72.902026,2994321,11/11/18,13:43:00,O,Property Damage Only,O,No Apparent Injury (O),2,Local,0.25,480,SCHOOL ST,SCHOOL ST,,Whitney Ave,40,Feet,W,1,Clear,1,Daylight,1,Dry,5300,"Trafficway, On Road",11/11/18 13:43
4303,500824,1,41.36632699,-72.9220888,3019280,11/11/18,14:28:00,O,Property Damage Only,O,No Apparent Injury (O),2,State,0.15,15,15-S,15-S-119,,Exit #59,5,TenthsofMile,S,1,Clear,1,Daylight,1,Dry,9300,"Trafficway, On Road",11/11/18 14:28
6419,484220,1,41.336247,-72.935149,3002681,11/11/18,14:40:00,O,Property Damage Only,O,No Apparent Injury (O),2,Local,0.05,142,DIXWELL AV,DIXWELL AV NO 1,,Alling Street,20,Feet,S,1,Clear,1,Daylight,1,Dry,15600,"Trafficway, On Road",11/11/18 14:40
4337,482773,1,41.37814,-72.905305,3001234,11/12/18,8:00:00,O,Property Damage Only,O,No Apparent Injury (O),2,State,0.18,15,15-S,15-S-122,,15-S,40,Feet,W,1,Clear,1,Daylight,1,Dry,9300,"Trafficway, On Road",11/12/18 8:00