,CrashId,Fatal Case Status,lat,lon,DOT Case Number,Date Of Crash,Time of Crash,Crash Severity,Crash Severity Text Format,Most Severe Injury,Most Severe Injury Text Format,Number Of Motor Vehicles,Route Class Text Format,Milemarker,Road Number,Road Description,Roadway Name,Intersecting Roadway Name,Landmark Description,Distance From Nearest Landmark,Unit Of Measure From Nearest Landmark,Direction From Nearest Landmark,Weather Condition,Weather Condition Text Format,Light Condition,Light Condition Text Format,Road Surface Condition,Road Surface Condition Text Format,Average Daily Traffic,Trafficway Class Text Format,full_date
7897,475857,1,41.342707,-72.945642,2994322,11/12/18,10:17:00,A,"Injury of any type (Serious, Minor, Possible)",C,Possible Injury (C),2,Local,0.46,664,PINE ROCK AV,PINE ROCK AV NO 2,HIGH TOP CIR,,,,,1,Clear,1,Daylight,1,Dry,6600,"Trafficway, On Road",11/12/18 10:17
8390,476048,1,41.401143,-72.924049,2994513,11/12/18,13:33:00,O,Property Damage Only,O,No Apparent Injury (O),2,Local,1.8,489,SHEPARD AV,SHEPARD AV,,WEST SHEPARD AVE,75,Feet,S,1,Clear,1,Daylight,1,Dry,1400,"Trafficway, On Road",11/12/18 13:33
5621,476211,1,41.376631,-72.915448,2994676,11/12/18,17:12:00,O,Property Damage Only,O,No Apparent Injury (O),2,State,0.03,753,CT-10,753-S,SHEPARD AV,,,,,1,Clear,4,Dark-Lighted,1,Dry,13900,"Trafficway, On Road",11/12/18 17:12
4338,485193,1,41.378131,-72.905311,3003654,11/13/18,11:06:00,A,"Injury of any type (Serious, Minor, Possible)",C,Possible Injury (C),2,State,0.18,15,15-S,15-S-122,,15-S,35,Feet,W,4,Rain,1,Daylight,2,Wet,9300,"Trafficway, On Road",11/13/18 11:06
836,482844,1,41.404151,-72.898499,3001305,11/13/18,13:17:00,O,Property Damage Only,O,No Apparent Injury (O),2,State,10.29,10,CT-10,10-N,,Ives St.,75,Feet,N,4,Rain,1,Daylight,2,Wet,25300,"Trafficway, On Road",11/13/18 13:17
8068,482748,1,41.345549,-72.915304,3001209,11/13/18,13:53:00,O,Property Damage Only,O,No Apparent Injury (O),2,Local,0.15,439,PUTNAM AV,PUTNAM AV,CARLETON ST,,,,,1,Clear,1,Daylight,1,Dry,10000,"Trafficway, On Road",11/13/18 13:53
3856,476953,1,41.378088,-72.905342,2995417,11/13/18,15:09:00,O,Property Damage Only,O,No Apparent Injury (O),2,State,51.46,15,15-S,15-S,,rt 15,10,Feet,N,1,Clear,1,Daylight,1,Dry,71800,"Trafficway, On Road",11/13/18 15:09
8693,482859,1,41.373896,-72.914091,3001320,11/14/18,12:04:00,A,"Injury of any type (Serious, Minor, Possible)",B,Suspected Minor Injury (B),2,Local,0.44,494,SKIFF ST,SKIFF ST,,Dixwell Avenue,450,Feet,E,1,Clear,1,Daylight,1,Dry,24000,"Trafficway, On Road",11/14/18 12:04
2439,484221,1,41.337758,-72.941512,3002682,11/14/18,14:13:00,O,Property Damage Only,O,No Apparent Injury (O),3,State,4.65,10,CT-10,10-N,,ARCH STREET,214,Feet,S,1,Clear,1,Daylight,1,Dry,13600,"Trafficway, On Road",11/14/18 14:13
5467,482860,1,41.383066,-72.898044,3001321,11/14/18,17:10:00,A,"Injury of any type (Serious, Minor, Possible)",C,Possible Injury (C),3,State,0.2,717,DIXWELL AV,717-E,,Washington Ave.,250,Feet,E,2,Cloudy,4,Dark-Lighted,1,Dry,18600,"Trafficway, On Road",11/14/18 17:10
2059,482861,1,41.434181,-72.908192,3001322,11/14/18,17:17:00,O,Property Damage Only,O,No Apparent Injury (O),2,State,12.43,10,CT-10,10-N,,Shepard Ave.,1000,Feet,S,1,Clear,4,Dark-Lighted,1,Dry,17600,"Trafficway, On Road",11/14/18 17:17
3478,477307,1,41.365411,-72.922024,2995771,11/14/18,18:21:00,O,Property Damage Only,O,No Apparent Injury (O),2,State,0,15,15-N,15-N-221,10-N,,,,,1,Clear,4,Dark-Lighted,1,Dry,9300,"Trafficway, On Road",11/14/18 18:21
6367,482862,1,41.352733,-72.919988,3001323,11/14/18,21:24:00,O,Property Damage Only,O,No Apparent Injury (O),2,Local,0.09,129,DAWES AV,DAWES AV,,Mather Street,517,Feet,S,1,Clear,4,Dark-Lighted,1,Dry,,"Trafficway, On Road",11/14/18 21:24
7198,482863,1,41.358074,-72.928309,3001324,11/15/18,14:22:00,O,Property Damage Only,O,No Apparent Injury (O),2,Local,0.11,262,HILLCREST AV,HILLCREST AV,,Lakeview Ave,100,Feet,E,2,Cloudy,1,Daylight,1,Dry,,"Trafficway, On Road",11/15/18 14:22
6870,482864,1,41.358406,-72.908824,3001325,11/15/18,14:56:00,O,Property Damage Only,O,No Apparent Injury (O),2,Local,0.06,214,GILLIES RD,GILLIES RD,EDGEMERE RD,,,,,1,Clear,1,Daylight,1,Dry,1300,"Trafficway, On Road",11/15/18 14:56
9087,482865,1,41.429677,-72.918265,3001326,11/15/18,15:25:00,O,Property Damage Only,O,No Apparent Injury (O),1,Local,1.3,573,WEST TODD ST,WEST TODD ST,,SHEPARD AVENUE,1,TenthsofMile,W,1,Clear,1,Daylight,1,Dry,,"Trafficway, On Road",11/15/18 15:25
4391,482866,1,41.379933,-72.90316,3001327,11/15/18,17:04:00,O,Property Damage Only,O,No Apparent Injury (O),2,State,0.15,15,15-S,15-S-126,707-N,Worth Ave,1,TenthsofMile,S,8,Blowing Snow,4,Dark-Lighted,3,Snow,9300,"Trafficway, On Road",11/15/18 17:04
5623,484222,1,41.376631,-72.915448,3002683,11/15/18,17:06:00,O,Property Damage Only,O,No Apparent Injury (O),2,State,0.03,753,CT-10,753-S,SHEPARD AV,,,,,8,Blowing Snow,4,Dark-Lighted,3,Snow,13900,"Trafficway, On Road",11/15/18 17:06
137,482867,1,41.365732,-72.92184,3001328,11/15/18,17:10:00,O,Property Damage Only,O,No Apparent Injury (O),2,State,7.03,10,CT-10,10-N,,Marietta Street,75,Feet,S,8,Blowing Snow,4,Dark-Lighted,3,Snow,34100,"Trafficway, On Road",11/15/18 17:10
7199,482868,1,41.357748,-72.927595,3001329,11/15/18,17:13:00,O,Property Damage Only,O,No Apparent Injury (O),1,Local,0.15,262,HILLCREST AV,HILLCREST AV,,Dixwell Avenue,200,Feet,W,8,Blowing Snow,4,Dark-Lighted,3,Snow,,"Trafficway, Not on Road",11/15/18 17:13
5114,482787,1,41.341678,-72.912789,3001248,11/15/18,17:16:00,O,Property Damage Only,O,No Apparent Injury (O),2,State,0.62,707,WHITNEY AV,707-N,DAVIS ST,,,,,8,Blowing Snow,4,Dark-Lighted,3,Snow,13500,"Trafficway, On Road",11/15/18 17:16
1985,490086,1,41.382927,-72.907918,3008547,11/15/18,17:49:00,O,Property Damage Only,O,No Apparent Injury (O),1,State,8.49,10,CT-10,10-N,,EVERGREEN AVE,20,Feet,W,7,Snow,4,Dark-Lighted,5,Ice / Frost,18400,"Trafficway, Not on Road",11/15/18 17:49
8287,485270,1,41.38518,-72.90647,3003731,11/15/18,19:14:00,A,"Injury of any type (Serious, Minor, Possible)",C,Possible Injury (C),2,Local,0.02,480,SCHOOL ST,SCHOOL ST,,Evergreen Av,50,Feet,E,7,Snow,4,Dark-Lighted,5,Ice / Frost,5300,"Trafficway, On Road",11/15/18 19:14
3610,495167,1,41.348749,-72.965917,3013624,11/15/18,23:40:00,O,Property Damage Only,O,No Apparent Injury (O),1,State,47.57,15,15-S,15-S,,exit 59,10,TenthsofMile,N,6,Freezing Rain or Freezing Drizzle,5,Dark-Not Lighted,3,Snow,79900,"Trafficway, On Road",11/15/18 23:40
8195,482869,1,41.35387,-72.90271,3001330,11/16/18,7:18:00,O,Property Damage Only,O,No Apparent Injury (O),1,Local,1.32,452,RIDGE RD,RIDGE RD,,Waite Street,1,TenthsofMile,N,1,Clear,1,Daylight,4,Slush,5200,"Trafficway, On Road",11/16/18 7:18
8391,484223,1,41.393411,-72.92308,3002684,11/16/18,10:25:00,O,Property Damage Only,O,No Apparent Injury (O),2,Local,1.27,489,SHEPARD AV,SHEPARD AV,BEAR PATH RD,,,,,2,Cloudy,1,Daylight,2,Wet,1400,"Trafficway, On Road",11/16/18 10:25
5690,482870,1,41.340599,-72.945302,3001331,11/16/18,11:24:00,O,Property Damage Only,O,No Apparent Injury (O),2,Local,0.28,14,ARCH ST,ARCH ST,PINE ROCK AV NO 2,,,,,1,Clear,1,Daylight,1,Dry,2200,"Trafficway, On Road",11/16/18 11:24
2060,482871,1,41.43185,-72.90765,3001332,11/16/18,12:20:00,O,Property Damage Only,O,No Apparent Injury (O),2,State,12.26,10,CT-10,10-N,,Lawrence Rd,1,TenthsofMile,N,1,Clear,1,Daylight,1,Dry,17600,"Trafficway, On Road",11/16/18 12:20
503,482895,1,41.355156,-72.928756,3001356,11/16/18,15:29:00,A,"Injury of any type (Serious, Minor, Possible)",C,Possible Injury (C),3,State,6.22,10,CT-10,10-N,,Pershing Street ,20,Feet,N,1,Clear,1,Daylight,1,Dry,27500,"Trafficway, On Road",11/16/18 15:29
3859,486393,1,41.36633,-72.918728,3004854,11/16/18,16:36:00,O,Property Damage Only,O,No Apparent Injury (O),3,State,50.4,15,15-S,15-S,,15-S-119,2,TenthsofMile,N,1,Clear,1,Daylight,1,Dry,71800,"Trafficway, On Road",11/16/18 16:36
4916,482896,1,41.37992029,-72.9034659,3001357,11/16/18,16:55:00,O,Property Damage Only,O,No Apparent Injury (O),2,State,3.37,707,WHITNEY AV,707-N,,Dixwell Avenue,1,TenthsofMile,S,2,Cloudy,4,Dark-Lighted,1,Dry,16900,"Trafficway, On Road",11/16/18 16:55
2523,594735,1,41.338319,-72.940699,3113166,11/16/18,21:03:00,O,Property Damage Only,O,No Apparent Injury (O),2,State,4.72,10,CT-10,10-N,,FITCH STREET,100,Feet,E,1,Clear,4,Dark-Lighted,1,Dry,12300,"Trafficway, On Road",11/16/18 21:03
1244,485271,1,41.374154,-72.916043,3003732,11/17/18,8:59:00,O,Property Damage Only,O,No Apparent Injury (O),2,State,7.69,10,CT-10,10-N,,skiff street,100,Feet,S,1,Clear,1,Daylight,1,Dry,23700,"Trafficway, On Road",11/17/18 8:59
1370,482897,1,41.352408,-72.930621,3001358,11/17/18,9:33:00,O,Property Damage Only,O,No Apparent Injury (O),2,State,6.01,10,CT-10,10-N,,CHURCH STREET,200,Feet,S,1,Clear,1,Daylight,1,Dry,23400,"Trafficway, On Road",11/17/18 9:33
504,484875,1,41.357669,-72.92673,3003336,11/17/18,12:32:00,A,"Injury of any type (Serious, Minor, Possible)",C,Possible Injury (C),2,State,6.43,10,CT-10,10-N,,Mather Street,1,TenthsofMile,S,1,Clear,1,Daylight,1,Dry,27500,"Trafficway, On Road",11/17/18 12:32
5624,484224,1,41.375313,-72.915667,3002685,11/17/18,12:51:00,O,Property Damage Only,O,No Apparent Injury (O),2,State,0.12,753,CT-10,753-S,,Skiff Street,1,TenthsofMile,N,1,Clear,1,Daylight,1,Dry,13900,"Trafficway, On Road",11/17/18 12:51
8881,482898,1,41.36667,-72.911779,3001359,11/17/18,14:07:00,O,Property Damage Only,O,No Apparent Injury (O),2,Local,0.46,521,THORNTON ST,THORNTON ST,,Bedford Street,1,TenthsofMile,W,1,Clear,1,Daylight,1,Dry,,"Trafficway, On Road",11/17/18 14:07
8018,491932,1,41.34565,-72.93285,3010392,11/17/18,17:54:00,O,Property Damage Only,O,No Apparent Injury (O),2,Local,1.11,439,PUTNAM AV,PUTNAM AV,,Dixwell Ave,300,Feet,E,1,Clear,4,Dark-Lighted,1,Dry,11500,"Trafficway, On Road",11/17/18 17:54
1243,484225,1,41.372853,-72.917039,3002686,11/18/18,18:50:00,A,"Injury of any type (Serious, Minor, Possible)",C,Possible Injury (C),2,State,7.58,10,CT-10,10-N,,Skiff St.,1,TenthsofMile,S,1,Clear,4,Dark-Lighted,1,Dry,23700,"Trafficway, On Road",11/18/18 18:50
2390,484226,1,41.393398,-72.897058,3002687,11/19/18,8:01:00,O,Property Damage Only,O,No Apparent Injury (O),2,State,9.55,10,CT-10,10-N,CARMEL ST,,,,S,2,Cloudy,1,Daylight,1,Dry,14700,"Trafficway, On Road",11/19/18 8:01
837,482899,1,41.346871,-72.933597,3001360,11/19/18,8:43:00,A,"Injury of any type (Serious, Minor, Possible)",B,Suspected Minor Injury (B),2,State,5.6,10,CT-10,10-N,,CIRCULAR AVE,200,Feet,N,1,Clear,1,Daylight,1,Dry,25300,"Trafficway, On Road",11/19/18 8:43
5245,484227,1,41.363065,-72.909002,3002688,11/19/18,14:36:00,A,"Injury of any type (Serious, Minor, Possible)",B,Suspected Minor Injury (B),1,State,2.17,707,WHITNEY AV,707-N,,Ardmore St.,23,Feet,S,1,Clear,1,Daylight,1,Dry,11900,"Trafficway, On Road",11/19/18 14:36
6459,485272,1,41.335538,-72.935146,3003733,11/19/18,15:34:00,O,Property Damage Only,O,No Apparent Injury (O),2,Local,1.59,,DIXWELL AV,DIXWELL AV,,Goodrich Street,50,Feet,S,1,Clear,1,Daylight,1,Dry,,"Trafficway, On Road",11/19/18 15:34
4336,482681,1,41.378118,-72.905303,3001142,11/19/18,16:13:00,O,Property Damage Only,O,No Apparent Injury (O),2,State,0.18,15,15-S,15-S-122,,Stop Sign,5,Feet,S,1,Clear,1,Daylight,1,Dry,9300,"Trafficway, On Road",11/19/18 16:13
6572,485273,1,41.337268,-72.930642,3003734,11/19/18,17:41:00,O,Property Damage Only,O,No Apparent Injury (O),2,Local,0.12,164,EDWARDS ST,EDWARDS ST,,Morse Street,100,Feet,S,1,Clear,4,Dark-Lighted,1,Dry,,"Trafficway, On Road",11/19/18 17:41
244,484570,1,41.360929,-72.924754,3003031,11/20/18,6:49:00,O,Property Damage Only,O,No Apparent Injury (O),2,State,6.67,10,CT-10,10-N,,Benham Street,50,Feet,S,2,Cloudy,1,Daylight,2,Wet,32100,"Trafficway, On Road",11/20/18 6:49
26,482900,1,41.36311,-72.92368,3001361,11/20/18,8:40:00,O,Property Damage Only,O,No Apparent Injury (O),2,State,6.83,10,CT-10,10-N,,BENHAM ST,30,Feet,N,4,Rain,1,Daylight,2,Wet,41100,"Trafficway, On Road",11/20/18 8:40
8694,484228,1,41.371966,-72.90848,3002689,11/20/18,13:12:00,O,Property Damage Only,O,No Apparent Injury (O),2,Local,0.13,494,SKIFF ST,SKIFF ST,,Whitney Ave,631,Feet,W,2,Cloudy,1,Daylight,2,Wet,24000,"Trafficway, On Road",11/20/18 13:12
8288,485275,1,41.384397,-72.900477,3003736,11/20/18,13:49:00,O,Property Damage Only,O,No Apparent Injury (O),2,Local,0.33,480,SCHOOL ST,SCHOOL ST,,WHITNEY AVE,262,Feet,W,2,Cloudy,1,Daylight,2,Wet,5300,"Trafficway, On Road",11/20/18 13:49
3857,482687,1,41.378822,-72.90398,3001148,11/20/18,16:40:00,O,Property Damage Only,O,No Apparent Injury (O),2,State,51.58,15,15-S,15-S,,Rt 15 SB exit 61 off-ramp,66,Feet,N,1,Clear,5,Dark-Not Lighted,1,Dry,71800,"Trafficway, On Road",11/20/18 16:40
2205,485276,1,41.388351,-72.900021,3003737,11/20/18,17:26:00,O,Property Damage Only,O,No Apparent Injury (O),2,State,9.16,10,CT-10,10-N,,LINCOLN ST,0.100000001,TenthsofMile,N,1,Clear,4,Dark-Lighted,1,Dry,16900,"Trafficway, On Road",11/20/18 17:26
505,485277,1,41.35903,-72.925794,3003738,11/20/18,18:35:00,A,"Injury of any type (Serious, Minor, Possible)",C,Possible Injury (C),2,State,6.53,10,CT-10,10-N,MATHER ST,,,,,1,Clear,4,Dark-Lighted,1,Dry,27500,"Trafficway, On Road",11/20/18 18:35
506,485278,1,41.356661,-72.927577,3003739,11/20/18,19:09:00,O,Property Damage Only,O,No Apparent Injury (O),2,State,6.34,10,CT-10,10-N,,,,,,1,Clear,4,Dark-Lighted,1,Dry,27500,"Trafficway, On Road",11/20/18 19:09
4836,484229,1,41.34946,-72.892671,3002690,11/20/18,23:40:00,A,"Injury of any type (Serious, Minor, Possible)",C,Possible Injury (C),2,USRoute,2.61,5,US-5,5-N,,FOOTE ST,30,Feet,S,1,Clear,4,Dark-Lighted,1,Dry,9300,"Trafficway, On Road",11/20/18 23:40
6814,493098,1,41.435376,-72.941922,3011557,11/21/18,6:34:00,A,"Injury of any type (Serious, Minor, Possible)",C,Possible Injury (C),1,Local,0.85,208,GAYLORD MOUNTAIN RD,GAYLORD MOUNTAIN RD,,West Todd St,100,Feet,N,1,Clear,4,Dark-Lighted,5,Ice / Frost,,"Trafficway, On Road",11/21/18 6:34
7458,484230,1,41.376641,-72.920188,3002691,11/21/18,11:34:00,A,"Injury of any type (Serious, Minor, Possible)",B,Suspected Minor Injury (B),2,Local,0.97,366,MIX AV,MIX AV,,SKIFF ST EXT,45,Feet,N,1,Clear,1,Daylight,1,Dry,4000,"Trafficway, On Road",11/21/18 11:34
171,483190,1,41.366261,-72.918884,3001651,11/21/18,14:10:00,O,Property Damage Only,O,No Apparent Injury (O),2,State,7.14,10,CT-10,10-N,CONNOLLY PKWY,,,,,1,Clear,1,Daylight,1,Dry,33100,"Trafficway, On Road",11/21/18 14:10
5340,484231,1,41.35047,-72.913325,3002692,11/21/18,19:57:00,O,Property Damage Only,O,No Apparent Injury (O),1,State,1.25,707,WHITNEY AV,707-N,,Servoss Street,971,Feet,S,1,Clear,4,Dark-Lighted,1,Dry,11300,"Trafficway, On Road",11/21/18 19:57
7274,485210,1,41.361188,-72.941318,3003671,11/22/18,15:53:00,O,Property Damage Only,O,No Apparent Injury (O),1,Local,0.39,309,LANE ST,LANE ST,,Fieldcrest Lane,30,Feet,N,1,Clear,1,Daylight,1,Dry,5300,"Trafficway, Not on Road",11/22/18 15:53
8862,485832,1,41.343841,-72.934928,3004293,11/23/18,4:39:00,O,Property Damage Only,O,No Apparent Injury (O),2,Local,0.24,518,THIRD ST,THIRD ST,,Dixwell Avenue,100,Feet,W,1,Clear,4,Dark-Lighted,1,Dry,,"Trafficway, On Road",11/23/18 4:39
8695,485279,1,41.373691,-72.913599,3003740,11/23/18,11:32:00,A,"Injury of any type (Serious, Minor, Possible)",B,Suspected Minor Injury (B),1,Local,0.41,494,SKIFF ST,SKIFF ST,,dixwell ave,400,Feet,E,1,Clear,1,Daylight,1,Dry,24000,"Trafficway, On Road",11/23/18 11:32
6674,602291,1,41.343303,-72.941097,3120720,11/23/18,17:35:00,A,"Injury of any type (Serious, Minor, Possible)",A,Suspected Serious Injury (A),1,Local,0.35,176,FAIRVIEW AV,FAIRVIEW AV,JONES RD,,,,,1,Clear,4,Dark-Lighted,1,Dry,4800,"Trafficway, On Road",11/23/18 17:35
6570,485813,1,41.337813,-72.897887,3004274,11/23/18,20:30:00,O,Property Damage Only,O,No Apparent Injury (O),2,Local,0.01,163,EDMUND ST,EDMUND ST,,State Street,10,Feet,E,1,Clear,4,Dark-Lighted,1,Dry,,"Trafficway, On Road",11/23/18 20:30
648,486579,1,41.41612626,-72.90337632,3005040,11/23/18,23:04:00,A,"Injury of any type (Serious, Minor, Possible)",C,Possible Injury (C),2,State,11.16,10,CT-10,10-N,,Mt Carmel Ave,2,TenthsofMile,S,1,Clear,4,Dark-Lighted,1,Dry,25800,"Trafficway, On Road",11/23/18 23:04
7572,485814,1,41.337029,-72.926483,3004275,11/24/18,10:51:00,O,Property Damage Only,O,No Apparent Injury (O),2,Local,0.45,370,MORSE ST,MORSE ST,NEWHALL ST,,,,,1,Clear,1,Daylight,1,Dry,3100,"Trafficway, On Road",11/24/18 10:51
7459,486580,1,41.364491,-72.929247,3005041,11/25/18,1:04:00,O,Property Damage Only,O,No Apparent Injury (O),2,Local,0,366,MIX AV,MIX AV,Benham Street,,,,,4,Rain,4,Dark-Lighted,2,Wet,4000,"Trafficway, On Road",11/25/18 1:04
3228,496199,1,41.38006,-72.901727,3014656,11/25/18,12:11:00,O,Property Damage Only,O,No Apparent Injury (O),2,State,51.71,15,15-N,15-N,,Route 15,20,Feet,S,1,Clear,1,Daylight,1,Dry,71800,"Trafficway, On Road",11/25/18 12:11
3055,485363,1,41.361287,-72.933804,3003824,11/25/18,14:34:00,O,Property Damage Only,O,No Apparent Injury (O),2,State,49.49,15,15-N,15-N,,EXIT 60,5,TenthsofMile,S,1,Clear,1,Daylight,1,Dry,79900,"Trafficway, On Road",11/25/18 14:34
8196,484232,1,41.358787,-72.900572,3002693,11/25/18,18:21:00,A,"Injury of any type (Serious, Minor, Possible)",C,Possible Injury (C),2,Local,1.68,452,RIDGE RD,RIDGE RD,HAVERFORD ST,,,,,1,Clear,4,Dark-Lighted,1,Dry,5200,"Trafficway, On Road",11/25/18 18:21
5115,485815,1,41.340188,-72.91296,3004276,11/26/18,7:56:00,O,Property Damage Only,O,No Apparent Injury (O),2,State,0.52,707,WHITNEY AV,707-N,BLAKE RD,,,,,2,Cloudy,1,Daylight,1,Dry,13500,"Trafficway, On Road",11/26/18 7:56
507,485816,1,41.357421,-72.92697,3004277,11/26/18,15:20:00,O,Property Damage Only,O,No Apparent Injury (O),2,State,6.41,10,CT-10,10-N,HILLCREST AV,,,,,4,Rain,1,Daylight,2,Wet,27500,"Trafficway, On Road",11/26/18 15:20
4339,485888,1,41.37812,-72.905321,3004349,11/27/18,8:02:00,O,Property Damage Only,O,No Apparent Injury (O),2,State,0.18,15,15-S,15-S-122,ENT 61,,,,,2,Cloudy,1,Daylight,1,Dry,9300,"Trafficway, On Road",11/27/18 8:02
6008,485833,1,41.351376,-72.944382,3004294,11/27/18,9:05:00,O,Property Damage Only,O,No Apparent Injury (O),2,Local,0.46,63,BROOK ST,BROOK ST,LUCY ST,,,,,2,Cloudy,1,Daylight,2,Wet,3100,"Trafficway, On Road",11/27/18 9:05
8069,487062,1,41.345057,-72.918334,3005523,11/27/18,13:57:00,A,"Injury of any type (Serious, Minor, Possible)",C,Possible Injury (C),2,Local,0.31,439,PUTNAM AV,PUTNAM AV,TURNOR AV,,,,,1,Clear,1,Daylight,1,Dry,10000,"Trafficway, On Road",11/27/18 13:57
5468,486581,1,41.383156,-72.898817,3005042,11/27/18,16:36:00,O,Property Damage Only,O,No Apparent Injury (O),2,State,0.16,717,DIXWELL AV,717-E,,Washington Ave,65,Feet,E,1,Clear,4,Dark-Lighted,1,Dry,18600,"Trafficway, On Road",11/27/18 16:36
1982,488437,1,41.38274,-72.90803,3006898,11/27/18,16:52:00,A,"Injury of any type (Serious, Minor, Possible)",C,Possible Injury (C),2,State,8.49,10,CT-10,10-N,EVERGREEN AV,,,,,1,Clear,4,Dark-Lighted,1,Dry,18400,"Trafficway, On Road",11/27/18 16:52
3858,485862,1,41.377805,-72.905614,3004323,11/27/18,17:14:00,O,Property Damage Only,O,No Apparent Injury (O),2,State,51.51,15,15-S,15-S,,EXIT 61,100,Feet,S,1,Clear,5,Dark-Not Lighted,1,Dry,71800,"Trafficway, On Road",11/27/18 17:14
1119,485403,1,41.342424,-72.934807,3003864,11/27/18,17:28:00,A,"Injury of any type (Serious, Minor, Possible)",B,Suspected Minor Injury (B),2,State,5.29,10,CT-10,10-N,FIRST ST,,,,,1,Clear,4,Dark-Lighted,1,Dry,24100,"Trafficway, On Road",11/27/18 17:28
8960,488438,1,41.35695,-72.91419,3006899,11/27/18,18:35:00,A,"Injury of any type (Serious, Minor, Possible)",C,Possible Injury (C),2,Local,0.8,548,WAITE ST,WAITE ST,CORAM ST,,,,,1,Clear,4,Dark-Lighted,1,Dry,3200,"Trafficway, On Road",11/27/18 18:35
6089,485834,1,41.420584,-72.930716,3004295,11/27/18,19:21:00,O,Property Damage Only,O,No Apparent Injury (O),1,Local,0.03,96,CHOATE AV,CHOATE AV,,Westwoods Rd,1,TenthsofMile,W,1,Clear,4,Dark-Lighted,1,Dry,1000,"Trafficway, On Road",11/27/18 19:21
4340,490915,1,41.378123,-72.90531,3009376,11/28/18,8:58:00,O,Property Damage Only,O,No Apparent Injury (O),2,State,0.18,15,15-S,15-S-122,,15-S,25,Feet,W,1,Clear,1,Daylight,1,Dry,9300,"Trafficway, On Road",11/28/18 8:58
1245,493099,1,41.37114,-72.91814,3011558,11/29/18,10:28:00,O,Property Damage Only,O,No Apparent Injury (O),2,State,7.45,10,CT-10,10-N,,SKIFF ST,1,TenthsofMile,S,1,Clear,1,Daylight,1,Dry,23700,"Trafficway, On Road",11/29/18 10:28
4663,493100,1,41.328407,-72.897888,3011559,11/29/18,13:00:00,A,"Injury of any type (Serious, Minor, Possible)",B,Suspected Minor Injury (B),1,USRoute,1.03,5,US-5,5-N,,Park Rd.,1,TenthsofMile,S,1,Clear,1,Daylight,1,Dry,17700,"Trafficway, On Road",11/29/18 13:00
172,485835,1,41.36689,-72.92093,3004296,11/29/18,13:05:00,O,Property Damage Only,O,No Apparent Injury (O),2,State,7.14,10,CT-10,10-N,CONNOLLY PKWY,,,,,1,Clear,1,Daylight,1,Dry,33100,"Trafficway, On Road",11/29/18 13:05
3057,490920,1,41.364782,-72.927706,3009381,11/29/18,13:47:00,O,Property Damage Only,O,No Apparent Injury (O),2,State,49.89,15,15-N,15-N,,EXIT 60,1,TenthsofMile,S,1,Clear,1,Daylight,1,Dry,79900,"Trafficway, On Road",11/29/18 13:47
2631,485836,1,41.413834,-72.902051,3004297,11/29/18,13:52:00,A,"Injury of any type (Serious, Minor, Possible)",B,Suspected Minor Injury (B),2,State,10.99,10,CT-10,10-N,SHERMAN AV NO 2,,,,,1,Clear,1,Daylight,1,Dry,,"Trafficway, On Road",11/29/18 13:52
4917,486582,1,41.379642,-72.903242,3005043,11/29/18,14:46:00,O,Property Damage Only,O,No Apparent Injury (O),2,State,3.36,707,WHITNEY AV,707-N,,Worth Ave,400,Feet,S,1,Clear,1,Daylight,1,Dry,16900,"Trafficway, On Road",11/29/18 14:46
5179,485879,1,41.366292,-72.908109,3004340,11/29/18,14:57:00,O,Property Damage Only,O,No Apparent Injury (O),2,State,2.4,707,WHITNEY AV,707-N,,Thornton St,100,Feet,N,1,Clear,1,Daylight,1,Dry,13300,"Trafficway, On Road",11/29/18 14:57
840,487521,1,41.405698,-72.899025,3005982,11/29/18,17:51:00,A,"Injury of any type (Serious, Minor, Possible)",C,Possible Injury (C),2,State,10.4,10,CT-10,10-N,,WOODRUFF ST,100,Feet,N,1,Clear,4,Dark-Lighted,1,Dry,25300,"Trafficway, On Road",11/29/18 17:51
841,488200,1,41.406004,-72.899225,3006661,11/30/18,8:13:00,O,Property Damage Only,O,No Apparent Injury (O),2,State,10.43,10,CT-10,10-N,,HOME PL,115,Feet,S,1,Clear,1,Daylight,1,Dry,25300,"Trafficway, On Road",11/30/18 8:13
28,487522,1,41.364504,-72.922668,3005983,11/30/18,12:46:00,O,Property Damage Only,O,No Apparent Injury (O),2,State,6.94,10,CT-10,10-N,,Dewey St.,73,Feet,S,5,Sleet or Hail ,1,Daylight,2,Wet,41100,"Trafficway, On Road",11/30/18 12:46
4918,488439,1,41.383308,-72.901976,3006900,11/30/18,13:16:00,O,Property Damage Only,O,No Apparent Injury (O),2,State,3.62,707,WHITNEY AV,707-N,10-N,,,,,4,Rain,1,Daylight,2,Wet,16900,"Trafficway, On Road",11/30/18 13:16
838,486583,1,41.347711,-72.9332,3005044,11/30/18,13:53:00,O,Property Damage Only,O,No Apparent Injury (O),2,State,5.66,10,CT-10,10-N,,Putnam Ave.,1,TenthsofMile,N,6,Freezing Rain or Freezing Drizzle,1,Daylight,2,Wet,25300,"Trafficway, On Road",11/30/18 13:53