,CrashId,Fatal Case Status,lat,lon,DOT Case Number,Date Of Crash,Time of Crash,Crash Severity,Crash Severity Text Format,Most Severe Injury,Most Severe Injury Text Format,Number Of Motor Vehicles,Route Class Text Format,Milemarker,Road Number,Road Description,Roadway Name,Intersecting Roadway Name,Landmark Description,Distance From Nearest Landmark,Unit Of Measure From Nearest Landmark,Direction From Nearest Landmark,Weather Condition,Weather Condition Text Format,Light Condition,Light Condition Text Format,Road Surface Condition,Road Surface Condition Text Format,Average Daily Traffic,Trafficway Class Text Format,full_date
2440,488676,1,41.336897,-72.942295,3007137,11/30/18,14:23:00,O,Property Damage Only,O,No Apparent Injury (O),2,State,4.59,10,CT-10,10-N,,Arch St,1,TenthsofMile,S,6,Freezing Rain or Freezing Drizzle,1,Daylight,2,Wet,13600,"Trafficway, On Road",11/30/18 14:23
8696,488440,1,41.372303,-72.909919,3006901,11/30/18,14:38:00,O,Property Damage Only,O,No Apparent Injury (O),2,Local,0.2,494,SKIFF ST,SKIFF ST,,whitney ave,2,TenthsofMile,W,6,Freezing Rain or Freezing Drizzle,1,Daylight,2,Wet,24000,"Trafficway, On Road",11/30/18 14:38
246,488677,1,41.361685,-72.924315,3007138,11/30/18,15:57:00,O,Property Damage Only,O,No Apparent Injury (O),2,State,6.73,10,CT-10,10-N,,Roberts St.,76,Feet,W,4,Rain,1,Daylight,2,Wet,32100,"Trafficway, On Road",11/30/18 15:57
9288,488678,1,41.34642,-72.946008,3007139,11/30/18,16:05:00,O,Property Damage Only,O,No Apparent Injury (O),2,Local,1.07,598,WOODIN ST,WOODIN ST,PINE ROCK AV NO 1,,,,,2,Cloudy,1,Daylight,2,Wet,5400,"Trafficway, On Road",11/30/18 16:05
4919,488679,1,41.381251,-72.902702,3007140,11/30/18,17:15:00,O,Property Damage Only,O,No Apparent Injury (O),2,State,3.47,707,WHITNEY AV,707-N,,Worth Avenue,150,Feet,N,1,Clear,4,Dark-Lighted,2,Wet,16900,"Trafficway, On Road",11/30/18 17:15
9046,488680,1,41.3448,-72.9473,3007141,11/30/18,22:08:00,O,Property Damage Only,O,No Apparent Injury (O),2,Local,0.04,561,WELCH ST,WELCH ST,ROSINA RD,,,,,1,Clear,5,Dark-Not Lighted,1,Dry,,"Trafficway, On Road",11/30/18 22:08
3059,495710,1,41.36528129,-72.92654734,3014167,12/1/18,7:57:00,O,Property Damage Only,O,No Apparent Injury (O),1,State,49.96,15,15-N,15-N,,Exit 60,1,TenthsofMile,N,1,Clear,1,Daylight,5,Ice / Frost,79900,"Trafficway, On Road",12/1/18 7:57
247,488681,1,41.359539,-72.925594,3007142,12/1/18,11:02:00,O,Property Damage Only,O,No Apparent Injury (O),2,State,6.57,10,CT-10,10-N,,Mather Street,200,Feet,N,1,Clear,1,Daylight,1,Dry,32100,"Trafficway, On Road",12/1/18 11:02
8697,488682,1,41.372813,-72.911392,3007143,12/1/18,15:28:00,O,Property Damage Only,O,No Apparent Injury (O),1,Local,0.29,494,SKIFF ST,SKIFF ST,,Dixwell Ave.,1,TenthsofMile,E,1,Clear,1,Daylight,1,Dry,24000,"Trafficway, On Road",12/1/18 15:28
248,488683,1,41.362043,-72.924294,3007144,12/1/18,17:26:00,A,"Injury of any type (Serious, Minor, Possible)",B,Suspected Minor Injury (B),1,State,6.75,10,CT-10,10-N,,Robert Street,25,Feet,N,1,Clear,4,Dark-Lighted,1,Dry,32100,"Trafficway, On Road",12/1/18 17:26
842,488684,1,41.41139,-72.901123,3007145,12/1/18,17:32:00,O,Property Damage Only,O,No Apparent Injury (O),1,State,10.82,10,CT-10,10-N,,sherman ave,2,TenthsofMile,S,1,Clear,4,Dark-Lighted,1,Dry,25300,"Trafficway, On Road",12/1/18 17:32
9193,488685,1,41.335373,-72.924849,3007146,12/2/18,9:30:00,O,Property Damage Only,O,No Apparent Injury (O),2,Local,0.28,591,WINCHESTER AV,WINCHESTER AV,,goodrich st,150,Feet,N,4,Rain,1,Daylight,2,Wet,1500,"Trafficway, On Road",12/2/18 9:30
1371,493894,1,41.353682,-72.929957,3012353,12/2/18,15:39:00,A,"Injury of any type (Serious, Minor, Possible)",C,Possible Injury (C),2,State,6.11,10,CT-10,10-N,MILLIS ST,,,,,1,Clear,1,Daylight,1,Dry,23400,"Trafficway, On Road",12/2/18 15:39
8019,493119,1,41.345822,-72.933188,3011578,12/2/18,20:20:00,O,Property Damage Only,O,No Apparent Injury (O),2,Local,1.13,439,PUTNAM AV,PUTNAM AV,,Dixwell Ave,200,Feet,E,1,Clear,4,Dark-Lighted,1,Dry,11500,"Trafficway, On Road",12/2/18 20:20
6742,498935,1,41.342568,-72.938058,3017391,12/3/18,7:39:00,O,Property Damage Only,O,No Apparent Injury (O),2,Local,0.17,190,FIRST ST,FIRST ST,,WARREN ST,117,Feet,W,3,"Fog, Smog, Smoke",1,Daylight,1,Dry,,"Trafficway, On Road",12/3/18 7:39
173,493101,1,41.366107,-72.92161,3011560,12/3/18,8:03:00,O,Property Damage Only,O,No Apparent Injury (O),2,State,7.1,10,CT-10,10-N,MARIETTA ST,,,,,1,Clear,1,Daylight,2,Wet,33100,"Trafficway, On Road",12/3/18 8:03
8592,488686,1,41.41055,-72.910256,3007147,12/3/18,8:31:00,O,Property Damage Only,O,No Apparent Injury (O),1,,,,SHERMAN AV,305 SHERMAN AV,,SHERMAN AV,2,Feet,S,1,Clear,1,Daylight,2,Wet,,"Trafficway, On Road",12/3/18 8:31
2520,493120,1,41.338281,-72.935698,3011579,12/3/18,11:11:00,O,Property Damage Only,O,No Apparent Injury (O),2,State,4.97,10,CT-10,10-N,,DIXWELL AVE,100,Feet,W,1,Clear,1,Daylight,1,Dry,12300,"Trafficway, On Road",12/3/18 11:11
6160,504866,1,41.346621,-72.93419,3023320,12/3/18,17:40:00,A,"Injury of any type (Serious, Minor, Possible)",A,Suspected Serious Injury (A),1,Local,1.36,99,CIRCULAR AV,CIRCULAR AV,HELEN ST,,,,,1,Clear,4,Dark-Lighted,1,Dry,7100,"Trafficway, On Road",12/3/18 17:40
5709,488687,1,41.337169,-72.915935,3007148,12/4/18,6:56:00,O,Property Damage Only,O,No Apparent Injury (O),1,Local,0.23,17,ARMORY ST,ARMORY ST,,Edgehill Rd,100,Feet,W,2,Cloudy,1,Daylight,1,Dry,3800,"Trafficway, On Road",12/4/18 6:56
4807,490983,1,41.341107,-72.895721,3009444,12/4/18,9:09:00,A,"Injury of any type (Serious, Minor, Possible)",B,Suspected Minor Injury (B),2,USRoute,2.01,5,US-5,5-N,HUBBARD RD,,,,,1,Clear,1,Daylight,1,Dry,9900,"Trafficway, On Road",12/4/18 9:09
7125,488688,1,41.359786,-72.90507,3007149,12/4/18,14:53:00,A,"Injury of any type (Serious, Minor, Possible)",C,Possible Injury (C),2,Local,0.28,244,HAVERFORD ST,HAVERFORD ST,,Ridge Rd.,2,TenthsofMile,W,1,Clear,1,Daylight,1,Dry,,"Trafficway, On Road",12/4/18 14:53
8969,488689,1,41.355978,-72.911755,3007150,12/4/18,17:34:00,O,Property Damage Only,O,No Apparent Injury (O),2,Local,0.66,548,WAITE ST,WAITE ST,707-N,,,,,1,Clear,4,Dark-Lighted,1,Dry,2600,"Trafficway, On Road",12/4/18 17:34
8392,488690,1,41.382363,-72.920321,3007151,12/4/18,17:37:00,O,Property Damage Only,O,No Apparent Injury (O),2,Local,0.49,489,SHEPARD AV,SHEPARD AV,,Howard Dr,50,Feet,N,1,Clear,4,Dark-Lighted,1,Dry,1400,"Trafficway, On Road",12/4/18 17:37
8961,496225,1,41.357181,-72.917378,3014682,12/4/18,20:11:00,O,Property Damage Only,O,No Apparent Injury (O),1,Local,0.97,548,WAITE ST,WAITE ST,,CORAM ST,1,TenthsofMile,W,1,Clear,4,Dark-Lighted,1,Dry,3200,"Trafficway, Not on Road",12/4/18 20:11
7088,493121,1,41.44525,-72.95549,3011580,12/5/18,9:01:00,O,Property Damage Only,O,No Apparent Injury (O),1,Local,0,237,HANDY RD,HANDY RD,GAYLORD MOUNTAIN RD,,,,,1,Clear,1,Daylight,1,Dry,,"Trafficway, On Road",12/5/18 9:01
4341,490923,1,41.37952065,-72.90373497,3009384,12/5/18,10:27:00,O,Property Damage Only,O,No Apparent Injury (O),2,State,0.02,15,15-S,15-S-122,,EXIT 61,100,Feet,S,1,Clear,1,Daylight,1,Dry,9300,"Trafficway, On Road",12/5/18 10:27
4920,488691,1,41.381931,-72.902455,3007152,12/5/18,12:29:00,O,Property Damage Only,O,No Apparent Injury (O),2,State,3.52,707,WHITNEY AV,707-N,,Dixwell Ave.,1,TenthsofMile,S,1,Clear,1,Daylight,1,Dry,16900,"Trafficway, On Road",12/5/18 12:29
7460,493122,1,41.374189,-72.921849,3011581,12/5/18,15:02:00,O,Property Damage Only,O,No Apparent Injury (O),2,Local,0.78,366,MIX AV,MIX AV,,EAST GATE LA,90,Feet,N,1,Clear,1,Daylight,1,Dry,4000,"Trafficway, On Road",12/5/18 15:02
4065,489100,1,41.365832,-72.924232,3007561,12/5/18,17:45:00,O,Property Damage Only,O,No Apparent Injury (O),1,State,50.11,15,15-S,15-S,,Exit #60,1,TenthsofMile,S,1,Clear,5,Dark-Not Lighted,1,Dry,66000,"Trafficway, On Road",12/5/18 17:45
5116,488692,1,41.344496,-72.912168,3007153,12/5/18,18:01:00,O,Property Damage Only,O,No Apparent Injury (O),2,State,0.83,707,WHITNEY AV,707-N,,Putnam Avenue,1,TenthsofMile,S,1,Clear,1,Daylight,1,Dry,13500,"Trafficway, On Road",12/5/18 18:01
5246,488693,1,41.360375,-72.909522,3007154,12/5/18,20:42:00,O,Property Damage Only,O,No Apparent Injury (O),3,State,1.99,707,WHITNEY AV,707-N,,HARMON STREET,100,Feet,S,1,Clear,4,Dark-Lighted,1,Dry,11900,"Trafficway, On Road",12/5/18 20:42
6981,488694,1,41.358729,-72.911917,3007155,12/6/18,8:52:00,O,Property Damage Only,O,No Apparent Injury (O),2,Local,0.18,225,GORDON ST,GORDON ST,,RUSSELL ST,85,Feet,N,1,Clear,1,Daylight,1,Dry,600,"Trafficway, On Road",12/6/18 8:52
2206,493132,1,41.388568,-72.899879,3011591,12/6/18,12:50:00,O,Property Damage Only,O,No Apparent Injury (O),2,State,9.18,10,CT-10,10-N,,Lincoln St,100,Feet,N,1,Clear,1,Daylight,1,Dry,16900,"Trafficway, On Road",12/6/18 12:50
843,493895,1,41.346527,-72.933828,3012354,12/6/18,13:03:00,A,"Injury of any type (Serious, Minor, Possible)",C,Possible Injury (C),2,State,5.57,10,CT-10,10-N,,Circular Avenue,50,Feet,N,1,Clear,1,Daylight,1,Dry,25300,"Trafficway, On Road",12/6/18 13:03
1248,494091,1,41.371261,-72.917964,3012550,12/6/18,18:25:00,O,Property Damage Only,O,No Apparent Injury (O),3,State,7.46,10,CT-10,10-N,,SKIFF ST,1270,Feet,S,1,Clear,4,Dark-Lighted,1,Dry,23700,"Trafficway, On Road",12/6/18 18:25
8588,488695,1,41.405997,-72.914244,3007156,12/6/18,18:41:00,A,"Injury of any type (Serious, Minor, Possible)",B,Suspected Minor Injury (B),1,Local,1.25,491,SHERMAN AV,SHERMAN AV NO 1,,CORPORATE RIDGE RD,37,Feet,N,1,Clear,4,Dark-Lighted,1,Dry,5600,"Trafficway, On Road",12/6/18 18:41
510,501655,1,41.356182,-72.927959,3020111,12/6/18,18:46:00,O,Property Damage Only,O,No Apparent Injury (O),2,State,6.31,10,CT-10,10-N,FOCH ST,,,,,1,Clear,4,Dark-Lighted,1,Dry,27500,"Trafficway, On Road",12/6/18 18:46
7790,507689,1,41.379702,-72.935586,3026142,12/6/18,19:02:00,O,Property Damage Only,O,No Apparent Injury (O),1,Local,0.95,411,PARADISE AV,PARADISE AV NO 5,,Howard Ave,1,TenthsofMile,S,1,Clear,4,Dark-Lighted,1,Dry,3800,"Trafficway, On Road",12/6/18 19:02
2442,501656,1,41.338301,-72.94109,3020112,12/7/18,1:36:00,A,"Injury of any type (Serious, Minor, Possible)",B,Suspected Minor Injury (B),1,State,4.7,10,CT-10,10-N,ARCH ST,,,,,1,Clear,4,Dark-Lighted,1,Dry,13600,"Trafficway, Not on Road",12/7/18 1:36
3261,496255,1,41.383656,-72.895938,3014712,12/7/18,8:23:00,O,Property Damage Only,O,No Apparent Injury (O),2,State,52.08,15,15-N,15-N,,EXIT 62,300,Feet,S,1,Clear,1,Daylight,1,Dry,68700,"Trafficway, On Road",12/7/18 8:23
4067,495771,1,41.365855,-72.922334,3014228,12/7/18,9:38:00,O,Property Damage Only,O,No Apparent Injury (O),2,State,50.21,15,15-S,15-S,,EXIT 60,100,Feet,N,1,Clear,1,Daylight,1,Dry,66000,"Trafficway, On Road",12/7/18 9:38
1246,493986,1,41.36872,-72.91968,3012445,12/7/18,13:38:00,O,Property Damage Only,O,No Apparent Injury (O),2,State,7.26,10,CT-10,10-N,,CONNOLLY PKWY,1,TenthsofMile,N,1,Clear,1,Daylight,1,Dry,23700,"Trafficway, On Road",12/7/18 13:38
3338,496256,1,41.38071,-72.900726,3014713,12/7/18,13:45:00,O,Property Damage Only,O,No Apparent Injury (O),2,State,51.76,15,15-N,15-N,EXIT 61,,,,,1,Clear,1,Daylight,1,Dry,64800,"Trafficway, On Road",12/7/18 13:45
1122,502561,1,41.338839,-72.93519,3021017,12/7/18,15:48:00,O,Property Damage Only,O,No Apparent Injury (O),2,State,5.04,10,CT-10,10-N,,Arch Street,200,Feet,N,1,Clear,3,Dusk,1,Dry,24100,"Trafficway, On Road",12/7/18 15:48
1983,488696,1,41.380526,-72.912978,3007157,12/7/18,16:16:00,O,Property Damage Only,O,No Apparent Injury (O),2,State,8.17,10,CT-10,10-N,,Sanford Street,200,Feet,S,1,Clear,1,Daylight,1,Dry,18400,"Trafficway, On Road",12/7/18 16:16
5530,493987,1,41.38314,-72.899168,3012446,12/7/18,16:27:00,O,Property Damage Only,O,No Apparent Injury (O),2,State,0.14,717,DIXWELL AV,717-E,WASHINGTON AV,,,,,1,Clear,4,Dark-Lighted,1,Dry,15400,"Trafficway, On Road",12/7/18 16:27
5247,493988,1,41.363142,-72.908928,3012447,12/7/18,17:17:00,O,Property Damage Only,O,No Apparent Injury (O),2,State,2.18,707,WHITNEY AV,707-N,ARDMORE ST,,,,,1,Clear,4,Dark-Lighted,1,Dry,11900,"Trafficway, On Road",12/7/18 17:17
4383,493590,1,41.379346,-72.903543,3012049,12/7/18,18:58:00,A,"Injury of any type (Serious, Minor, Possible)",B,Suspected Minor Injury (B),2,State,0.17,15,15-S,15-S-123,,ROUTE 15 SOUTH,25,Feet,W,1,Clear,5,Dark-Not Lighted,1,Dry,9300,"Trafficway, On Road",12/7/18 18:58
1372,493989,1,41.352537,-72.930622,3012448,12/8/18,9:37:00,A,"Injury of any type (Serious, Minor, Possible)",C,Possible Injury (C),2,State,6.02,10,CT-10,10-N,,CHURCH ST,100,Feet,S,1,Clear,1,Daylight,1,Dry,23400,"Trafficway, On Road",12/8/18 9:37
1984,488697,1,41.403813,-72.898319,3007158,12/8/18,11:15:00,A,"Injury of any type (Serious, Minor, Possible)",C,Possible Injury (C),2,State,10.27,10,CT-10,10-N,DICKERMAN ST,,,,,1,Clear,1,Daylight,1,Dry,18400,"Trafficway, On Road",12/8/18 11:15
3339,498406,1,41.380718,-72.90071,3016862,12/8/18,11:25:00,A,"Injury of any type (Serious, Minor, Possible)",C,Possible Injury (C),2,State,51.76,15,15-N,15-N,EXIT 61,,,,,1,Clear,1,Daylight,1,Dry,64800,"Trafficway, On Road",12/8/18 11:25
1247,493990,1,41.368468,-72.919788,3012449,12/8/18,13:23:00,A,"Injury of any type (Serious, Minor, Possible)",C,Possible Injury (C),2,State,7.25,10,CT-10,10-N,,Connolly Pkwy,1,TenthsofMile,N,1,Clear,1,Daylight,1,Dry,23700,"Trafficway, On Road",12/8/18 13:23
6297,493991,1,41.366935,-72.91966,3012450,12/8/18,14:49:00,O,Property Damage Only,O,No Apparent Injury (O),2,Local,0.2,111,CONNOLLY PKWY,CONNOLLY PKWY,,Dixwell Avenue,264,Feet,E,1,Clear,1,Daylight,1,Dry,8600,"Trafficway, On Road",12/8/18 14:49
3609,491788,1,41.365425,-72.926754,3010248,12/8/18,19:38:00,O,Property Damage Only,O,No Apparent Injury (O),1,State,49.97,15,15-S,15-S,,EXIT 60,400,Feet,S,1,Clear,5,Dark-Not Lighted,1,Dry,79900,"Trafficway, On Road",12/8/18 19:38
2521,493993,1,41.338419,-72.939267,3012452,12/8/18,20:54:00,A,"Injury of any type (Serious, Minor, Possible)",B,Suspected Minor Injury (B),2,State,4.8,10,CT-10,10-N,BURKE ST,,,,,1,Clear,4,Dark-Lighted,1,Dry,12300,"Trafficway, On Road",12/8/18 20:54
8165,496226,1,41.337826,-72.902066,3014683,12/9/18,0:44:00,A,"Injury of any type (Serious, Minor, Possible)",C,Possible Injury (C),1,Local,0.19,452,RIDGE RD,RIDGE RD,,Park Rd,200,Feet,N,1,Clear,4,Dark-Lighted,1,Dry,9100,"Trafficway, On Road",12/9/18 0:44
3063,504799,1,41.35909,-72.939323,3023253,12/9/18,11:33:00,O,Property Damage Only,O,No Apparent Injury (O),2,State,49.17,15,15-N,15-N,,Exit 60,8,TenthsofMile,S,1,Clear,1,Daylight,1,Dry,79900,"Trafficway, On Road",12/9/18 11:33
3870,512483,1,41.372729,-72.911576,3030936,12/9/18,12:13:00,O,Property Damage Only,O,No Apparent Injury (O),2,State,50.97,15,15-S,15-S,,Exit 60,8,TenthsofMile,N,1,Clear,1,Daylight,1,Dry,71800,"Trafficway, On Road",12/9/18 12:13
5117,493994,1,41.346041,-72.912519,3012453,12/9/18,17:19:00,O,Property Damage Only,O,No Apparent Injury (O),2,State,0.94,707,WHITNEY AV,707-N,LAKE RD,,,,,1,Clear,4,Dark-Lighted,1,Dry,13500,"Trafficway, On Road",12/9/18 17:19
8070,493995,1,41.346024,-72.912455,3012454,12/10/18,11:09:00,O,Property Damage Only,O,No Apparent Injury (O),2,Local,0,439,PUTNAM AV,PUTNAM AV,WHITNEY,,,,,1,Clear,1,Daylight,1,Dry,10000,"Trafficway, On Road",12/10/18 11:09
8589,494411,1,41.408174,-72.910765,3012870,12/10/18,15:27:00,O,Property Damage Only,O,No Apparent Injury (O),1,Local,1.49,491,SHERMAN AV,SHERMAN AV NO 1,,Old Hill Rd,500,Feet,W,1,Clear,1,Daylight,1,Dry,5600,"Trafficway, On Road",12/10/18 15:27
29,493996,1,41.364352,-72.922775,3012455,12/10/18,17:23:00,A,"Injury of any type (Serious, Minor, Possible)",C,Possible Injury (C),3,State,6.93,10,CT-10,10-N,WEYBOSSET ST,,,,,1,Clear,4,Dark-Lighted,1,Dry,41100,"Trafficway, On Road",12/10/18 17:23
3860,491799,1,41.378768,-72.904128,3010259,12/10/18,17:55:00,O,Property Damage Only,O,No Apparent Injury (O),2,State,51.57,15,15-S,15-S,,Exit 61,,,,1,Clear,5,Dark-Not Lighted,1,Dry,71800,"Trafficway, On Road",12/10/18 17:55
3225,491800,1,41.378746,-72.903869,3010260,12/10/18,18:08:00,O,Property Damage Only,O,No Apparent Injury (O),2,State,51.57,15,15-N,15-N,EXIT 61,Exit 61,,,,1,Clear,5,Dark-Not Lighted,1,Dry,71800,"Trafficway, On Road",12/10/18 18:08
4346,504802,1,41.378106,-72.905318,3023256,12/11/18,8:38:00,O,Property Damage Only,O,No Apparent Injury (O),2,State,0.18,15,15-S,15-S-122,Rt 15,,,,,1,Clear,1,Daylight,1,Dry,9300,"Trafficway, On Road",12/11/18 8:38
8071,494818,1,41.345808,-72.913609,3013275,12/11/18,16:35:00,A,"Injury of any type (Serious, Minor, Possible)",B,Suspected Minor Injury (B),2,Local,0.06,439,PUTNAM AV,PUTNAM AV,,Whitney Ave,1,TenthsofMile,E,1,Clear,4,Dark-Lighted,1,Dry,10000,"Trafficway, On Road",12/11/18 16:35
3863,495812,1,41.378037,-72.905366,3014269,12/12/18,7:52:00,O,Property Damage Only,O,No Apparent Injury (O),2,State,51.45,15,15-S,15-S,EXIT 61,,,,,1,Clear,1,Daylight,1,Dry,71800,"Trafficway, On Road",12/12/18 7:52
8895,494819,1,41.424439,-72.906352,3013276,12/12/18,9:03:00,O,Property Damage Only,O,No Apparent Injury (O),2,Local,0.58,525,TODD ST,TODD ST,,Whitney Ave,150,Feet,W,1,Clear,1,Daylight,1,Dry,1800,"Trafficway, On Road",12/12/18 9:03
1910,494820,1,41.420807,-72.904601,3013277,12/12/18,9:22:00,A,"Injury of any type (Serious, Minor, Possible)",B,Suspected Minor Injury (B),3,State,11.49,10,CT-10,10-N,,Mt Carmel Ave.,2,TenthsofMile,S,1,Clear,1,Daylight,1,Dry,19100,"Trafficway, On Road",12/12/18 9:22
7093,496227,1,41.351326,-72.901321,3014684,12/12/18,12:18:00,O,Property Damage Only,O,No Apparent Injury (O),2,Local,0.95,242,HARTFORD TPK,HARTFORD TPK,,FOOTE ST,100,Feet,S,1,Clear,1,Daylight,1,Dry,3600,"Trafficway, On Road",12/12/18 12:18
7248,494509,1,41.392992,-72.926978,3012967,12/12/18,13:22:00,A,"Injury of any type (Serious, Minor, Possible)",C,Possible Injury (C),2,Local,0.1,300,KIRK RD,KIRK RD,BEAR PATH RD,,,,,1,Clear,1,Daylight,1,Dry,,"Trafficway, On Road",12/12/18 13:22
3454,491813,1,41.37882535,-72.90309956,3010273,12/12/18,14:42:00,O,Property Damage Only,O,No Apparent Injury (O),2,State,0.19,15,15-N,15-N-124,,Route 15 North,25,Feet,S,1,Clear,1,Daylight,1,Dry,9300,"Trafficway, On Road",12/12/18 14:42
5118,493998,1,41.3401,-72.912939,3012457,12/12/18,17:35:00,O,Property Damage Only,O,No Apparent Injury (O),2,State,0.52,707,WHITNEY AV,707-N,BLAKE RD,,,,,1,Clear,4,Dark-Lighted,1,Dry,13500,"Trafficway, On Road",12/12/18 17:35
6159,500678,1,41.354817,-72.936493,3019134,12/12/18,17:35:00,O,Property Damage Only,O,No Apparent Injury (O),2,Local,0.79,99,CIRCULAR AV,CIRCULAR AV,,church street,25,Feet,S,1,Clear,4,Dark-Lighted,1,Dry,7100,"Trafficway, On Road",12/12/18 17:35
3058,493878,1,41.364028,-72.928926,3012337,12/12/18,22:08:00,O,Property Damage Only,O,No Apparent Injury (O),2,State,49.81,15,15-N,15-N,,Exit 60,1,TenthsofMile,S,1,Clear,5,Dark-Not Lighted,1,Dry,79900,"Trafficway, On Road",12/12/18 22:08
5853,500487,1,41.36291,-72.92434,3018943,12/13/18,7:48:00,O,Property Damage Only,O,No Apparent Injury (O),2,Local,0.03,42,BENHAM ST,BENHAM ST,,DIXWELL AVE,121,Feet,W,1,Clear,1,Daylight,1,Dry,12600,"Trafficway, On Road",12/13/18 7:48
1373,493999,1,41.3509,-72.931,3012458,12/13/18,8:59:00,A,"Injury of any type (Serious, Minor, Possible)",B,Suspected Minor Injury (B),2,State,5.91,10,CT-10,10-N,,Beacon St.,50,Feet,S,2,Cloudy,1,Daylight,1,Dry,23400,"Trafficway, On Road",12/13/18 8:59
3864,495820,1,41.378047,-72.905358,3014277,12/13/18,17:04:00,O,Property Damage Only,O,No Apparent Injury (O),2,State,51.45,15,15-S,15-S,EXIT 61,,,,,1,Clear,5,Dark-Not Lighted,1,Dry,71800,"Trafficway, On Road",12/13/18 17:04
1249,496228,1,41.370879,-72.918321,3014685,12/13/18,17:41:00,O,Property Damage Only,O,No Apparent Injury (O),2,State,7.43,10,CT-10,10-N,,SKIFF STREET,1,TenthsofMile,S,1,Clear,4,Dark-Lighted,1,Dry,23700,"Trafficway, On Road",12/13/18 17:41
4343,495822,1,41.378146,-72.905306,3014279,12/13/18,17:49:00,O,Property Damage Only,O,No Apparent Injury (O),2,State,0.18,15,15-S,15-S-122,,15-S,40,Feet,W,2,Cloudy,5,Dark-Not Lighted,1,Dry,9300,"Trafficway, On Road",12/13/18 17:49
2061,496229,1,41.42812,-72.906155,3014686,12/13/18,21:03:00,A,"Injury of any type (Serious, Minor, Possible)",B,Suspected Minor Injury (B),2,State,11.99,10,CT-10,10-N,,TUTTLE AV,150,Feet,S,1,Clear,4,Dark-Lighted,1,Dry,17600,"Trafficway, On Road",12/13/18 21:03
9088,494001,1,41.433828,-72.936165,3012460,12/14/18,6:43:00,O,Property Damage Only,O,No Apparent Injury (O),1,Local,0.31,573,WEST TODD ST,WEST TODD ST,,Busher Ln,200,Feet,E,1,Clear,4,Dark-Lighted,1,Dry,,"Trafficway, On Road",12/14/18 6:43
4616,494002,1,41.403581,-72.89834,3012461,12/14/18,8:05:00,O,Property Damage Only,O,No Apparent Injury (O),2,State,0,40,40-N,40-N-9,10-N,,,,,1,Clear,1,Daylight,1,Dry,1800,"Trafficway, On Road",12/14/18 8:05
6420,500437,1,41.33698,-72.93517,3018893,12/14/18,11:27:00,O,Property Damage Only,O,No Apparent Injury (O),2,Local,0.11,142,DIXWELL AV,DIXWELL AV NO 1,EASTON ST,,,,,2,Cloudy,1,Daylight,1,Dry,15600,"Trafficway, On Road",12/14/18 11:27
846,496230,1,41.404852,-72.898705,3014687,12/14/18,14:19:00,O,Property Damage Only,O,No Apparent Injury (O),2,State,10.34,10,CT-10,10-N,,Woodruff St.,200,Feet,S,2,Cloudy,1,Daylight,1,Dry,25300,"Trafficway, On Road",12/14/18 14:19
4342,493691,1,41.37809,-72.905339,3012150,12/14/18,15:09:00,O,Property Damage Only,O,No Apparent Injury (O),2,State,0.18,15,15-S,15-S-122,,R/L ,10,Feet,N,1,Clear,1,Daylight,1,Dry,9300,"Trafficway, On Road",12/14/18 15:09
6775,494412,1,41.384792,-72.921505,3012871,12/14/18,16:28:00,O,Property Damage Only,O,No Apparent Injury (O),2,Local,0.57,197,FOUR ROD RD,FOUR ROD RD,SHEPARD AVE,,,,,1,Clear,3,Dusk,1,Dry,1600,"Trafficway, On Road",12/14/18 16:28
575,496231,1,41.344579,-72.934359,3014688,12/14/18,17:12:00,O,Property Damage Only,O,No Apparent Injury (O),2,State,5.43,10,CT-10,10-N,,Woodin Street ,30,Feet,N,1,Clear,4,Dark-Lighted,1,Dry,26700,"Trafficway, On Road",12/14/18 17:12
4068,495841,1,41.365755,-72.925082,3014298,12/14/18,17:43:00,O,Property Damage Only,O,No Apparent Injury (O),2,State,50.06,15,15-S,15-S,,exit 60,1,TenthsofMile,S,1,Clear,5,Dark-Not Lighted,1,Dry,66000,"Trafficway, On Road",12/14/18 17:43
5180,494413,1,41.371052,-72.906376,3012872,12/14/18,18:31:00,O,Property Damage Only,O,No Apparent Injury (O),2,State,2.74,707,WHITNEY AV,707-N,SKIFF ST,,,,W,1,Clear,4,Dark-Lighted,1,Dry,13300,"Trafficway, On Road",12/14/18 18:31
5119,496233,1,41.346058,-72.912522,3014690,12/14/18,19:25:00,O,Property Damage Only,O,No Apparent Injury (O),2,State,0.94,707,WHITNEY AV,707-N,LAKE RD,,,,,1,Clear,4,Dark-Lighted,1,Dry,13500,"Trafficway, On Road",12/14/18 19:25
1123,518523,1,41.33981,-72.935238,3036974,12/15/18,11:04:00,O,Property Damage Only,O,No Apparent Injury (O),2,State,5.1,10,CT-10,10-N,,PINE STREET,75,Feet,N,1,Clear,1,Daylight,1,Dry,24100,"Trafficway, On Road",12/15/18 11:04
849,501123,1,41.41344,-72.901954,3019579,12/15/18,13:10:00,O,Property Damage Only,O,No Apparent Injury (O),2,State,10.96,10,CT-10,10-N,,Sherman Avenue,300,Feet,S,1,Clear,1,Daylight,1,Dry,25300,"Trafficway, On Road",12/15/18 13:10
844,494414,1,41.413426,-72.901874,3012873,12/15/18,18:36:00,A,"Injury of any type (Serious, Minor, Possible)",C,Possible Injury (C),1,State,10.96,10,CT-10,10-N,,Sherman Avenue,150,Feet,S,1,Clear,4,Dark-Lighted,1,Dry,25300,"Trafficway, Not on Road",12/15/18 18:36