,CrashId,Fatal Case Status,lat,lon,DOT Case Number,Date Of Crash,Time of Crash,Crash Severity,Crash Severity Text Format,Most Severe Injury,Most Severe Injury Text Format,Number Of Motor Vehicles,Route Class Text Format,Milemarker,Road Number,Road Description,Roadway Name,Intersecting Roadway Name,Landmark Description,Distance From Nearest Landmark,Unit Of Measure From Nearest Landmark,Direction From Nearest Landmark,Weather Condition,Weather Condition Text Format,Light Condition,Light Condition Text Format,Road Surface Condition,Road Surface Condition Text Format,Average Daily Traffic,Trafficway Class Text Format,full_date
8863,496236,1,41.3437,-72.9355,3014693,12/16/18,1:06:00,O,Property Damage Only,O,No Apparent Injury (O),2,Local,0.21,518,THIRD ST,THIRD ST,,Dixwell Avenue,0.25,TenthsofMile,W,1,Clear,4,Dark-Lighted,1,Dry,,"Trafficway, On Road",12/16/18 1:06
1375,501657,1,41.353894,-72.929513,3020113,12/16/18,10:51:00,O,Property Damage Only,O,No Apparent Injury (O),2,State,6.13,10,CT-10,10-N,TREADWELL ST,,,,,1,Clear,1,Daylight,1,Dry,23400,"Trafficway, On Road",12/16/18 10:51
2522,494170,1,41.338433,-72.939252,3012629,12/16/18,13:23:00,O,Property Damage Only,O,No Apparent Injury (O),2,State,4.8,10,CT-10,10-N,BURKE ST,,,,,4,Rain,1,Daylight,2,Wet,12300,"Trafficway, On Road",12/16/18 13:23
4302,495873,1,41.36625017,-72.92192095,3014330,12/16/18,16:09:00,O,Property Damage Only,O,No Apparent Injury (O),2,State,0.16,15,15-S,15-S-119,,Stop sign,5,Feet,S,4,Rain,3,Dusk,2,Wet,9300,"Trafficway, On Road",12/16/18 16:09
7614,494171,1,41.341126,-72.940147,3012630,12/16/18,17:55:00,O,Property Damage Only,O,No Apparent Injury (O),2,Local,0.06,371,MOTT ST,MOTT ST,,Warner St,20,Feet,W,4,Rain,1,Daylight,2,Wet,250,"Trafficway, On Road",12/16/18 17:55
4837,494172,1,41.344327,-72.894912,3012631,12/16/18,20:11:00,O,Property Damage Only,O,No Apparent Injury (O),1,USRoute,2.23,5,US-5,5-N,FERNWOOD DR,,,,,4,Rain,4,Dark-Lighted,2,Wet,9300,"Trafficway, On Road",12/16/18 20:11
1120,494003,1,41.33889,-72.935206,3012462,12/17/18,11:03:00,O,Property Damage Only,O,No Apparent Injury (O),2,State,5.04,10,CT-10,10-N,,MORSE ST,205,Feet,N,2,Cloudy,1,Daylight,1,Dry,24100,"Trafficway, On Road",12/17/18 11:03
8179,496237,1,41.345783,-72.902232,3014694,12/17/18,13:04:00,O,Property Damage Only,O,No Apparent Injury (O),1,Local,0.74,452,RIDGE RD,RIDGE RD,FERNWOOD DR,,,,,2,Cloudy,1,Daylight,1,Dry,6000,"Trafficway, On Road",12/17/18 13:04
5469,494730,1,41.38320314,-72.89852186,3013187,12/17/18,14:59:00,O,Property Damage Only,O,No Apparent Injury (O),2,State,0.17,717,DIXWELL AV,717-E,,Washington Street,1,TenthsofMile,E,1,Clear,1,Daylight,1,Dry,18600,"Trafficway, On Road",12/17/18 14:59
3060,495899,1,41.364766,-72.927727,3014356,12/17/18,16:46:00,A,"Injury of any type (Serious, Minor, Possible)",B,Suspected Minor Injury (B),2,State,49.89,15,15-N,15-N,,EXIT 60,1,TenthsofMile,S,1,Clear,5,Dark-Not Lighted,1,Dry,79900,"Trafficway, On Road",12/17/18 16:46
1374,496839,1,41.350103,-72.931954,3015296,12/17/18,17:07:00,O,Property Damage Only,O,No Apparent Injury (O),2,State,5.84,10,CT-10,10-N,,Collins St,100,Feet,N,1,Clear,4,Dark-Lighted,1,Dry,23400,"Trafficway, On Road",12/17/18 17:07
4743,494249,1,41.332225,-72.900451,3012708,12/17/18,17:26:00,A,"Injury of any type (Serious, Minor, Possible)",C,Possible Injury (C),3,USRoute,1.33,5,US-5,5-N,,BENTON STREET,1,TenthsofMile,N,1,Clear,4,Dark-Lighted,1,Dry,14100,"Trafficway, On Road",12/17/18 17:26
8393,494004,1,41.391482,-72.922668,3012463,12/17/18,17:26:00,O,Property Damage Only,O,No Apparent Injury (O),2,Local,1.13,489,SHEPARD AV,SHEPARD AV,SHERMAN AV NO 1,,,,,1,Clear,4,Dark-Lighted,1,Dry,1400,"Trafficway, On Road",12/17/18 17:26
7831,496238,1,41.329586,-72.899792,3014695,12/17/18,18:20:00,A,"Injury of any type (Serious, Minor, Possible)",B,Suspected Minor Injury (B),1,Local,0.06,414,PARK RD,PARK RD,,State Street,300,Feet,W,1,Clear,4,Dark-Lighted,2,Wet,2800,"Trafficway, Not on Road",12/17/18 18:20
847,496840,1,41.412392,-72.901528,3015297,12/17/18,18:23:00,O,Property Damage Only,O,No Apparent Injury (O),1,State,10.89,10,CT-10,10-N,,Evergreen Av,1,TenthsofMile,N,1,Clear,4,Dark-Lighted,1,Dry,25300,"Trafficway, On Road",12/17/18 18:23
4664,498141,1,41.328154,-72.897785,3016597,12/17/18,21:51:00,A,"Injury of any type (Serious, Minor, Possible)",B,Suspected Minor Injury (B),4,USRoute,1.01,5,US-5,5-N,,Merrit Street,5,TenthsofMile,S,1,Clear,4,Dark-Lighted,1,Dry,17700,"Trafficway, On Road",12/17/18 21:51
3061,495906,1,41.364726,-72.92777,3014363,12/17/18,21:53:00,O,Property Damage Only,O,No Apparent Injury (O),1,State,49.89,15,15-N,15-N,,EXIT 60,1,TenthsofMile,S,1,Clear,5,Dark-Not Lighted,1,Dry,79900,"Trafficway, On Road",12/17/18 21:53
3463,505172,1,41.38011769,-72.90080128,3023626,12/18/18,8:10:00,O,Property Damage Only,O,No Apparent Injury (O),2,State,0.19,15,15-N,15-N-125,,,,,,1,Clear,1,Daylight,1,Dry,9300,"Trafficway, On Road",12/18/18 8:10
7461,502816,1,41.376453,-72.920222,3021272,12/18/18,8:41:00,O,Property Damage Only,O,No Apparent Injury (O),2,Local,0.95,366,MIX AV,MIX AV,SKIFF ST EXT,,,,,1,Clear,1,Daylight,1,Dry,4000,"Trafficway, On Road",12/18/18 8:41
5703,494731,1,41.36369,-72.910892,3013188,12/18/18,9:02:00,O,Property Damage Only,O,No Apparent Injury (O),2,Local,0.21,15,ARDMORE ST,ARDMORE ST,,ARDMORE STREET,1,TenthsofMile,E,1,Clear,1,Daylight,1,Dry,1400,"Trafficway, On Road",12/18/18 9:02
174,500679,1,41.367106,-72.920713,3019135,12/18/18,13:11:00,O,Property Damage Only,O,No Apparent Injury (O),2,State,7.14,10,CT-10,10-N,CONNOLLY PKWY,,,,,1,Clear,1,Daylight,1,Dry,33100,"Trafficway, On Road",12/18/18 13:11
4838,494511,1,41.349519,-72.892649,3012969,12/18/18,14:24:00,A,"Injury of any type (Serious, Minor, Possible)",C,Possible Injury (C),2,USRoute,2.62,5,US-5,5-N,FOOTE ST,,,,,1,Clear,1,Daylight,1,Dry,9300,"Trafficway, On Road",12/18/18 14:24
7725,496239,1,41.349076,-72.932692,3014696,12/18/18,15:42:00,O,Property Damage Only,O,No Apparent Injury (O),2,Local,0.13,386,NEWTON ST,NEWTON ST,,Dixwell Ave,50,Feet,W,1,Clear,1,Daylight,1,Dry,,"Trafficway, On Road",12/18/18 15:42
5531,494732,1,41.38343,-72.901619,3013189,12/18/18,17:19:00,O,Property Damage Only,O,No Apparent Injury (O),2,State,0.01,717,DIXWELL AV,717-E,,Whitney Avenue,80,Feet,E,1,Clear,4,Dark-Lighted,1,Dry,15400,"Trafficway, On Road",12/18/18 17:19
30,494512,1,41.363491,-72.923399,3012970,12/19/18,8:14:00,A,"Injury of any type (Serious, Minor, Possible)",C,Possible Injury (C),2,State,6.86,10,CT-10,10-N,,PALMER AVE,100,Feet,S,1,Clear,1,Daylight,1,Dry,41100,"Trafficway, On Road",12/19/18 8:14
845,494513,1,41.404675,-72.898705,3012971,12/19/18,8:23:00,O,Property Damage Only,O,No Apparent Injury (O),2,State,10.33,10,CT-10,10-N,,Dickerman Rd,300,Feet,N,1,Clear,1,Daylight,1,Dry,25300,"Trafficway, On Road",12/19/18 8:23
3317,505214,1,41.365724,-72.923791,3023668,12/19/18,13:01:00,O,Property Damage Only,O,No Apparent Injury (O),2,State,50.11,15,15-N,15-N,,Exit 60,6,TenthsofMile,N,1,Clear,1,Daylight,1,Dry,66000,"Trafficway, On Road",12/19/18 13:01
3497,500224,1,41.380609,-72.900775,3018680,12/19/18,13:17:00,O,Property Damage Only,O,No Apparent Injury (O),2,State,0.22,15,15-N,15-N-125,,15-N,40,Feet,E,1,Clear,1,Daylight,1,Dry,2300,"Trafficway, On Road",12/19/18 13:17
2165,494733,1,41.383634,-72.903962,3013190,12/19/18,17:58:00,O,Property Damage Only,O,No Apparent Injury (O),2,State,8.7,10,CT-10,10-N,,WHITNEY AVENUE,1,TenthsofMile,W,1,Clear,4,Dark-Lighted,1,Dry,17000,"Trafficway, On Road",12/19/18 17:58
32,498142,1,41.364729,-72.922541,3016598,12/20/18,14:30:00,A,"Injury of any type (Serious, Minor, Possible)",C,Possible Injury (C),2,State,6.96,10,CT-10,10-N,DEWEY ST,,,,,1,Clear,1,Daylight,1,Dry,41100,"Trafficway, On Road",12/20/18 14:30
7923,496842,1,41.35009724,-72.94354381,3015299,12/20/18,15:52:00,O,Property Damage Only,O,No Apparent Injury (O),2,Local,0.29,429,PINE ROCK AV,PINE ROCK AV NO 1,HELEN,,,,,2,Cloudy,1,Daylight,1,Dry,5500,"Trafficway, On Road",12/20/18 15:52
8020,496843,1,41.343634,-72.926599,3015300,12/20/18,18:05:00,A,"Injury of any type (Serious, Minor, Possible)",C,Possible Injury (C),2,Local,0.75,439,PUTNAM AV,PUTNAM AV,,Newhall St,50,Feet,W,1,Clear,4,Dark-Lighted,1,Dry,11500,"Trafficway, On Road",12/20/18 18:05
7931,496844,1,41.354172,-72.941627,3015301,12/20/18,20:44:00,O,Property Damage Only,O,No Apparent Injury (O),2,,,,PINE ROCK AV,763 PINE ROCK AV,,,,,,4,Rain,4,Dark-Lighted,2,Wet,,"Trafficway, Not on Road",12/20/18 20:44
4840,502817,1,41.355663,-72.890839,3021273,12/20/18,20:59:00,A,"Injury of any type (Serious, Minor, Possible)",C,Possible Injury (C),1,USRoute,3.04,5,US-5,5-N,,Daniel Rd,200,Feet,S,4,Rain,4,Dark-Lighted,2,Wet,9300,Non-trafficway,12/20/18 20:59
7333,500488,1,41.346248,-72.94375,3018944,12/20/18,22:24:00,O,Property Damage Only,O,No Apparent Injury (O),2,Local,0.04,329,LONGMEADOW AV,LONGMEADOW AV,,Woodin St,200,Feet,N,1,Clear,4,Dark-Lighted,1,Dry,,"Trafficway, On Road",12/20/18 22:24
4344,498560,1,41.378105,-72.905326,3017016,12/20/18,22:39:00,O,Property Damage Only,O,No Apparent Injury (O),2,State,0.18,15,15-S,15-S-122,,ENT 61,5,Feet,S,4,Rain,5,Dark-Not Lighted,2,Wet,9300,"Trafficway, On Road",12/20/18 22:39
1251,496845,1,41.367335,-72.920678,3015302,12/21/18,7:41:00,O,Property Damage Only,O,No Apparent Injury (O),2,State,7.15,10,CT-10,10-N,,CONNOLLY PKWY,30,Feet,N,4,Rain,1,Daylight,2,Wet,23700,"Trafficway, On Road",12/21/18 7:41
7686,496847,1,41.33972,-72.926545,3015304,12/21/18,11:47:00,O,Property Damage Only,O,No Apparent Injury (O),2,Local,0.27,385,NEWHALL ST,NEWHALL ST,MILL ROCK RD,,,,,4,Rain,1,Daylight,2,Wet,7500,"Trafficway, On Road",12/21/18 11:47
3866,500951,1,41.378122,-72.905311,3019407,12/21/18,15:09:00,O,Property Damage Only,O,No Apparent Injury (O),2,State,51.46,15,15-S,15-S,,EXIT 61,100,Feet,S,4,Rain,1,Daylight,2,Wet,71800,"Trafficway, On Road",12/21/18 15:09
5341,498143,1,41.356013,-72.911779,3016599,12/21/18,20:15:00,A,"Injury of any type (Serious, Minor, Possible)",C,Possible Injury (C),2,State,1.65,707,WHITNEY AV,707-N,WAITE ST,,,,,1,Clear,4,Dark-Lighted,1,Dry,11300,"Trafficway, On Road",12/21/18 20:15
1254,498144,1,41.374924,-72.91599,3016600,12/21/18,23:04:00,O,Property Damage Only,O,No Apparent Injury (O),2,State,7.7,10,CT-10,10-N,,SKIFF STREET,100,Feet,N,1,Clear,4,Dark-Lighted,1,Dry,23700,"Trafficway, On Road",12/21/18 23:04
8289,498145,1,41.38476,-72.903475,3016601,12/22/18,0:16:00,O,Property Damage Only,O,No Apparent Injury (O),2,Local,0.18,480,SCHOOL ST,SCHOOL ST,,Whitney Ave,1,TenthsofMile,W,1,Clear,4,Dark-Lighted,2,Wet,5300,"Trafficway, On Road",12/22/18 0:16
31,496934,1,41.36436,-72.922829,3015391,12/22/18,11:34:00,O,Property Damage Only,O,No Apparent Injury (O),2,State,6.93,10,CT-10,10-N,WEYBOSSET ST,,,,,1,Clear,1,Daylight,1,Dry,41100,"Trafficway, On Road",12/22/18 11:34
7222,496848,1,41.379566,-72.924786,3015305,12/22/18,11:43:00,O,Property Damage Only,O,No Apparent Injury (O),2,Local,0.32,273,HOWARD DR,HOWARD DR,SKIFF ST EXT,,,,,1,Clear,1,Daylight,1,Dry,2900,"Trafficway, On Road",12/22/18 11:43
3865,498300,1,41.37890676,-72.9038597,3016756,12/22/18,15:38:00,A,"Injury of any type (Serious, Minor, Possible)",C,Possible Injury (C),2,State,51.59,15,15-S,15-S,,Exit 61,2,TenthsofMile,N,1,Clear,1,Daylight,1,Dry,71800,"Trafficway, On Road",12/22/18 15:38
3062,496351,1,41.35374086,-72.95647297,3014808,12/22/18,18:21:00,O,Property Damage Only,O,No Apparent Injury (O),2,State,48.2,15,15-N,15-N,,Exit #60,10,TenthsofMile,S,1,Clear,5,Dark-Not Lighted,1,Dry,79900,"Trafficway, On Road",12/22/18 18:21
8962,498937,1,41.35603,-72.912101,3017393,12/22/18,22:02:00,O,Property Damage Only,O,No Apparent Injury (O),2,Local,0.68,548,WAITE ST,WAITE ST,,Whitney Avenue ,10,Feet,W,1,Clear,4,Dark-Lighted,1,Dry,3200,"Trafficway, On Road",12/22/18 22:02
7238,496850,1,41.423211,-72.927036,3015307,12/23/18,14:53:00,A,"Injury of any type (Serious, Minor, Possible)",C,Possible Injury (C),1,Local,0.29,290,JOHNSON RD,JOHNSON RD,,HILLFIELD RD,1,TenthsofMile,W,1,Clear,1,Daylight,1,Dry,,"Trafficway, Not on Road",12/23/18 14:53
4839,496851,1,41.344323,-72.894925,3015308,12/23/18,15:23:00,O,Property Damage Only,O,No Apparent Injury (O),2,USRoute,2.23,5,US-5,5-N,FERNWOOD DR,,,,,1,Clear,1,Daylight,1,Dry,9300,"Trafficway, On Road",12/23/18 15:23
2166,496203,1,41.383432,-72.901856,3014660,12/23/18,15:28:00,O,Property Damage Only,O,No Apparent Injury (O),2,State,8.8,10,CT-10,10-N,,WHITNEY AVE,5,Feet,E,1,Clear,1,Daylight,1,Dry,17000,"Trafficway, On Road",12/23/18 15:28
1252,496879,1,41.370161,-72.918572,3015336,12/23/18,20:08:00,O,Property Damage Only,O,No Apparent Injury (O),2,State,7.38,10,CT-10,10-N,,Skiff Street,1713,Feet,S,1,Clear,4,Dark-Lighted,1,Dry,23700,"Trafficway, On Road",12/23/18 20:08
8394,496880,1,41.428674,-72.915945,3015337,12/23/18,21:46:00,O,Property Damage Only,O,No Apparent Injury (O),2,Local,3.82,489,SHEPARD AV,SHEPARD AV,WEST TODD ST,,,,,1,Clear,6,Dark-Unknown Lighting,1,Dry,1400,"Trafficway, On Road",12/23/18 21:46
9131,496881,1,41.420097,-72.932855,3015338,12/24/18,7:56:00,A,"Injury of any type (Serious, Minor, Possible)",B,Suspected Minor Injury (B),1,Local,1.26,655,WEST WOODS RD,WEST WOODS RD NO 2,,Fans Rock Road,55,Feet,N,7,Snow,1,Daylight,3,Snow,1700,"Trafficway, On Road",12/24/18 7:56
2337,498938,1,41.45393,-72.90837,3017394,12/24/18,10:56:00,O,Property Damage Only,O,No Apparent Injury (O),1,State,13.8,10,CT-10,10-N,WILLOW ST,,,,,2,Cloudy,1,Daylight,1,Dry,15400,"Trafficway, On Road",12/24/18 10:56
5532,496935,1,41.383295,-72.90069,3015392,12/24/18,11:56:00,O,Property Damage Only,O,No Apparent Injury (O),2,State,0.06,717,DIXWELL AV,717-E,,Washington Ave.,1,TenthsofMile,W,2,Cloudy,1,Daylight,2,Wet,15400,"Trafficway, On Road",12/24/18 11:56
8698,496936,1,41.373887,-72.914098,3015393,12/24/18,12:31:00,O,Property Damage Only,O,No Apparent Injury (O),2,Local,0.44,494,SKIFF ST,SKIFF ST,,Dixwell Ave.,2,TenthsofMile,E,2,Cloudy,1,Daylight,2,Wet,24000,"Trafficway, On Road",12/24/18 12:31
2461,501134,1,41.374374,-72.915937,3019590,12/24/18,22:00:00,A,"Injury of any type (Serious, Minor, Possible)",C,Possible Injury (C),2,Local,0,144,CT-10,DIXWELL AV NO 2 RT 10 NB,SKIFF ST,,,,,1,Clear,4,Dark-Lighted,1,Dry,12700,"Trafficway, On Road",12/24/18 22:00
8072,497306,1,41.343683,-72.926396,3015763,12/25/18,21:23:00,O,Property Damage Only,O,No Apparent Injury (O),2,Local,0.74,439,PUTNAM AV,PUTNAM AV,LEEDER HILL DR,,,,,1,Clear,4,Dark-Lighted,1,Dry,10000,"Trafficway, On Road",12/25/18 21:23
6009,496852,1,41.354464,-72.944974,3015309,12/26/18,6:32:00,O,Property Damage Only,O,No Apparent Injury (O),2,Local,0.22,63,BROOK ST,BROOK ST,,Wintergreen Avenue,93,Feet,S,1,Clear,5,Dark-Not Lighted,1,Dry,3100,Non-trafficway,12/26/18 6:32
7195,500489,1,41.400308,-72.939883,3018945,12/26/18,17:23:00,A,"Injury of any type (Serious, Minor, Possible)",C,Possible Injury (C),2,Local,1.32,261,HILL ST,HILL ST,,West Shepard Av,25,Feet,S,1,Clear,4,Dark-Lighted,1,Dry,,"Trafficway, On Road",12/26/18 17:23
1911,498939,1,41.424334,-72.905782,3017395,12/26/18,23:27:00,O,Property Damage Only,O,No Apparent Injury (O),2,State,11.73,10,CT-10,10-N,TODD ST,,,,,1,Clear,4,Dark-Lighted,1,Dry,19100,"Trafficway, On Road",12/26/18 23:27
5852,498146,1,41.364563,-72.929293,3016602,12/27/18,14:42:00,O,Property Damage Only,O,No Apparent Injury (O),2,Local,0.3,42,BENHAM ST,BENHAM ST,MIX AV,,,,,1,Clear,1,Daylight,1,Dry,12600,"Trafficway, On Road",12/27/18 14:42
3867,502303,1,41.378119,-72.905339,3020759,12/27/18,18:46:00,O,Property Damage Only,O,No Apparent Injury (O),2,State,51.46,15,15-S,15-S,,EXIT 61,100,Feet,S,1,Clear,5,Dark-Not Lighted,1,Dry,71800,"Trafficway, On Road",12/27/18 18:46
3868,502304,1,41.378119,-72.905339,3020760,12/27/18,20:28:00,A,"Injury of any type (Serious, Minor, Possible)",C,Possible Injury (C),2,State,51.46,15,15-S,15-S,,EXIT 54,1,TenthsofMile,S,1,Clear,4,Dark-Lighted,1,Dry,71800,"Trafficway, On Road",12/27/18 20:28
6989,499708,1,41.349449,-72.940047,3018164,12/27/18,20:40:00,O,Property Damage Only,O,No Apparent Injury (O),2,Local,0.21,226,GORHAM AV,GORHAM AV,LANGER ST,,,,,1,Clear,4,Dark-Lighted,1,Dry,1600,"Trafficway, On Road",12/27/18 20:40
4345,502305,1,41.378094,-72.905318,3020761,12/28/18,9:22:00,O,Property Damage Only,O,No Apparent Injury (O),2,State,0.18,15,15-S,15-S-122,,15-S,20,Feet,W,4,Rain,1,Daylight,2,Wet,9300,"Trafficway, On Road",12/28/18 9:22
3950,502306,1,41.381783,-72.899201,3020762,12/28/18,12:52:00,O,Property Damage Only,O,No Apparent Injury (O),2,State,51.91,15,15-S,15-S,,EXIT 62,500,Feet,N,4,Rain,1,Daylight,2,Wet,68700,"Trafficway, On Road",12/28/18 12:52
3316,502307,1,41.365549,-72.925515,3020763,12/28/18,13:30:00,O,Property Damage Only,O,No Apparent Injury (O),2,State,50.02,15,15-N,15-N,,EXIT 60,100,Feet,N,4,Rain,1,Daylight,2,Wet,66000,"Trafficway, On Road",12/28/18 13:30
7666,498941,1,41.403532,-72.89564,3017397,12/28/18,13:52:00,O,Property Damage Only,O,No Apparent Injury (O),2,Local,0,382,NEW RD,NEW RD,,,,,,2,Cloudy,1,Daylight,1,Dry,,"Trafficway, On Road",12/28/18 13:52
9289,500752,1,41.345514,-72.939536,3019208,12/29/18,12:04:00,O,Property Damage Only,O,No Apparent Injury (O),2,Local,1.43,598,WOODIN ST,WOODIN ST,BEAVER ST,,,,W,1,Clear,1,Daylight,1,Dry,5400,"Trafficway, On Road",12/29/18 12:04
4347,505255,1,41.378069,-72.905353,3023709,12/29/18,12:19:00,O,Property Damage Only,O,No Apparent Injury (O),2,State,0.18,15,15-S,15-S-122,,Route 15,10,Feet,N,1,Clear,1,Daylight,1,Dry,9300,"Trafficway, On Road",12/29/18 12:19
6802,500691,1,41.362964,-72.928315,3019147,12/29/18,14:32:00,O,Property Damage Only,O,No Apparent Injury (O),2,Local,0,206,GARFIELD ST,GARFIELD ST,ROOSEVELT ST,,,,,1,Clear,1,Daylight,1,Dry,,"Trafficway, On Road",12/29/18 14:32
9089,505527,1,41.432907,-72.927732,3023981,12/29/18,14:54:00,O,Property Damage Only,O,No Apparent Injury (O),2,Local,0.76,573,WEST TODD ST,WEST TODD ST,STILL HILL RD,,,,,1,Clear,1,Daylight,1,Dry,,"Trafficway, On Road",12/29/18 14:54
2460,499053,1,41.374484,-72.915843,3017509,12/29/18,16:51:00,A,"Injury of any type (Serious, Minor, Possible)",C,Possible Injury (C),2,Local,0,144,CT-10,DIXWELL AV NO 2 RT 10 NB,SKIFF ST,,,,,1,Clear,4,Dark-Lighted,1,Dry,12700,"Trafficway, On Road",12/29/18 16:51
8591,502818,1,41.395338,-72.920153,3021274,12/29/18,21:50:00,O,Property Damage Only,O,No Apparent Injury (O),1,Local,0.36,491,SHERMAN AV,SHERMAN AV NO 1,,Rossotto Dr,300,Feet,N,1,Clear,4,Dark-Lighted,1,Dry,5600,"Trafficway, Not on Road",12/29/18 21:50
4744,498112,1,41.334657,-72.900512,3016569,12/30/18,17:48:00,O,Property Damage Only,O,No Apparent Injury (O),2,USRoute,1.5,5,US-5,5-N,,MERRITT STREET ,10,Feet,S,1,Clear,4,Dark-Lighted,1,Dry,14100,"Trafficway, On Road",12/30/18 17:48
2207,499071,1,41.391928,-72.897871,3017527,12/31/18,9:59:00,A,"Injury of any type (Serious, Minor, Possible)",C,Possible Injury (C),1,State,9.43,10,CT-10,10-N,ELM ST,,,,,99,Unknown,99,Unknown,1,Dry,16900,"Trafficway, Not on Road",12/31/18 9:59
1986,500406,1,41.382988,-72.907778,3018862,12/31/18,14:08:00,A,"Injury of any type (Serious, Minor, Possible)",A,Suspected Serious Injury (A),2,State,8.49,10,CT-10,10-N,EVERGREEN AV,,,,,2,Cloudy,1,Daylight,1,Dry,18400,"Trafficway, On Road",12/31/18 14:08
8772,501449,1,41.375108,-72.917059,3019905,12/31/18,15:51:00,O,Property Damage Only,O,No Apparent Injury (O),2,Local,0.08,495,SKIFF ST EXT,SKIFF ST EXT,,Dixwell Avenue ,50,Feet,W,1,Clear,1,Daylight,1,Dry,9400,"Trafficway, On Road",12/31/18 15:51
8970,504972,1,41.3555,-72.9108,3023426,12/31/18,17:27:00,O,Property Damage Only,O,No Apparent Injury (O),2,Local,0.59,548,WAITE ST,WAITE ST,FORD ST,,,,,4,Rain,4,Dark-Lighted,2,Wet,2600,"Trafficway, On Road",12/31/18 17:27
508,499054,1,41.356773,-72.927581,3017510,12/31/18,17:30:00,O,Property Damage Only,O,No Apparent Injury (O),2,State,6.35,10,CT-10,10-N,,HOMESTEAD AVE,20,Feet,N,4,Rain,4,Dark-Lighted,2,Wet,27500,"Trafficway, On Road",12/31/18 17:30
848,499072,1,41.34836,-72.932815,3017528,12/31/18,17:48:00,O,Property Damage Only,O,No Apparent Injury (O),2,State,5.71,10,CT-10,10-N,SCOTT ST,,,,,4,Rain,4,Dark-Lighted,2,Wet,25300,"Trafficway, On Road",12/31/18 17:48
850,510278,1,41.3478808,-72.9331084,3028731,12/31/18,18:11:00,O,Property Damage Only,O,No Apparent Injury (O),2,State,5.67,10,CT-10,10-N,,Circular,100,Feet,N,4,Rain,4,Dark-Lighted,2,Wet,25300,"Trafficway, On Road",12/31/18 18:11
8021,499073,1,41.343659,-72.926375,3017529,1/1/19,1:41:00,A,"Injury of any type (Serious, Minor, Possible)",C,Possible Injury (C),3,Local,0.74,439,PUTNAM AV,PUTNAM AV,LEEDER HILL DR,,,,,4,Rain,4,Dark-Lighted,2,Wet,10200,"Trafficway, On Road",1/1/19 1:41
1181,635767,1,41.344538,-72.93434,919002,1/1/19,2:18:00,K,Fatal (Kill),K,Fatal Injury (K),3,State,5.42,10,CT-10,10-N,,WOODIN ST,30,Feet,N,4,Rain,4,Dark-Lighted,2,Wet,24000,"Trafficway, On Road",1/1/19 2:18
576,502819,1,41.34636,-72.933911,3021275,1/1/19,3:19:00,O,Property Damage Only,O,No Apparent Injury (O),2,State,5.56,10,CT-10,10-N,PUTNAM AV,,,,,4,Rain,4,Dark-Lighted,2,Wet,26600,"Trafficway, On Road",1/1/19 3:19
4234,503131,1,41.36619839,-72.92361542,3021585,1/1/19,11:25:00,A,"Injury of any type (Serious, Minor, Possible)",B,Suspected Minor Injury (B),2,State,0.05,15,15-S,15-S-119,,Entrance ramp #61,1,TenthsofMile,S,1,Clear,1,Daylight,1,Dry,9500,"Trafficway, On Road",1/1/19 11:25
2250,500692,1,41.387247,-72.900581,3019148,1/1/19,12:09:00,O,Property Damage Only,O,No Apparent Injury (O),2,State,9.08,10,CT-10,10-N,,Lincoln Street,395,Feet,S,1,Clear,1,Daylight,1,Dry,16800,"Trafficway, On Road",1/1/19 12:09
9133,552049,1,41.421382,-72.94583,3070484,1/1/19,15:25:00,O,Property Damage Only,O,No Apparent Injury (O),2,Local,0.38,655,WEST WOODS RD,WEST WOODS RD NO 2,,Talmadge Rd,1000,Feet,S,1,Clear,1,Daylight,1,Dry,1700,"Trafficway, On Road",1/1/19 15:25
9004,499074,1,41.344151,-72.937476,3017530,1/2/19,2:57:00,O,Property Damage Only,O,No Apparent Injury (O),2,Local,0.16,553,WARREN ST,WARREN ST,,Third Street,75,Feet,N,1,Clear,5,Dark-Not Lighted,1,Dry,,"Trafficway, On Road",1/2/19 2:57
7046,500753,1,41.38952,-72.912066,3019209,1/2/19,7:04:00,O,Property Damage Only,O,No Apparent Injury (O),2,Local,0.19,713,HAMDEN HILLS DR,HAMDEN HILLS DR,,TOWN WALK DR,100,Feet,E,1,Clear,1,Daylight,1,Dry,8500,"Trafficway, On Road",1/2/19 7:04
8564,499075,1,41.391509,-72.92069,3017531,1/2/19,8:37:00,O,Property Damage Only,O,No Apparent Injury (O),2,Local,0.1,491,SHERMAN AV,SHERMAN AV NO 1,SHERMAN LA,,,,,1,Clear,1,Daylight,1,Dry,5700,"Trafficway, On Road",1/2/19 8:37
2477,514964,1,41.338357,-72.940768,3033415,1/2/19,17:13:00,O,Property Damage Only,O,No Apparent Injury (O),2,State,4.72,10,CT-10,10-N,,Fairview St,10,Feet,E,1,Clear,1,Daylight,1,Dry,12400,"Trafficway, On Road",1/2/19 17:13
4246,500284,1,41.378072,-72.905347,3018740,1/2/19,17:22:00,A,"Injury of any type (Serious, Minor, Possible)",C,Possible Injury (C),2,State,0.18,15,15-S,15-S-122,,Stop Sign ,5,Feet,S,1,Clear,5,Dark-Not Lighted,1,Dry,9500,"Trafficway, On Road",1/2/19 17:22