,CrashId,Fatal Case Status,lat,lon,DOT Case Number,Date Of Crash,Time of Crash,Crash Severity,Crash Severity Text Format,Most Severe Injury,Most Severe Injury Text Format,Number Of Motor Vehicles,Route Class Text Format,Milemarker,Road Number,Road Description,Roadway Name,Intersecting Roadway Name,Landmark Description,Distance From Nearest Landmark,Unit Of Measure From Nearest Landmark,Direction From Nearest Landmark,Weather Condition,Weather Condition Text Format,Light Condition,Light Condition Text Format,Road Surface Condition,Road Surface Condition Text Format,Average Daily Traffic,Trafficway Class Text Format,full_date
1998,499076,1,41.382897,-72.907854,3017532,1/2/19,18:17:00,O,Property Damage Only,O,No Apparent Injury (O),2,State,8.49,10,CT-10,10-N,EVERGREEN AV,,,,,1,Clear,4,Dark-Lighted,1,Dry,18300,"Trafficway, On Road",1/2/19 18:17
6886,499077,1,41.335295,-72.929737,3017533,1/2/19,19:37:00,O,Property Damage Only,O,No Apparent Injury (O),2,Local,0.51,222,GOODRICH ST,GOODRICH ST,,Butler Street,187,Feet,W,1,Clear,4,Dark-Lighted,1,Dry,3200,"Trafficway, On Road",1/2/19 19:37
7140,500407,1,41.349535,-72.943282,3018863,1/3/19,8:05:00,O,Property Damage Only,O,No Apparent Injury (O),2,Local,0.51,251,HELEN ST,HELEN ST,ELMER AV,,,,,1,Clear,1,Daylight,1,Dry,3000,"Trafficway, On Road",1/3/19 8:05
5625,502820,1,41.374398,-72.916013,3021276,1/3/19,11:42:00,O,Property Damage Only,O,No Apparent Injury (O),2,State,0.17,753,CT-10,753-S,SKIFF ST,,,,,1,Clear,1,Daylight,1,Dry,13900,"Trafficway, On Road",1/3/19 11:42
4228,500754,1,41.366149,-72.921551,3019210,1/3/19,13:16:00,O,Property Damage Only,O,No Apparent Injury (O),2,State,0,15,15-S,15-S-118,10-N,,,,,1,Clear,1,Daylight,1,Dry,9500,"Trafficway, On Road",1/3/19 13:16
5952,499709,1,41.33569,-72.937879,3018165,1/3/19,15:01:00,O,Property Damage Only,O,No Apparent Injury (O),2,Local,0.01,52,BOWEN ST,BOWEN ST,CHERRY ANN ST,,,,,1,Clear,1,Daylight,1,Dry,5000,"Trafficway, On Road",1/3/19 15:01
7782,501658,1,41.364175,-72.925192,3020114,1/3/19,15:32:00,O,Property Damage Only,O,No Apparent Injury (O),2,Local,0.1,410,PALMER AV,PALMER AV,,Hope Av,200,Feet,W,1,Clear,1,Daylight,1,Dry,,"Trafficway, On Road",1/3/19 15:32
889,499710,1,41.406123,-72.899247,3018166,1/3/19,15:35:00,O,Property Damage Only,O,No Apparent Injury (O),2,State,10.44,10,CT-10,10-N,,Home Pl,200,Feet,S,1,Clear,1,Daylight,1,Dry,25200,"Trafficway, On Road",1/3/19 15:35
8022,500755,1,41.344987,-72.918732,3019211,1/3/19,15:48:00,O,Property Damage Only,O,No Apparent Injury (O),2,Local,0.33,439,PUTNAM AV,PUTNAM AV,,TURNER STREET,115,Feet,E,1,Clear,1,Daylight,1,Dry,10200,"Trafficway, On Road",1/3/19 15:48
4597,500756,1,41.401713,-72.897856,3019212,1/3/19,21:52:00,O,Property Damage Only,O,No Apparent Injury (O),2,State,3.08,40,40-N,40-N,10-N,,,,,1,Clear,4,Dark-Lighted,1,Dry,18800,"Trafficway, On Road",1/3/19 21:52
8003,500720,1,41.345281,-72.932046,3019176,1/4/19,12:03:00,A,"Injury of any type (Serious, Minor, Possible)",B,Suspected Minor Injury (B),2,Local,1.06,439,PUTNAM AV,PUTNAM AV,,Leeder Hill Drive,50,Feet,W,1,Clear,1,Daylight,1,Dry,11600,"Trafficway, On Road",1/4/19 12:03
1255,501659,1,41.373114,-72.91672,3020115,1/4/19,17:50:00,A,"Injury of any type (Serious, Minor, Possible)",C,Possible Injury (C),2,State,7.61,10,CT-10,10-N,,Skiff St,1,TenthsofMile,S,1,Clear,4,Dark-Lighted,1,Dry,23600,"Trafficway, On Road",1/4/19 17:50
138,505407,1,41.366101,-72.921568,3023861,1/5/19,14:38:00,O,Property Damage Only,O,No Apparent Injury (O),2,State,7.05,10,CT-10,10-N,,Marietta,225,Feet,S,4,Rain,1,Daylight,2,Wet,34000,"Trafficway, On Road",1/5/19 14:38
5987,505408,1,41.349427,-72.937179,3023862,1/6/19,7:11:00,O,Property Damage Only,O,No Apparent Injury (O),2,Local,0.29,54,BRADLEY AV,BRADLEY AV,,Duane Rd.,150,Feet,W,1,Clear,99,Unknown,1,Dry,,"Trafficway, On Road",1/6/19 7:11
7192,500721,1,41.370953,-72.922521,3019177,1/6/19,7:13:00,O,Property Damage Only,O,No Apparent Injury (O),2,,,,HIGHVIEW TER,HIGHVIEW TER,,,,,,1,Clear,99,Unknown,1,Dry,,"Trafficway, On Road",1/6/19 7:13
3295,637156,1,41.382657,-72.897653,3155575,1/6/19,8:16:00,A,"Injury of any type (Serious, Minor, Possible)",C,Possible Injury (C),2,State,51.97,15,15-N,15-N,,#61,2,Feet,N,1,Clear,1,Daylight,1,Dry,67600,"Trafficway, On Road",1/6/19 8:16
3498,500557,1,41.380741,-72.900748,3019013,1/6/19,15:20:00,O,Property Damage Only,O,No Apparent Injury (O),2,State,0.23,15,15-N,15-N-125,,Stop sign,5,Feet,N,1,Clear,1,Daylight,1,Dry,2300,"Trafficway, On Road",1/6/19 15:20
6652,501660,1,41.346617,-72.940363,3020116,1/6/19,16:43:00,O,Property Damage Only,O,No Apparent Injury (O),2,Local,0.59,176,FAIRVIEW AV,FAIRVIEW AV,,Woodin Street,300,Feet,N,2,Cloudy,1,Daylight,1,Dry,4900,"Trafficway, On Road",1/6/19 16:43
8023,501135,1,41.343674,-72.926361,3019591,1/6/19,17:44:00,A,"Injury of any type (Serious, Minor, Possible)",C,Possible Injury (C),2,Local,0.74,439,PUTNAM AV,PUTNAM AV,,Leeder Hill Dr,25,Feet,W,1,Clear,1,Daylight,1,Dry,10200,"Trafficway, On Road",1/6/19 17:44
5785,501203,1,41.362927,-72.924304,3019659,1/7/19,8:59:00,O,Property Damage Only,O,No Apparent Injury (O),2,Local,0.02,42,BENHAM ST,BENHAM ST,,DIXWELL AVE,50,Feet,W,1,Clear,1,Daylight,1,Dry,12800,"Trafficway, On Road",1/7/19 8:59
4656,500758,1,41.328314,-72.897888,3019214,1/8/19,7:39:00,O,Property Damage Only,O,No Apparent Injury (O),2,USRoute,1.02,5,US-5,5-N,,Park Road,550,Feet,S,2,Cloudy,1,Daylight,2,Wet,17900,"Trafficway, On Road",1/8/19 7:39
7034,501661,1,41.341029,-72.914623,3020117,1/8/19,8:22:00,O,Property Damage Only,O,No Apparent Injury (O),2,Local,0.05,234,HALL ST,HALL ST,,Blake Road,1,TenthsofMile,N,1,Clear,1,Daylight,1,Dry,,"Trafficway, On Road",1/8/19 8:22
4529,502838,1,41.403496,-72.895602,3021294,1/8/19,12:06:00,O,Property Damage Only,O,No Apparent Injury (O),2,State,0.14,22,CT-22,22-E,NEW RD,,,,,6,Freezing Rain or Freezing Drizzle,1,Daylight,2,Wet,5600,"Trafficway, On Road",1/8/19 12:06
2474,501662,1,41.338304,-72.940882,3020118,1/8/19,12:56:00,A,"Injury of any type (Serious, Minor, Possible)",C,Possible Injury (C),2,State,4.71,10,CT-10,10-N,,FITCH STREET,50,Feet,E,1,Clear,1,Daylight,1,Dry,12400,"Trafficway, On Road",1/8/19 12:56
3653,502706,1,41.349481,-72.965343,3021162,1/8/19,16:05:00,O,Property Damage Only,O,No Apparent Injury (O),1,State,47.63,15,15-S,15-S,,Tunnel,5,TenthsofMile,N,6,Freezing Rain or Freezing Drizzle,97,Other,2,Wet,78600,"Trafficway, On Road",1/8/19 16:05
8771,501204,1,41.37632,-72.91986,3019660,1/8/19,16:07:00,O,Property Damage Only,O,No Apparent Injury (O),2,Local,0.26,495,SKIFF ST EXT,SKIFF ST EXT,MIX AV,,,,,2,Cloudy,1,Daylight,2,Wet,9400,"Trafficway, On Road",1/8/19 16:07
2076,501451,1,41.435,-72.90843,3019907,1/8/19,17:08:00,O,Property Damage Only,O,No Apparent Injury (O),2,State,12.48,10,CT-10,10-N,,Shepard Av,660,Feet,S,4,Rain,4,Dark-Lighted,2,Wet,17500,"Trafficway, On Road",1/8/19 17:08
6279,501222,1,41.35273,-72.93313,3019678,1/9/19,9:30:00,O,Property Damage Only,O,No Apparent Injury (O),2,Local,0.09,110,CONCORD ST,CONCORD ST,GARDEN ST,,,,,1,Clear,1,Daylight,1,Dry,,"Trafficway, On Road",1/9/19 9:30
8838,502821,1,41.43151,-72.928208,3021277,1/9/19,14:20:00,O,Property Damage Only,O,No Apparent Injury (O),1,Local,0.81,507,STILL HILL RD,STILL HILL RD,,West Todd St,1,TenthsofMile,S,1,Clear,1,Daylight,1,Dry,150,Non-trafficway,1/9/19 14:20
5356,501452,1,41.335221,-72.911474,3019908,1/9/19,14:28:00,O,Property Damage Only,O,No Apparent Injury (O),2,State,0.17,707,WHITNEY AV,707-N,,East Rock Park Road,1,TenthsofMile,N,2,Cloudy,1,Daylight,1,Dry,11200,"Trafficway, On Road",1/9/19 14:28
3873,502424,1,41.37804,-72.905363,3020880,1/9/19,17:12:00,O,Property Damage Only,O,No Apparent Injury (O),2,State,51.45,15,15-S,15-S,15-S-122,,,,,1,Clear,4,Dark-Lighted,1,Dry,71500,"Trafficway, On Road",1/9/19 17:12
1125,502823,1,41.344446,-72.93438,3021279,1/10/19,8:15:00,O,Property Damage Only,O,No Apparent Injury (O),2,State,5.42,10,CT-10,10-N,,Woodin Street,5,Feet,S,1,Clear,1,Daylight,1,Dry,24000,"Trafficway, On Road",1/10/19 8:15
6878,503041,1,41.346159,-72.942726,3021497,1/10/19,11:36:00,O,Property Damage Only,O,No Apparent Injury (O),2,Local,0.2,217,GLENBROOK AV,GLENBROOK AV,,WOODIN ST,213,Feet,N,1,Clear,1,Daylight,1,Dry,,"Trafficway, On Road",1/10/19 11:36
7375,502822,1,41.353062,-72.918118,3021278,1/10/19,16:56:00,O,Property Damage Only,O,No Apparent Injury (O),2,Local,0.42,352,MATHER ST,MATHER ST,MANOR ST,,,,,1,Clear,1,Daylight,1,Dry,5200,"Trafficway, On Road",1/10/19 16:56
8153,503834,1,41.33593,-72.900626,3022288,1/10/19,17:53:00,O,Property Damage Only,O,No Apparent Injury (O),2,Local,0.04,452,RIDGE RD,RIDGE RD,,FRANKLIN RD,60,Feet,E,1,Clear,5,Dark-Not Lighted,1,Dry,9200,"Trafficway, On Road",1/10/19 17:53
3874,502436,1,41.372502,-72.911584,3020892,1/10/19,18:45:00,O,Property Damage Only,O,No Apparent Injury (O),2,State,50.96,15,15-S,15-S,,Exit 60,9,TenthsofMile,N,1,Clear,5,Dark-Not Lighted,1,Dry,71500,"Trafficway, On Road",1/10/19 18:45
8627,502840,1,41.371229,-72.906751,3021296,1/11/19,6:54:00,O,Property Damage Only,O,No Apparent Injury (O),2,Local,0.03,494,SKIFF ST,SKIFF ST,,WHITNEY AVENUE,100,Feet,W,1,Clear,1,Daylight,1,Dry,24500,"Trafficway, On Road",1/11/19 6:54
2538,503482,1,41.377542,-72.914801,3021936,1/11/19,10:55:00,O,Property Damage Only,O,No Apparent Injury (O),2,State,7.93,10,CT-10,10-N,,SANFORD ST,2,TenthsofMile,S,1,Clear,1,Daylight,1,Dry,11200,"Trafficway, On Road",1/11/19 10:55
6253,505409,1,41.346024,-72.916802,3023863,1/11/19,11:32:00,O,Property Damage Only,O,No Apparent Injury (O),2,Local,0.34,102,CLIFFORD ST,CLIFFORD ST,RALSTON AV,,,,,1,Clear,1,Daylight,1,Dry,1600,"Trafficway, On Road",1/11/19 11:32
4783,503042,1,41.33564,-72.900022,3021498,1/11/19,13:28:00,O,Property Damage Only,O,No Apparent Injury (O),2,USRoute,1.57,5,US-5,5-N,RIDGE RD,,,,N,1,Clear,1,Daylight,1,Dry,10000,"Trafficway, On Road",1/11/19 13:28
1127,505410,1,41.344095,-72.934403,3023864,1/11/19,13:36:00,O,Property Damage Only,O,No Apparent Injury (O),2,State,5.4,10,CT-10,10-N,,Woodin St,100,Feet,S,1,Clear,1,Daylight,1,Dry,24000,"Trafficway, On Road",1/11/19 13:36
4032,503004,1,41.378204,-72.905319,3021460,1/11/19,14:32:00,A,"Injury of any type (Serious, Minor, Possible)",B,Suspected Minor Injury (B),2,State,51.47,15,15-S,15-S,,Route 15,10,Feet,W,1,Clear,1,Daylight,1,Dry,66400,"Trafficway, On Road",1/11/19 14:32
1126,502842,1,41.344472,-72.934369,3021298,1/11/19,18:19:00,O,Property Damage Only,O,No Apparent Injury (O),2,State,5.42,10,CT-10,10-N,WOODIN ST,,,,,1,Clear,4,Dark-Lighted,1,Dry,24000,"Trafficway, On Road",1/11/19 18:19
5945,502843,1,41.340196,-72.913341,3021299,1/12/19,8:11:00,O,Property Damage Only,O,No Apparent Injury (O),2,Local,0.02,47,BLAKE RD,BLAKE RD,,WHITNEY AVENUE,100,Feet,W,1,Clear,1,Daylight,1,Dry,,"Trafficway, On Road",1/12/19 8:11
3875,504813,1,41.378039,-72.905357,3023267,1/12/19,9:05:00,O,Property Damage Only,O,No Apparent Injury (O),2,State,51.45,15,15-S,15-S,15-S-122,,,,,1,Clear,1,Daylight,1,Dry,71500,"Trafficway, On Road",1/12/19 9:05
5120,507611,1,41.343906,-72.912067,3026064,1/12/19,9:18:00,O,Property Damage Only,O,No Apparent Injury (O),2,State,0.79,707,WHITNEY AV,707-N,,Augar Street,45,Feet,S,1,Clear,1,Daylight,1,Dry,13500,"Trafficway, On Road",1/12/19 9:18
8911,503483,1,41.353868,-72.929466,3021937,1/12/19,13:42:00,A,"Injury of any type (Serious, Minor, Possible)",B,Suspected Minor Injury (B),2,Local,0.01,527,TREADWELL ST,TREADWELL ST,,DIXWELL AVE,62,Feet,E,1,Clear,1,Daylight,1,Dry,5100,"Trafficway, On Road",1/12/19 13:42
8864,502844,1,41.343907,-72.935789,3021300,1/12/19,15:16:00,O,Property Damage Only,O,No Apparent Injury (O),2,Local,0.19,518,THIRD ST,THIRD ST,,Dixwell Ave,328,Feet,W,1,Clear,99,Unknown,1,Dry,,"Trafficway, On Road",1/12/19 15:16
892,505263,1,41.404065,-72.898517,3023717,1/12/19,18:35:00,A,"Injury of any type (Serious, Minor, Possible)",B,Suspected Minor Injury (B),2,State,10.29,10,CT-10,10-N,,Dickerman Street,50,Feet,N,1,Clear,4,Dark-Lighted,1,Dry,25200,"Trafficway, On Road",1/12/19 18:35
1128,507558,1,41.338666,-72.935155,3026011,1/12/19,21:11:00,O,Property Damage Only,O,No Apparent Injury (O),2,State,5.03,10,CT-10,10-N,,Arch St,150,Feet,N,1,Clear,4,Dark-Lighted,1,Dry,24000,"Trafficway, On Road",1/12/19 21:11
890,502845,1,41.40553,-72.898975,3021301,1/13/19,13:30:00,A,"Injury of any type (Serious, Minor, Possible)",C,Possible Injury (C),2,State,10.39,10,CT-10,10-N,,WOODRUFF STREET,50,Feet,N,1,Clear,1,Daylight,1,Dry,25200,"Trafficway, On Road",1/13/19 13:30
9065,502371,1,41.400224,-72.935916,3020827,1/13/19,15:37:00,A,"Injury of any type (Serious, Minor, Possible)",C,Possible Injury (C),1,Local,0.7,570,WEST SHEPARD AV,WEST SHEPARD AV,,HIGH ROCK RD,500,Feet,W,1,Clear,1,Daylight,1,Dry,750,"Trafficway, Not on Road",1/13/19 15:37
3426,502467,1,41.37882535,-72.90309956,3020923,1/13/19,16:11:00,O,Property Damage Only,O,No Apparent Injury (O),2,State,0.19,15,15-N,15-N-124,,Exit 62,5,TenthsofMile,S,1,Clear,1,Daylight,1,Dry,9500,"Trafficway, On Road",1/13/19 16:11
1258,507559,1,41.372058,-72.917368,3026012,1/14/19,1:16:00,O,Property Damage Only,O,No Apparent Injury (O),1,State,7.52,10,CT-10,10-N,,Dixwell Avenue,5,Feet,E,1,Clear,4,Dark-Lighted,1,Dry,23600,"Trafficway, Not on Road",1/14/19 1:16
5691,517786,1,41.340525,-72.944893,3036237,1/14/19,2:04:00,O,Property Damage Only,O,No Apparent Injury (O),1,Local,0.26,14,ARCH ST,ARCH ST,,Pine Rock Ave.,0.100000001,TenthsofMile,E,1,Clear,4,Dark-Lighted,5,Ice / Frost,2200,"Trafficway, On Road",1/14/19 2:04
1256,505789,1,41.367226,-72.920642,3024243,1/14/19,10:42:00,O,Property Damage Only,O,No Apparent Injury (O),2,State,7.15,10,CT-10,10-N,,Connolly Pkwy,35,Feet,N,1,Clear,1,Daylight,1,Dry,23600,"Trafficway, On Road",1/14/19 10:42
8152,502846,1,41.335914,-72.900613,3021302,1/14/19,15:45:00,A,"Injury of any type (Serious, Minor, Possible)",C,Possible Injury (C),2,Local,0.04,452,RIDGE RD,RIDGE RD,,FRANKLIN STREET,75,Feet,E,1,Clear,1,Daylight,1,Dry,9200,"Trafficway, On Road",1/14/19 15:45
3349,511351,1,41.380419,-72.901244,3029804,1/14/19,16:56:00,O,Property Damage Only,O,No Apparent Injury (O),2,State,51.74,15,15-N,15-N,,EXIT 61,100,Feet,N,1,Clear,5,Dark-Not Lighted,1,Dry,63800,"Trafficway, On Road",1/14/19 16:56
2000,505116,1,41.382516,-72.909683,3023570,1/14/19,17:15:00,O,Property Damage Only,O,No Apparent Injury (O),2,State,8.4,10,CT-10,10-N,,WESTMINISTER STREET,1,TenthsofMile,E,1,Clear,4,Dark-Lighted,1,Dry,18300,"Trafficway, On Road",1/14/19 17:15
519,521821,1,41.356022,-72.927982,3040270,1/15/19,2:37:00,A,"Injury of any type (Serious, Minor, Possible)",B,Suspected Minor Injury (B),1,State,6.29,10,CT-10,10-N,SAINT JAMES ST,,,,,1,Clear,4,Dark-Lighted,1,Dry,27400,"Trafficway, On Road",1/15/19 2:37
3975,513503,1,41.379032,-72.903622,3031954,1/15/19,7:54:00,O,Property Damage Only,O,No Apparent Injury (O),2,State,51.6,15,15-S,15-S,,EXIT 61,100,Feet,S,1,Clear,1,Daylight,1,Dry,68000,"Trafficway, On Road",1/15/19 7:54
4034,511353,1,41.37811,-72.905313,3029806,1/15/19,7:54:00,O,Property Damage Only,O,No Apparent Injury (O),2,State,51.46,15,15-S,15-S,,EXIT 61,25,Feet,S,1,Clear,1,Daylight,1,Dry,66400,"Trafficway, On Road",1/15/19 7:54
8628,503043,1,41.371762,-72.908096,3021499,1/15/19,9:45:00,O,Property Damage Only,O,No Apparent Injury (O),2,Local,0.1,494,SKIFF ST,SKIFF ST,,Whitney Avenue,1,TenthsofMile,W,1,Clear,1,Daylight,1,Dry,24500,"Trafficway, On Road",1/15/19 9:45
5181,505411,1,41.370881,-72.906446,3023865,1/15/19,21:56:00,O,Property Damage Only,O,No Apparent Injury (O),2,State,2.72,707,WHITNEY AV,707-N,,Skiff Street,50,Feet,S,1,Clear,4,Dark-Lighted,1,Dry,13300,"Trafficway, On Road",1/15/19 21:56
4808,505790,1,41.357627,-72.890132,3024244,1/16/19,16:06:00,O,Property Damage Only,O,No Apparent Injury (O),2,USRoute,3.18,5,US-5,5-N,,DANIEL ROAD,1,TenthsofMile,N,1,Clear,1,Daylight,1,Dry,9400,"Trafficway, On Road",1/16/19 16:06
2324,503485,1,41.384451,-72.901558,3021939,1/16/19,16:48:00,O,Property Damage Only,O,No Apparent Injury (O),2,State,8.88,10,CT-10,10-N,SCHOOL ST,,,,,1,Clear,1,Daylight,1,Dry,16400,"Trafficway, On Road",1/16/19 16:48
9169,510727,1,41.341086,-72.936179,3029180,1/16/19,23:23:00,O,Property Damage Only,O,No Apparent Injury (O),2,Local,0.1,579,WHITING ST,WHITING ST,,Dixwelll Ave,290,Feet,W,1,Clear,4,Dark-Lighted,1,Dry,,"Trafficway, On Road",1/16/19 23:23
6080,503806,1,41.365174,-72.934322,3022260,1/17/19,7:59:00,O,Property Damage Only,O,No Apparent Injury (O),2,Local,0.3,93,CHERRY HILL RD,CHERRY HILL RD,,Benham Street,75,Feet,S,1,Clear,1,Daylight,1,Dry,,"Trafficway, On Road",1/17/19 7:59
5357,506771,1,41.336606,-72.911533,3025225,1/17/19,8:11:00,O,Property Damage Only,O,No Apparent Injury (O),2,State,0.26,707,WHITNEY AV,707-N,ARMORY ST,,,,,1,Clear,1,Daylight,1,Dry,11200,"Trafficway, On Road",1/17/19 8:11
2476,507690,1,41.338353,-72.940438,3026143,1/17/19,9:43:00,O,Property Damage Only,O,No Apparent Injury (O),2,State,4.73,10,CT-10,10-N,,FAIRVIEW AVE,200,Feet,E,1,Clear,1,Daylight,1,Dry,12400,"Trafficway, On Road",1/17/19 9:43
1999,503807,1,41.382965,-72.9078,3022261,1/17/19,13:18:00,O,Property Damage Only,O,No Apparent Injury (O),2,State,8.49,10,CT-10,10-N,EVERGREEN AV,Evergreen Ave,10,Feet,E,1,Clear,1,Daylight,1,Dry,18300,"Trafficway, On Road",1/17/19 13:18
891,503808,1,41.404739,-72.898656,3022262,1/17/19,13:29:00,A,"Injury of any type (Serious, Minor, Possible)",B,Suspected Minor Injury (B),2,State,10.33,10,CT-10,10-N,,Ives Street,375,Feet,N,1,Clear,1,Daylight,1,Dry,25200,"Trafficway, On Road",1/17/19 13:29
1376,505412,1,41.352828,-72.930505,3023866,1/17/19,15:43:00,O,Property Damage Only,O,No Apparent Injury (O),2,State,6.04,10,CT-10,10-N,CHURCH ST,,,,,1,Clear,1,Daylight,1,Dry,23300,"Trafficway, On Road",1/17/19 15:43
1378,510279,1,41.352447,-72.930688,3028732,1/17/19,16:01:00,O,Property Damage Only,O,No Apparent Injury (O),2,State,6.01,10,CT-10,10-N,,Church Street,100,Feet,S,1,Clear,1,Daylight,1,Dry,23300,"Trafficway, On Road",1/17/19 16:01
3348,504926,1,41.380625,-72.900769,3023380,1/17/19,17:21:00,O,Property Damage Only,O,No Apparent Injury (O),2,State,51.76,15,15-N,15-N,Route 15,,,,,1,Clear,5,Dark-Not Lighted,1,Dry,63800,"Trafficway, On Road",1/17/19 17:21
7292,512668,1,41.402418,-72.930315,3031121,1/18/19,0:31:00,O,Property Damage Only,O,No Apparent Injury (O),1,Local,0.06,731,LAURA RD NO 2,LAURA RD NO 2,,Paradise Ave,330,Feet,E,1,Clear,4,Dark-Lighted,1,Dry,,"Trafficway, Not on Road",1/18/19 0:31
7223,506772,1,41.380018,-72.92453,3025226,1/18/19,7:13:00,O,Property Damage Only,O,No Apparent Injury (O),1,Local,0.28,273,HOWARD DR,HOWARD DR,,howard ave,50,Feet,N,7,Snow,1,Daylight,5,Ice / Frost,2900,"Trafficway, On Road",1/18/19 7:13
6000,503835,1,41.396339,-72.899975,3022289,1/18/19,9:45:00,O,Property Damage Only,O,No Apparent Injury (O),2,Local,0.21,59,BRIARCLIFF RD,BRIARCLIFF RD,,PELHAM AVE,85,Feet,E,99,Unknown,99,Unknown,99,Unknown,,"Trafficway, On Road",1/18/19 9:45
9073,505791,1,41.352149,-72.948756,3024245,1/19/19,4:02:00,A,"Injury of any type (Serious, Minor, Possible)",C,Possible Injury (C),2,Local,0.3,571,WEST SIDE DR,WEST SIDE DR,,Pleasant Drive,150,Feet,W,1,Clear,4,Dark-Lighted,1,Dry,,"Trafficway, On Road",1/19/19 4:02
6425,516165,1,41.337989,-72.935248,3034616,1/19/19,14:45:00,O,Property Damage Only,O,No Apparent Injury (O),2,Local,0.18,142,DIXWELL AV,DIXWELL AV NO 1,,10-N,75,Feet,S,1,Clear,1,Daylight,1,Dry,15600,"Trafficway, On Road",1/19/19 14:45
512,505446,1,41.356248,-72.927902,3023900,1/19/19,18:07:00,O,Property Damage Only,O,No Apparent Injury (O),2,State,6.31,10,CT-10,10-N,FOCH ST,,,,,1,Clear,4,Dark-Lighted,1,Dry,27400,"Trafficway, On Road",1/19/19 18:07
5787,506773,1,41.365855,-72.93604,3025227,1/19/19,22:50:00,O,Property Damage Only,O,No Apparent Injury (O),1,Local,0.68,42,BENHAM ST,BENHAM ST,,CHERRY HILL RD,1,TenthsofMile,W,7,Snow,4,Dark-Lighted,3,Snow,12800,"Trafficway, On Road",1/19/19 22:50
4566,516166,1,41.403323,-72.89417,3034617,1/19/19,22:53:00,O,Property Damage Only,O,No Apparent Injury (O),1,State,0.21,22,CT-22,22-E,Ives St,,,,,7,Snow,4,Dark-Lighted,3,Snow,4200,Unknown,1/19/19 22:53
7182,505792,1,41.342813,-72.946343,3024246,1/20/19,0:58:00,A,"Injury of any type (Serious, Minor, Possible)",A,Suspected Serious Injury (A),1,Local,0.04,607,HIGH TOP CIR,HIGH TOP CIR,,Pine Rock,200,Feet,W,7,Snow,4,Dark-Lighted,3,Snow,,"Trafficway, Not on Road",1/20/19 0:58
5786,506000,1,41.365987,-72.936212,3024454,1/20/19,8:55:00,A,"Injury of any type (Serious, Minor, Possible)",C,Possible Injury (C),1,Local,0.68,42,BENHAM ST,BENHAM ST,,Denslow Hill Road,100,Feet,E,6,Freezing Rain or Freezing Drizzle,1,Daylight,5,Ice / Frost,12800,"Trafficway, On Road",1/20/19 8:55
7542,507560,1,41.337677,-72.931548,3026013,1/20/19,10:52:00,O,Property Damage Only,O,No Apparent Injury (O),1,Local,0.19,370,MORSE ST,MORSE ST,,St Mary St,120,Feet,E,6,Freezing Rain or Freezing Drizzle,1,Daylight,5,Ice / Frost,3200,"Trafficway, On Road",1/20/19 10:52
1377,505541,1,41.352055,-72.930859,3023995,1/20/19,20:19:00,O,Property Damage Only,O,No Apparent Injury (O),2,State,5.97,10,CT-10,10-N,OREGON AV,,,,,1,Clear,4,Dark-Lighted,1,Dry,23300,"Trafficway, On Road",1/20/19 20:19
5487,505542,1,41.383456,-72.901622,3023996,1/21/19,0:36:00,O,Property Damage Only,O,No Apparent Injury (O),2,State,0.01,717,DIXWELL AV,717-E,,WHITNEY AVE,79,Feet,E,1,Clear,4,Dark-Lighted,5,Ice / Frost,15600,"Trafficway, On Road",1/21/19 0:36
3366,511377,1,41.365721,-72.923341,3029830,1/21/19,14:29:00,A,"Injury of any type (Serious, Minor, Possible)",C,Possible Injury (C),2,State,50.13,15,15-N,15-N,,EXIT 60,1,TenthsofMile,N,1,Clear,1,Daylight,1,Dry,61200,"Trafficway, On Road",1/21/19 14:29
7205,505543,1,41.421409,-72.890053,3023997,1/21/19,20:39:00,O,Property Damage Only,O,No Apparent Injury (O),1,Local,0.11,268,HOGAN RD,HOGAN RD,,Mt Carmel Avenue,1,TenthsofMile,S,1,Clear,4,Dark-Lighted,5,Ice / Frost,,"Trafficway, On Road",1/21/19 20:39
8629,505793,1,41.373115,-72.912285,3024247,1/22/19,7:32:00,O,Property Damage Only,O,No Apparent Injury (O),2,Local,0.34,494,SKIFF ST,SKIFF ST,,10-N,1070,Feet,E,1,Clear,1,Daylight,1,Dry,24500,"Trafficway, On Road",1/22/19 7:32
6557,506774,1,41.333171,-72.911535,3025228,1/22/19,8:05:00,O,Property Damage Only,O,No Apparent Injury (O),2,,,,EAST ROCK PARK RD,EAST ROCK PARK RD,,Whitney Av,300,Feet,E,1,Clear,1,Daylight,5,Ice / Frost,,"Trafficway, On Road",1/22/19 8:05
6377,505794,1,41.402786,-72.899629,3024248,1/22/19,12:05:00,O,Property Damage Only,O,No Apparent Injury (O),2,Local,0.17,140,DICKERMAN ST,DICKERMAN ST,,VILLA RD,50,Feet,E,1,Clear,1,Daylight,97,Other,,"Trafficway, On Road",1/22/19 12:05
9244,505795,1,41.345533,-72.940774,3024249,1/22/19,14:47:00,A,"Injury of any type (Serious, Minor, Possible)",B,Suspected Minor Injury (B),3,Local,1.36,598,WOODIN ST,WOODIN ST,FAIRVIEW AV,,,,,1,Clear,1,Daylight,1,Dry,5500,"Trafficway, On Road",1/22/19 14:47
5627,506775,1,41.375659,-72.915858,3025229,1/22/19,16:19:00,O,Property Damage Only,O,No Apparent Injury (O),2,State,0.1,753,CT-10,753-S,,SKIFF ST,380,Feet,N,1,Clear,1,Daylight,1,Dry,13900,"Trafficway, On Road",1/22/19 16:19