,CrashId,Fatal Case Status,lat,lon,DOT Case Number,Date Of Crash,Time of Crash,Crash Severity,Crash Severity Text Format,Most Severe Injury,Most Severe Injury Text Format,Number Of Motor Vehicles,Route Class Text Format,Milemarker,Road Number,Road Description,Roadway Name,Intersecting Roadway Name,Landmark Description,Distance From Nearest Landmark,Unit Of Measure From Nearest Landmark,Direction From Nearest Landmark,Weather Condition,Weather Condition Text Format,Light Condition,Light Condition Text Format,Road Surface Condition,Road Surface Condition Text Format,Average Daily Traffic,Trafficway Class Text Format,full_date
6887,505796,1,41.334467,-72.921763,3024250,1/22/19,16:49:00,O,Property Damage Only,O,No Apparent Injury (O),2,Local,0.1,222,GOODRICH ST,GOODRICH ST,,Homelands Terr.,100,Feet,W,1,Clear,4,Dark-Lighted,5,Ice / Frost,3200,"Trafficway, On Road",1/22/19 16:49
893,506001,1,41.413861,-72.902052,3024455,1/22/19,17:13:00,O,Property Damage Only,O,No Apparent Injury (O),2,State,10.99,10,CT-10,10-N,SHERMAN AV NO 2,,,,N,1,Clear,4,Dark-Lighted,1,Dry,25200,"Trafficway, On Road",1/22/19 17:13
5626,505797,1,41.375217,-72.91599,3024251,1/22/19,18:43:00,O,Property Damage Only,O,No Apparent Injury (O),2,State,0.13,753,CT-10,753-S,,SKIFF ST EXT,200,Feet,N,1,Clear,4,Dark-Lighted,1,Dry,13900,"Trafficway, On Road",1/22/19 18:43
8565,505798,1,41.39146,-72.920599,3024252,1/23/19,7:02:00,A,"Injury of any type (Serious, Minor, Possible)",B,Suspected Minor Injury (B),2,Local,0.1,491,SHERMAN AV,SHERMAN AV NO 1,SHERMAN LA,,,,,1,Clear,1,Daylight,1,Dry,5700,"Trafficway, On Road",1/23/19 7:02
8395,510280,1,41.376631,-72.915448,3028733,1/23/19,7:07:00,O,Property Damage Only,O,No Apparent Injury (O),2,Local,0,489,SHEPARD AV,SHEPARD AV,,dixwell avenue,100,Feet,N,1,Clear,1,Daylight,1,Dry,1400,"Trafficway, On Road",1/23/19 7:07
514,506776,1,41.359004,-72.925783,3025230,1/23/19,21:57:00,O,Property Damage Only,O,No Apparent Injury (O),2,State,6.53,10,CT-10,10-N,MATHER ST,,,,,1,Clear,4,Dark-Lighted,1,Dry,27400,"Trafficway, On Road",1/23/19 21:57
6871,506002,1,41.358637,-72.909697,3024456,1/24/19,8:14:00,O,Property Damage Only,O,No Apparent Injury (O),2,Local,0.01,214,GILLIES RD,GILLIES RD,,WHITNEY AVE,39,Feet,E,4,Rain,1,Daylight,2,Wet,1300,"Trafficway, On Road",1/24/19 8:14
3277,512052,1,41.37908,-72.903368,3030505,1/24/19,11:40:00,O,Property Damage Only,O,No Apparent Injury (O),1,State,51.6,15,15-N,15-N,,Exit 61,1,TenthsofMile,S,4,Rain,1,Daylight,2,Wet,68000,"Trafficway, On Road",1/24/19 11:40
3278,512266,1,41.37908,-72.903341,3030719,1/24/19,12:13:00,O,Property Damage Only,O,No Apparent Injury (O),2,State,51.6,15,15-N,15-N,,EXIT 61,1,TenthsofMile,S,4,Rain,1,Daylight,2,Wet,68000,"Trafficway, On Road",1/24/19 12:13
7302,511777,1,41.352795,-72.922934,3030230,1/24/19,14:56:00,O,Property Damage Only,O,No Apparent Injury (O),2,Local,0.9,317,LEEDER HILL DR,LEEDER HILL DR,TREADWELL ST,,,,,4,Rain,1,Daylight,2,Wet,3600,"Trafficway, On Road",1/24/19 14:56
513,505799,1,41.354789,-72.929001,3024253,1/24/19,16:24:00,O,Property Damage Only,O,No Apparent Injury (O),2,State,6.19,10,CT-10,10-N,,TREADWELL STREET,330,Feet,N,2,Cloudy,1,Daylight,2,Wet,27400,"Trafficway, On Road",1/24/19 16:24
9245,507561,1,41.346169,-72.945392,3026014,1/24/19,17:40:00,O,Property Damage Only,O,No Apparent Injury (O),2,Local,1.12,598,WOODIN ST,WOODIN ST,,PINE ROCK AVE,20,Feet,E,1,Clear,4,Dark-Lighted,1,Dry,5500,"Trafficway, On Road",1/24/19 17:40
2079,512669,1,41.43848,-72.909683,3031122,1/24/19,17:52:00,O,Property Damage Only,O,No Apparent Injury (O),2,State,12.73,10,CT-10,10-N,RIVER RD NO 2,,,,,4,Rain,4,Dark-Lighted,2,Wet,17500,"Trafficway, On Road",1/24/19 17:52
5358,506777,1,41.336219,-72.911377,3025231,1/24/19,17:54:00,O,Property Damage Only,O,No Apparent Injury (O),2,State,0.23,707,WHITNEY AV,707-N,,Armory Street,0.25,TenthsofMile,S,1,Clear,4,Dark-Lighted,2,Wet,11200,"Trafficway, On Road",1/24/19 17:54
8396,510769,1,41.39177,-72.922765,3029222,1/24/19,18:10:00,O,Property Damage Only,O,No Apparent Injury (O),1,Local,1.15,489,SHEPARD AV,SHEPARD AV,,Sherman Avenue,20,Feet,S,1,Clear,4,Dark-Lighted,1,Dry,1400,"Trafficway, On Road",1/24/19 18:10
6378,506778,1,41.402669,-72.899712,3025232,1/25/19,8:36:00,O,Property Damage Only,O,No Apparent Injury (O),1,Local,0.16,140,DICKERMAN ST,DICKERMAN ST,,Villa Rd,10,Feet,E,1,Clear,1,Daylight,5,Ice / Frost,,Non-trafficway,1/25/19 8:36
5359,510282,1,41.334727,-72.911705,3028735,1/25/19,11:29:00,O,Property Damage Only,O,No Apparent Injury (O),2,State,0.13,707,WHITNEY AV,707-N,,ARMORY ST,665,Feet,S,1,Clear,1,Daylight,1,Dry,11200,"Trafficway, On Road",1/25/19 11:29
894,506888,1,41.409411,-72.900461,3025342,1/25/19,13:26:00,O,Property Damage Only,O,No Apparent Injury (O),2,State,10.68,10,CT-10,10-N,,EVERGREEN AVE,100,Feet,S,1,Clear,1,Daylight,1,Dry,25200,"Trafficway, On Road",1/25/19 13:26
1259,510283,1,41.371207,-72.918054,3028736,1/25/19,13:46:00,A,"Injury of any type (Serious, Minor, Possible)",C,Possible Injury (C),2,State,7.46,10,CT-10,10-N,,Skiff St,1,TenthsofMile,S,1,Clear,1,Daylight,1,Dry,23600,"Trafficway, On Road",1/25/19 13:46
2391,506889,1,41.392735,-72.897298,3025343,1/25/19,14:04:00,O,Property Damage Only,O,No Apparent Injury (O),2,State,9.49,10,CT-10,10-N,FOREST ST,,,,,1,Clear,1,Daylight,1,Dry,14700,"Trafficway, On Road",1/25/19 14:04
4937,506779,1,41.383297,-72.901919,3025233,1/25/19,15:19:00,O,Property Damage Only,O,No Apparent Injury (O),2,State,3.61,707,WHITNEY AV,707-N,,10-N,20,Feet,S,1,Clear,1,Daylight,1,Dry,16800,"Trafficway, On Road",1/25/19 15:19
2475,507562,1,41.338505,-72.935235,3026015,1/25/19,19:03:00,O,Property Damage Only,O,No Apparent Injury (O),2,State,5,10,CT-10,10-N,MORSE ST,,,,,1,Clear,1,Daylight,1,Dry,12400,"Trafficway, On Road",1/25/19 19:03
3994,525745,1,41.38111251,-72.90034105,3044192,1/26/19,8:32:00,O,Property Damage Only,O,No Apparent Injury (O),2,State,51.84,15,15-S,15-S,,Exit 62,5,TenthsofMile,S,1,Clear,1,Daylight,1,Dry,67600,"Trafficway, On Road",1/26/19 8:32
5121,512180,1,41.346026,-72.912621,3030633,1/26/19,8:56:00,O,Property Damage Only,O,No Apparent Injury (O),2,State,0.94,707,WHITNEY AV,707-N,LAKE RD,,,,,1,Clear,1,Daylight,1,Dry,13500,"Trafficway, On Road",1/26/19 8:56
2077,506780,1,41.442585,-72.910749,3025234,1/26/19,9:30:00,O,Property Damage Only,O,No Apparent Injury (O),2,State,13.03,10,CT-10,10-N,BROOKSVALE AV,,,,,1,Clear,1,Daylight,1,Dry,17500,"Trafficway, On Road",1/26/19 9:30
8826,507563,1,41.401515,-72.89554,3026016,1/26/19,9:56:00,O,Property Damage Only,O,No Apparent Injury (O),2,Local,0.31,498,SOUTH NEW RD,SOUTH NEW RD,,IVES STREET,700,TenthsofMile,S,1,Clear,1,Daylight,1,Dry,,"Trafficway, On Road",1/26/19 9:56
3500,526600,1,41.380539,-72.900766,3045046,1/26/19,11:20:00,O,Property Damage Only,O,No Apparent Injury (O),2,State,0.22,15,15-N,15-N-125,,Route 15,50,Feet,N,1,Clear,1,Daylight,1,Dry,2300,"Trafficway, On Road",1/26/19 11:20
5953,506781,1,41.337081,-72.937909,3025235,1/26/19,12:55:00,O,Property Damage Only,O,No Apparent Injury (O),2,Local,0.1,52,BOWEN ST,BOWEN ST,EASTON ST,,,,,1,Clear,1,Daylight,1,Dry,5000,"Trafficway, On Road",1/26/19 12:55
4033,508595,1,41.378134,-72.905316,3027048,1/26/19,15:54:00,O,Property Damage Only,O,No Apparent Injury (O),2,State,51.46,15,15-S,15-S,,ROUTE 15,15,Feet,W,1,Clear,1,Daylight,1,Dry,66400,"Trafficway, On Road",1/26/19 15:54
8024,506782,1,41.343701,-72.926354,3025236,1/26/19,17:44:00,O,Property Damage Only,O,No Apparent Injury (O),2,Local,0.74,439,PUTNAM AV,PUTNAM AV,LEEDER HILL DR,,,,,1,Clear,4,Dark-Lighted,1,Dry,10200,"Trafficway, On Road",1/26/19 17:44
2078,506783,1,41.437044,-72.908927,3025237,1/26/19,18:31:00,O,Property Damage Only,O,No Apparent Injury (O),2,State,12.62,10,CT-10,10-N,SHEPARD AV,,,,,1,Clear,4,Dark-Lighted,1,Dry,17500,"Trafficway, On Road",1/26/19 18:31
8025,510284,1,41.344877,-72.919486,3028737,1/27/19,2:32:00,O,Property Damage Only,O,No Apparent Injury (O),2,Local,0.38,439,PUTNAM AV,PUTNAM AV,,Francis Ave.,50,Feet,W,1,Clear,4,Dark-Lighted,1,Dry,10200,"Trafficway, On Road",1/27/19 2:32
1257,506784,1,41.369415,-72.919149,3025238,1/27/19,18:29:00,A,"Injury of any type (Serious, Minor, Possible)",C,Possible Injury (C),1,State,7.32,10,CT-10,10-N,,Hamden Plaza Entrance,30,Feet,S,1,Clear,4,Dark-Lighted,1,Dry,23600,"Trafficway, Not on Road",1/27/19 18:29
4247,512055,1,41.378052,-72.90536,3030508,1/28/19,7:26:00,O,Property Damage Only,O,No Apparent Injury (O),2,State,0.19,15,15-S,15-S-122,15-S,,,,,1,Clear,1,Daylight,1,Dry,9500,"Trafficway, On Road",1/28/19 7:26
3279,512274,1,41.379124,-72.903295,3030727,1/28/19,10:48:00,A,"Injury of any type (Serious, Minor, Possible)",C,Possible Injury (C),3,State,51.61,15,15-N,15-N,,Exit 61,1,TenthsofMile,S,1,Clear,1,Daylight,1,Dry,68000,"Trafficway, On Road",1/28/19 10:48
8630,510566,1,41.374734,-72.916257,3029019,1/28/19,16:25:00,O,Property Damage Only,O,No Apparent Injury (O),2,Local,0.54,494,SKIFF ST,SKIFF ST,,Dixwell Avenue ,20,Feet,W,1,Clear,1,Daylight,1,Dry,24500,"Trafficway, On Road",1/28/19 16:25
515,510090,1,41.357045,-72.927324,3028543,1/28/19,17:44:00,O,Property Damage Only,O,No Apparent Injury (O),2,State,6.37,10,CT-10,10-N,,BENHAM STREET,1,TenthsofMile,N,1,Clear,4,Dark-Lighted,1,Dry,27400,"Trafficway, On Road",1/28/19 17:44
3318,512276,1,41.380882,-72.900444,3030729,1/29/19,15:49:00,O,Property Damage Only,O,No Apparent Injury (O),2,State,51.78,15,15-N,15-N,,EXIT 61,100,Feet,N,2,Cloudy,1,Daylight,1,Dry,66000,"Trafficway, On Road",1/29/19 15:49
3876,512277,1,41.37804,-72.905342,3030730,1/29/19,17:06:00,O,Property Damage Only,O,No Apparent Injury (O),2,State,51.45,15,15-S,15-S,,WHITNEY AVE,985,Feet,W,4,Rain,5,Dark-Not Lighted,2,Wet,71500,"Trafficway, On Road",1/29/19 17:06
2392,507887,1,41.395748,-72.896859,3026340,1/29/19,17:20:00,O,Property Damage Only,O,No Apparent Injury (O),2,State,9.71,10,CT-10,10-N,BRIARCLIFF RD,,,,,4,Rain,5,Dark-Not Lighted,2,Wet,14700,"Trafficway, On Road",1/29/19 17:20
9246,507888,1,41.345507,-72.937361,3026341,1/29/19,17:38:00,O,Property Damage Only,O,No Apparent Injury (O),2,Local,1.54,598,WOODIN ST,WOODIN ST,WARREN ST,,,,,4,Rain,4,Dark-Lighted,2,Wet,5500,"Trafficway, On Road",1/29/19 17:38
2251,512670,1,41.39076,-72.898554,3031123,1/30/19,6:32:00,O,Property Damage Only,O,No Apparent Injury (O),2,State,9.34,10,CT-10,10-N,,Farrell Street,50,Feet,S,1,Clear,1,Daylight,1,Dry,16800,"Trafficway, On Road",1/30/19 6:32
2208,510567,1,41.383433,-72.902366,3029020,1/30/19,12:00:00,A,"Injury of any type (Serious, Minor, Possible)",C,Possible Injury (C),3,State,8.78,10,CT-10,10-N,,WHITNEY AVE,100,Feet,W,1,Clear,1,Daylight,1,Dry,16900,"Trafficway, On Road",1/30/19 12:00
6118,510091,1,41.357182,-72.936969,3028544,1/30/19,12:16:00,A,"Injury of any type (Serious, Minor, Possible)",B,Suspected Minor Injury (B),3,Local,0.63,99,CIRCULAR AV,CIRCULAR AV,,,,,,1,Clear,1,Daylight,1,Dry,7200,"Trafficway, On Road",1/30/19 12:16
7762,510286,1,41.383688,-72.904877,3028739,1/30/19,17:30:00,O,Property Damage Only,O,No Apparent Injury (O),1,Local,0.04,143,OLD DIXWELL AV,OLD DIXWELL AV,,DIXWELL AVE,30,Feet,N,7,Snow,4,Dark-Lighted,3,Snow,,"Trafficway, On Road",1/30/19 17:30
4036,512281,1,41.378404,-72.904694,3030734,1/31/19,8:09:00,O,Property Damage Only,O,No Apparent Injury (O),2,State,51.51,15,15-S,15-S,,EXIT 61,100,Feet,S,1,Clear,1,Daylight,1,Dry,66400,"Trafficway, On Road",1/31/19 8:09
33,511778,1,41.363946,-72.922985,3030231,1/31/19,9:43:00,A,"Injury of any type (Serious, Minor, Possible)",B,Suspected Minor Injury (B),3,State,6.9,10,CT-10,10-N,,WHEELER ST,50,Feet,N,1,Clear,1,Daylight,1,Dry,41000,"Trafficway, On Road",1/31/19 9:43
4938,510770,1,41.382813,-72.902096,3029223,1/31/19,12:31:00,O,Property Damage Only,O,No Apparent Injury (O),2,State,3.58,707,WHITNEY AV,707-N,,10-N,200,Feet,S,1,Clear,1,Daylight,1,Dry,16800,"Trafficway, On Road",1/31/19 12:31
6423,512181,1,41.335768,-72.935173,3030634,1/31/19,14:18:00,O,Property Damage Only,O,No Apparent Injury (O),2,Local,0.02,142,DIXWELL AV,DIXWELL AV NO 1,GOODRICH ST,,,,,1,Clear,1,Daylight,1,Dry,15600,"Trafficway, On Road",1/31/19 14:18
7623,510771,1,41.423124,-72.889549,3029224,1/31/19,19:26:00,O,Property Damage Only,O,No Apparent Injury (O),1,Local,0.29,375,MOUNT CARMEL AV,MOUNT CARMEL AV,,HOGAN RD,1,TenthsofMile,E,1,Clear,5,Dark-Not Lighted,1,Dry,2100,"Trafficway, On Road",1/31/19 19:26
1270,532204,1,41.369154,-72.919269,3050648,2/1/19,17:41:00,O,Property Damage Only,O,No Apparent Injury (O),2,State,7.3,10,CT-10,10-N,,Skiff Street,2,TenthsofMile,S,1,Clear,3,Dusk,1,Dry,23600,"Trafficway, On Road",2/1/19 17:41
4035,511491,1,41.378138,-72.905316,3029944,2/1/19,18:03:00,A,"Injury of any type (Serious, Minor, Possible)",B,Suspected Minor Injury (B),2,State,51.46,15,15-S,15-S,,ROUTE 15,10,Feet,W,1,Clear,5,Dark-Not Lighted,1,Dry,66400,"Trafficway, On Road",2/1/19 18:03
34,513950,1,41.364368,-72.922919,3032401,2/1/19,18:59:00,O,Property Damage Only,O,No Apparent Injury (O),2,State,6.93,10,CT-10,10-N,WEYBOSSET ST,,,,,1,Clear,4,Dark-Lighted,1,Dry,41000,"Trafficway, On Road",2/1/19 18:59
6369,511513,1,41.339512,-72.919219,3029966,2/2/19,0:01:00,O,Property Damage Only,O,No Apparent Injury (O),1,Local,0.43,132,DEEPWOOD DR,DEEPWOOD DR,,WHITNEY AV,2280,Feet,W,1,Clear,5,Dark-Not Lighted,1,Dry,,Unknown,2/2/19 0:01
5725,511514,1,41.341805,-72.925824,3029967,2/2/19,3:24:00,O,Property Damage Only,O,No Apparent Injury (O),1,Local,0.73,21,AUGUR ST,AUGUR ST,NEWHALL ST,,,,,1,Clear,4,Dark-Lighted,8,"Mud, Dirt, Gravel",,"Trafficway, On Road",2/2/19 3:24
4809,511515,1,41.342062,-72.895441,3029968,2/2/19,11:07:00,O,Property Damage Only,O,No Apparent Injury (O),2,USRoute,2.08,5,US-5,5-N,,LONDON DR,185,Feet,N,1,Clear,1,Daylight,1,Dry,9400,"Trafficway, On Road",2/2/19 11:07
2463,512749,1,41.37451,-72.915662,3031202,2/2/19,11:50:00,A,"Injury of any type (Serious, Minor, Possible)",C,Possible Injury (C),2,Local,0,144,CT-10,DIXWELL AV NO 2 RT 10 NB,SKIFF ST,,,,,1,Clear,1,Daylight,1,Dry,12600,"Trafficway, On Road",2/2/19 11:50
895,514327,1,41.346711,-72.933794,3032778,2/2/19,14:27:00,O,Property Damage Only,O,No Apparent Injury (O),2,State,5.59,10,CT-10,10-N,,CIRCULAR AV,100,Feet,N,1,Clear,1,Daylight,1,Dry,25200,"Trafficway, On Road",2/2/19 14:27
7324,511516,1,41.350568,-72.93195,3029969,2/2/19,20:06:00,O,Property Damage Only,O,No Apparent Injury (O),2,Local,0.2,321,LEXINGTON ST,LEXINGTON ST,,Dixwell Ave,42,Feet,E,1,Clear,4,Dark-Lighted,1,Dry,,"Trafficway, On Road",2/2/19 20:06
2338,511436,1,41.451053,-72.909349,3029889,2/3/19,2:13:00,A,"Injury of any type (Serious, Minor, Possible)",C,Possible Injury (C),1,State,13.61,10,CT-10,10-N,,Bittersweet,200,Feet,N,1,Clear,4,Dark-Lighted,1,Dry,15400,"Trafficway, On Road",2/3/19 2:13
175,511437,1,41.367273,-72.92067,3029890,2/3/19,10:14:00,O,Property Damage Only,O,No Apparent Injury (O),2,State,7.14,10,CT-10,10-N,CONNOLLY PKWY,,,,,1,Clear,1,Daylight,1,Dry,33000,"Trafficway, On Road",2/3/19 10:14
7784,602292,1,41.36382,-72.92351,3120721,2/3/19,10:17:00,O,Property Damage Only,O,No Apparent Injury (O),2,Local,0.02,410,PALMER AV,PALMER AV,,Dixwell Avenue,50,Feet,W,99,Unknown,1,Daylight,1,Dry,,"Trafficway, On Road",2/3/19 10:17
3877,512635,1,41.370558,-72.913839,3031088,2/3/19,22:56:00,O,Property Damage Only,O,No Apparent Injury (O),2,State,50.78,15,15-S,15-S,,Exit #62,10,TenthsofMile,N,1,Clear,5,Dark-Not Lighted,1,Dry,71500,"Trafficway, On Road",2/3/19 22:56
7462,511825,1,41.373914,-72.922014,3030278,2/4/19,7:53:00,A,"Injury of any type (Serious, Minor, Possible)",C,Possible Injury (C),2,Local,0.76,366,MIX AV,MIX AV,,East Gate Lane,,,,1,Clear,1,Daylight,2,Wet,4000,"Trafficway, On Road",2/4/19 7:53
9247,511779,1,41.344916,-72.935444,3030232,2/4/19,8:12:00,O,Property Damage Only,O,No Apparent Injury (O),3,Local,1.64,598,WOODIN ST,WOODIN ST,,Notkins Street,75,Feet,E,1,Clear,1,Daylight,2,Wet,5500,"Trafficway, On Road",2/4/19 8:12
8773,512182,1,41.374804,-72.916746,3030635,2/4/19,12:57:00,O,Property Damage Only,O,No Apparent Injury (O),2,Local,0.05,495,SKIFF ST EXT,SKIFF ST EXT,,Dixwell Ave.,300,Feet,W,1,Clear,1,Daylight,1,Dry,9400,"Trafficway, On Road",2/4/19 12:57
6262,517597,1,41.35037,-72.934249,3036048,2/4/19,14:31:00,O,Property Damage Only,O,No Apparent Injury (O),2,Local,0.11,106,COLLINS ST,COLLINS ST,,Cross St,80,Feet,E,1,Clear,1,Daylight,1,Dry,,"Trafficway, On Road",2/4/19 14:31
8774,512183,1,41.376389,-72.920094,3030636,2/4/19,15:48:00,O,Property Damage Only,O,No Apparent Injury (O),2,Local,0.25,495,SKIFF ST EXT,SKIFF ST EXT,,MIX AV,35,Feet,E,1,Clear,1,Daylight,1,Dry,9400,"Trafficway, On Road",2/4/19 15:48
4587,512062,1,41.397893,-72.890079,3030515,2/4/19,15:52:00,A,"Injury of any type (Serious, Minor, Possible)",B,Suspected Minor Injury (B),4,State,2.61,40,40-N,40-N,,Route 10,5,TenthsofMile,E,1,Clear,1,Daylight,1,Dry,20600,"Trafficway, On Road",2/4/19 15:52
7463,517783,1,41.365061,-72.928351,3036234,2/4/19,18:12:00,A,"Injury of any type (Serious, Minor, Possible)",B,Suspected Minor Injury (B),1,Local,0.06,366,MIX AV,MIX AV,Kaye Vue Dr,,,,,1,Clear,5,Dark-Not Lighted,1,Dry,4000,"Trafficway, On Road",2/4/19 18:12
2539,512185,1,41.377456,-72.914967,3030638,2/4/19,18:57:00,O,Property Damage Only,O,No Apparent Injury (O),2,State,7.92,10,CT-10,10-N,,Shepard Ave,200,Feet,N,1,Clear,4,Dark-Lighted,1,Dry,11200,"Trafficway, On Road",2/4/19 18:57
9248,514722,1,41.345513,-72.938705,3033173,2/4/19,21:13:00,O,Property Damage Only,O,No Apparent Injury (O),2,Local,1.47,598,WOODIN ST,WOODIN ST,,Warren Street,100,Feet,E,1,Clear,4,Dark-Lighted,1,Dry,5500,"Trafficway, On Road",2/4/19 21:13
2339,512186,1,41.444633,-72.910573,3030639,2/5/19,8:15:00,O,Property Damage Only,O,No Apparent Injury (O),2,State,13.16,10,CT-10,10-N,,WHITNEY CT,150,Feet,N,3,"Fog, Smog, Smoke",1,Daylight,1,Dry,15400,"Trafficway, On Road",2/5/19 8:15
541,605721,1,41.35762,-72.926867,3124149,2/5/19,10:42:00,O,Property Damage Only,O,No Apparent Injury (O),3,State,6.42,10,CT-10,10-N,,Haig Street,99,Feet,N,1,Clear,1,Daylight,1,Dry,27400,"Trafficway, On Road",2/5/19 10:42
3499,512317,1,41.380672,-72.900742,3030770,2/5/19,10:54:00,A,"Injury of any type (Serious, Minor, Possible)",C,Possible Injury (C),2,State,0.23,15,15-N,15-N-125,,15-N,20,Feet,E,1,Clear,1,Daylight,1,Dry,2300,"Trafficway, On Road",2/5/19 10:54
1261,514448,1,41.369271,-72.919293,3032899,2/5/19,16:21:00,O,Property Damage Only,O,No Apparent Injury (O),2,State,7.31,10,CT-10,10-N,,Connoly Pkwy,897,Feet,N,1,Clear,1,Daylight,1,Dry,23600,"Trafficway, On Road",2/5/19 16:21
8397,512458,1,41.379187,-72.916542,3030911,2/5/19,18:07:00,O,Property Damage Only,O,No Apparent Injury (O),2,Local,0.19,489,SHEPARD AV,SHEPARD AV,SHEPARDS KNOLL DR,,,,,1,Clear,4,Dark-Lighted,1,Dry,1400,"Trafficway, On Road",2/5/19 18:07
5248,512187,1,41.360464,-72.909563,3030640,2/5/19,20:32:00,O,Property Damage Only,O,No Apparent Injury (O),2,State,2,707,WHITNEY AV,707-N,,HARMON ST,60,Feet,S,1,Clear,4,Dark-Lighted,1,Dry,11900,"Trafficway, On Road",2/5/19 20:32
7303,518524,1,41.345216,-72.926891,3036975,2/6/19,7:50:00,O,Property Damage Only,O,No Apparent Injury (O),1,Local,0.11,317,LEEDER HILL DR,LEEDER HILL DR,,Putnam Ave,574,Feet,N,1,Clear,1,Daylight,1,Dry,3600,"Trafficway, On Road",2/6/19 7:50
3280,513630,1,41.379225,-72.903202,3032081,2/6/19,10:24:00,O,Property Damage Only,O,No Apparent Injury (O),2,State,51.62,15,15-N,15-N,,15-N-124,1,TenthsofMile,S,1,Clear,1,Daylight,1,Dry,68000,"Trafficway, On Road",2/6/19 10:24
8566,516167,1,41.393142,-72.920358,3034618,2/6/19,11:31:00,O,Property Damage Only,O,No Apparent Injury (O),2,Local,0.21,491,SHERMAN AV,SHERMAN AV NO 1,RACCIO PARK RD,,,,,1,Clear,1,Daylight,1,Dry,5700,"Trafficway, On Road",2/6/19 11:31
8398,514328,1,41.40087,-72.924036,3032779,2/6/19,17:39:00,A,"Injury of any type (Serious, Minor, Possible)",C,Possible Injury (C),2,Local,1.79,489,SHEPARD AV,SHEPARD AV,,WEST SHEPARD AV,160,Feet,S,4,Rain,4,Dark-Lighted,2,Wet,1400,"Trafficway, On Road",2/6/19 17:39
7206,512671,1,41.421641,-72.890309,3031124,2/6/19,20:39:00,O,Property Damage Only,O,No Apparent Injury (O),1,Local,0.09,268,HOGAN RD,HOGAN RD,,MT. CARMEL AVE.,200,Feet,S,4,Rain,4,Dark-Lighted,2,Wet,,"Trafficway, On Road",2/6/19 20:39
5122,516606,1,41.341946,-72.912781,3035057,2/6/19,21:06:00,O,Property Damage Only,O,No Apparent Injury (O),3,State,0.64,707,WHITNEY AV,707-N,,DAVIS ST,110,Feet,N,4,Rain,4,Dark-Lighted,2,Wet,13500,"Trafficway, On Road",2/6/19 21:06
5628,514723,1,41.375429,-72.915956,3033174,2/7/19,17:47:00,O,Property Damage Only,O,No Apparent Injury (O),2,State,0.11,753,CT-10,753-S,,DIXWELL AVENUE,1,TenthsofMile,W,1,Clear,4,Dark-Lighted,1,Dry,13900,"Trafficway, On Road",2/7/19 17:47
2540,514724,1,41.377939,-72.914563,3033175,2/7/19,18:41:00,O,Property Damage Only,O,No Apparent Injury (O),2,State,7.96,10,CT-10,10-N,,Shepard Avenue,1,TenthsofMile,N,1,Clear,4,Dark-Lighted,1,Dry,11200,"Trafficway, On Road",2/7/19 18:41
8290,516001,1,41.385215,-72.90686,3034452,2/7/19,22:19:00,O,Property Damage Only,O,No Apparent Injury (O),2,Local,0,480,SCHOOL ST,SCHOOL ST,HAMDEN HILLS DR,,,,,4,Rain,4,Dark-Lighted,2,Wet,5300,"Trafficway, On Road",2/7/19 22:19
9220,513951,1,41.360848,-72.958436,3032402,2/8/19,7:29:00,O,Property Damage Only,O,No Apparent Injury (O),2,Local,0.87,594,WINTERGREEN AV,WINTERGREEN AV,BUILDING BROOK RD,,,,,4,Rain,1,Daylight,2,Wet,1300,"Trafficway, On Road",2/8/19 7:29
6874,514965,1,41.365218,-72.906725,3033416,2/8/19,14:53:00,O,Property Damage Only,O,No Apparent Injury (O),2,Local,0.08,216,GLEN PKWY,GLEN PKWY,BROOKSIDE DR,,,,,1,Clear,1,Daylight,1,Dry,,"Trafficway, On Road",2/8/19 14:53
249,513953,1,41.360385,-72.92507,3032404,2/8/19,15:40:00,A,"Injury of any type (Serious, Minor, Possible)",C,Possible Injury (C),2,State,6.63,10,CT-10,10-N,,LEE STREET,10,Feet,S,1,Clear,1,Daylight,1,Dry,32000,"Trafficway, On Road",2/8/19 15:40
4248,513682,1,41.378252,-72.905315,3032133,2/8/19,16:38:00,O,Property Damage Only,O,No Apparent Injury (O),2,State,0.17,15,15-S,15-S-122,,Route 15 South,35,Feet,N,1,Clear,1,Daylight,1,Dry,9500,"Trafficway, On Road",2/8/19 16:38
8631,514725,1,41.373892,-72.914061,3033176,2/9/19,10:19:00,O,Property Damage Only,O,No Apparent Injury (O),2,Local,0.44,494,SKIFF ST,SKIFF ST,,Dixwell Avenue,1,TenthsofMile,E,1,Clear,1,Daylight,1,Dry,24500,"Trafficway, On Road",2/9/19 10:19
3350,516568,1,41.38063,-72.900739,3035019,2/9/19,12:07:00,O,Property Damage Only,O,No Apparent Injury (O),2,State,51.76,15,15-N,15-N,,EXIT 61,100,Feet,N,1,Clear,1,Daylight,1,Dry,63800,"Trafficway, On Road",2/9/19 12:07
2001,513954,1,41.382613,-72.909335,3032405,2/9/19,13:54:00,O,Property Damage Only,O,No Apparent Injury (O),2,State,8.42,10,CT-10,10-N,COLONY ST,,,,,1,Clear,1,Daylight,1,Dry,18300,"Trafficway, On Road",2/9/19 13:54
1379,513955,1,41.349199,-72.932476,3032406,2/9/19,18:53:00,O,Property Damage Only,O,No Apparent Injury (O),2,State,5.75,10,CT-10,10-N,NEWTON ST,,,,,1,Clear,4,Dark-Lighted,1,Dry,23300,"Trafficway, On Road",2/9/19 18:53
2002,514329,1,41.382834,-72.908179,3032780,2/9/19,19:00:00,O,Property Damage Only,O,No Apparent Injury (O),2,State,8.49,10,CT-10,10-N,EVERGREEN AV,,,,,1,Clear,4,Dark-Lighted,1,Dry,18300,"Trafficway, On Road",2/9/19 19:00