,CrashId,Fatal Case Status,lat,lon,DOT Case Number,Date Of Crash,Time of Crash,Crash Severity,Crash Severity Text Format,Most Severe Injury,Most Severe Injury Text Format,Number Of Motor Vehicles,Route Class Text Format,Milemarker,Road Number,Road Description,Roadway Name,Intersecting Roadway Name,Landmark Description,Distance From Nearest Landmark,Unit Of Measure From Nearest Landmark,Direction From Nearest Landmark,Weather Condition,Weather Condition Text Format,Light Condition,Light Condition Text Format,Road Surface Condition,Road Surface Condition Text Format,Average Daily Traffic,Trafficway Class Text Format,full_date
8632,514726,1,41.371818,-72.908094,3033177,2/10/19,3:12:00,O,Property Damage Only,O,No Apparent Injury (O),1,Local,0.1,494,SKIFF ST,SKIFF ST,,Whitney Ave,1,TenthsofMile,W,1,Clear,4,Dark-Lighted,1,Dry,24500,"Trafficway, On Road",2/10/19 3:12
4235,516569,1,41.36632699,-72.9220888,3035020,2/10/19,11:33:00,A,"Injury of any type (Serious, Minor, Possible)",C,Possible Injury (C),2,State,0.15,15,15-S,15-S-119,,EXIT 61,100,Feet,S,1,Clear,1,Daylight,1,Dry,9500,"Trafficway, On Road",2/10/19 11:33
7543,517784,1,41.3368,-72.92477,3036235,2/10/19,11:33:00,O,Property Damage Only,O,No Apparent Injury (O),2,Local,0.54,370,MORSE ST,MORSE ST,WINCHESTER AV,,,,,1,Clear,1,Daylight,1,Dry,3200,"Trafficway, On Road",2/10/19 11:33
7130,514727,1,41.360038,-72.909991,3033178,2/10/19,17:45:00,O,Property Damage Only,O,No Apparent Injury (O),2,Local,0.28,246,HAWTHORNE AV,HAWTHORNE AV,,Whitney Avenue,150,Feet,W,1,Clear,4,Dark-Lighted,1,Dry,,"Trafficway, On Road",2/10/19 17:45
7020,517785,1,41.353539,-72.932565,3036236,2/12/19,10:31:00,O,Property Damage Only,O,No Apparent Injury (O),2,Local,0,230,GRANDVIEW AV,GRANDVIEW AV,CHURCH ST,,,,,7,Snow,1,Daylight,3,Snow,,"Trafficway, On Road",2/12/19 10:31
4810,514449,1,41.356163,-72.890597,3032900,2/12/19,10:43:00,O,Property Damage Only,O,No Apparent Injury (O),1,USRoute,3.08,5,US-5,5-N,DANIEL RD,,,,,8,Blowing Snow,1,Daylight,3,Snow,9400,"Trafficway, Not on Road",2/12/19 10:43
8399,514450,1,41.382522,-72.920476,3032901,2/12/19,10:46:00,O,Property Damage Only,O,No Apparent Injury (O),1,Local,0.5,489,SHEPARD AV,SHEPARD AV,HOWARD DR,,,,,7,Snow,1,Daylight,3,Snow,1400,"Trafficway, On Road",2/12/19 10:46
4286,516607,1,41.379826,-72.903199,3035058,2/12/19,11:37:00,O,Property Damage Only,O,No Apparent Injury (O),2,State,0.15,15,15-S,15-S-126,707-N,,,,,7,Snow,1,Daylight,4,Slush,9500,"Trafficway, On Road",2/12/19 11:37
7667,517670,1,41.414626,-72.895243,3036121,2/12/19,12:49:00,O,Property Damage Only,O,No Apparent Injury (O),1,Local,0.78,382,NEW RD,NEW RD,,Mt. Carmel Av,300,Feet,N,7,Snow,1,Daylight,5,Ice / Frost,,"Trafficway, Not on Road",2/12/19 12:49
5360,514451,1,41.336607,-72.911458,3032902,2/12/19,13:09:00,A,"Injury of any type (Serious, Minor, Possible)",C,Possible Injury (C),2,State,0.26,707,WHITNEY AV,707-N,ARMORY ST,,,,,8,Blowing Snow,1,Daylight,3,Snow,11200,"Trafficway, On Road",2/12/19 13:09
6815,516090,1,41.445464,-72.956174,3034541,2/12/19,13:57:00,O,Property Damage Only,O,No Apparent Injury (O),1,Local,2.07,208,GAYLORD MOUNTAIN RD,GAYLORD MOUNTAIN RD,,HANDY RD,300,Feet,W,5,Sleet or Hail ,1,Daylight,5,Ice / Frost,,"Trafficway, On Road",2/12/19 13:57
6424,514330,1,41.33805,-72.9352,3032781,2/12/19,13:59:00,O,Property Damage Only,O,No Apparent Injury (O),2,Local,0.19,142,DIXWELL AV,DIXWELL AV NO 1,,ARCH ST,175,Feet,S,5,Sleet or Hail ,1,Daylight,3,Snow,15600,"Trafficway, On Road",2/12/19 13:59
7275,514331,1,41.366762,-72.941016,3032782,2/12/19,14:49:00,O,Property Damage Only,O,No Apparent Injury (O),3,Local,0,309,LANE ST,LANE ST,BENHAM ST,,,,,5,Sleet or Hail ,1,Daylight,3,Snow,5300,"Trafficway, On Road",2/12/19 14:49
8243,514728,1,41.406745,-72.917781,3033179,2/12/19,16:13:00,O,Property Damage Only,O,No Apparent Injury (O),1,Local,0.29,461,ROCKY TOP RD,ROCKY TOP RD,,NUTMEG HILL RD.,150,Feet,W,5,Sleet or Hail ,1,Daylight,2,Wet,,"Trafficway, On Road",2/12/19 16:13
4530,516067,1,41.403517,-72.895643,3034518,2/12/19,16:14:00,O,Property Damage Only,O,No Apparent Injury (O),2,State,0.14,22,CT-22,22-E,NEW RD,,,,,1,Clear,1,Daylight,1,Dry,5600,"Trafficway, On Road",2/12/19 16:14
1129,514729,1,41.338838,-72.935256,3033180,2/12/19,16:22:00,O,Property Damage Only,O,No Apparent Injury (O),2,State,5.04,10,CT-10,10-N,,ARCH ST,195,Feet,N,5,Sleet or Hail ,1,Daylight,3,Snow,24000,"Trafficway, On Road",2/12/19 16:22
3288,514926,1,41.382491,-72.897964,3033377,2/12/19,17:20:00,O,Property Damage Only,O,No Apparent Injury (O),2,State,51.95,15,15-N,15-N,,EXIT 62,1000,Feet,S,7,Snow,5,Dark-Not Lighted,4,Slush,67600,"Trafficway, On Road",2/12/19 17:20
3654,514929,1,41.349813,-72.964861,3033380,2/12/19,18:42:00,O,Property Damage Only,O,No Apparent Injury (O),1,State,47.67,15,15-S,15-S,,Exit 59,10,TenthsofMile,N,5,Sleet or Hail ,5,Dark-Not Lighted,4,Slush,78600,"Trafficway, On Road",2/12/19 18:42
7126,514730,1,41.360004,-72.906448,3033181,2/12/19,19:55:00,O,Property Damage Only,O,No Apparent Injury (O),2,Local,0.21,244,HAVERFORD ST,HAVERFORD ST,,Haverford Ln.,75,Feet,N,5,Sleet or Hail ,4,Dark-Lighted,3,Snow,,"Trafficway, On Road",2/12/19 19:55
516,514333,1,41.355805,-72.928271,3032784,2/12/19,21:23:00,O,Property Damage Only,O,No Apparent Injury (O),2,State,6.27,10,CT-10,10-N,,St. James St.,50,Feet,S,6,Freezing Rain or Freezing Drizzle,4,Dark-Lighted,4,Slush,27400,"Trafficway, On Road",2/12/19 21:23
3123,515922,1,41.354454,-72.95331,3034373,2/12/19,22:50:00,O,Property Damage Only,O,No Apparent Injury (O),1,State,48.37,15,15-N,15-N,,exit 59,10,TenthsofMile,N,6,Freezing Rain or Freezing Drizzle,5,Dark-Not Lighted,4,Slush,78600,"Trafficway, On Road",2/12/19 22:50
8896,516068,1,41.42589,-72.912373,3034519,2/13/19,8:01:00,O,Property Damage Only,O,No Apparent Injury (O),1,Local,0.24,525,TODD ST,TODD ST,,BARBARA LA,780,Feet,E,1,Clear,1,Daylight,4,Slush,1800,"Trafficway, Not on Road",2/13/19 8:01
4037,516647,1,41.378091,-72.905324,3035098,2/13/19,8:18:00,O,Property Damage Only,O,No Apparent Injury (O),2,State,51.46,15,15-S,15-S,,EXIT 61,100,Feet,S,1,Clear,1,Daylight,2,Wet,66400,"Trafficway, On Road",2/13/19 8:18
2080,514703,1,41.428485,-72.906293,3033154,2/13/19,13:25:00,O,Property Damage Only,O,No Apparent Injury (O),2,State,12.02,10,CT-10,10-N,TUTTLE AV NO 1,,,,,1,Clear,1,Daylight,1,Dry,17500,"Trafficway, On Road",2/13/19 13:25
3351,518374,1,41.380659,-72.900743,3036825,2/13/19,16:48:00,O,Property Damage Only,O,No Apparent Injury (O),2,State,51.76,15,15-N,15-N,,EXIT 61,25,Feet,S,1,Clear,1,Daylight,1,Dry,63800,"Trafficway, On Road",2/13/19 16:48
9026,516608,1,41.383427,-72.899093,3035059,2/13/19,16:53:00,O,Property Damage Only,O,No Apparent Injury (O),2,Local,0.02,554,WASHINGTON AV,WASHINGTON AV,,DIXWELL AVE,75,Feet,N,1,Clear,1,Daylight,1,Dry,2700,"Trafficway, On Road",2/13/19 16:53
36,522851,1,41.363385,-72.923517,3041299,2/13/19,18:33:00,O,Property Damage Only,O,No Apparent Injury (O),2,State,6.85,10,CT-10,10-N,,BENHAM STREET,200,Feet,N,1,Clear,4,Dark-Lighted,1,Dry,41000,"Trafficway, On Road",2/13/19 18:33
3289,520669,1,41.381822,-72.89901,3039120,2/14/19,11:03:00,A,"Injury of any type (Serious, Minor, Possible)",C,Possible Injury (C),2,State,51.88,15,15-N,15-N,,exit 62,3,TenthsofMile,S,1,Clear,1,Daylight,1,Dry,67600,"Trafficway, On Road",2/14/19 11:03
3290,520670,1,41.381805,-72.899053,3039121,2/14/19,11:03:00,O,Property Damage Only,O,No Apparent Injury (O),3,State,51.88,15,15-N,15-N,,exit 62,3,TenthsofMile,S,1,Clear,1,Daylight,1,Dry,67600,"Trafficway, On Road",2/14/19 11:03
8633,516069,1,41.373935,-72.914137,3034520,2/14/19,14:32:00,O,Property Damage Only,O,No Apparent Injury (O),2,Local,0.44,494,SKIFF ST,SKIFF ST,,Dixwell ave.,458,Feet,E,1,Clear,1,Daylight,1,Dry,24500,"Trafficway, On Road",2/14/19 14:32
896,514966,1,41.405001,-72.89881,3033417,2/14/19,15:44:00,O,Property Damage Only,O,No Apparent Injury (O),2,State,10.35,10,CT-10,10-N,,Woodruff St,150,Feet,S,1,Clear,1,Daylight,1,Dry,25200,"Trafficway, On Road",2/14/19 15:44
8400,514967,1,41.376421,-72.915223,3033418,2/14/19,15:49:00,O,Property Damage Only,O,No Apparent Injury (O),2,Local,0,489,SHEPARD AV,SHEPARD AV,,Shepard Avenue,30,Feet,E,1,Clear,1,Daylight,1,Dry,1400,"Trafficway, On Road",2/14/19 15:49
8567,516936,1,41.413636,-72.903957,3035387,2/14/19,16:13:00,O,Property Damage Only,O,No Apparent Injury (O),2,Local,2.02,491,SHERMAN AV,SHERMAN AV NO 1,,Whitney Ave,1,TenthsofMile,W,1,Clear,1,Daylight,1,Dry,5700,"Trafficway, On Road",2/14/19 16:13
7091,514968,1,41.354952,-72.899173,3033419,2/14/19,17:51:00,O,Property Damage Only,O,No Apparent Injury (O),1,Local,1.23,242,HARTFORD TPK,HARTFORD TPK,,SEBEC STREET,100,Feet,N,1,Clear,4,Dark-Lighted,1,Dry,3700,"Trafficway, On Road",2/14/19 17:51
3442,516169,1,41.365343,-72.922205,3034620,2/14/19,18:15:00,O,Property Damage Only,O,No Apparent Injury (O),2,State,0.18,15,15-N,15-N-220,10-N,,,,,1,Clear,4,Dark-Lighted,1,Dry,9500,"Trafficway, On Road",2/14/19 18:15
6666,517671,1,41.34102,-72.941516,3036122,2/14/19,22:06:00,A,"Injury of any type (Serious, Minor, Possible)",C,Possible Injury (C),1,Local,0.19,176,FAIRVIEW AV,FAIRVIEW AV,,Mott Street,25,Feet,S,1,Clear,4,Dark-Lighted,1,Dry,4800,"Trafficway, On Road",2/14/19 22:06
5342,519600,1,41.355967,-72.911856,3038051,2/15/19,10:40:00,A,"Injury of any type (Serious, Minor, Possible)",C,Possible Injury (C),4,State,1.65,707,WHITNEY AV,707-N,WAITE ST,,,,,2,Cloudy,1,Daylight,2,Wet,11300,"Trafficway, On Road",2/15/19 10:40
4702,516070,1,41.33086,-72.899718,3034521,2/15/19,10:54:00,O,Property Damage Only,O,No Apparent Injury (O),2,USRoute,1.23,5,US-5,5-N,BENTON ST,,,,,2,Cloudy,1,Daylight,2,Wet,14300,"Trafficway, On Road",2/15/19 10:54
2353,516049,1,41.399995,-72.897582,3034500,2/15/19,12:28:00,O,Property Damage Only,O,No Apparent Injury (O),2,State,10,10,CT-10,10-N,,CHARLTON HILL RD,10,Feet,S,1,Clear,1,Daylight,1,Dry,14800,"Trafficway, Not on Road",2/15/19 12:28
1262,516918,1,41.371138,-72.91815,3035369,2/15/19,16:45:00,O,Property Damage Only,O,No Apparent Injury (O),2,State,7.45,10,CT-10,10-N,,Skiff St,1330,Feet,S,1,Clear,4,Dark-Lighted,2,Wet,23600,"Trafficway, On Road",2/15/19 16:45
6321,517672,1,41.400331,-72.906294,3036123,2/16/19,1:54:00,O,Property Damage Only,O,No Apparent Injury (O),2,Local,0.12,121,CUMPSTONE DR,CUMPSTONE DR,,Dest Drive,200,Feet,W,1,Clear,4,Dark-Lighted,1,Dry,80,"Trafficway, On Road",2/16/19 1:54
7276,517673,1,41.357044,-72.942448,3036124,2/16/19,9:21:00,A,"Injury of any type (Serious, Minor, Possible)",C,Possible Injury (C),2,Local,0.68,309,LANE ST,LANE ST,GILBERT AV,,,,,1,Clear,1,Daylight,1,Dry,5300,"Trafficway, On Road",2/16/19 9:21
9005,517674,1,41.342315,-72.937542,3036125,2/16/19,9:43:00,O,Property Damage Only,O,No Apparent Injury (O),2,Local,0.03,553,WARREN ST,WARREN ST,,First St,50,Feet,S,1,Clear,1,Daylight,1,Dry,,"Trafficway, On Road",2/16/19 9:43
5123,517787,1,41.341116,-72.912844,3036238,2/16/19,11:41:00,O,Property Damage Only,O,No Apparent Injury (O),2,State,0.59,707,WHITNEY AV,707-N,,DAVIS ST.,150,Feet,S,1,Clear,1,Daylight,1,Dry,13500,"Trafficway, On Road",2/16/19 11:41
9110,517675,1,41.419793,-72.921246,3036126,2/16/19,12:32:00,O,Property Damage Only,O,No Apparent Injury (O),2,Local,0,575,WEST WOODS RD,WEST WOODS RD NO 1,SHEPARD AV,,,,,1,Clear,1,Daylight,1,Dry,3500,"Trafficway, On Road",2/16/19 12:32
4038,519281,1,41.378386,-72.90469,3037732,2/17/19,9:41:00,O,Property Damage Only,O,No Apparent Injury (O),2,State,51.51,15,15-S,15-S,,EXIT 61,100,Feet,S,1,Clear,1,Daylight,1,Dry,66400,"Trafficway, On Road",2/17/19 9:41
3656,522605,1,41.347625,-72.967392,3041054,2/17/19,15:26:00,O,Property Damage Only,O,No Apparent Injury (O),2,State,47.47,15,15-S,15-S,,EXIT 59 ,8,TenthsofMile,N,1,Clear,1,Daylight,1,Dry,78600,"Trafficway, On Road",2/17/19 15:26
4039,522607,1,41.37811,-72.905335,3041056,2/17/19,16:41:00,O,Property Damage Only,O,No Apparent Injury (O),2,State,51.46,15,15-S,15-S,,On Ramp,25,Feet,W,1,Clear,1,Daylight,1,Dry,66400,"Trafficway, On Road",2/17/19 16:41
7924,516666,1,41.346553,-72.945914,3035117,2/17/19,21:30:00,O,Property Damage Only,O,No Apparent Injury (O),2,Local,0.01,429,PINE ROCK AV,PINE ROCK AV NO 1,,Woodin St,46,Feet,N,1,Clear,4,Dark-Lighted,1,Dry,5500,"Trafficway, On Road",2/17/19 21:30
4939,516050,1,41.383446,-72.901857,3034501,2/18/19,8:40:00,O,Property Damage Only,O,No Apparent Injury (O),2,State,3.62,707,WHITNEY AV,707-N,10-N,,,,,6,Freezing Rain or Freezing Drizzle,1,Daylight,2,Wet,16800,"Trafficway, On Road",2/18/19 8:40
1380,516667,1,41.349042,-72.932533,3035118,2/18/19,19:04:00,O,Property Damage Only,O,No Apparent Injury (O),2,State,5.75,10,CT-10,10-N,NEWTON ST,,,,,1,Clear,4,Dark-Lighted,1,Dry,23300,"Trafficway, On Road",2/18/19 19:04
5695,517676,1,41.338481,-72.940765,3036127,2/19/19,7:46:00,A,"Injury of any type (Serious, Minor, Possible)",B,Suspected Minor Injury (B),1,,,14,ARCH ST,141 ARCH ST,,Fairview Ave.,10,Feet,N,1,Clear,1,Daylight,1,Dry,,"Trafficway, Not on Road",2/19/19 7:46
5182,516668,1,41.365499,-72.908316,3035119,2/19/19,14:56:00,O,Property Damage Only,O,No Apparent Injury (O),2,State,2.35,707,WHITNEY AV,707-N,GLEN PKWY,,,,,1,Clear,1,Daylight,1,Dry,13300,"Trafficway, On Road",2/19/19 14:56
517,517677,1,41.35893,-72.925956,3036128,2/19/19,16:03:00,O,Property Damage Only,O,No Apparent Injury (O),2,State,6.53,10,CT-10,10-N,MATHER ST,,,,,1,Clear,1,Daylight,1,Dry,27400,"Trafficway, On Road",2/19/19 16:03
4629,516170,1,41.400061,-72.897582,3034621,2/19/19,17:20:00,O,Property Damage Only,O,No Apparent Injury (O),2,State,0,40,40-S,40-S-6,10-N,,,,,1,Clear,3,Dusk,1,Dry,1800,"Trafficway, On Road",2/19/19 17:20
8004,516669,1,41.343614,-72.92679,3035120,2/20/19,8:21:00,O,Property Damage Only,O,No Apparent Injury (O),2,Local,0.76,439,PUTNAM AV,PUTNAM AV,,Leeder Hill ,112,Feet,W,2,Cloudy,1,Daylight,1,Dry,11600,"Trafficway, On Road",2/20/19 8:21
3306,519289,1,41.365751,-72.922026,3037740,2/20/19,8:23:00,O,Property Damage Only,O,No Apparent Injury (O),4,State,50.2,15,15-N,15-N,,15-N-220,2,TenthsofMile,N,2,Cloudy,1,Daylight,1,Dry,66200,"Trafficway, On Road",2/20/19 8:23
8759,517678,1,41.373988,-72.913102,3036129,2/20/19,11:57:00,A,"Injury of any type (Serious, Minor, Possible)",A,Suspected Serious Injury (A),1,,,,SKIFF ST,SKIFF ST,,Skiff Street,200,Feet,N,2,Cloudy,1,Daylight,97,Other,,Non-trafficway,2/20/19 11:57
1263,518525,1,41.373969,-72.916286,3036976,2/20/19,14:26:00,O,Property Damage Only,O,No Apparent Injury (O),2,State,7.67,10,CT-10,10-N,,Connolly Pkwy,200,Feet,S,1,Clear,1,Daylight,1,Dry,23600,"Trafficway, On Road",2/20/19 14:26
8402,519503,1,41.381631,-72.919193,3037954,2/20/19,15:00:00,O,Property Damage Only,O,No Apparent Injury (O),2,Local,0.41,489,SHEPARD AV,SHEPARD AV,,sanford street,300,Feet,S,2,Cloudy,1,Daylight,1,Dry,1400,"Trafficway, On Road",2/20/19 15:00
2003,516670,1,41.382882,-72.90812,3035121,2/20/19,16:56:00,O,Property Damage Only,O,No Apparent Injury (O),2,State,8.48,10,CT-10,10-N,,EVERGREEN AVE,75,Feet,W,5,Sleet or Hail ,3,Dusk,2,Wet,18300,"Trafficway, On Road",2/20/19 16:56
8407,523095,1,41.377054,-72.916097,3041543,2/20/19,19:09:00,A,"Injury of any type (Serious, Minor, Possible)",B,Suspected Minor Injury (B),1,Local,0.04,489,SHEPARD AV,SHEPARD AV,,DIXWELL AVE,300,Feet,N,5,Sleet or Hail ,4,Dark-Lighted,3,Snow,1400,"Trafficway, Not on Road",2/20/19 19:09
7792,518526,1,41.369751,-72.941703,3036977,2/20/19,20:47:00,O,Property Damage Only,O,No Apparent Injury (O),1,Local,0.2,411,PARADISE AV,PARADISE AV NO 5,,Cooper Ln,1,TenthsofMile,N,7,Snow,4,Dark-Lighted,3,Snow,3800,"Trafficway, On Road",2/20/19 20:47
7943,516609,1,41.34204,-72.945432,3035060,2/20/19,22:16:00,O,Property Damage Only,O,No Apparent Injury (O),1,Local,0.41,664,PINE ROCK AV,PINE ROCK AV NO 2,,ARCH ST,1,TenthsofMile,N,5,Sleet or Hail ,4,Dark-Lighted,3,Snow,,"Trafficway, On Road",2/20/19 22:16
8403,519534,1,41.380439,-72.917448,3037985,2/21/19,0:40:00,O,Property Damage Only,O,No Apparent Injury (O),1,Local,0.3,489,SHEPARD AV,SHEPARD AV,MIX AV,,,,,7,Snow,4,Dark-Lighted,3,Snow,1400,"Trafficway, On Road",2/21/19 0:40
897,516671,1,41.404459,-72.898656,3035122,2/21/19,11:44:00,O,Property Damage Only,O,No Apparent Injury (O),2,State,10.32,10,CT-10,10-N,,Dickerman St.,500,Feet,N,1,Clear,1,Daylight,1,Dry,25200,"Trafficway, On Road",2/21/19 11:44
7376,517680,1,41.34804,-72.913166,3036131,2/21/19,12:23:00,O,Property Damage Only,O,No Apparent Injury (O),1,Local,0,352,MATHER ST,MATHER ST,,whitney avenue,100,Feet,W,1,Clear,1,Daylight,1,Dry,5200,"Trafficway, On Road",2/21/19 12:23
4250,519303,1,41.378174,-72.905303,3037754,2/21/19,12:34:00,O,Property Damage Only,O,No Apparent Injury (O),2,State,0.18,15,15-S,15-S-122,,Rt 15,25,Feet,S,1,Clear,1,Daylight,1,Dry,9500,"Trafficway, On Road",2/21/19 12:34
8839,518527,1,41.426483,-72.930912,3036978,2/21/19,15:36:00,O,Property Damage Only,O,No Apparent Injury (O),2,Local,0.44,507,STILL HILL RD,STILL HILL RD,,PECK LN.,1,TenthsofMile,S,1,Clear,1,Daylight,1,Dry,150,"Trafficway, On Road",2/21/19 15:36
3444,517788,1,41.365305,-72.922201,3036239,2/21/19,15:41:00,A,"Injury of any type (Serious, Minor, Possible)",C,Possible Injury (C),2,State,0,15,15-N,15-N-221,10-N,,,,,1,Clear,1,Daylight,1,Dry,9500,"Trafficway, On Road",2/21/19 15:41
8916,517681,1,41.352954,-72.92333,3036132,2/21/19,21:12:00,O,Property Damage Only,O,No Apparent Injury (O),1,Local,0.35,527,TREADWELL ST,TREADWELL ST,,Leeder Hill Dr,95,Feet,W,1,Clear,4,Dark-Lighted,1,Dry,,"Trafficway, On Road",2/21/19 21:12
6389,519535,1,41.341696,-72.938168,3037986,2/22/19,7:18:00,O,Property Damage Only,O,No Apparent Injury (O),2,Local,0.23,141,DIX ST,DIX ST,,NORTH ST,45,Feet,S,1,Clear,1,Daylight,1,Dry,,"Trafficway, On Road",2/22/19 7:18
3993,519311,1,41.383941,-72.895252,3037762,2/22/19,9:21:00,O,Property Damage Only,O,No Apparent Injury (O),2,State,52.12,15,15-S,15-S,,EXIT 56,100,Feet,S,1,Clear,1,Daylight,1,Dry,67600,"Trafficway, On Road",2/22/19 9:21
4287,517789,1,41.379967,-72.903231,3036240,2/22/19,10:58:00,O,Property Damage Only,O,No Apparent Injury (O),1,State,0.15,15,15-S,15-S-126,707-N,,,,,1,Clear,1,Daylight,1,Dry,9500,"Trafficway, On Road",2/22/19 10:58
2478,519809,1,41.338442,-72.938908,3038260,2/22/19,13:19:00,O,Property Damage Only,O,No Apparent Injury (O),2,State,4.82,10,CT-10,10-N,,Burke St,25,Feet,E,1,Clear,1,Daylight,1,Dry,12400,"Trafficway, On Road",2/22/19 13:19
898,517790,1,41.404798,-72.898702,3036241,2/22/19,17:48:00,O,Property Damage Only,O,No Apparent Injury (O),2,State,10.34,10,CT-10,10-N,,Dickerman St,250,Feet,N,1,Clear,4,Dark-Lighted,1,Dry,25200,"Trafficway, On Road",2/22/19 17:48
4251,519315,1,41.37833,-72.90532,3037766,2/22/19,18:33:00,O,Property Damage Only,O,No Apparent Injury (O),2,State,0.17,15,15-S,15-S-122,,EXIT 61,100,Feet,S,1,Clear,5,Dark-Not Lighted,1,Dry,9500,"Trafficway, On Road",2/22/19 18:33
6667,518528,1,41.343274,-72.941208,3036979,2/22/19,19:35:00,O,Property Damage Only,O,No Apparent Injury (O),2,Local,0.35,176,FAIRVIEW AV,FAIRVIEW AV,JONES RD,,,,,1,Clear,4,Dark-Lighted,1,Dry,4800,"Trafficway, On Road",2/22/19 19:35
7791,517791,1,41.368829,-72.942125,3036242,2/23/19,0:49:00,O,Property Damage Only,O,No Apparent Injury (O),1,Local,0.12,411,PARADISE AV,PARADISE AV NO 5,,Cooper LN,100,Feet,N,1,Clear,4,Dark-Lighted,1,Dry,3800,"Trafficway, On Road",2/23/19 0:49
670,521822,1,41.414425,-72.902306,3040271,2/23/19,13:46:00,O,Property Damage Only,O,No Apparent Injury (O),2,State,11.03,10,CT-10,10-N,,Sherman Ave,25,Feet,N,1,Clear,1,Daylight,1,Dry,25700,"Trafficway, On Road",2/23/19 13:46
4252,522624,1,41.378097,-72.90533,3041073,2/23/19,15:09:00,O,Property Damage Only,O,No Apparent Injury (O),2,State,0.18,15,15-S,15-S-122,707-N,,,,S,2,Cloudy,1,Daylight,1,Dry,9500,"Trafficway, On Road",2/23/19 15:09
251,521102,1,41.359317,-72.925651,3039552,2/23/19,17:47:00,O,Property Damage Only,O,No Apparent Injury (O),2,State,6.55,10,CT-10,10-N,,Mather Street,100,Feet,N,1,Clear,4,Dark-Lighted,1,Dry,32000,"Trafficway, On Road",2/23/19 17:47
35,519536,1,41.362876,-72.923781,3037987,2/23/19,19:48:00,O,Property Damage Only,O,No Apparent Injury (O),2,State,6.81,10,CT-10,10-N,,Benham Street,50,Feet,N,1,Clear,4,Dark-Lighted,1,Dry,41000,"Trafficway, On Road",2/23/19 19:48
4531,518530,1,41.403496,-72.895602,3036981,2/23/19,21:55:00,O,Property Damage Only,O,No Apparent Injury (O),2,State,0.14,22,CT-22,22-E,NEW RD,,0,,,1,Clear,4,Dark-Lighted,1,Dry,5600,"Trafficway, On Road",2/23/19 21:55
7749,519537,1,41.3466,-72.935108,3037988,2/23/19,22:17:00,O,Property Damage Only,O,No Apparent Injury (O),2,Local,0.11,396,NOTKINS ST,NOTKINS ST,HELEN ST,,,,,1,Clear,4,Dark-Lighted,1,Dry,,"Trafficway, On Road",2/23/19 22:17
8882,533189,1,41.366512,-72.913636,3051633,2/24/19,20:23:00,O,Property Damage Only,O,No Apparent Injury (O),2,Local,0.37,521,THORNTON ST,THORNTON ST,,Wakefield Street,50,Feet,N,1,Clear,4,Dark-Lighted,1,Dry,,"Trafficway, On Road",2/24/19 20:23
4040,522628,1,41.378593,-72.904611,3041077,2/24/19,22:09:00,O,Property Damage Only,O,No Apparent Injury (O),1,State,51.53,15,15-S,15-S,,R/L ,25,Feet,S,1,Clear,4,Dark-Lighted,1,Dry,66400,"Trafficway, On Road",2/24/19 22:09
7464,517792,1,41.369712,-72.924926,3036243,2/25/19,8:21:00,O,Property Damage Only,O,No Apparent Injury (O),3,Local,0.43,366,MIX AV,MIX AV,,,,,,1,Clear,1,Daylight,1,Dry,4000,"Trafficway, On Road",2/25/19 8:21
4249,517759,1,41.378141,-72.90532,3036210,2/25/19,8:35:00,O,Property Damage Only,O,No Apparent Injury (O),2,State,0.18,15,15-S,15-S-122,,Route 15 S/B,10,Feet,S,1,Clear,1,Daylight,1,Dry,9500,"Trafficway, On Road",2/25/19 8:35
8180,518551,1,41.358787,-72.900572,3037002,2/25/19,16:28:00,A,"Injury of any type (Serious, Minor, Possible)",C,Possible Injury (C),2,Local,1.68,452,RIDGE RD,RIDGE RD,HIGH MEADOW,,,,,1,Clear,1,Daylight,1,Dry,5300,"Trafficway, On Road",2/25/19 16:28
8997,518552,1,41.337678,-72.939949,3037003,2/25/19,23:29:00,O,Property Damage Only,O,No Apparent Injury (O),2,Local,0.23,552,WARNER ST,WARNER ST,,Arch Street,249,Feet,S,1,Clear,4,Dark-Lighted,1,Dry,,"Trafficway, On Road",2/25/19 23:29
9111,518581,1,41.421344,-72.906696,3037032,2/26/19,9:29:00,O,Property Damage Only,O,No Apparent Injury (O),2,Local,0.85,575,WEST WOODS RD,WEST WOODS RD NO 1,,Whitney Ave.,2,TenthsofMile,W,1,Clear,1,Daylight,1,Dry,3500,"Trafficway, On Road",2/26/19 9:29
1130,518582,1,41.344065,-72.934476,3037033,2/26/19,10:17:00,O,Property Damage Only,O,No Apparent Injury (O),2,State,5.4,10,CT-10,10-N,,Third St.,50,Feet,N,1,Clear,1,Daylight,1,Dry,24000,"Trafficway, On Road",2/26/19 10:17
8005,519538,1,41.343594,-72.926779,3037989,2/27/19,6:12:00,O,Property Damage Only,O,No Apparent Injury (O),1,Local,0.76,439,PUTNAM AV,PUTNAM AV,,Newhall St,100,Feet,W,1,Clear,2,Dawn,1,Dry,11600,"Trafficway, On Road",2/27/19 6:12
250,518724,1,41.359392,-72.925555,3037175,2/27/19,8:34:00,O,Property Damage Only,O,No Apparent Injury (O),2,State,6.56,10,CT-10,10-N,,Mather St.,134,Feet,N,1,Clear,1,Daylight,1,Dry,32000,"Trafficway, On Road",2/27/19 8:34
8401,518753,1,41.404383,-72.923448,3037204,2/27/19,9:04:00,O,Property Damage Only,O,No Apparent Injury (O),2,Local,2.03,489,SHEPARD AV,SHEPARD AV,TIMBERWOOD TR,,,,,2,Cloudy,1,Daylight,1,Dry,1400,"Trafficway, On Road",2/27/19 9:04