,CrashId,Fatal Case Status,lat,lon,DOT Case Number,Date Of Crash,Time of Crash,Crash Severity,Crash Severity Text Format,Most Severe Injury,Most Severe Injury Text Format,Number Of Motor Vehicles,Route Class Text Format,Milemarker,Road Number,Road Description,Roadway Name,Intersecting Roadway Name,Landmark Description,Distance From Nearest Landmark,Unit Of Measure From Nearest Landmark,Direction From Nearest Landmark,Weather Condition,Weather Condition Text Format,Light Condition,Light Condition Text Format,Road Surface Condition,Road Surface Condition Text Format,Average Daily Traffic,Trafficway Class Text Format,full_date
3427,522636,1,41.37890676,-72.9038597,3041085,2/27/19,15:33:00,A,"Injury of any type (Serious, Minor, Possible)",C,Possible Injury (C),2,State,0.21,15,15-N,15-N-124,707-N,,,,,1,Clear,1,Daylight,1,Dry,9500,"Trafficway, On Road",2/27/19 15:33
4532,518754,1,41.403537,-72.895626,3037205,2/27/19,18:18:00,O,Property Damage Only,O,No Apparent Injury (O),2,State,0.14,22,CT-22,22-E,NEW RD,,,,,1,Clear,4,Dark-Lighted,1,Dry,5600,"Trafficway, On Road",2/27/19 18:18
9249,518755,1,41.350517,-72.956736,3037206,2/27/19,21:35:00,O,Property Damage Only,O,No Apparent Injury (O),2,Local,0.44,598,WOODIN ST,WOODIN ST,ELLIOT ST,,,,,1,Clear,4,Dark-Lighted,1,Dry,5500,"Trafficway, On Road",2/27/19 21:35
3977,523711,1,41.379591,-72.902814,3042158,2/28/19,5:55:00,O,Property Damage Only,O,No Apparent Injury (O),2,State,51.67,15,15-S,15-S,,EXIT #61,500,Feet,N,7,Snow,5,Dark-Not Lighted,4,Slush,68000,"Trafficway, On Road",2/28/19 5:55
3657,522641,1,41.365205,-72.927282,3041090,2/28/19,8:31:00,A,"Injury of any type (Serious, Minor, Possible)",C,Possible Injury (C),2,State,49.94,15,15-S,15-S,,60-entrance,1,TenthsofMile,S,1,Clear,1,Daylight,1,Dry,78600,"Trafficway, On Road",2/28/19 8:31
6119,519572,1,41.348694,-72.934772,3038023,2/28/19,9:41:00,A,"Injury of any type (Serious, Minor, Possible)",C,Possible Injury (C),2,Local,1.22,99,CIRCULAR AV,CIRCULAR AV,BRADLEY AV,,,,,1,Clear,1,Daylight,2,Wet,7200,"Trafficway, On Road",2/28/19 9:41
3976,518511,1,41.37890676,-72.9038597,3036962,2/28/19,13:49:00,O,Property Damage Only,O,No Apparent Injury (O),2,State,51.59,15,15-S,15-S,EXIT 61,,,,,1,Clear,1,Daylight,1,Dry,68000,"Trafficway, On Road",2/28/19 13:49
9074,518842,1,41.352056,-72.948922,3037293,2/28/19,16:59:00,O,Property Damage Only,O,No Apparent Injury (O),2,Local,0.29,571,WEST SIDE DR,WEST SIDE DR,,PLEASANT DR,210,Feet,S,1,Clear,1,Daylight,1,Dry,,"Trafficway, On Road",2/28/19 16:59
6462,521103,1,41.338012,-72.935211,3039553,2/28/19,17:38:00,O,Property Damage Only,O,No Apparent Injury (O),2,Local,0.18,142,DIXWELL AV,DIXWELL AV NO 1,Morse St,,,,,1,Clear,1,Daylight,1,Dry,,"Trafficway, On Road",2/28/19 17:38
139,519573,1,41.365598,-72.922106,3038024,2/28/19,17:45:00,A,"Injury of any type (Serious, Minor, Possible)",C,Possible Injury (C),2,State,7.02,10,CT-10,10-N,,RT 15,10,Feet,S,1,Clear,4,Dark-Lighted,1,Dry,34000,"Trafficway, On Road",2/28/19 17:45
9136,519810,1,41.419307,-72.919716,3038261,3/1/19,2:37:00,A,"Injury of any type (Serious, Minor, Possible)",C,Possible Injury (C),1,Local,0.08,575,WEST WOODS RD,WEST WOODS RD NO 1,,Shepard Avenue,450,Feet,E,1,Clear,4,Dark-Lighted,2,Wet,,"Trafficway, On Road",3/1/19 2:37
7881,519574,1,41.354882,-72.961513,3038025,3/1/19,7:04:00,O,Property Damage Only,O,No Apparent Injury (O),1,Local,0.11,424,PERRY RD,PERRY RD,,Wintergreen Ave.,1,TenthsofMile,W,7,Snow,1,Daylight,3,Snow,,"Trafficway, On Road",3/1/19 7:04
7465,519575,1,41.380267,-72.9177,3038026,3/1/19,7:35:00,O,Property Damage Only,O,No Apparent Injury (O),2,Local,1.25,366,MIX AV,MIX AV,,SHEPARD AV,100,Feet,S,7,Snow,1,Daylight,2,Wet,4000,"Trafficway, On Road",3/1/19 7:35
7047,519576,1,41.385239,-72.907119,3038027,3/1/19,7:42:00,O,Property Damage Only,O,No Apparent Injury (O),1,Local,0.6,713,HAMDEN HILLS DR,HAMDEN HILLS DR,,Evergreen,50,Feet,N,8,Blowing Snow,1,Daylight,3,Snow,8500,"Trafficway, Not on Road",3/1/19 7:42
7882,519577,1,41.355096,-72.95903,3038028,3/1/19,7:45:00,A,"Injury of any type (Serious, Minor, Possible)",B,Suspected Minor Injury (B),2,Local,0.27,424,PERRY RD,PERRY RD,JENNIFER RD,,,,,7,Snow,1,Daylight,3,Snow,,"Trafficway, On Road",3/1/19 7:45
252,521104,1,41.361247,-72.924727,3039554,3/1/19,7:59:00,O,Property Damage Only,O,No Apparent Injury (O),2,State,6.69,10,CT-10,10-N,,Mapelwood Terrace,100,Feet,N,7,Snow,1,Daylight,3,Snow,32000,"Trafficway, On Road",3/1/19 7:59
7466,521904,1,41.371489,-72.923649,3040353,3/1/19,8:08:00,A,"Injury of any type (Serious, Minor, Possible)",C,Possible Injury (C),2,Local,0.57,366,MIX AV,MIX AV,,East Gate Lane,1,TenthsofMile,S,97,Other,1,Daylight,2,Wet,4000,"Trafficway, On Road",3/1/19 8:08
5757,520543,1,41.360882,-72.931237,3038994,3/1/19,8:11:00,O,Property Damage Only,O,No Apparent Injury (O),1,Local,0.43,32,BATTIS RD,BATTIS RD,,arents rd,450,Feet,E,7,Snow,1,Daylight,4,Slush,,"Trafficway, On Road",3/1/19 8:11
5183,519578,1,41.365964,-72.908206,3038029,3/1/19,8:39:00,O,Property Damage Only,O,No Apparent Injury (O),2,State,2.38,707,WHITNEY AV,707-N,THORNTON ST,,,,,7,Snow,1,Daylight,4,Slush,13300,"Trafficway, On Road",3/1/19 8:39
7177,526039,1,41.34649,-72.89896,3044486,3/1/19,8:44:00,O,Property Damage Only,O,No Apparent Injury (O),2,Local,0.25,253,HEPBURN RD,HEPBURN RD,,Carew Rd,50,Feet,S,7,Snow,1,Daylight,3,Snow,,"Trafficway, On Road",3/1/19 8:44
5209,521629,1,41.378413,-72.903608,3040078,3/1/19,9:20:00,A,"Injury of any type (Serious, Minor, Possible)",B,Suspected Minor Injury (B),2,State,3.27,707,WHITNEY AV,707-N,,Route 15 S/B,10,Feet,N,1,Clear,1,Daylight,2,Wet,12500,"Trafficway, On Road",3/1/19 9:20
1266,519579,1,41.37043,-72.918437,3038030,3/1/19,10:28:00,O,Property Damage Only,O,No Apparent Injury (O),2,State,7.4,10,CT-10,10-N,,SKIFF ST,1605,Feet,S,1,Clear,1,Daylight,2,Wet,23600,"Trafficway, On Road",3/1/19 10:28
1409,604577,1,41.352738,-72.930517,3123006,3/1/19,14:02:00,A,"Injury of any type (Serious, Minor, Possible)",C,Possible Injury (C),1,State,6.04,10,CT-10,10-N,CHURCH ST,,,,,1,Clear,1,Daylight,1,Dry,23300,"Trafficway, On Road",3/1/19 14:02
2632,521105,1,41.338239,-72.935157,3039555,3/1/19,18:42:00,O,Property Damage Only,O,No Apparent Injury (O),2,State,5,10,CT-10,10-N,MORSE ST,,,,,1,Clear,4,Dark-Lighted,1,Dry,,"Trafficway, On Road",3/1/19 18:42
6668,521823,1,41.340629,-72.941581,3040272,3/1/19,20:57:00,O,Property Damage Only,O,No Apparent Injury (O),2,Local,0.17,176,FAIRVIEW AV,FAIRVIEW AV,,Mott Street ,150,Feet,S,1,Clear,4,Dark-Lighted,1,Dry,4800,"Trafficway, On Road",3/1/19 20:57
8408,523231,1,41.380047,-72.917018,3041679,3/2/19,5:16:00,O,Property Damage Only,O,No Apparent Injury (O),1,Local,0.26,489,SHEPARD AV,SHEPARD AV,,Mix Ave,100,Feet,E,7,Snow,4,Dark-Lighted,3,Snow,1400,"Trafficway, On Road",3/2/19 5:16
3125,522643,1,41.363935,-72.929055,3041092,3/2/19,6:33:00,O,Property Damage Only,O,No Apparent Injury (O),1,State,49.8,15,15-N,15-N,,EXIT 60 ,2,TenthsofMile,S,7,Snow,1,Daylight,3,Snow,78600,"Trafficway, On Road",3/2/19 6:33
7048,519989,1,41.388934,-72.910393,3038440,3/2/19,8:16:00,O,Property Damage Only,O,No Apparent Injury (O),1,Local,0.29,713,HAMDEN HILLS DR,HAMDEN HILLS DR,,Aspen Circle,120,Feet,E,7,Snow,1,Daylight,3,Snow,8500,"Trafficway, On Road",3/2/19 8:16
3655,521639,1,41.350138,-72.964534,3040088,3/2/19,9:03:00,O,Property Damage Only,O,No Apparent Injury (O),1,State,47.69,15,15-S,15-S,,exit 59,10,TenthsofMile,N,7,Snow,1,Daylight,2,Wet,78600,"Trafficway, On Road",3/2/19 9:03
3878,519923,1,41.378053,-72.905324,3038374,3/2/19,10:33:00,O,Property Damage Only,O,No Apparent Injury (O),2,State,51.45,15,15-S,15-S,Entrance Ramp 61,,,,S,1,Clear,1,Daylight,2,Wet,71500,"Trafficway, On Road",3/2/19 10:33
6816,519592,1,41.433641,-72.941319,3038043,3/2/19,10:45:00,O,Property Damage Only,O,No Apparent Injury (O),1,Local,0.72,208,GAYLORD MOUNTAIN RD,GAYLORD MOUNTAIN RD,,West Todd St.,1,TenthsofMile,S,7,Snow,1,Daylight,3,Snow,,"Trafficway, Not on Road",3/2/19 10:45
577,520544,1,41.346382,-72.933954,3038995,3/2/19,10:49:00,O,Property Damage Only,O,No Apparent Injury (O),2,State,5.56,10,CT-10,10-N,CIRCULAR AV,,,,,1,Clear,1,Daylight,1,Dry,26600,"Trafficway, On Road",3/2/19 10:49
7544,521824,1,41.337742,-72.931999,3040273,3/2/19,15:41:00,O,Property Damage Only,O,No Apparent Injury (O),2,Local,0.16,370,MORSE ST,MORSE ST,SAINT MARY ST,,,,,1,Clear,1,Daylight,1,Dry,3200,"Trafficway, On Road",3/2/19 15:41
7365,519786,1,41.354402,-72.927877,3038237,3/2/19,16:04:00,O,Property Damage Only,O,No Apparent Injury (O),2,Local,0.07,350,MARNE ST,MARNE ST,,Pershing Street,100,Feet,S,1,Clear,1,Daylight,1,Dry,,"Trafficway, On Road",3/2/19 16:04
5129,532205,1,41.343384,-72.911968,3050649,3/2/19,16:12:00,O,Property Damage Only,O,No Apparent Injury (O),2,State,0.77,707,WHITNEY AV,707-N,ELI RD,,,,,1,Clear,1,Daylight,1,Dry,13500,"Trafficway, On Road",3/2/19 16:12
4236,519443,1,41.366341,-72.92363,3037894,3/2/19,19:16:00,O,Property Damage Only,O,No Apparent Injury (O),2,State,0.06,15,15-S,15-S-119,,Exit 60,2,TenthsofMile,N,1,Clear,5,Dark-Not Lighted,1,Dry,9500,"Trafficway, On Road",3/2/19 19:16
6324,521053,1,41.356339,-72.891427,3039504,3/3/19,6:56:00,O,Property Damage Only,O,No Apparent Injury (O),2,Local,0.38,125,DANIEL RD,DANIEL RD,,State St,200,Feet,W,1,Clear,1,Daylight,1,Dry,,"Trafficway, On Road",3/3/19 6:56
8027,524688,1,41.343726,-72.926242,3043135,3/3/19,13:17:00,O,Property Damage Only,O,No Apparent Injury (O),2,Local,0.74,439,PUTNAM AV,PUTNAM AV,LEEDER HILL DR,,,,,1,Clear,1,Daylight,1,Dry,10200,"Trafficway, On Road",3/3/19 13:17
7142,532206,1,41.347072,-72.936478,3050650,3/3/19,13:34:00,O,Property Damage Only,O,No Apparent Injury (O),2,Local,0.12,251,HELEN ST,HELEN ST,,Murray St,106.6999969,Feet,W,1,Clear,1,Daylight,1,Dry,3000,"Trafficway, On Road",3/3/19 13:34
5184,519787,1,41.3642,-72.908702,3038238,3/3/19,14:14:00,O,Property Damage Only,O,No Apparent Injury (O),2,State,2.25,707,WHITNEY AV,707-N,,FILBERT ST,500,Feet,N,1,Clear,1,Daylight,1,Dry,13300,"Trafficway, On Road",3/3/19 14:14
9090,526040,1,41.43045,-72.919897,3044487,3/3/19,20:48:00,O,Property Damage Only,O,No Apparent Injury (O),1,Local,1.2,573,WEST TODD ST,WEST TODD ST,,Hillfield RD,100,Feet,S,7,Snow,4,Dark-Lighted,3,Snow,,"Trafficway, On Road",3/3/19 20:48
8172,521825,1,41.347211,-72.901814,3040274,3/3/19,21:55:00,O,Property Damage Only,O,No Apparent Injury (O),1,Local,0.85,452,RIDGE RD,RIDGE RD,,Carew Road,40,Feet,N,8,Blowing Snow,4,Dark-Lighted,3,Snow,6100,"Trafficway, Not on Road",3/3/19 21:55
5629,526041,1,41.374854,-72.916028,3044488,3/4/19,0:37:00,A,"Injury of any type (Serious, Minor, Possible)",B,Suspected Minor Injury (B),2,State,0.15,753,CT-10,753-S,,skiff st,125,Feet,N,8,Blowing Snow,4,Dark-Lighted,3,Snow,13900,"Trafficway, On Road",3/4/19 0:37
9112,522993,1,41.419797,-72.921257,3041441,3/4/19,2:02:00,O,Property Damage Only,O,No Apparent Injury (O),1,Local,0,575,WEST WOODS RD,WEST WOODS RD NO 1,SHEPARD AV,,,,,7,Snow,4,Dark-Lighted,3,Snow,3500,"Trafficway, On Road",3/4/19 2:02
2081,524689,1,41.430161,-72.906897,3043136,3/4/19,6:04:00,O,Property Damage Only,O,No Apparent Injury (O),1,State,12.14,10,CT-10,10-N,,Tuttle Ave,615,Feet,N,7,Snow,99,Unknown,4,Slush,17500,"Trafficway, Not on Road",3/4/19 6:04
3281,524961,1,41.379147,-72.903309,3043408,3/4/19,8:52:00,O,Property Damage Only,O,No Apparent Injury (O),2,State,51.61,15,15-N,15-N,,EXIT 61,1,TenthsofMile,S,2,Cloudy,1,Daylight,1,Dry,68000,"Trafficway, On Road",3/4/19 8:52
6792,520992,1,41.339698,-72.897489,3039443,3/4/19,10:19:00,O,Property Damage Only,O,No Apparent Injury (O),2,Local,0.3,200,FRANKLIN RD,FRANKLIN RD,,Batti Rd,75,Feet,N,1,Clear,1,Daylight,3,Snow,,"Trafficway, On Road",3/4/19 10:19
8830,520545,1,41.36307,-72.934595,3038996,3/4/19,12:19:00,O,Property Damage Only,O,No Apparent Injury (O),2,Local,0.05,499,SPRINGDALE ST,SPRINGDALE ST,,CHERRY HILL RD,260,Feet,E,1,Clear,1,Daylight,1,Dry,,"Trafficway, On Road",3/4/19 12:19
8856,521905,1,41.35589,-72.934983,3040354,3/4/19,12:20:00,O,Property Damage Only,O,No Apparent Injury (O),2,Local,0.09,514,TAFT ST,TAFT ST,,Chester St,100,Feet,W,2,Cloudy,1,Daylight,3,Snow,,"Trafficway, On Road",3/4/19 12:20
8406,522483,1,41.426671,-72.916959,3040932,3/4/19,12:41:00,O,Property Damage Only,O,No Apparent Injury (O),2,Local,3.67,489,SHEPARD AV,SHEPARD AV,,Todd St.,300,Feet,S,1,Clear,1,Daylight,1,Dry,1400,"Trafficway, On Road",3/4/19 12:41
3880,522651,1,41.378046,-72.905359,3041100,3/4/19,15:17:00,A,"Injury of any type (Serious, Minor, Possible)",B,Suspected Minor Injury (B),2,State,51.45,15,15-S,15-S,EXIT 61,,,,,1,Clear,1,Daylight,1,Dry,71500,"Trafficway, On Road",3/4/19 15:17
2004,522484,1,41.403761,-72.898218,3040933,3/4/19,15:57:00,O,Property Damage Only,O,No Apparent Injury (O),2,State,10.27,10,CT-10,10-N,DICKERMAN ST,,,,,1,Clear,1,Daylight,1,Dry,18300,"Trafficway, On Road",3/4/19 15:57
6888,520993,1,41.335783,-72.935002,3039444,3/4/19,17:10:00,A,"Injury of any type (Serious, Minor, Possible)",C,Possible Injury (C),3,Local,0.8,222,GOODRICH ST,GOODRICH ST,,Dixwell Avenue,30,Feet,E,1,Clear,1,Daylight,1,Dry,3200,"Trafficway, On Road",3/4/19 17:10
8404,520389,1,41.401328,-72.923987,3038840,3/4/19,19:14:00,O,Property Damage Only,O,No Apparent Injury (O),2,Local,1.82,489,SHEPARD AV,SHEPARD AV,,West Ahepard Avenue,10,Feet,S,1,Clear,4,Dark-Lighted,1,Dry,1400,"Trafficway, On Road",3/4/19 19:14
8634,522433,1,41.371232,-72.906804,3040882,3/5/19,12:39:00,O,Property Damage Only,O,No Apparent Injury (O),2,Local,0.03,494,SKIFF ST,SKIFF ST,,Whitney Ave,150,Feet,W,1,Clear,1,Daylight,1,Dry,24500,"Trafficway, On Road",3/5/19 12:39
8405,521081,1,41.377593,-72.91606,3039532,3/5/19,14:00:00,A,"Injury of any type (Serious, Minor, Possible)",B,Suspected Minor Injury (B),2,Local,0.07,489,SHEPARD AV,SHEPARD AV,,DIXWELL AVE,540,Feet,N,1,Clear,1,Daylight,1,Dry,1400,"Trafficway, On Road",3/5/19 14:00
8026,522805,1,41.346007,-72.912604,3041254,3/5/19,15:29:00,O,Property Damage Only,O,No Apparent Injury (O),2,Local,0,439,PUTNAM AV,PUTNAM AV,WHITNEY,,,,,1,Clear,1,Daylight,1,Dry,10200,"Trafficway, On Road",3/5/19 15:29
5788,522806,1,41.364545,-72.929514,3041255,3/5/19,17:23:00,A,"Injury of any type (Serious, Minor, Possible)",C,Possible Injury (C),2,Local,0.31,42,BENHAM ST,BENHAM ST,,Mix Ave,20,Feet,W,1,Clear,3,Dusk,1,Dry,12800,"Trafficway, On Road",3/5/19 17:23
2445,521906,1,41.400068,-72.897605,3040355,3/6/19,10:09:00,O,Property Damage Only,O,No Apparent Injury (O),2,State,10.01,10,CT-10,10-N,CHARLTON HILL RD,,,,,1,Clear,1,Daylight,1,Dry,12900,"Trafficway, On Road",3/6/19 10:09
518,521106,1,41.355655,-72.92844,3039556,3/6/19,11:48:00,A,"Injury of any type (Serious, Minor, Possible)",C,Possible Injury (C),3,State,6.26,10,CT-10,10-N,,PERSHING STREET,200,Feet,N,1,Clear,1,Daylight,1,Dry,27400,"Trafficway, On Road",3/6/19 11:48
3879,521091,1,41.378039,-72.905366,3039542,3/6/19,12:55:00,O,Property Damage Only,O,No Apparent Injury (O),2,State,51.45,15,15-S,15-S,EXIT 62,,,,,1,Clear,1,Daylight,1,Dry,71500,"Trafficway, On Road",3/6/19 12:55
1131,521865,1,41.342442,-72.935038,3040314,3/6/19,17:28:00,O,Property Damage Only,O,No Apparent Injury (O),2,State,5.29,10,CT-10,10-N,HAMDEN PARK DR,,,,,1,Clear,1,Daylight,1,Dry,24000,"Trafficway, On Road",3/6/19 17:28
6328,520969,1,41.341263,-72.907394,3039420,3/6/19,17:37:00,O,Property Damage Only,O,No Apparent Injury (O),2,Local,0.51,128,DAVIS ST,DAVIS ST,,HARTFORD TPKE,50,Feet,E,1,Clear,3,Dusk,1,Dry,11300,"Trafficway, On Road",3/6/19 17:37
8568,521907,1,41.41269,-72.90601,3040356,3/7/19,12:55:00,A,"Injury of any type (Serious, Minor, Possible)",C,Possible Injury (C),1,Local,1.89,491,SHERMAN AV,SHERMAN AV NO 1,,Whitney Av,1,TenthsofMile,W,1,Clear,1,Daylight,1,Dry,5700,Non-trafficway,3/7/19 12:55
8569,522808,1,41.391487,-72.922319,3041257,3/7/19,13:26:00,O,Property Damage Only,O,No Apparent Injury (O),2,Local,0.02,491,SHERMAN AV,SHERMAN AV NO 1,,SHEPARD AVENUE,75,Feet,E,1,Clear,1,Daylight,1,Dry,5700,"Trafficway, On Road",3/7/19 13:26
4784,522809,1,41.337849,-72.897967,3041258,3/7/19,13:50:00,O,Property Damage Only,O,No Apparent Injury (O),2,USRoute,1.76,5,US-5,5-N,EDMUND ST,,,,,1,Clear,1,Daylight,1,Dry,10000,"Trafficway, On Road",3/7/19 13:50
1132,521866,1,41.344387,-72.934378,3040315,3/7/19,15:12:00,A,"Injury of any type (Serious, Minor, Possible)",C,Possible Injury (C),3,State,5.42,10,CT-10,10-N,WOODIN ST,,,,,1,Clear,1,Daylight,1,Dry,24000,"Trafficway, On Road",3/7/19 15:12
6426,520970,1,41.338138,-72.935137,3039421,3/7/19,15:34:00,O,Property Damage Only,O,No Apparent Injury (O),2,Local,0.19,142,DIXWELL AV,DIXWELL AV NO 1,MORSE,,,,,1,Clear,1,Daylight,1,Dry,15600,"Trafficway, On Road",3/7/19 15:34
9027,522810,1,41.383469,-72.899035,3041259,3/7/19,16:13:00,O,Property Damage Only,O,No Apparent Injury (O),2,Local,0.02,554,WASHINGTON AV,WASHINGTON AV,,Dixwell Ave,100,Feet,N,1,Clear,1,Daylight,1,Dry,2700,"Trafficway, On Road",3/7/19 16:13
578,522811,1,41.346275,-72.93386,3041260,3/7/19,18:18:00,O,Property Damage Only,O,No Apparent Injury (O),2,State,5.56,10,CT-10,10-N,PUTNAM AV,,,,,1,Clear,4,Dark-Lighted,1,Dry,26600,"Trafficway, On Road",3/7/19 18:18
5124,522812,1,41.346024,-72.912455,3041261,3/7/19,18:49:00,O,Property Damage Only,O,No Apparent Injury (O),2,State,0.94,707,WHITNEY AV,707-N,LAKE RD,,,,,1,Clear,4,Dark-Lighted,1,Dry,13500,"Trafficway, On Road",3/7/19 18:49
8028,526042,1,41.343739,-72.926208,3044489,3/8/19,0:56:00,O,Property Damage Only,O,No Apparent Injury (O),2,Local,0.73,439,PUTNAM AV,PUTNAM AV,,LEEDER HILL DR,49,Feet,W,1,Clear,4,Dark-Lighted,1,Dry,10200,"Trafficway, On Road",3/8/19 0:56
5128,526043,1,41.343542,-72.91203,3044490,3/8/19,13:28:00,O,Property Damage Only,O,No Apparent Injury (O),2,State,0.77,707,WHITNEY AV,707-N,ELI RD,,,,,1,Clear,1,Daylight,1,Dry,13500,"Trafficway, On Road",3/8/19 13:28
2252,521867,1,41.388224,-72.900098,3040316,3/8/19,14:54:00,A,"Injury of any type (Serious, Minor, Possible)",C,Possible Injury (C),3,State,9.15,10,CT-10,10-N,,Lincoln St,20,Feet,S,1,Clear,1,Daylight,1,Dry,16800,"Trafficway, On Road",3/8/19 14:54
2005,522813,1,41.403813,-72.898319,3041262,3/8/19,15:27:00,O,Property Damage Only,O,No Apparent Injury (O),3,State,10.27,10,CT-10,10-N,IVES,,,,,1,Clear,1,Daylight,1,Dry,18300,"Trafficway, On Road",3/8/19 15:27
520,521868,1,41.35445,-72.929362,3040317,3/8/19,19:13:00,A,"Injury of any type (Serious, Minor, Possible)",C,Possible Injury (C),2,State,6.16,10,CT-10,10-N,,CUMLEY STREET,10,Feet,N,1,Clear,4,Dark-Lighted,1,Dry,27400,"Trafficway, On Road",3/8/19 19:13
1267,521869,1,41.370698,-72.918453,3040318,3/9/19,12:11:00,O,Property Damage Only,O,No Apparent Injury (O),2,State,7.42,10,CT-10,10-N,,Sprint Store,150,Feet,E,1,Clear,1,Daylight,1,Dry,23600,"Trafficway, On Road",3/9/19 12:11
5125,522814,1,41.34602,-72.912484,3041263,3/9/19,12:29:00,O,Property Damage Only,O,No Apparent Injury (O),2,State,0.94,707,WHITNEY AV,707-N,LAKE RD,,,,,1,Clear,1,Daylight,1,Dry,13500,"Trafficway, On Road",3/9/19 12:29
3124,521758,1,41.365036,-72.927232,3040207,3/9/19,19:00:00,O,Property Damage Only,O,No Apparent Injury (O),1,State,49.92,15,15-N,15-N,,Exit 60,1,TenthsofMile,S,1,Clear,5,Dark-Not Lighted,1,Dry,78600,"Trafficway, On Road",3/9/19 19:00
7819,534957,1,41.3589,-72.9117,3053401,3/9/19,22:16:00,O,Property Damage Only,O,No Apparent Injury (O),1,,,,PARK AV,38 PARK AVE,,Gordon Stret,10,Feet,E,1,Clear,4,Dark-Lighted,1,Dry,,"Trafficway, Not on Road",3/9/19 22:16
521,526044,1,41.354201,-72.92951,3044491,3/9/19,23:27:00,O,Property Damage Only,O,No Apparent Injury (O),2,State,6.15,10,CT-10,10-N,,TREADWELL ST,50,Feet,N,1,Clear,4,Dark-Lighted,1,Dry,27400,"Trafficway, On Road",3/9/19 23:27
3230,524541,1,41.366676,-72.917894,3042988,3/10/19,12:06:00,O,Property Damage Only,O,No Apparent Injury (O),3,State,50.43,15,15-N,15-N,,Exit 60,4,TenthsofMile,N,6,Freezing Rain or Freezing Drizzle,1,Daylight,2,Wet,71500,"Trafficway, On Road",3/10/19 12:06
6287,537027,1,41.366514,-72.918087,3055468,3/10/19,14:55:00,O,Property Damage Only,O,No Apparent Injury (O),2,Local,0.1,111,CONNOLLY PKWY,CONNOLLY PKWY,,Exit 60,1,TenthsofMile,N,4,Rain,1,Daylight,2,Wet,8700,"Trafficway, On Road",3/10/19 14:55
7687,526560,1,41.336193,-72.92663,3045006,3/10/19,16:17:00,O,Property Damage Only,O,No Apparent Injury (O),2,Local,0.52,385,NEWHALL ST,NEWHALL ST,MARLBORO ST,,,,,1,Clear,1,Daylight,1,Dry,7500,"Trafficway, On Road",3/10/19 16:17
2006,522994,1,41.402773,-72.897984,3041442,3/11/19,11:35:00,O,Property Damage Only,O,No Apparent Injury (O),2,State,10.19,10,CT-10,10-N,,Ives St,300,Feet,S,1,Clear,1,Daylight,1,Dry,18300,"Trafficway, On Road",3/11/19 11:35
3352,522694,1,41.380693,-72.900737,3041143,3/12/19,15:27:00,O,Property Damage Only,O,No Apparent Injury (O),2,State,51.76,15,15-N,15-N,,R/L,10,Feet,S,1,Clear,1,Daylight,1,Dry,63800,"Trafficway, On Road",3/12/19 15:27
3319,522696,1,41.380798,-72.900619,3041145,3/12/19,18:06:00,O,Property Damage Only,O,No Apparent Injury (O),2,State,51.77,15,15-N,15-N,,exit 61,10,Feet,S,1,Clear,1,Daylight,1,Dry,66000,"Trafficway, On Road",3/12/19 18:06
6004,522995,1,41.350697,-72.94373,3041443,3/13/19,16:18:00,O,Property Damage Only,O,No Apparent Injury (O),2,Local,0.51,63,BROOK ST,BROOK ST,PINE ROCK AVE,,,,,1,Clear,1,Daylight,1,Dry,3200,"Trafficway, On Road",3/13/19 16:18
2480,526318,1,41.338322,-72.937911,3044764,3/13/19,16:23:00,O,Property Damage Only,O,No Apparent Injury (O),2,State,4.87,10,CT-10,10-N,BOWEN,,,,,1,Clear,1,Daylight,1,Dry,12400,"Trafficway, On Road",3/13/19 16:23
5126,523232,1,41.34159,-72.91287,3041680,3/13/19,22:24:00,O,Property Damage Only,O,No Apparent Injury (O),2,State,0.62,707,WHITNEY AV,707-N,DAVIS ST,,,,,1,Clear,4,Dark-Lighted,1,Dry,13500,"Trafficway, On Road",3/13/19 22:24
6889,524690,1,41.335373,-72.930208,3043137,3/13/19,22:53:00,O,Property Damage Only,O,No Apparent Injury (O),2,Local,0.54,222,GOODRICH ST,GOODRICH ST,SHELTON AV,,,,,1,Clear,4,Dark-Lighted,1,Dry,3200,"Trafficway, On Road",3/13/19 22:53
899,524691,1,41.346741,-72.933635,3043138,3/14/19,13:41:00,O,Property Damage Only,O,No Apparent Injury (O),2,State,5.59,10,CT-10,10-N,,PUTNAM AVE,150,Feet,N,1,Clear,1,Daylight,1,Dry,25200,"Trafficway, On Road",3/14/19 13:41
6890,524693,1,41.335655,-72.933693,3043140,3/14/19,21:31:00,O,Property Damage Only,O,No Apparent Injury (O),2,Local,0.72,222,GOODRICH ST,GOODRICH ST,,Gem Street,10,Feet,N,1,Clear,4,Dark-Lighted,1,Dry,3200,"Trafficway, On Road",3/14/19 21:31
1133,524694,1,41.339541,-72.9352,3043141,3/15/19,8:52:00,O,Property Damage Only,O,No Apparent Injury (O),2,State,5.09,10,CT-10,10-N,,PINE ST,75,Feet,S,2,Cloudy,1,Daylight,2,Wet,24000,"Trafficway, On Road",3/15/19 8:52
1134,532711,1,41.339533,-72.935104,3051155,3/15/19,10:59:00,O,Property Damage Only,O,No Apparent Injury (O),2,State,5.09,10,CT-10,10-N,PINE ST,,,,,1,Clear,1,Daylight,1,Dry,24000,"Trafficway, On Road",3/15/19 10:59
2209,524766,1,41.383525,-72.90268,3043213,3/15/19,12:32:00,O,Property Damage Only,O,No Apparent Injury (O),2,State,8.76,10,CT-10,10-N,,WHITNEY AVE,200,Feet,W,1,Clear,1,Daylight,1,Dry,16900,"Trafficway, On Road",3/15/19 12:32