,CrashId,Fatal Case Status,lat,lon,DOT Case Number,Date Of Crash,Time of Crash,Crash Severity,Crash Severity Text Format,Most Severe Injury,Most Severe Injury Text Format,Number Of Motor Vehicles,Route Class Text Format,Milemarker,Road Number,Road Description,Roadway Name,Intersecting Roadway Name,Landmark Description,Distance From Nearest Landmark,Unit Of Measure From Nearest Landmark,Direction From Nearest Landmark,Weather Condition,Weather Condition Text Format,Light Condition,Light Condition Text Format,Road Surface Condition,Road Surface Condition Text Format,Average Daily Traffic,Trafficway Class Text Format,full_date
4940,524695,1,41.381564,-72.902567,3043142,3/15/19,13:36:00,A,"Injury of any type (Serious, Minor, Possible)",B,Suspected Minor Injury (B),2,State,3.49,707,WHITNEY AV,707-N,,Lincoln Street,5,Feet,S,1,Clear,1,Daylight,1,Dry,16800,"Trafficway, On Road",3/15/19 13:36
8412,534958,1,41.416104,-72.922287,3053402,3/15/19,15:04:00,A,"Injury of any type (Serious, Minor, Possible)",C,Possible Injury (C),1,Local,2.86,489,SHEPARD AV,SHEPARD AV,,Fans Rock Road,110,Feet,N,1,Clear,1,Daylight,1,Dry,1400,"Trafficway, On Road",3/15/19 15:04
7141,524696,1,41.348691,-72.940512,3043143,3/16/19,8:23:00,A,"Injury of any type (Serious, Minor, Possible)",A,Suspected Serious Injury (A),2,Local,0.36,251,HELEN ST,HELEN ST,LANGER ST,,,,,1,Clear,1,Daylight,1,Dry,3000,"Trafficway, On Road",3/16/19 8:23
7660,524697,1,41.351746,-72.955142,3043144,3/16/19,17:34:00,O,Property Damage Only,O,No Apparent Injury (O),2,Local,0.09,377,MUELLER DR,MUELLER DR,,ST MIHIEL DRIVE,79,Feet,N,1,Clear,1,Daylight,1,Dry,,"Trafficway, On Road",3/16/19 17:34
7250,524698,1,41.400295,-72.903296,3043145,3/16/19,17:58:00,O,Property Damage Only,O,No Apparent Injury (O),1,Local,0,302,KNOB HILL DR,KNOB HILL DR,EVERGREEN AV,,,,,1,Clear,1,Daylight,1,Dry,,"Trafficway, On Road",3/16/19 17:58
3126,527669,1,41.361295,-72.933874,3046114,3/17/19,16:18:00,A,"Injury of any type (Serious, Minor, Possible)",B,Suspected Minor Injury (B),2,State,49.49,15,15-N,15-N,,EXIT 60,5,TenthsofMile,S,1,Clear,1,Daylight,1,Dry,78600,"Trafficway, On Road",3/17/19 16:18
5855,526045,1,41.36649,-72.939152,3044492,3/17/19,17:28:00,O,Property Damage Only,O,No Apparent Injury (O),2,Local,0.84,42,BENHAM ST,BENHAM ST,,LANE STREET,500,Feet,E,1,Clear,1,Daylight,1,Dry,12500,"Trafficway, On Road",3/17/19 17:28
4253,525798,1,41.378193,-72.905289,3044245,3/18/19,14:22:00,O,Property Damage Only,O,No Apparent Injury (O),2,State,0.18,15,15-S,15-S-122,15-S,,,,,1,Clear,1,Daylight,1,Dry,9500,"Trafficway, On Road",3/18/19 14:22
1268,524699,1,41.367916,-72.92029,3043146,3/18/19,15:34:00,O,Property Damage Only,O,No Apparent Injury (O),2,State,7.2,10,CT-10,10-N,,Connolly Pkwy,287,Feet,N,1,Clear,1,Daylight,1,Dry,23600,"Trafficway, On Road",3/18/19 15:34
900,524700,1,41.404163,-72.898547,3043147,3/18/19,15:59:00,O,Property Damage Only,O,No Apparent Injury (O),2,State,10.3,10,CT-10,10-N,,DICKERMAN ST.,80,Feet,N,1,Clear,1,Daylight,1,Dry,25200,"Trafficway, On Road",3/18/19 15:59
4041,525800,1,41.378119,-72.905303,3044247,3/18/19,16:53:00,O,Property Damage Only,O,No Apparent Injury (O),2,State,51.46,15,15-S,15-S,,Entrance 61,10,Feet,N,1,Clear,1,Daylight,1,Dry,66400,"Trafficway, On Road",3/18/19 16:53
7467,524701,1,41.378142,-72.919118,3043148,3/18/19,18:20:00,O,Property Damage Only,O,No Apparent Injury (O),2,Local,1.09,366,MIX AV,MIX AV,,Skiff St,650,Feet,N,1,Clear,1,Daylight,1,Dry,4000,"Trafficway, On Road",3/18/19 18:20
4813,534959,1,41.348261,-72.89325,3053403,3/19/19,7:58:00,A,"Injury of any type (Serious, Minor, Possible)",C,Possible Injury (C),3,USRoute,2.52,5,US-5,5-N,,Foote St,500,Feet,S,1,Clear,1,Daylight,1,Dry,9400,"Trafficway, On Road",3/19/19 7:58
8635,526339,1,41.371345,-72.906835,3044785,3/19/19,8:44:00,O,Property Damage Only,O,No Apparent Injury (O),2,Local,0.03,494,SKIFF ST,SKIFF ST,,Whitney Avenue,100,Feet,W,1,Clear,1,Daylight,1,Dry,24500,"Trafficway, On Road",3/19/19 8:44
8274,524767,1,41.363346,-72.908645,3043214,3/19/19,12:29:00,A,"Injury of any type (Serious, Minor, Possible)",B,Suspected Minor Injury (B),1,Local,0.49,478,SANTA FE AV,SANTA FE AV,,WHITNEY AVE,70,Feet,E,1,Clear,1,Daylight,1,Dry,900,"Trafficway, On Road",3/19/19 12:29
5127,524745,1,41.345939,-72.912485,3043192,3/19/19,18:00:00,O,Property Damage Only,O,No Apparent Injury (O),2,State,0.93,707,WHITNEY AV,707-N,,Putnam Ave,15,Feet,S,1,Clear,1,Daylight,1,Dry,13500,"Trafficway, On Road",3/19/19 18:00
1381,526046,1,41.353602,-72.929996,3044493,3/19/19,21:45:00,A,"Injury of any type (Serious, Minor, Possible)",C,Possible Injury (C),1,State,6.1,10,CT-10,10-N,,Treadwell St.,100,Feet,S,1,Clear,4,Dark-Lighted,1,Dry,23300,"Trafficway, On Road",3/19/19 21:45
3501,527676,1,41.380677,-72.900737,3046121,3/20/19,9:40:00,A,"Injury of any type (Serious, Minor, Possible)",C,Possible Injury (C),2,State,0.23,15,15-N,15-N-125,,Route 15 North ,10,Feet,S,1,Clear,1,Daylight,1,Dry,2300,"Trafficway, On Road",3/20/19 9:40
5361,526319,1,41.336318,-72.911354,3044765,3/20/19,18:35:00,O,Property Damage Only,O,No Apparent Injury (O),2,State,0.24,707,WHITNEY AV,707-N,,Armory St,75,Feet,S,1,Clear,1,Daylight,1,Dry,11200,"Trafficway, On Road",3/20/19 18:35
6653,526048,1,41.346903,-72.940256,3044495,3/20/19,22:47:00,O,Property Damage Only,O,No Apparent Injury (O),2,Local,0.6,176,FAIRVIEW AV,FAIRVIEW AV,,HELEN ST,505,Feet,S,1,Clear,4,Dark-Lighted,1,Dry,4900,"Trafficway, On Road",3/20/19 22:47
259,534435,1,41.362888,-72.92377,3052879,3/21/19,7:07:00,O,Property Damage Only,O,No Apparent Injury (O),2,State,6.8,10,CT-10,10-N,BENHAM ST,,,,,2,Cloudy,1,Daylight,1,Dry,32000,"Trafficway, On Road",3/21/19 7:07
3881,527687,1,41.37808,-72.905356,3046132,3/21/19,7:53:00,O,Property Damage Only,O,No Apparent Injury (O),2,State,51.45,15,15-S,15-S,,ROUTE 15 SOUTH,10,Feet,W,1,Clear,1,Daylight,1,Dry,71500,"Trafficway, On Road",3/21/19 7:53
2481,532712,1,41.338406,-72.940236,3051156,3/21/19,9:11:00,O,Property Damage Only,O,No Apparent Injury (O),2,State,4.74,10,CT-10,10-N,,Fairview Av,200,Feet,E,1,Clear,1,Daylight,1,Dry,12400,"Trafficway, On Road",3/21/19 9:11
4811,526340,1,41.352843,-72.891628,3044786,3/21/19,19:44:00,O,Property Damage Only,O,No Apparent Injury (O),1,USRoute,2.85,5,US-5,5-N,SEBEC ST,,,,,1,Clear,4,Dark-Lighted,1,Dry,9400,"Trafficway, On Road",3/21/19 19:44
1383,526801,1,41.349413,-72.93222,3045247,3/22/19,9:47:00,O,Property Damage Only,O,No Apparent Injury (O),2,State,5.78,10,CT-10,10-N,,Collins St.,111,Feet,S,4,Rain,1,Daylight,2,Wet,23300,"Trafficway, On Road",3/22/19 9:47
6329,532719,1,41.341791,-72.909396,3051163,3/22/19,13:18:00,A,"Injury of any type (Serious, Minor, Possible)",B,Suspected Minor Injury (B),2,Local,0.62,128,DAVIS ST,DAVIS ST,,Hartford Tpke,500,Feet,W,1,Clear,1,Daylight,1,Dry,11300,"Trafficway, On Road",3/22/19 13:18
37,531282,1,41.363471,-72.92339,3049726,3/22/19,14:18:00,A,"Injury of any type (Serious, Minor, Possible)",C,Possible Injury (C),2,State,6.86,10,CT-10,10-N,,Dixwell Ave,115,Feet,S,1,Clear,1,Daylight,1,Dry,41000,"Trafficway, On Road",3/22/19 14:18
901,526341,1,41.404156,-72.898511,3044787,3/22/19,15:41:00,O,Property Damage Only,O,No Apparent Injury (O),2,State,10.29,10,CT-10,10-N,,Ives Street,30,Feet,N,6,Freezing Rain or Freezing Drizzle,1,Daylight,2,Wet,25200,"Trafficway, On Road",3/22/19 15:41
4598,535057,1,41.401276,-72.897695,3053500,3/22/19,16:43:00,O,Property Damage Only,O,No Apparent Injury (O),2,State,3.08,40,40-N,40-N,10-N,,,,,1,Clear,1,Daylight,1,Dry,18800,"Trafficway, On Road",3/22/19 16:43
253,526561,1,41.359185,-72.925858,3045007,3/22/19,17:25:00,O,Property Damage Only,O,No Apparent Injury (O),2,State,6.54,10,CT-10,10-N,,Mather Street,10,Feet,N,1,Clear,1,Daylight,1,Dry,32000,"Trafficway, On Road",3/22/19 17:25
8775,526562,1,41.374782,-72.91666,3045008,3/22/19,17:25:00,O,Property Damage Only,O,No Apparent Injury (O),2,Local,0.05,495,SKIFF ST EXT,SKIFF ST EXT,,753-S,160,Feet,W,1,Clear,1,Daylight,1,Dry,9400,"Trafficway, On Road",3/22/19 17:25
579,526342,1,41.345842,-72.93401,3044788,3/22/19,18:43:00,O,Property Damage Only,O,No Apparent Injury (O),2,State,5.56,10,CT-10,10-N,PUTNAM AV,,,,,1,Clear,3,Dusk,1,Dry,26600,"Trafficway, On Road",3/22/19 18:43
2253,533553,1,41.388583,-72.899945,3051997,3/22/19,18:45:00,O,Property Damage Only,O,No Apparent Injury (O),2,State,9.18,10,CT-10,10-N,,Lincoln Street,200,Feet,N,1,Clear,4,Dark-Lighted,1,Dry,16800,"Trafficway, On Road",3/22/19 18:45
176,526563,1,41.366942,-72.920903,3045009,3/22/19,20:22:00,O,Property Damage Only,O,No Apparent Injury (O),2,State,7.13,10,CT-10,10-N,,Connoly Pkwy,0.100000001,TenthsofMile,N,1,Clear,4,Dark-Lighted,1,Dry,33000,"Trafficway, On Road",3/22/19 20:22
6463,525573,1,41.33577155,-72.93520189,3044020,3/23/19,0:17:00,O,Property Damage Only,O,No Apparent Injury (O),2,Local,0.02,142,DIXWELL AV,DIXWELL AV NO 1,GOODRICH ST,,,,,4,Rain,6,Dark-Unknown Lighting,2,Wet,,"Trafficway, On Road",3/23/19 0:17
1269,526564,1,41.368364,-72.91978,3045010,3/23/19,11:59:00,O,Property Damage Only,O,No Apparent Injury (O),1,State,7.24,10,CT-10,10-N,,Connolly Pkwy.,1,TenthsofMile,N,1,Clear,1,Daylight,1,Dry,23600,"Trafficway, On Road",3/23/19 11:59
6751,526343,1,41.397509,-72.906371,3044789,3/23/19,16:22:00,O,Property Damage Only,O,No Apparent Injury (O),1,Local,0.13,635,FLOWER DR,FLOWER DR,,DEST DR,100,Feet,E,1,Clear,1,Daylight,1,Dry,,"Trafficway, Not on Road",3/23/19 16:22
1382,526344,1,41.352213,-72.930856,3044790,3/24/19,13:35:00,O,Property Damage Only,O,No Apparent Injury (O),2,State,5.99,10,CT-10,10-N,,Oregon Avenue,50,Feet,N,1,Clear,1,Daylight,1,Dry,23300,"Trafficway, On Road",3/24/19 13:35
903,532720,1,41.405243,-72.898887,3051164,3/24/19,17:23:00,O,Property Damage Only,O,No Apparent Injury (O),2,State,10.37,10,CT-10,10-N,,DICKERMAN STREET,1,TenthsofMile,N,1,Clear,1,Daylight,1,Dry,25200,"Trafficway, On Road",3/24/19 17:23
2217,603626,1,41.383562,-72.903162,3122055,3/25/19,15:16:00,A,"Injury of any type (Serious, Minor, Possible)",B,Suspected Minor Injury (B),1,State,8.74,10,CT-10,10-N,,Old Dixwell Ave.,150,Feet,E,1,Clear,1,Daylight,1,Dry,16900,"Trafficway, On Road",3/25/19 15:16
1135,532721,1,41.33854,-72.935233,3051165,3/26/19,8:20:00,A,"Injury of any type (Serious, Minor, Possible)",B,Suspected Minor Injury (B),2,State,5.02,10,CT-10,10-N,,Arch Street,82,Feet,N,1,Clear,1,Daylight,1,Dry,24000,"Trafficway, On Road",3/26/19 8:20
3231,528274,1,41.367352,-72.917066,3046718,3/26/19,9:30:00,A,"Injury of any type (Serious, Minor, Possible)",C,Possible Injury (C),3,State,50.5,15,15-N,15-N,,Exit 60,5,TenthsofMile,N,1,Clear,1,Daylight,1,Dry,71500,"Trafficway, On Road",3/26/19 9:30
4042,527722,1,41.378085,-72.905321,3046167,3/26/19,13:22:00,O,Property Damage Only,O,No Apparent Injury (O),2,State,51.46,15,15-S,15-S,,Route 15,20,Feet,S,1,Clear,1,Daylight,1,Dry,66400,"Trafficway, On Road",3/26/19 13:22
8409,526566,1,41.376709,-72.915668,3045012,3/26/19,13:28:00,O,Property Damage Only,O,No Apparent Injury (O),2,Local,0.01,489,SHEPARD AV,SHEPARD AV,,DIXWELL AVE,50,Feet,W,1,Clear,1,Daylight,1,Dry,1400,"Trafficway, On Road",3/26/19 13:28
3353,532569,1,41.38072192,-72.90076272,3051013,3/27/19,7:36:00,O,Property Damage Only,O,No Apparent Injury (O),2,State,51.76,15,15-N,15-N,,ENT 61,25,Feet,N,1,Clear,1,Daylight,1,Dry,63800,"Trafficway, On Road",3/27/19 7:36
2083,532528,1,41.437639,-72.909185,3050972,3/27/19,8:23:00,O,Property Damage Only,O,No Apparent Injury (O),2,State,12.67,10,CT-10,10-N,,SHEPARD AVE,250,Feet,N,1,Clear,1,Daylight,1,Dry,17500,"Trafficway, On Road",3/27/19 8:23
5488,533338,1,41.383214,-72.89942,3051782,3/27/19,16:25:00,O,Property Damage Only,O,No Apparent Injury (O),3,State,0.12,717,DIXWELL AV,717-E,,WASHINGTON AVE,50,Feet,W,1,Clear,1,Daylight,1,Dry,15600,"Trafficway, On Road",3/27/19 16:25
255,532722,1,41.360448,-72.924953,3051166,3/27/19,16:29:00,O,Property Damage Only,O,No Apparent Injury (O),1,State,6.63,10,CT-10,10-N,LEE ST,,,,N,1,Clear,1,Daylight,1,Dry,32000,"Trafficway, Not on Road",3/27/19 16:29
7021,532723,1,41.361848,-72.930329,3051167,3/27/19,18:49:00,O,Property Damage Only,O,No Apparent Injury (O),2,Local,0.65,230,GRANDVIEW AV,GRANDVIEW AV,BATTIS RD,,,,,1,Clear,1,Daylight,1,Dry,,"Trafficway, On Road",3/27/19 18:49
9221,533339,1,41.359186,-72.962106,3051783,3/28/19,1:12:00,A,"Injury of any type (Serious, Minor, Possible)",B,Suspected Minor Injury (B),1,Local,1.17,594,WINTERGREEN AV,WINTERGREEN AV,,stanley st,3400,Feet,W,1,Clear,4,Dark-Lighted,1,Dry,1300,"Trafficway, On Road",3/28/19 1:12
9205,532724,1,41.355201,-72.945866,3051168,3/28/19,1:50:00,O,Property Damage Only,O,No Apparent Injury (O),1,Local,0.07,594,WINTERGREEN AV,WINTERGREEN AV,,Pleasent Dr.,125,Feet,E,1,Clear,5,Dark-Not Lighted,1,Dry,1800,"Trafficway, On Road",3/28/19 1:50
6170,533019,1,41.36302,-72.9372,3051463,3/28/19,9:16:00,O,Property Damage Only,O,No Apparent Injury (O),2,Local,0.21,99,CIRCULAR AV,CIRCULAR AV,,Ursini Dr,1,TenthsofMile,S,1,Clear,1,Daylight,1,Dry,1900,"Trafficway, On Road",3/28/19 9:16
3978,527032,1,41.37890676,-72.9038597,3045478,3/28/19,10:50:00,O,Property Damage Only,O,No Apparent Injury (O),2,State,51.59,15,15-S,15-S,,EXIT 61`,100,Feet,S,1,Clear,1,Daylight,1,Dry,68000,"Trafficway, On Road",3/28/19 10:50
2082,529465,1,41.432978,-72.907964,3047909,3/28/19,14:06:00,O,Property Damage Only,O,No Apparent Injury (O),2,State,12.34,10,CT-10,10-N,,LAWRENCE RD,1,TenthsofMile,N,1,Clear,1,Daylight,1,Dry,17500,"Trafficway, On Road",3/28/19 14:06
3979,527036,1,41.37890676,-72.9038597,3045482,3/28/19,17:21:00,O,Property Damage Only,O,No Apparent Injury (O),2,State,51.59,15,15-S,15-S,,EXIT 61,100,Feet,S,1,Clear,1,Daylight,1,Dry,68000,"Trafficway, On Road",3/28/19 17:21
8291,532725,1,41.384741,-72.903233,3051169,3/28/19,17:44:00,O,Property Damage Only,O,No Apparent Injury (O),2,Local,0.19,480,SCHOOL ST,SCHOOL ST,,Whitney Ave,480,Feet,W,1,Clear,1,Daylight,1,Dry,5300,"Trafficway, On Road",3/28/19 17:44
5631,535236,1,41.37523,-72.916004,3053679,3/28/19,23:18:00,A,"Injury of any type (Serious, Minor, Possible)",B,Suspected Minor Injury (B),1,State,0.12,753,CT-10,753-S,,Skiff St,200,Feet,N,1,Clear,4,Dark-Lighted,1,Dry,13900,"Trafficway, On Road",3/28/19 23:18
5683,532738,1,41.399055,-72.906411,3051182,3/29/19,1:54:00,A,"Injury of any type (Serious, Minor, Possible)",C,Possible Injury (C),1,Local,0.15,626,ANNS FARM RD,ANNS FARM RD,,Dest Drive,50,Feet,E,1,Clear,4,Dark-Lighted,1,Dry,,"Trafficway, On Road",3/29/19 1:54
5185,533554,1,41.367827,-72.907495,3051998,3/29/19,15:32:00,O,Property Damage Only,O,No Apparent Injury (O),2,State,2.51,707,WHITNEY AV,707-N,RIDGEWOOD AV,,,,N,1,Clear,1,Daylight,1,Dry,13300,"Trafficway, On Road",3/29/19 15:32
3320,527784,1,41.381144,-72.899997,3046229,3/29/19,16:14:00,O,Property Damage Only,O,No Apparent Injury (O),2,State,51.81,15,15-N,15-N,,EXIT 61,100,Feet,N,1,Clear,1,Daylight,1,Dry,66000,"Trafficway, On Road",3/29/19 16:14
2393,533340,1,41.395756,-72.896811,3051784,3/29/19,16:35:00,A,"Injury of any type (Serious, Minor, Possible)",A,Suspected Serious Injury (A),2,State,9.71,10,CT-10,10-N,BRIARCLIFF RD,,,,,1,Clear,1,Daylight,1,Dry,14700,"Trafficway, On Road",3/29/19 16:35
3882,527991,1,41.372824,-72.91141,3046435,3/29/19,17:10:00,O,Property Damage Only,O,No Apparent Injury (O),2,State,50.98,15,15-S,15-S,,EXIT 60,2,TenthsofMile,N,1,Clear,1,Daylight,1,Dry,71500,"Trafficway, On Road",3/29/19 17:10
256,533020,1,41.362661,-72.9238,3051464,3/29/19,19:05:00,O,Property Damage Only,O,No Apparent Injury (O),2,State,6.8,10,CT-10,10-N,BENHAM ST,,,,,1,Clear,1,Daylight,1,Dry,32000,"Trafficway, Not on Road",3/29/19 19:05
1271,533021,1,41.369464,-72.919109,3051465,3/29/19,19:19:00,O,Property Damage Only,O,No Apparent Injury (O),2,State,7.32,10,CT-10,10-N,,Connolly Pkwy,2,TenthsofMile,N,1,Clear,4,Dark-Lighted,1,Dry,23600,"Trafficway, On Road",3/29/19 19:19
6120,533022,1,41.354644,-72.936534,3051466,3/29/19,20:32:00,O,Property Damage Only,O,No Apparent Injury (O),2,Local,0.8,99,CIRCULAR AV,CIRCULAR AV,,Church St,25,Feet,S,1,Clear,4,Dark-Lighted,1,Dry,7200,"Trafficway, On Road",3/29/19 20:32
4941,533040,1,41.383431,-72.901877,3051484,3/30/19,0:37:00,O,Property Damage Only,O,No Apparent Injury (O),2,State,3.62,707,WHITNEY AV,707-N,10-N,,,,,1,Clear,4,Dark-Lighted,1,Dry,16800,"Trafficway, On Road",3/30/19 0:37
8410,533341,1,41.427432,-72.91653,3051785,3/30/19,7:31:00,O,Property Damage Only,O,No Apparent Injury (O),2,Local,3.73,489,SHEPARD AV,SHEPARD AV,TODD ST,,,,S,1,Clear,1,Daylight,1,Dry,1400,"Trafficway, On Road",3/30/19 7:31
9250,533342,1,41.345509,-72.941981,3051786,3/30/19,10:03:00,A,"Injury of any type (Serious, Minor, Possible)",B,Suspected Minor Injury (B),1,Local,1.29,598,WOODIN ST,WOODIN ST,ROCHFORD AV,,,,,1,Clear,1,Daylight,1,Dry,5500,"Trafficway, On Road",3/30/19 10:03
523,533303,1,41.359185,-72.925781,3051747,3/30/19,13:13:00,O,Property Damage Only,O,No Apparent Injury (O),2,State,6.53,10,CT-10,10-N,MATHER ST,,,,,1,Clear,1,Daylight,1,Dry,27400,"Trafficway, On Road",3/30/19 13:13
5363,538495,1,41.336542,-72.911427,3056935,3/30/19,13:21:00,O,Property Damage Only,O,No Apparent Injury (O),2,State,0.26,707,WHITNEY AV,707-N,ARMORY ST,,,,,1,Clear,1,Daylight,1,Dry,11200,"Trafficway, On Road",3/30/19 13:21
6053,533343,1,41.347007,-72.901522,3051787,3/30/19,16:32:00,O,Property Damage Only,O,No Apparent Injury (O),1,Local,0.02,77,CAREW RD,CAREW RD,,Ridge Rd,82,Feet,E,1,Clear,1,Daylight,1,Dry,,"Trafficway, On Road",3/30/19 16:32
904,533422,1,41.404505,-72.898667,3051866,3/31/19,12:43:00,A,"Injury of any type (Serious, Minor, Possible)",C,Possible Injury (C),2,State,10.32,10,CT-10,10-N,,Dickerman,200,Feet,N,4,Rain,1,Daylight,2,Wet,25200,"Trafficway, On Road",3/31/19 12:43
5789,533623,1,41.363203,-72.925001,3052067,3/31/19,18:41:00,O,Property Damage Only,O,No Apparent Injury (O),2,Local,0.07,42,BENHAM ST,BENHAM ST,,Hope Avenue,25,Feet,W,1,Clear,1,Daylight,2,Wet,12800,"Trafficway, On Road",3/31/19 18:41
522,532552,1,41.358001,-72.926543,3050996,4/1/19,8:51:00,A,"Injury of any type (Serious, Minor, Possible)",B,Suspected Minor Injury (B),3,State,6.45,10,CT-10,10-N,,HILLCREST AVE,230,Feet,N,1,Clear,1,Daylight,1,Dry,27400,"Trafficway, On Road",4/1/19 8:51
1136,533624,1,41.339327,-72.935249,3052068,4/1/19,10:43:00,O,Property Damage Only,O,No Apparent Injury (O),2,State,5.07,10,CT-10,10-N,,Arch Street,1,TenthsofMile,N,1,Clear,1,Daylight,1,Dry,24000,"Trafficway, On Road",4/1/19 10:43
4255,533615,1,41.378026,-72.905348,3052059,4/1/19,13:32:00,A,"Injury of any type (Serious, Minor, Possible)",C,Possible Injury (C),2,State,0.19,15,15-S,15-S-122,ent 61,,,,,1,Clear,1,Daylight,1,Dry,9500,"Trafficway, On Road",4/1/19 13:32
2210,533565,1,41.383498,-72.902412,3052009,4/1/19,15:43:00,O,Property Damage Only,O,No Apparent Injury (O),2,State,8.77,10,CT-10,10-N,,WHITNEY AVE,150,Feet,W,1,Clear,1,Daylight,1,Dry,16900,"Trafficway, On Road",4/1/19 15:43
6621,533625,1,41.409661,-72.900673,3052069,4/1/19,15:58:00,O,Property Damage Only,O,No Apparent Injury (O),2,Local,1.91,174,EVERGREEN AV,EVERGREEN AV,,WHITNEY AVE,5,Feet,W,1,Clear,1,Daylight,1,Dry,4200,"Trafficway, On Road",4/1/19 15:58
3282,533576,1,41.37877474,-72.9035621,3052020,4/1/19,15:59:00,A,"Injury of any type (Serious, Minor, Possible)",C,Possible Injury (C),2,State,51.58,15,15-N,15-N,,EXIT 61,100,Feet,N,1,Clear,1,Daylight,1,Dry,68000,"Trafficway, On Road",4/1/19 15:59
8411,533626,1,41.37674,-72.915727,3052070,4/1/19,16:06:00,O,Property Damage Only,O,No Apparent Injury (O),2,Local,0.02,489,SHEPARD AV,SHEPARD AV,,Dixwell Avenue,15,Feet,W,1,Clear,1,Daylight,1,Dry,1400,"Trafficway, On Road",4/1/19 16:06
6286,533627,1,41.367051,-72.920473,3052071,4/2/19,17:04:00,O,Property Damage Only,O,No Apparent Injury (O),2,Local,0.24,111,CONNOLLY PKWY,CONNOLLY PKWY,,10-N,55,Feet,E,1,Clear,1,Daylight,1,Dry,8700,"Trafficway, On Road",4/2/19 17:04
2254,533761,1,41.384729,-72.90145,3052205,4/2/19,17:06:00,O,Property Damage Only,O,No Apparent Injury (O),2,State,8.9,10,CT-10,10-N,,SCHOOL ST,75,Feet,N,1,Clear,1,Daylight,1,Dry,16800,"Trafficway, On Road",4/2/19 17:06
8700,533628,1,41.371179,-72.906733,3052072,4/2/19,19:07:00,O,Property Damage Only,O,No Apparent Injury (O),2,Local,0.02,494,SKIFF ST,SKIFF ST,,Whitney Avenue,100,Feet,W,1,Clear,4,Dark-Lighted,1,Dry,,"Trafficway, On Road",4/2/19 19:07
3354,533579,1,41.380626,-72.900738,3052023,4/3/19,7:54:00,A,"Injury of any type (Serious, Minor, Possible)",C,Possible Injury (C),2,State,51.76,15,15-N,15-N,,EXIT 61,50,Feet,S,1,Clear,1,Daylight,1,Dry,63800,"Trafficway, On Road",4/3/19 7:54
905,533762,1,41.405233,-72.89888,3052206,4/3/19,8:13:00,O,Property Damage Only,O,No Apparent Injury (O),2,State,10.37,10,CT-10,10-N,,DICKERMAN STREET,1,TenthsofMile,N,1,Clear,1,Daylight,1,Dry,25200,"Trafficway, On Road",4/3/19 8:13
902,532553,1,41.347217,-72.933409,3050997,4/3/19,11:31:00,O,Property Damage Only,O,No Apparent Injury (O),2,State,5.63,10,CT-10,10-N,,Circular Ave,300,Feet,N,1,Clear,1,Daylight,1,Dry,25200,"Trafficway, On Road",4/3/19 11:31
257,533763,1,41.362742,-72.924001,3052207,4/3/19,14:45:00,O,Property Damage Only,O,No Apparent Injury (O),4,State,6.8,10,CT-10,10-N,BENHAM ST,,,,,1,Clear,1,Daylight,1,Dry,32000,"Trafficway, On Road",4/3/19 14:45
6058,533764,1,41.358703,-72.90758,3052208,4/3/19,15:43:00,O,Property Damage Only,O,No Apparent Injury (O),1,Local,0,80,CARMALT RD,CARMALT RD NO 2,GILLIES RD,,,,,1,Clear,1,Daylight,1,Dry,,"Trafficway, On Road",4/3/19 15:43
4254,532875,1,41.378065,-72.905339,3051319,4/3/19,16:56:00,A,"Injury of any type (Serious, Minor, Possible)",B,Suspected Minor Injury (B),2,State,0.18,15,15-S,15-S-122,,Route 15 South,20,Feet,N,1,Clear,1,Daylight,1,Dry,9500,"Trafficway, On Road",4/3/19 16:56
580,533765,1,41.344708,-72.934343,3052209,4/3/19,17:16:00,O,Property Damage Only,O,No Apparent Injury (O),2,State,5.44,10,CT-10,10-N,,WOODIN ST,75,Feet,N,1,Clear,1,Daylight,1,Dry,26600,"Trafficway, On Road",4/3/19 17:16
3127,532876,1,41.365031,-72.927176,3051320,4/3/19,17:53:00,O,Property Damage Only,O,No Apparent Injury (O),2,State,49.92,15,15-N,15-N,,exit #60,375,Feet,S,1,Clear,1,Daylight,1,Dry,78600,"Trafficway, On Road",4/3/19 17:53
1406,603157,1,41.350871,-72.931532,3121586,4/3/19,19:42:00,O,Property Damage Only,O,No Apparent Injury (O),2,State,5.9,10,CT-10,10-N,,Beacon St,150,Feet,S,1,Clear,4,Dark-Lighted,1,Dry,23300,"Trafficway, On Road",4/3/19 19:42
6724,531688,1,41.339028,-72.905127,3050132,4/4/19,7:49:00,O,Property Damage Only,O,No Apparent Injury (O),1,,,,FARNAM DR,60 FARNAM DR,,DAVIS ST,300,Feet,W,1,Clear,1,Daylight,1,Dry,,Non-trafficway,4/4/19 7:49
9047,533766,1,41.345085,-72.945664,3052210,4/4/19,7:56:00,O,Property Damage Only,O,No Apparent Injury (O),2,Local,0.13,561,WELCH ST,WELCH ST,PINEROCK,,,,,1,Clear,1,Daylight,1,Dry,,"Trafficway, On Road",4/4/19 7:56
906,533767,1,41.406548,-72.89931,3052211,4/4/19,8:03:00,O,Property Damage Only,O,No Apparent Injury (O),2,State,10.47,10,CT-10,10-N,,Home Pl,10,Feet,N,1,Clear,1,Daylight,1,Dry,25200,"Trafficway, On Road",4/4/19 8:03