,CrashId,Fatal Case Status,lat,lon,DOT Case Number,Date Of Crash,Time of Crash,Crash Severity,Crash Severity Text Format,Most Severe Injury,Most Severe Injury Text Format,Number Of Motor Vehicles,Route Class Text Format,Milemarker,Road Number,Road Description,Roadway Name,Intersecting Roadway Name,Landmark Description,Distance From Nearest Landmark,Unit Of Measure From Nearest Landmark,Direction From Nearest Landmark,Weather Condition,Weather Condition Text Format,Light Condition,Light Condition Text Format,Road Surface Condition,Road Surface Condition Text Format,Average Daily Traffic,Trafficway Class Text Format,full_date
907,534457,1,41.40426,-72.89848,3052901,4/4/19,9:30:00,A,"Injury of any type (Serious, Minor, Possible)",C,Possible Injury (C),2,State,10.3,10,CT-10,10-N,,Dickerman,97,Feet,N,1,Clear,1,Daylight,1,Dry,25200,"Trafficway, On Road",4/4/19 9:30
7908,533768,1,41.352875,-72.942454,3052212,4/4/19,12:12:00,O,Property Damage Only,O,No Apparent Injury (O),2,Local,0.49,429,PINE ROCK AV,PINE ROCK AV NO 1,,Blacy Street,530,Feet,S,1,Clear,1,Daylight,1,Dry,5600,"Trafficway, On Road",4/4/19 12:12
524,533769,1,41.35852,-72.926128,3052213,4/4/19,13:09:00,O,Property Damage Only,O,No Apparent Injury (O),2,State,6.49,10,CT-10,10-N,,Mather,200,Feet,S,1,Clear,1,Daylight,1,Dry,27400,"Trafficway, On Road",4/4/19 13:09
1272,533770,1,41.374323,-72.915944,3052214,4/4/19,13:24:00,O,Property Damage Only,O,No Apparent Injury (O),2,State,7.7,10,CT-10,10-N,SKIFF ST,,,,,1,Clear,1,Daylight,1,Dry,23600,"Trafficway, On Road",4/4/19 13:24
3884,536016,1,41.378052,-72.905332,3054459,4/4/19,15:40:00,O,Property Damage Only,O,No Apparent Injury (O),2,State,51.45,15,15-S,15-S,,Wilbur Cross Parkway,15,Feet,S,1,Clear,1,Daylight,1,Dry,71500,"Trafficway, On Road",4/4/19 15:40
258,533771,1,41.362295,-72.924127,3052215,4/4/19,16:23:00,O,Property Damage Only,O,No Apparent Injury (O),2,State,6.77,10,CT-10,10-N,,Benham St,150,Feet,S,1,Clear,4,Dark-Lighted,1,Dry,32000,"Trafficway, On Road",4/4/19 16:23
1918,534458,1,41.421136,-72.90483,3052902,4/4/19,17:15:00,O,Property Damage Only,O,No Apparent Injury (O),2,State,11.51,10,CT-10,10-N,,West Woods Rd,150,Feet,N,1,Clear,1,Daylight,1,Dry,19000,"Trafficway, On Road",4/4/19 17:15
2482,534459,1,41.338195,-72.935221,3052903,4/4/19,23:55:00,A,"Injury of any type (Serious, Minor, Possible)",B,Suspected Minor Injury (B),2,State,5,10,CT-10,10-N,MORSE ST,,,,,1,Clear,4,Dark-Lighted,1,Dry,12400,"Trafficway, On Road",4/4/19 23:55
2255,534460,1,41.385255,-72.901193,3052904,4/5/19,0:50:00,A,"Injury of any type (Serious, Minor, Possible)",A,Suspected Serious Injury (A),1,State,8.94,10,CT-10,10-N,,School Street,200,Feet,N,1,Clear,4,Dark-Lighted,1,Dry,16800,"Trafficway, On Road",4/5/19 0:50
7350,532530,1,41.363517,-72.926861,3050974,4/5/19,12:18:00,O,Property Damage Only,O,No Apparent Injury (O),2,Local,0.03,341,MALCOLM ST,MALCOLM ST,,BENHAM ST,156,Feet,S,1,Clear,1,Daylight,1,Dry,,"Trafficway, On Road",4/5/19 12:18
909,534960,1,41.405684,-72.899089,3053404,4/5/19,17:32:00,O,Property Damage Only,O,No Apparent Injury (O),4,State,10.4,10,CT-10,10-N,,Woodruff Street,100,Feet,N,4,Rain,1,Daylight,2,Wet,25200,"Trafficway, On Road",4/5/19 17:32
5362,534462,1,41.336644,-72.911476,3052906,4/5/19,19:26:00,O,Property Damage Only,O,No Apparent Injury (O),2,State,0.26,707,WHITNEY AV,707-N,,Armory Street,10,Feet,N,4,Rain,4,Dark-Lighted,2,Wet,11200,"Trafficway, On Road",4/5/19 19:26
1137,534463,1,41.343827,-72.934455,3052907,4/5/19,20:02:00,O,Property Damage Only,O,No Apparent Injury (O),2,State,5.39,10,CT-10,10-N,THIRD ST,,,,,1,Clear,4,Dark-Lighted,1,Dry,24000,"Trafficway, On Road",4/5/19 20:02
7422,603158,1,41.339709,-72.926304,3121587,4/6/19,10:41:00,O,Property Damage Only,O,No Apparent Injury (O),2,Local,0.67,365,MILL ROCK RD,MILL ROCK RD,,NEWHALL ST,40,Feet,E,4,Rain,99,Unknown,99,Unknown,4400,"Trafficway, On Road",4/6/19 10:41
8570,535030,1,41.394425,-72.920206,3053474,4/6/19,14:08:00,O,Property Damage Only,O,No Apparent Injury (O),2,Local,0.3,491,SHERMAN AV,SHERMAN AV NO 1,ROSSOTTO DR,,,,,1,Clear,1,Daylight,1,Dry,5700,"Trafficway, On Road",4/6/19 14:08
1273,534961,1,41.369619,-72.919065,3053405,4/6/19,15:33:00,A,"Injury of any type (Serious, Minor, Possible)",C,Possible Injury (C),2,State,7.33,10,CT-10,10-N,,Connolly Parkway,1006,Feet,N,1,Clear,1,Daylight,1,Dry,23600,"Trafficway, On Road",4/6/19 15:33
1138,534479,1,41.344483,-72.934426,3052923,4/7/19,12:12:00,O,Property Damage Only,O,No Apparent Injury (O),2,State,5.42,10,CT-10,10-N,WOODIN ST,,,,,1,Clear,1,Daylight,1,Dry,24000,"Trafficway, On Road",4/7/19 12:12
2340,534480,1,41.450334,-72.909515,3052924,4/7/19,13:29:00,A,"Injury of any type (Serious, Minor, Possible)",B,Suspected Minor Injury (B),2,State,13.56,10,CT-10,10-N,,Bittersweet Ln.,30,Feet,S,1,Clear,1,Daylight,1,Dry,15400,"Trafficway, On Road",4/7/19 13:29
4640,534481,1,41.420792,-72.898506,3052925,4/7/19,18:01:00,O,Property Damage Only,O,No Apparent Injury (O),2,State,0.31,453,MOUNT CARMEL AV,453-E,,New Rd.,1,TenthsofMile,E,1,Clear,1,Daylight,1,Dry,8700,"Trafficway, On Road",4/7/19 18:01
260,534482,1,41.36253,-72.924001,3052926,4/7/19,19:13:00,O,Property Damage Only,O,No Apparent Injury (O),1,State,6.8,10,CT-10,10-N,BENHAM ST,,,,,1,Clear,4,Dark-Lighted,1,Dry,32000,"Trafficway, On Road",4/7/19 19:13
254,532531,1,41.359291,-72.92572,3050975,4/8/19,8:28:00,O,Property Damage Only,O,No Apparent Injury (O),2,State,6.55,10,CT-10,10-N,,MATHER ST,50,Feet,N,1,Clear,1,Daylight,2,Wet,32000,"Trafficway, On Road",4/8/19 8:28
9195,603159,1,41.336273,-72.924853,3121588,4/8/19,15:17:00,O,Property Damage Only,O,No Apparent Injury (O),2,Local,0.21,591,WINCHESTER AV,WINCHESTER AV,,MARLBORO ST,200,Feet,N,1,Clear,1,Daylight,1,Dry,1500,"Trafficway, On Road",4/8/19 15:17
3128,536045,1,41.36528129,-72.92654734,3054488,4/9/19,8:13:00,O,Property Damage Only,O,No Apparent Injury (O),1,State,49.96,15,15-N,15-N,,Exit 60,5,TenthsofMile,S,1,Clear,1,Daylight,1,Dry,78600,"Trafficway, Not on Road",4/9/19 8:13
4812,534483,1,41.35533,-72.89085,3052927,4/9/19,13:19:00,A,"Injury of any type (Serious, Minor, Possible)",C,Possible Injury (C),2,USRoute,3.02,5,US-5,5-N,,Daniel St,200,Feet,S,1,Clear,1,Daylight,1,Dry,9400,"Trafficway, On Road",4/9/19 13:19
7377,534484,1,41.358778,-72.925163,3052928,4/9/19,17:45:00,O,Property Damage Only,O,No Apparent Injury (O),2,Local,0.98,352,MATHER ST,MATHER ST,,DIXWELL AVE,100,Feet,E,1,Clear,1,Daylight,1,Dry,5200,"Trafficway, On Road",4/9/19 17:45
4044,535188,1,41.378091,-72.905338,3053631,4/9/19,18:12:00,O,Property Damage Only,O,No Apparent Injury (O),2,State,51.46,15,15-S,15-S,,R/L,10,Feet,W,4,Rain,1,Daylight,2,Wet,66400,"Trafficway, On Road",4/9/19 18:12
8154,536212,1,41.338646,-72.901911,3054655,4/10/19,3:04:00,A,"Injury of any type (Serious, Minor, Possible)",B,Suspected Minor Injury (B),1,Local,0.24,452,RIDGE RD,RIDGE RD,,Park Road,2,TenthsofMile,N,4,Rain,4,Dark-Lighted,2,Wet,9200,"Trafficway, On Road",4/10/19 3:04
1139,534486,1,41.338598,-72.935246,3052930,4/10/19,7:34:00,O,Property Damage Only,O,No Apparent Injury (O),2,State,5.02,10,CT-10,10-N,,Arch Street,100,Feet,N,1,Clear,1,Daylight,1,Dry,24000,"Trafficway, On Road",4/10/19 7:34
8636,534962,1,41.371296,-72.906763,3053406,4/10/19,11:26:00,O,Property Damage Only,O,No Apparent Injury (O),2,Local,0.03,494,SKIFF ST,SKIFF ST,,Whitney Av,100,Feet,W,1,Clear,1,Daylight,1,Dry,24500,"Trafficway, On Road",4/10/19 11:26
4257,536533,1,41.378077,-72.90531,3054975,4/10/19,12:02:00,A,"Injury of any type (Serious, Minor, Possible)",C,Possible Injury (C),2,State,0.18,15,15-S,15-S-122,15-S,,,,,1,Clear,1,Daylight,1,Dry,9500,"Trafficway, On Road",4/10/19 12:02
7233,534963,1,41.404438,-72.888688,3053407,4/10/19,12:25:00,O,Property Damage Only,O,No Apparent Injury (O),2,Local,0.3,281,IVES ST,IVES ST,,Westerly Dr,1,TenthsofMile,E,1,Clear,1,Daylight,1,Dry,400,"Trafficway, On Road",4/10/19 12:25
1140,534487,1,41.338829,-72.935208,3052931,4/10/19,15:10:00,O,Property Damage Only,O,No Apparent Injury (O),2,State,5.04,10,CT-10,10-N,,Arch St,200,Feet,N,1,Clear,1,Daylight,1,Dry,24000,"Trafficway, On Road",4/10/19 15:10
5630,534488,1,41.376631,-72.915448,3052932,4/10/19,16:07:00,O,Property Damage Only,O,No Apparent Injury (O),2,State,0.03,753,CT-10,753-S,SHEPARD AV,,,,,1,Clear,1,Daylight,1,Dry,13900,"Trafficway, On Road",4/10/19 16:07
5187,535073,1,41.371098,-72.906374,3053516,4/10/19,21:42:00,A,"Injury of any type (Serious, Minor, Possible)",C,Possible Injury (C),2,State,2.74,707,WHITNEY AV,707-N,SKIFF ST,,,,,1,Clear,4,Dark-Lighted,1,Dry,13300,"Trafficway, On Road",4/10/19 21:42
4043,534383,1,41.378423,-72.904664,3052827,4/11/19,7:06:00,O,Property Damage Only,O,No Apparent Injury (O),2,State,51.52,15,15-S,15-S,,EXIT 61,100,Feet,S,1,Clear,1,Daylight,1,Dry,66400,"Trafficway, On Road",4/11/19 7:06
6892,538884,1,41.335751,-72.935235,3057324,4/11/19,13:28:00,O,Property Damage Only,O,No Apparent Injury (O),2,Local,0.81,222,GOODRICH ST,GOODRICH ST,,DixwellAve,20,Feet,E,1,Clear,1,Daylight,1,Dry,3200,"Trafficway, On Road",4/11/19 13:28
8638,536213,1,41.3743,-72.915237,3054656,4/11/19,15:57:00,O,Property Damage Only,O,No Apparent Injury (O),2,Local,0.51,494,SKIFF ST,SKIFF ST,,Dixwell Ave,150,Feet,E,1,Clear,1,Daylight,1,Dry,24500,"Trafficway, On Road",4/11/19 15:57
911,535237,1,41.4045,-72.898,3053680,4/11/19,16:31:00,O,Property Damage Only,O,No Apparent Injury (O),2,State,10.31,10,CT-10,10-N,,Dickerman St.,150,Feet,N,1,Clear,1,Daylight,1,Dry,25200,"Trafficway, On Road",4/11/19 16:31
671,535238,1,41.417827,-72.903577,3053681,4/11/19,18:01:00,O,Property Damage Only,O,No Apparent Injury (O),2,State,11.27,10,CT-10,10-N,,West Woods Rd.,2,TenthsofMile,S,1,Clear,1,Daylight,1,Dry,25700,"Trafficway, On Road",4/11/19 18:01
908,534490,1,41.413908,-72.902156,3052934,4/11/19,20:33:00,A,"Injury of any type (Serious, Minor, Possible)",C,Possible Injury (C),2,State,10.99,10,CT-10,10-N,,SHERMAN AVE,25,Feet,S,1,Clear,4,Dark-Lighted,1,Dry,25200,"Trafficway, On Road",4/11/19 20:33
6669,534491,1,41.345219,-72.94084,3052935,4/11/19,21:04:00,O,Property Damage Only,O,No Apparent Injury (O),2,Local,0.48,176,FAIRVIEW AV,FAIRVIEW AV,,Woodin ST,100,Feet,S,1,Clear,4,Dark-Lighted,1,Dry,4800,"Trafficway, On Road",4/11/19 21:04
5726,535044,1,41.342335,-72.922396,3053488,4/11/19,21:48:00,O,Property Damage Only,O,No Apparent Injury (O),2,Local,0.54,21,AUGUR ST,AUGUR ST,,WINNETT ST,20,Feet,W,1,Clear,6,Dark-Unknown Lighting,1,Dry,,"Trafficway, On Road",4/11/19 21:48
5790,534492,1,41.362743,-72.923967,3052936,4/12/19,7:58:00,O,Property Damage Only,O,No Apparent Injury (O),2,Local,0.01,42,BENHAM ST,BENHAM ST,DIXWELL,,,,,2,Cloudy,1,Daylight,2,Wet,12800,"Trafficway, On Road",4/12/19 7:58
1141,534964,1,41.341807,-72.934908,3053408,4/12/19,8:50:00,A,"Injury of any type (Serious, Minor, Possible)",C,Possible Injury (C),2,State,5.24,10,CT-10,10-N,,North St,20,Feet,S,4,Rain,1,Daylight,2,Wet,24000,"Trafficway, On Road",4/12/19 8:50
6891,534965,1,41.33566,-72.933757,3053409,4/12/19,9:39:00,O,Property Damage Only,O,No Apparent Injury (O),2,Local,0.73,222,GOODRICH ST,GOODRICH ST,GEM ST,,,,,1,Clear,1,Daylight,1,Dry,3200,"Trafficway, On Road",4/12/19 9:39
5443,534966,1,41.383103,-72.898714,3053410,4/12/19,12:04:00,O,Property Damage Only,O,No Apparent Injury (O),2,State,0.16,717,DIXWELL AV,717-E,,Washington Av,100,Feet,E,1,Clear,1,Daylight,1,Dry,18800,"Trafficway, On Road",4/12/19 12:04
3883,534385,1,41.366396,-72.918702,3052829,4/12/19,15:56:00,O,Property Damage Only,O,No Apparent Injury (O),3,State,50.41,15,15-S,15-S,,EXIT 60,2,TenthsofMile,N,1,Clear,1,Daylight,1,Dry,71500,"Trafficway, On Road",4/12/19 15:56
7378,535041,1,41.349532,-72.915037,3053485,4/12/19,16:59:00,O,Property Damage Only,O,No Apparent Injury (O),2,Local,0.13,352,MATHER ST,MATHER ST,BELMONT ST NO 2,,,,,1,Clear,1,Daylight,1,Dry,5200,"Trafficway, On Road",4/12/19 16:59
8907,535042,1,41.347924,-72.913148,3053486,4/12/19,18:48:00,O,Property Damage Only,O,No Apparent Injury (O),2,Local,1.02,527,TREADWELL ST,TREADWELL ST,WHITNEY,,,,,1,Clear,1,Daylight,1,Dry,5200,"Trafficway, On Road",4/12/19 18:48
1384,535043,1,41.349076,-72.93251,3053487,4/13/19,6:48:00,A,"Injury of any type (Serious, Minor, Possible)",C,Possible Injury (C),2,State,5.75,10,CT-10,10-N,NEWTON ST,,,,,4,Rain,1,Daylight,2,Wet,23300,"Trafficway, On Road",4/13/19 6:48
4083,536087,1,41.36619839,-72.92361542,3054530,4/13/19,12:03:00,A,"Injury of any type (Serious, Minor, Possible)",C,Possible Injury (C),2,State,50.14,15,15-S,15-S,,Exit 59,14,TenthsofMile,N,2,Cloudy,1,Daylight,1,Dry,61200,"Trafficway, On Road",4/13/19 12:03
2084,536214,1,41.436933,-72.908914,3054657,4/13/19,17:04:00,O,Property Damage Only,O,No Apparent Injury (O),2,State,12.62,10,CT-10,10-N,SHEPARD AV,,,,,1,Clear,1,Daylight,1,Dry,17500,"Trafficway, On Road",4/13/19 17:04
2394,536215,1,41.396841,-72.897067,3054658,4/13/19,18:30:00,O,Property Damage Only,O,No Apparent Injury (O),2,State,9.78,10,CT-10,10-N,CANNON ST,,,,,1,Clear,1,Daylight,1,Dry,14700,"Trafficway, On Road",4/13/19 18:30
5632,536216,1,41.37482,-72.916009,3054659,4/14/19,13:09:00,O,Property Damage Only,O,No Apparent Injury (O),2,State,0.15,753,CT-10,753-S,,SKIFF ST,50,Feet,N,1,Clear,1,Daylight,1,Dry,13900,"Trafficway, On Road",4/14/19 13:09
1274,535314,1,41.370199,-72.918677,3053757,4/14/19,14:38:00,O,Property Damage Only,O,No Apparent Injury (O),2,State,7.38,10,CT-10,10-N,,CONNOLLY PARKWAY,1,TenthsofMile,N,1,Clear,1,Daylight,1,Dry,23600,"Trafficway, On Road",4/14/19 14:38
1143,538586,1,41.342419,-72.934734,3057026,4/14/19,17:53:00,O,Property Damage Only,O,No Apparent Injury (O),2,State,5.29,10,CT-10,10-N,,Hamden Park Drive ,10,Feet,W,1,Clear,1,Daylight,2,Wet,24000,"Trafficway, On Road",4/14/19 17:53
3367,537189,1,41.365685,-72.922179,3055630,4/15/19,5:19:00,O,Property Damage Only,O,No Apparent Injury (O),1,State,50.19,15,15-N,15-N,,Exit 60,2,TenthsofMile,N,4,Rain,5,Dark-Not Lighted,2,Wet,61200,"Trafficway, On Road",4/15/19 5:19
4256,536124,1,41.37812671,-72.90529294,3054567,4/15/19,7:46:00,O,Property Damage Only,O,No Apparent Injury (O),2,State,0.18,15,15-S,15-S-122,,ROUTE 15 SOUTHBOUND,35,Feet,N,2,Cloudy,1,Daylight,2,Wet,9500,"Trafficway, On Road",4/15/19 7:46
3885,536126,1,41.378027,-72.905375,3054569,4/15/19,8:44:00,O,Property Damage Only,O,No Apparent Injury (O),2,State,51.45,15,15-S,15-S,,61 exit,418,Feet,S,2,Cloudy,1,Daylight,1,Dry,71500,"Trafficway, On Road",4/15/19 8:44
7277,535058,1,41.356974,-72.942464,3053501,4/15/19,10:34:00,O,Property Damage Only,O,No Apparent Injury (O),2,Local,0.68,309,LANE ST,LANE ST,GILBERT AV,,,,,2,Cloudy,1,Daylight,1,Dry,5300,"Trafficway, On Road",4/15/19 10:34
8637,535059,1,41.374226,-72.914958,3053502,4/15/19,12:59:00,O,Property Damage Only,O,No Apparent Injury (O),2,Local,0.49,494,SKIFF ST,SKIFF ST,,Dixwell Ave.,250,Feet,E,4,Rain,1,Daylight,2,Wet,24500,"Trafficway, On Road",4/15/19 12:59
8029,535315,1,41.345628,-72.914689,3053758,4/15/19,13:33:00,O,Property Damage Only,O,No Apparent Injury (O),2,Local,0.11,439,PUTNAM AV,PUTNAM AV,,Carleton St.,150,Feet,E,4,Rain,1,Daylight,2,Wet,10200,"Trafficway, On Road",4/15/19 13:33
9132,535060,1,41.418223,-72.949336,3053503,4/15/19,15:01:00,O,Property Damage Only,O,No Apparent Injury (O),1,Local,0.1,655,WEST WOODS RD,WEST WOODS RD NO 2,,Gaylord Mt Rd,2369,Feet,S,2,Cloudy,1,Daylight,2,Wet,1700,"Trafficway, On Road",4/15/19 15:01
910,535061,1,41.40588,-72.899125,3053504,4/16/19,6:54:00,A,"Injury of any type (Serious, Minor, Possible)",B,Suspected Minor Injury (B),2,State,10.42,10,CT-10,10-N,,Woodrfuff St.,185,Feet,N,1,Clear,1,Daylight,1,Dry,25200,"Trafficway, On Road",4/16/19 6:54
3428,536154,1,41.37882535,-72.90309956,3054597,4/16/19,16:51:00,O,Property Damage Only,O,No Apparent Injury (O),2,State,0.19,15,15-N,15-N-124,,EXIT 61,100,Feet,N,1,Clear,1,Daylight,1,Dry,9500,"Trafficway, On Road",4/16/19 16:51
1142,535239,1,41.339265,-72.935233,3053682,4/16/19,17:38:00,O,Property Damage Only,O,No Apparent Injury (O),2,State,5.07,10,CT-10,10-N,,Arch St,250,Feet,N,1,Clear,1,Daylight,1,Dry,24000,"Trafficway, On Road",4/16/19 17:38
7898,535240,1,41.337495,-72.94656,3053683,4/16/19,21:00:00,O,Property Damage Only,O,No Apparent Injury (O),2,Local,0.07,664,PINE ROCK AV,PINE ROCK AV NO 2,,Fitch St.,2,TenthsofMile,N,1,Clear,4,Dark-Lighted,1,Dry,6600,"Trafficway, On Road",4/16/19 21:00
6654,536300,1,41.347764,-72.940033,3054743,4/17/19,8:01:00,O,Property Damage Only,O,No Apparent Injury (O),2,Local,0.66,176,FAIRVIEW AV,FAIRVIEW AV,,Helen street,200,Feet,S,1,Clear,1,Daylight,1,Dry,4900,"Trafficway, On Road",4/17/19 8:01
2256,538587,1,41.384926,-72.901273,3057027,4/17/19,12:36:00,O,Property Damage Only,O,No Apparent Injury (O),2,State,8.91,10,CT-10,10-N,,School St,100,Feet,N,1,Clear,1,Daylight,1,Dry,16800,"Trafficway, On Road",4/17/19 12:36
5188,535241,1,41.364142,-72.908787,3053684,4/17/19,13:52:00,O,Property Damage Only,O,No Apparent Injury (O),2,State,2.25,707,WHITNEY AV,707-N,FILBERT ST,,,,,1,Clear,1,Daylight,1,Dry,13300,"Trafficway, On Road",4/17/19 13:52
2483,535317,1,41.338263,-72.935492,3053760,4/17/19,16:08:00,O,Property Damage Only,O,No Apparent Injury (O),2,State,4.98,10,CT-10,10-N,,DIXWELL AVE,75,Feet,W,1,Clear,1,Daylight,1,Dry,12400,"Trafficway, On Road",4/17/19 16:08
4045,536164,1,41.378166,-72.90533,3054607,4/17/19,16:08:00,O,Property Damage Only,O,No Apparent Injury (O),2,State,51.46,15,15-S,15-S,,EXIT 61,100,Feet,S,1,Clear,1,Daylight,1,Dry,66400,"Trafficway, On Road",4/17/19 16:08
3429,536178,1,41.37882535,-72.90309956,3054621,4/18/19,7:40:00,A,"Injury of any type (Serious, Minor, Possible)",C,Possible Injury (C),2,State,0.19,15,15-N,15-N-124,,R/L,10,Feet,S,1,Clear,1,Daylight,1,Dry,9500,"Trafficway, On Road",4/18/19 7:40
1385,536301,1,41.353734,-72.929921,3054744,4/18/19,12:59:00,O,Property Damage Only,O,No Apparent Injury (O),2,State,6.11,10,CT-10,10-N,MILLIS ST,,,,,4,Rain,1,Daylight,2,Wet,23300,"Trafficway, On Road",4/18/19 12:59
5364,538588,1,41.335754,-72.911348,3057028,4/18/19,15:02:00,O,Property Damage Only,O,No Apparent Injury (O),2,State,0.2,707,WHITNEY AV,707-N,,Armory Street,800,Feet,S,4,Rain,1,Daylight,2,Wet,11200,"Trafficway, On Road",4/18/19 15:02
4636,539120,1,41.402812,-72.89874,3057560,4/18/19,19:20:00,O,Property Damage Only,O,No Apparent Injury (O),1,State,0.05,40,40-S,40-S-9,,Dixwell Ave.,60,Feet,S,2,Cloudy,3,Dusk,2,Wet,1800,"Trafficway, On Road",4/18/19 19:20
8292,536302,1,41.385229,-72.906833,3054745,4/18/19,22:52:00,A,"Injury of any type (Serious, Minor, Possible)",C,Possible Injury (C),2,Local,0,480,SCHOOL ST,SCHOOL ST,HAMDEN HILLS DR,,,,,1,Clear,5,Dark-Not Lighted,2,Wet,5300,"Trafficway, On Road",4/18/19 22:52
5249,536356,1,41.360665,-72.909501,3054799,4/19/19,11:57:00,O,Property Damage Only,O,No Apparent Injury (O),2,State,2.01,707,WHITNEY AV,707-N,HARMON ST,,,,,2,Cloudy,1,Daylight,1,Dry,11900,"Trafficway, On Road",4/19/19 11:57
2541,536381,1,41.38103,-72.912431,3054824,4/19/19,13:40:00,O,Property Damage Only,O,No Apparent Injury (O),2,State,8.22,10,CT-10,10-N,SANFORD ST,,,,,2,Cloudy,1,Daylight,1,Dry,11200,"Trafficway, On Road",4/19/19 13:40
8788,536382,1,41.374601,-72.916253,3054825,4/19/19,13:53:00,O,Property Damage Only,O,No Apparent Injury (O),2,Local,0.02,495,SKIFF ST EXT,SKIFF ST EXT,753-N,,,,,1,Clear,1,Daylight,1,Dry,,"Trafficway, On Road",4/19/19 13:53
525,536383,1,41.356766,-72.927428,3054826,4/19/19,15:36:00,O,Property Damage Only,O,No Apparent Injury (O),2,State,6.35,10,CT-10,10-N,,HOMESTEAD AVE,50,Feet,N,1,Clear,1,Daylight,1,Dry,27400,"Trafficway, On Road",4/19/19 15:36
6030,538604,1,41.336315,-72.928656,3057044,4/19/19,22:38:00,O,Property Damage Only,O,No Apparent Injury (O),2,Local,0,72,BUTLER ST,BUTLER ST,,Marlboro St,50,Feet,S,99,Unknown,99,Unknown,2,Wet,,"Trafficway, On Road",4/19/19 22:38
3247,536246,1,41.365439,-72.926025,3054689,4/20/19,2:49:00,O,Property Damage Only,O,No Apparent Injury (O),1,State,50.03,15,15-N,15-N,EXIT 60,,,,,4,Rain,5,Dark-Not Lighted,2,Wet,70400,"Trafficway, On Road",4/20/19 2:49
5679,538605,1,41.399459,-72.909948,3057045,4/20/19,8:36:00,O,Property Damage Only,O,No Apparent Injury (O),2,,,626,ANNS FARM RD,168 ANNS FARM ROAD,,KNOB HILL DRIVE,100,Feet,W,4,Rain,1,Daylight,2,Wet,,"Trafficway, On Road",4/20/19 8:36
1386,538606,1,41.351291,-72.931311,3057046,4/20/19,13:19:00,O,Property Damage Only,O,No Apparent Injury (O),2,State,5.93,10,CT-10,10-N,BEACON ST,,,,,1,Clear,1,Daylight,1,Dry,23300,"Trafficway, On Road",4/20/19 13:19
4046,538744,1,41.378182,-72.905288,3057184,4/20/19,13:40:00,O,Property Damage Only,O,No Apparent Injury (O),2,State,51.47,15,15-S,15-S,,Stop Sign ,5,TenthsofMile,S,2,Cloudy,1,Daylight,2,Wet,66400,"Trafficway, On Road",4/20/19 13:40
4237,539121,1,41.366114,-72.921626,3057561,4/21/19,7:43:00,O,Property Damage Only,O,No Apparent Injury (O),2,State,0.18,15,15-S,15-S-119,10-N,,,,,1,Clear,1,Daylight,2,Wet,9500,"Trafficway, On Road",4/21/19 7:43
8173,538607,1,41.345618,-72.902249,3057047,4/21/19,10:02:00,O,Property Damage Only,O,No Apparent Injury (O),1,Local,0.73,452,RIDGE RD,RIDGE RD,,FERNWOOD RD,50,Feet,S,6,Freezing Rain or Freezing Drizzle,1,Daylight,2,Wet,6100,"Trafficway, On Road",4/21/19 10:02
4258,539122,1,41.379442,-72.904725,3057562,4/21/19,14:20:00,A,"Injury of any type (Serious, Minor, Possible)",C,Possible Injury (C),2,State,0.07,15,15-S,15-S-122,,Whitney Avenue,400,Feet,S,4,Rain,1,Daylight,2,Wet,9500,"Trafficway, On Road",4/21/19 14:20
7359,536384,1,41.336414,-72.928283,3054827,4/21/19,15:49:00,O,Property Damage Only,O,No Apparent Injury (O),2,Local,0.08,349,MARLBORO ST,MARLBORO ST,,Butler St,92,Feet,E,2,Cloudy,1,Daylight,2,Wet,,"Trafficway, On Road",4/21/19 15:49
5947,536385,1,41.360516,-72.930695,3054828,4/21/19,16:29:00,O,Property Damage Only,O,No Apparent Injury (O),2,Local,0.37,50,BLUE HILLS AV,BLUE HILLS AV,,Park View Road,375,Feet,N,1,Clear,1,Daylight,1,Dry,,"Trafficway, On Road",4/21/19 16:29
8255,538885,1,41.350635,-72.940943,3057325,4/21/19,18:35:00,O,Property Damage Only,O,No Apparent Injury (O),2,Local,0,468,ROSEDALE RD,ROSEDALE RD,BRADLEY AV,,,,,1,Clear,1,Daylight,1,Dry,,"Trafficway, On Road",4/21/19 18:35
9114,552027,1,41.422183,-72.912041,3070462,4/22/19,5:31:00,A,"Injury of any type (Serious, Minor, Possible)",C,Possible Injury (C),1,Local,0.55,575,WEST WOODS RD,WEST WOODS RD NO 1,,KIMBERLY AVE,890,Feet,W,1,Clear,4,Dark-Lighted,1,Dry,3500,"Trafficway, On Road",4/22/19 5:31
4047,542963,1,41.378114,-72.90533,3061402,4/22/19,7:54:00,O,Property Damage Only,O,No Apparent Injury (O),2,State,51.46,15,15-S,15-S,,R/L,10,Feet,W,2,Cloudy,1,Daylight,1,Dry,66400,"Trafficway, On Road",4/22/19 7:54
7384,538886,1,41.357966,-72.92317,3057326,4/22/19,11:43:00,O,Property Damage Only,O,No Apparent Injury (O),1,,,352,MATHER ST,380 MATHER ST - CANAL CROSSINGS ENTRANCE,,Mather Street,150,Feet,S,1,Clear,1,Daylight,1,Dry,,"Trafficway, Not on Road",4/22/19 11:43
9113,538887,1,41.421806,-72.910705,3057327,4/22/19,18:06:00,O,Property Damage Only,O,No Apparent Injury (O),1,Local,0.63,575,WEST WOODS RD,WEST WOODS RD NO 1,,Kimberly Rd,1,TenthsofMile,W,4,Rain,1,Daylight,2,Wet,3500,"Trafficway, On Road",4/22/19 18:06