,CrashId,Fatal Case Status,lat,lon,DOT Case Number,Date Of Crash,Time of Crash,Crash Severity,Crash Severity Text Format,Most Severe Injury,Most Severe Injury Text Format,Number Of Motor Vehicles,Route Class Text Format,Milemarker,Road Number,Road Description,Roadway Name,Intersecting Roadway Name,Landmark Description,Distance From Nearest Landmark,Unit Of Measure From Nearest Landmark,Direction From Nearest Landmark,Weather Condition,Weather Condition Text Format,Light Condition,Light Condition Text Format,Road Surface Condition,Road Surface Condition Text Format,Average Daily Traffic,Trafficway Class Text Format,full_date
912,539076,1,41.413836,-72.901984,3057516,4/22/19,19:25:00,O,Property Damage Only,O,No Apparent Injury (O),2,State,10.99,10,CT-10,10-N,SHERMAN AV NO 2,,,,,4,Rain,4,Dark-Lighted,2,Wet,25200,"Trafficway, On Road",4/22/19 19:25
2007,538889,1,41.403869,-72.898338,3057329,4/23/19,16:54:00,O,Property Damage Only,O,No Apparent Injury (O),2,State,10.27,10,CT-10,10-N,DICKERMAN ST,,,,,1,Clear,1,Daylight,1,Dry,18300,"Trafficway, On Road",4/23/19 16:54
8330,538890,1,41.343261,-72.938646,3057330,4/24/19,12:15:00,O,Property Damage Only,O,No Apparent Injury (O),2,Local,0.17,484,SECOND ST,SECOND ST,,Warren Street,300,Feet,W,1,Clear,1,Daylight,1,Dry,,"Trafficway, On Road",4/24/19 12:15
672,539077,1,41.417394,-72.90335,3057517,4/24/19,12:24:00,O,Property Damage Only,O,No Apparent Injury (O),3,State,11.24,10,CT-10,10-N,,Mt Carmel Ave.,2,TenthsofMile,S,1,Clear,1,Daylight,1,Dry,25700,"Trafficway, On Road",4/24/19 12:24
5189,537863,1,41.370811,-72.906373,3056303,4/24/19,16:45:00,O,Property Damage Only,O,No Apparent Injury (O),2,State,2.72,707,WHITNEY AV,707-N,,SKIFF ST,100,Feet,S,1,Clear,1,Daylight,1,Dry,13300,"Trafficway, On Road",4/24/19 16:45
526,552028,1,41.357364,-72.926952,3070463,4/25/19,5:23:00,A,"Injury of any type (Serious, Minor, Possible)",B,Suspected Minor Injury (B),2,State,6.4,10,CT-10,10-N,HAIG ST,,,,,1,Clear,1,Daylight,1,Dry,27400,"Trafficway, On Road",4/25/19 5:23
7726,552029,1,41.34924,-72.933215,3070464,4/25/19,5:49:00,A,"Injury of any type (Serious, Minor, Possible)",C,Possible Injury (C),3,Local,0.1,386,NEWTON ST,NEWTON ST,,Dixwell Avenue,200,Feet,W,1,Clear,4,Dark-Lighted,1,Dry,,"Trafficway, On Road",4/25/19 5:49
4942,538892,1,41.381876,-72.902492,3057332,4/25/19,9:50:00,O,Property Damage Only,O,No Apparent Injury (O),2,State,3.51,707,WHITNEY AV,707-N,,Worth Ave,400,Feet,N,1,Clear,1,Daylight,1,Dry,16800,"Trafficway, On Road",4/25/19 9:50
5210,542298,1,41.378348,-72.903695,3060738,4/25/19,15:40:00,O,Property Damage Only,O,No Apparent Injury (O),2,State,3.26,707,WHITNEY AV,707-N,RT 15,,,,,1,Clear,1,Daylight,1,Dry,12500,"Trafficway, On Road",4/25/19 15:40
1391,552030,1,41.348986,-72.932443,3070465,4/25/19,15:47:00,A,"Injury of any type (Serious, Minor, Possible)",B,Suspected Minor Injury (B),2,State,5.75,10,CT-10,10-N,Newton St,,,,N,1,Clear,1,Daylight,1,Dry,23300,Non-trafficway,4/25/19 15:47
6043,538893,1,41.397468,-72.901881,3057333,4/25/19,16:31:00,O,Property Damage Only,O,No Apparent Injury (O),2,Local,0.1,74,CANNON ST,CANNON ST,,EVERGREEN AVE,500,Feet,E,1,Clear,1,Daylight,1,Dry,,"Trafficway, On Road",4/25/19 16:31
5791,538894,1,41.364491,-72.929247,3057334,4/25/19,16:46:00,O,Property Damage Only,O,No Apparent Injury (O),2,Local,0.3,42,BENHAM ST,BENHAM ST,,,,,,1,Clear,1,Daylight,1,Dry,12800,"Trafficway, On Road",4/25/19 16:46
6893,538896,1,41.335483,-72.931621,3057336,4/25/19,21:19:00,O,Property Damage Only,O,No Apparent Injury (O),3,Local,0.61,222,GOODRICH ST,GOODRICH ST,GOODYEAR ST,,,,,1,Clear,4,Dark-Lighted,1,Dry,3200,"Trafficway, On Road",4/25/19 21:19
5635,557502,1,41.374375,-72.916106,3075936,4/26/19,7:06:00,O,Property Damage Only,O,No Apparent Injury (O),2,State,0.17,753,CT-10,753-S,SKIFF ST,,,,,4,Rain,1,Daylight,2,Wet,13900,"Trafficway, On Road",4/26/19 7:06
140,539078,1,41.365928,-72.921715,3057518,4/26/19,7:13:00,O,Property Damage Only,O,No Apparent Injury (O),2,State,7.04,10,CT-10,10-N,,15-S-119,50,Feet,S,4,Rain,1,Daylight,2,Wet,34000,"Trafficway, On Road",4/26/19 7:13
3437,542966,1,41.380431,-72.900739,3061405,4/26/19,7:23:00,O,Property Damage Only,O,No Apparent Injury (O),2,State,0.21,15,15-N,15-N-125,,Route 15,30,Feet,S,4,Rain,1,Daylight,2,Wet,9500,"Trafficway, On Road",4/26/19 7:23
38,539083,1,41.365326,-72.922445,3057523,4/26/19,14:10:00,O,Property Damage Only,O,No Apparent Injury (O),1,State,7.01,10,CT-10,10-N,RT 15,,,,,4,Rain,1,Daylight,2,Wet,41000,"Trafficway, On Road",4/26/19 14:10
3502,543503,1,41.380643,-72.90072,3061942,4/26/19,16:54:00,O,Property Damage Only,O,No Apparent Injury (O),2,State,0.22,15,15-N,15-N-125,ENTRANCE RAMP 61,,,,,2,Cloudy,1,Daylight,2,Wet,2300,"Trafficway, On Road",4/26/19 16:54
6288,540170,1,41.367106,-72.920713,3058610,4/26/19,17:45:00,A,"Injury of any type (Serious, Minor, Possible)",C,Possible Injury (C),2,Local,0.26,111,CONNOLLY PKWY,CONNOLLY PKWY,,Dixwell Ave.,100,Feet,E,4,Rain,1,Daylight,2,Wet,8700,"Trafficway, On Road",4/26/19 17:45
4785,539084,1,41.337855,-72.897959,3057524,4/26/19,20:53:00,O,Property Damage Only,O,No Apparent Injury (O),2,USRoute,1.76,5,US-5,5-N,EDMUND ST,,,,,4,Rain,4,Dark-Lighted,2,Wet,10000,"Trafficway, On Road",4/26/19 20:53
7327,543542,1,41.388085,-72.897869,3061981,4/27/19,1:14:00,O,Property Damage Only,O,No Apparent Injury (O),2,Local,0.11,324,LINCOLN ST,LINCOLN ST,WASHINGTON AVE,,,,,4,Rain,4,Dark-Lighted,2,Wet,,"Trafficway, On Road",4/27/19 1:14
2395,540171,1,41.395497,-72.896733,3058611,4/27/19,1:18:00,A,"Injury of any type (Serious, Minor, Possible)",A,Suspected Serious Injury (A),2,State,9.69,10,CT-10,10-N,,Pinewood Rd,200,Feet,S,4,Rain,4,Dark-Lighted,2,Wet,14700,"Trafficway, On Road",4/27/19 1:18
2396,540172,1,41.395461,-72.896754,3058612,4/27/19,1:40:00,O,Property Damage Only,O,No Apparent Injury (O),1,State,9.69,10,CT-10,10-N,,Pinewood rd,200,Feet,S,4,Rain,4,Dark-Lighted,2,Wet,14700,"Trafficway, On Road",4/27/19 1:40
8238,539085,1,41.347123,-72.941468,3057525,4/27/19,1:55:00,A,"Injury of any type (Serious, Minor, Possible)",C,Possible Injury (C),4,Local,0.11,458,ROCHFORD AV,ROCHFORD AV,,woodin st,580,Feet,N,4,Rain,4,Dark-Lighted,2,Wet,,"Trafficway, On Road",4/27/19 1:55
3886,539126,1,41.366149,-72.919301,3057566,4/27/19,7:14:00,O,Property Damage Only,O,No Apparent Injury (O),1,State,50.37,15,15-S,15-S,,Exit 60,2,TenthsofMile,N,4,Rain,1,Daylight,2,Wet,71500,"Trafficway, On Road",4/27/19 7:14
4944,539159,1,41.38215,-72.90234,3057599,4/27/19,10:52:00,O,Property Damage Only,O,No Apparent Injury (O),2,State,3.53,707,WHITNEY AV,707-N,,Dixwell Avenue,500,Feet,S,2,Cloudy,1,Daylight,1,Dry,16800,"Trafficway, On Road",4/27/19 10:52
914,541708,1,41.405479,-72.898908,3060148,4/27/19,13:03:00,O,Property Damage Only,O,No Apparent Injury (O),2,State,10.39,10,CT-10,10-N,,woodruff st,17,Feet,N,4,Rain,1,Daylight,2,Wet,25200,"Trafficway, On Road",4/27/19 13:03
1145,539213,1,41.339199,-72.935255,3057653,4/27/19,16:10:00,A,"Injury of any type (Serious, Minor, Possible)",C,Possible Injury (C),2,State,5.06,10,CT-10,10-N,,Pine St,140,Feet,S,2,Cloudy,1,Daylight,1,Dry,24000,"Trafficway, On Road",4/27/19 16:10
8639,539406,1,41.371188,-72.906735,3057846,4/27/19,16:51:00,O,Property Damage Only,O,No Apparent Injury (O),2,Local,0.02,494,SKIFF ST,SKIFF ST,,Whitney Ave,80,Feet,W,1,Clear,1,Daylight,1,Dry,24500,"Trafficway, On Road",4/27/19 16:51
7143,539214,1,41.347558,-72.937964,3057654,4/27/19,18:06:00,O,Property Damage Only,O,No Apparent Injury (O),2,Local,0.21,251,HELEN ST,HELEN ST,,Alenier Street,115,Feet,W,1,Clear,99,Unknown,1,Dry,3000,"Trafficway, On Road",4/27/19 18:06
5133,552031,1,41.34459,-72.912302,3070466,4/28/19,18:06:00,O,Property Damage Only,O,No Apparent Injury (O),2,State,0.84,707,WHITNEY AV,707-N,,Putnam Avenue,511,Feet,S,4,Rain,1,Daylight,2,Wet,13500,"Trafficway, On Road",4/28/19 18:06
7022,540173,1,41.357626,-72.930576,3058613,4/28/19,20:24:00,A,"Injury of any type (Serious, Minor, Possible)",B,Suspected Minor Injury (B),2,Local,0.31,230,GRANDVIEW AV,GRANDVIEW AV,,HOMESTEAD AVE,300,Feet,S,1,Clear,4,Dark-Lighted,1,Dry,,"Trafficway, On Road",4/28/19 20:24
581,539215,1,41.345859,-72.934075,3057655,4/29/19,15:08:00,O,Property Damage Only,O,No Apparent Injury (O),2,State,5.53,10,CT-10,10-N,,Putnam Ave,50,Feet,S,1,Clear,1,Daylight,1,Dry,26600,"Trafficway, On Road",4/29/19 15:08
1144,539149,1,41.34326,-72.934554,3057589,4/30/19,6:08:00,O,Property Damage Only,O,No Apparent Injury (O),2,State,5.35,10,CT-10,10-N,,SECOND ST.,30,Feet,W,4,Rain,1,Daylight,2,Wet,24000,"Trafficway, On Road",4/30/19 6:08
263,552032,1,41.361608,-72.924314,3070467,4/30/19,8:21:00,O,Property Damage Only,O,No Apparent Injury (O),3,State,6.72,10,CT-10,10-N,,Robert St,25,Feet,S,2,Cloudy,1,Daylight,2,Wet,32000,"Trafficway, On Road",4/30/19 8:21
6670,539407,1,41.343365,-72.941078,3057847,4/30/19,10:14:00,A,"Injury of any type (Serious, Minor, Possible)",B,Suspected Minor Injury (B),2,Local,0.35,176,FAIRVIEW AV,FAIRVIEW AV,JONES RD,,,,,1,Clear,1,Daylight,1,Dry,4800,"Trafficway, On Road",4/30/19 10:14
7379,539408,1,41.358882,-72.925323,3057848,4/30/19,13:52:00,O,Property Damage Only,O,No Apparent Injury (O),2,Local,0.98,352,MATHER ST,MATHER ST,,10-N,125,Feet,E,1,Clear,1,Daylight,1,Dry,5200,"Trafficway, On Road",4/30/19 13:52
8640,552033,1,41.374073,-72.91476,3070468,4/30/19,13:59:00,O,Property Damage Only,O,No Apparent Injury (O),2,Local,0.48,494,SKIFF ST,SKIFF ST,,Dixwell Av,300,Feet,E,1,Clear,1,Daylight,1,Dry,24500,"Trafficway, On Road",4/30/19 13:59
2484,540174,1,41.338345,-72.939228,3058614,4/30/19,17:16:00,O,Property Damage Only,O,No Apparent Injury (O),2,State,4.8,10,CT-10,10-N,BURKE ST,,,,,1,Clear,1,Daylight,1,Dry,12400,"Trafficway, On Road",4/30/19 17:16
1275,540175,1,41.369096,-72.91935,3058615,4/30/19,19:48:00,O,Property Damage Only,O,No Apparent Injury (O),2,State,7.3,10,CT-10,10-N,,Connolly Pkwy,1,TenthsofMile,N,1,Clear,1,Daylight,1,Dry,23600,"Trafficway, On Road",4/30/19 19:48
8244,541709,1,41.40781,-72.913997,3060149,5/1/19,7:03:00,O,Property Damage Only,O,No Apparent Injury (O),1,Local,0.5,461,ROCKY TOP RD,ROCKY TOP RD,,SHERMAN AV NO 1,1,TenthsofMile,W,4,Rain,1,Daylight,2,Wet,,"Trafficway, On Road",5/1/19 7:03
5954,540177,1,41.336991,-72.937914,3058617,5/1/19,11:43:00,A,"Injury of any type (Serious, Minor, Possible)",B,Suspected Minor Injury (B),2,Local,0.1,52,BOWEN ST,BOWEN ST,,EASTON ST,20,Feet,S,1,Clear,1,Daylight,1,Dry,5000,"Trafficway, On Road",5/1/19 11:43
2008,539924,1,41.382807,-72.908227,3058364,5/1/19,16:08:00,O,Property Damage Only,O,No Apparent Injury (O),2,State,8.47,10,CT-10,10-N,,EVERGREEN AV,100,Feet,S,2,Cloudy,1,Daylight,1,Dry,18300,"Trafficway, On Road",5/1/19 16:08
1387,540178,1,41.349703,-72.932114,3058618,5/1/19,17:42:00,A,"Injury of any type (Serious, Minor, Possible)",B,Suspected Minor Injury (B),2,State,5.8,10,CT-10,10-N,COLLINS ST,,,,W,1,Clear,1,Daylight,1,Dry,23300,"Trafficway, On Road",5/1/19 17:42
913,540303,1,41.406372,-72.899281,3058743,5/2/19,7:58:00,A,"Injury of any type (Serious, Minor, Possible)",B,Suspected Minor Injury (B),2,State,10.46,10,CT-10,10-N,HOME PL,,,,,1,Clear,1,Daylight,2,Wet,25200,"Trafficway, On Road",5/2/19 7:58
5794,552035,1,41.362813,-72.924098,3070470,5/2/19,8:58:00,O,Property Damage Only,O,No Apparent Injury (O),2,Local,0.02,42,BENHAM ST,BENHAM ST,,Dixwell Av,50,Feet,W,1,Clear,1,Daylight,1,Dry,12800,"Trafficway, On Road",5/2/19 8:58
5792,540304,1,41.36454,-72.929327,3058744,5/2/19,10:52:00,A,"Injury of any type (Serious, Minor, Possible)",C,Possible Injury (C),2,Local,0.3,42,BENHAM ST,BENHAM ST,MIX AV,,,,,2,Cloudy,1,Daylight,1,Dry,12800,"Trafficway, On Road",5/2/19 10:52
8571,540305,1,41.414264,-72.902435,3058745,5/2/19,12:00:00,O,Property Damage Only,O,No Apparent Injury (O),2,Local,2.11,491,SHERMAN AV,SHERMAN AV NO 1,,WHITNEY AVE,10,Feet,W,1,Clear,1,Daylight,1,Dry,5700,"Trafficway, On Road",5/2/19 12:00
3232,541220,1,41.366328,-72.918571,3059660,5/2/19,15:06:00,O,Property Damage Only,O,No Apparent Injury (O),2,State,50.39,15,15-N,15-N,,Exit 59 On Ramp,1,TenthsofMile,N,1,Clear,1,Daylight,1,Dry,71500,"Trafficway, On Road",5/2/19 15:06
1388,540410,1,41.348503,-72.932853,3058850,5/2/19,18:13:00,A,"Injury of any type (Serious, Minor, Possible)",C,Possible Injury (C),2,State,5.72,10,CT-10,10-N,,Scott St.,20,Feet,S,1,Clear,1,Daylight,1,Dry,23300,"Trafficway, On Road",5/2/19 18:13
3658,541223,1,41.357195,-72.944179,3059663,5/3/19,8:06:00,A,"Injury of any type (Serious, Minor, Possible)",B,Suspected Minor Injury (B),2,State,48.89,15,15-S,15-S,,15-S-119,13,TenthsofMile,S,2,Cloudy,1,Daylight,1,Dry,78600,"Trafficway, On Road",5/3/19 8:06
1276,540412,1,41.368394,-72.91979,3058852,5/3/19,8:22:00,O,Property Damage Only,O,No Apparent Injury (O),2,State,7.24,10,CT-10,10-N,,CONNOLLY PKWY,1,TenthsofMile,N,1,Clear,1,Daylight,1,Dry,23600,"Trafficway, On Road",5/3/19 8:22
4703,541710,1,41.33321,-72.90055,3060150,5/3/19,12:03:00,O,Property Damage Only,O,No Apparent Injury (O),3,USRoute,1.4,5,US-5,5-N,,Merritt,300,Feet,S,2,Cloudy,1,Daylight,1,Dry,14300,"Trafficway, On Road",5/3/19 12:03
6894,541824,1,41.335119,-72.926884,3060264,5/3/19,14:15:00,O,Property Damage Only,O,No Apparent Injury (O),2,Local,0.36,222,GOODRICH ST,GOODRICH ST,NEWHALL ST,,,,,4,Rain,1,Daylight,2,Wet,3200,"Trafficway, On Road",5/3/19 14:15
1389,540413,1,41.352055,-72.930859,3058853,5/4/19,10:28:00,O,Property Damage Only,O,No Apparent Injury (O),2,State,5.97,10,CT-10,10-N,OREGON AV,,,,,2,Cloudy,1,Daylight,1,Dry,23300,"Trafficway, On Road",5/4/19 10:28
8275,541712,1,41.36168,-72.904329,3060152,5/4/19,11:58:00,O,Property Damage Only,O,No Apparent Injury (O),2,Local,0.23,478,SANTA FE AV,SANTA FE AV,,Middle,25,Feet,W,1,Clear,1,Daylight,1,Dry,900,"Trafficway, On Road",5/4/19 11:58
262,543543,1,41.362285,-72.923961,3061982,5/4/19,12:04:00,O,Property Damage Only,O,No Apparent Injury (O),2,State,6.77,10,CT-10,10-N,,Benham St,75,Feet,N,1,Clear,1,Daylight,1,Dry,32000,"Trafficway, On Road",5/4/19 12:04
4259,543901,1,41.378102,-72.905308,3062339,5/4/19,15:11:00,O,Property Damage Only,O,No Apparent Injury (O),2,State,0.18,15,15-S,15-S-122,Route 15 Southbound,,,,,1,Clear,1,Daylight,1,Dry,9500,"Trafficway, On Road",5/4/19 15:11
9252,543342,1,41.345543,-72.942038,3061781,5/4/19,17:11:00,O,Property Damage Only,O,No Apparent Injury (O),2,Local,1.29,598,WOODIN ST,WOODIN ST,ROCHFORD AV,,,,,1,Clear,1,Daylight,1,Dry,5500,"Trafficway, On Road",5/4/19 17:11
5793,541713,1,41.362891,-72.924317,3060153,5/5/19,11:59:00,A,"Injury of any type (Serious, Minor, Possible)",C,Possible Injury (C),2,Local,0.02,42,BENHAM ST,BENHAM ST,,10-N,125,Feet,W,4,Rain,1,Daylight,2,Wet,12800,"Trafficway, On Road",5/5/19 11:59
4573,543743,1,41.403525,-72.895609,3062181,5/5/19,12:54:00,O,Property Damage Only,O,No Apparent Injury (O),2,State,0.14,22,CT-22,22-E,NEW RD,,,,,4,Rain,1,Daylight,2,Wet,,"Trafficway, On Road",5/5/19 12:54
5134,552036,1,41.343923,-72.912115,3070471,5/5/19,14:38:00,O,Property Damage Only,O,No Apparent Injury (O),4,State,0.79,707,WHITNEY AV,707-N,,Augur Street,50,Feet,S,4,Rain,1,Daylight,2,Wet,13500,"Trafficway, On Road",5/5/19 14:38
6349,543343,1,41.339976,-72.902486,3061782,5/5/19,14:41:00,A,"Injury of any type (Serious, Minor, Possible)",B,Suspected Minor Injury (B),2,Local,0.23,128,DAVIS ST,DAVIS ST,RIDGE RD,,,,,4,Rain,1,Daylight,2,Wet,,"Trafficway, On Road",5/5/19 14:41
7688,540414,1,41.336204,-72.926762,3058854,5/5/19,14:44:00,O,Property Damage Only,O,No Apparent Injury (O),2,Local,0.52,385,NEWHALL ST,NEWHALL ST,MARLBORO ST,,,,,4,Rain,1,Daylight,2,Wet,7500,"Trafficway, On Road",5/5/19 14:44
8294,552037,1,41.385205,-72.906766,3070472,5/5/19,15:24:00,O,Property Damage Only,O,No Apparent Injury (O),2,Local,0.01,480,SCHOOL ST,SCHOOL ST,,Evergreen Avenue,50,Feet,E,4,Rain,1,Daylight,2,Wet,5300,"Trafficway, On Road",5/5/19 15:24
1146,542361,1,41.344196,-72.934498,3060801,5/5/19,20:52:00,O,Property Damage Only,O,No Apparent Injury (O),2,State,5.41,10,CT-10,10-N,,Woodin St,85,Feet,S,4,Rain,4,Dark-Lighted,2,Wet,24000,"Trafficway, On Road",5/5/19 20:52
8083,555679,1,41.344429,-72.921713,3074114,5/6/19,0:03:00,O,Property Damage Only,O,No Apparent Injury (O),1,Local,0.49,439,PUTNAM AV,PUTNAM AV,,winnett st,240,Feet,E,4,Rain,4,Dark-Lighted,2,Wet,,"Trafficway, On Road",5/6/19 0:03
5130,541770,1,41.342055,-72.912781,3060210,5/6/19,7:32:00,O,Property Damage Only,O,No Apparent Injury (O),2,State,0.65,707,WHITNEY AV,707-N,,DAVIS ST,100,Feet,N,1,Clear,1,Daylight,1,Dry,13500,"Trafficway, On Road",5/6/19 7:32
7144,540415,1,41.346761,-72.935265,3058855,5/6/19,8:11:00,O,Property Damage Only,O,No Apparent Injury (O),2,Local,0.06,251,HELEN ST,HELEN ST,,Notkins St,50,Feet,W,1,Clear,1,Daylight,1,Dry,3000,"Trafficway, On Road",5/6/19 8:11
9251,540416,1,41.346294,-72.94585,3058856,5/6/19,8:50:00,O,Property Damage Only,O,No Apparent Injury (O),2,Local,1.07,598,WOODIN ST,WOODIN ST,PINE ROCK AV NO 1,,,,,1,Clear,1,Daylight,1,Dry,5500,"Trafficway, On Road",5/6/19 8:50
8256,541818,1,41.358417,-72.911687,3060258,5/6/19,9:42:00,O,Property Damage Only,O,No Apparent Injury (O),2,Local,0.09,470,RUSSELL ST,RUSSELL ST,,Gordon St.,100,Feet,E,1,Clear,1,Daylight,1,Dry,,"Trafficway, On Road",5/6/19 9:42
3887,541674,1,41.376821,-72.907086,3060114,5/6/19,10:23:00,O,Property Damage Only,O,No Apparent Injury (O),3,State,51.33,15,15-S,15-S,,Exit 61,2,TenthsofMile,S,1,Clear,1,Daylight,1,Dry,71500,"Trafficway, On Road",5/6/19 10:23
4069,541673,1,41.380565,-72.901191,3060113,5/6/19,10:23:00,O,Property Damage Only,O,No Apparent Injury (O),2,State,51.79,15,15-S,15-S,,Exit 61,2,TenthsofMile,N,1,Clear,1,Daylight,1,Dry,66000,"Trafficway, On Road",5/6/19 10:23
9253,543544,1,41.346223,-72.945686,3061983,5/6/19,16:24:00,A,"Injury of any type (Serious, Minor, Possible)",C,Possible Injury (C),2,Local,1.11,598,WOODIN ST,WOODIN ST,PINE ROCK AV NO 2,,,,,1,Clear,1,Daylight,1,Dry,5500,"Trafficway, On Road",5/6/19 16:24
5131,542362,1,41.345917,-72.912519,3060802,5/6/19,17:34:00,A,"Injury of any type (Serious, Minor, Possible)",C,Possible Injury (C),2,State,0.93,707,WHITNEY AV,707-N,PUTNAM AV,,,,,1,Clear,1,Daylight,1,Dry,13500,"Trafficway, On Road",5/6/19 17:34
7545,542363,1,41.336803,-72.924797,3060803,5/6/19,19:18:00,A,"Injury of any type (Serious, Minor, Possible)",C,Possible Injury (C),2,Local,0.54,370,MORSE ST,MORSE ST,WINCHESTER AV,,,,,1,Clear,3,Dusk,1,Dry,3200,"Trafficway, On Road",5/6/19 19:18
9211,543545,1,41.350414,-72.968644,3061984,5/6/19,20:53:00,O,Property Damage Only,O,No Apparent Injury (O),1,Local,1.94,594,WINTERGREEN AV,WINTERGREEN AV,,Carbonella Dr,850,Feet,N,1,Clear,4,Dark-Lighted,1,Dry,1600,"Trafficway, On Road",5/6/19 20:53
7380,541771,1,41.351646,-72.916989,3060211,5/6/19,21:03:00,A,"Injury of any type (Serious, Minor, Possible)",C,Possible Injury (C),2,Local,0.31,352,MATHER ST,MATHER ST,,LAKE ST,25,Feet,N,1,Clear,5,Dark-Not Lighted,1,Dry,5200,"Trafficway, On Road",5/6/19 21:03
8181,541772,1,41.353456,-72.902758,3060212,5/7/19,7:51:00,O,Property Damage Only,O,No Apparent Injury (O),2,Local,1.29,452,RIDGE RD,RIDGE RD,WAITE ST,,,,,1,Clear,1,Daylight,1,Dry,5300,"Trafficway, On Road",5/7/19 7:51
8413,541819,1,41.427455,-72.916528,3060259,5/8/19,8:53:00,A,"Injury of any type (Serious, Minor, Possible)",B,Suspected Minor Injury (B),2,Local,3.73,489,SHEPARD AV,SHEPARD AV,TODD ST,,,,,1,Clear,1,Daylight,1,Dry,1400,"Trafficway, On Road",5/8/19 8:53
3983,546144,1,41.379057,-72.903583,3064579,5/8/19,10:29:00,O,Property Damage Only,O,No Apparent Injury (O),3,State,51.61,15,15-S,15-S,,Exit 61,200,Feet,N,1,Clear,1,Daylight,1,Dry,68000,"Trafficway, On Road",5/8/19 10:29
2485,542364,1,41.338407,-72.93763,3060804,5/8/19,10:45:00,O,Property Damage Only,O,No Apparent Injury (O),2,State,4.88,10,CT-10,10-N,,Bowen St.,70,,E,1,Clear,1,Daylight,1,Dry,12400,"Trafficway, On Road",5/8/19 10:45
2211,541825,1,41.383482,-72.902357,3060265,5/8/19,10:50:00,O,Property Damage Only,O,No Apparent Injury (O),2,State,8.78,10,CT-10,10-N,,WHITNEY AVE,75,Feet,W,1,Clear,1,Daylight,1,Dry,16900,"Trafficway, On Road",5/8/19 10:50
3980,543045,1,41.379999,-72.902106,3061484,5/8/19,13:52:00,A,"Injury of any type (Serious, Minor, Possible)",B,Suspected Minor Injury (B),3,State,51.72,15,15-S,15-S,,15-S-126,1,TenthsofMile,S,1,Clear,1,Daylight,1,Dry,68000,"Trafficway, On Road",5/8/19 13:52
6390,543344,1,41.340574,-72.938266,3061783,5/8/19,14:18:00,O,Property Damage Only,O,No Apparent Injury (O),2,Local,0.15,141,DIX ST,DIX ST,,GEORGE ST,50,Feet,N,1,Clear,1,Daylight,1,Dry,,"Trafficway, On Road",5/8/19 14:18
6427,543546,1,41.33828,-72.93543,3061985,5/8/19,15:41:00,O,Property Damage Only,O,No Apparent Injury (O),2,Local,0.2,142,DIXWELL AV,DIXWELL AV NO 1,,Arch Street,25,Feet,W,1,Clear,1,Daylight,1,Dry,15600,"Trafficway, On Road",5/8/19 15:41
6759,543547,1,41.394698,-72.907937,3061986,5/8/19,19:29:00,O,Property Damage Only,O,No Apparent Injury (O),2,Local,0.58,196,FOREST ST,299 FOREST ST,,EVERGREEN AVE,995,TenthsofMile,W,1,Clear,1,Daylight,1,Dry,650,"Trafficway, On Road",5/8/19 19:29
7899,543942,1,41.338804,-72.946205,3062380,5/8/19,22:56:00,O,Property Damage Only,O,No Apparent Injury (O),2,Local,0.17,664,PINE ROCK AV,PINE ROCK AV NO 2,,ARCH ST,675,Feet,S,1,Clear,4,Dark-Lighted,1,Dry,6600,"Trafficway, On Road",5/8/19 22:56
7468,543571,1,41.364654,-72.929043,3062009,5/9/19,7:32:00,O,Property Damage Only,O,No Apparent Injury (O),2,Local,0.02,366,MIX AV,MIX AV,,BENHAM ST,75,Feet,N,2,Cloudy,1,Daylight,1,Dry,4000,"Trafficway, On Road",5/9/19 7:32
5343,543673,1,41.351771,-72.91316,3062111,5/9/19,9:23:00,O,Property Damage Only,O,No Apparent Injury (O),2,State,1.34,707,WHITNEY AV,707-N,,Whitney Ave.,500,Feet,E,2,Cloudy,1,Daylight,1,Dry,11300,"Trafficway, On Road",5/9/19 9:23
3995,546147,1,41.382784,-72.897653,3064582,5/9/19,9:31:00,A,"Injury of any type (Serious, Minor, Possible)",C,Possible Injury (C),2,State,51.99,15,15-S,15-S,,Exit 62,2,TenthsofMile,N,1,Clear,1,Daylight,1,Dry,67600,"Trafficway, On Road",5/9/19 9:31
5250,543723,1,41.361258,-72.909386,3062161,5/9/19,14:00:00,O,Property Damage Only,O,No Apparent Injury (O),2,State,2.05,707,WHITNEY AV,707-N,,ELIHU ST,30,Feet,S,1,Clear,1,Daylight,1,Dry,11900,"Trafficway, On Road",5/9/19 14:00
4814,552038,1,41.359919,-72.888757,3070473,5/9/19,15:00:00,O,Property Damage Only,O,No Apparent Injury (O),1,USRoute,3.36,5,US-5,5-N,,Olds St,346,Feet,N,1,Clear,1,Daylight,1,Dry,9400,"Trafficway, On Road",5/9/19 15:00
7278,552039,1,41.357018,-72.942525,3070474,5/9/19,15:12:00,A,"Injury of any type (Serious, Minor, Possible)",C,Possible Injury (C),2,Local,0.68,309,LANE ST,LANE ST,GILBERT AV,,,,,2,Cloudy,1,Daylight,1,Dry,5300,"Trafficway, On Road",5/9/19 15:12
1920,552040,1,41.421213,-72.904839,3070475,5/9/19,15:42:00,A,"Injury of any type (Serious, Minor, Possible)",B,Suspected Minor Injury (B),1,State,11.52,10,CT-10,10-N,,West Woods Road,200,Feet,N,1,Clear,1,Daylight,1,Dry,19000,Non-trafficway,5/9/19 15:42
1390,543943,1,41.35188,-72.930969,3062381,5/9/19,20:25:00,A,"Injury of any type (Serious, Minor, Possible)",C,Possible Injury (C),2,State,5.96,10,CT-10,10-N,,CONCORD ST,50,Feet,S,1,Clear,4,Dark-Lighted,1,Dry,23300,"Trafficway, On Road",5/9/19 20:25