,CrashId,Fatal Case Status,lat,lon,DOT Case Number,Date Of Crash,Time of Crash,Crash Severity,Crash Severity Text Format,Most Severe Injury,Most Severe Injury Text Format,Number Of Motor Vehicles,Route Class Text Format,Milemarker,Road Number,Road Description,Roadway Name,Intersecting Roadway Name,Landmark Description,Distance From Nearest Landmark,Unit Of Measure From Nearest Landmark,Direction From Nearest Landmark,Weather Condition,Weather Condition Text Format,Light Condition,Light Condition Text Format,Road Surface Condition,Road Surface Condition Text Format,Average Daily Traffic,Trafficway Class Text Format,full_date
1278,552041,1,41.369117,-72.919325,3070476,5/9/19,21:27:00,A,"Injury of any type (Serious, Minor, Possible)",A,Suspected Serious Injury (A),1,State,7.3,10,CT-10,10-N,,Skiff Street,2159,Feet,S,1,Clear,5,Dark-Not Lighted,1,Dry,23600,"Trafficway, On Road",5/9/19 21:27
3283,546153,1,41.37890676,-72.9038597,3064588,5/10/19,8:49:00,O,Property Damage Only,O,No Apparent Injury (O),2,State,51.57,15,15-N,15-N,,R/L,10,Feet,S,1,Clear,1,Daylight,1,Dry,68000,"Trafficway, On Road",5/10/19 8:49
5211,543724,1,41.371763,-72.906087,3062162,5/10/19,12:58:00,O,Property Damage Only,O,No Apparent Injury (O),2,State,2.79,707,WHITNEY AV,707-N,,Collett St,75,Feet,S,2,Cloudy,1,Daylight,1,Dry,12500,"Trafficway, On Road",5/10/19 12:58
4053,544491,1,41.365896,-72.920318,3062929,5/10/19,15:22:00,O,Property Damage Only,O,No Apparent Injury (O),2,State,50.32,15,15-S,15-S,,Exit 60,600,Feet,N,1,Clear,1,Daylight,1,Dry,66200,"Trafficway, On Road",5/10/19 15:22
3503,546159,1,41.380665,-72.900748,3064594,5/11/19,12:29:00,A,"Injury of any type (Serious, Minor, Possible)",C,Possible Injury (C),2,State,0.23,15,15-N,15-N-125,15-N,,,,,1,Clear,1,Daylight,1,Dry,2300,"Trafficway, Not on Road",5/11/19 12:29
39,543726,1,41.365082,-72.922289,3062164,5/11/19,14:16:00,O,Property Damage Only,O,No Apparent Injury (O),2,State,6.99,10,CT-10,10-N,,15-N-220,80,Feet,S,1,Clear,1,Daylight,1,Dry,41000,"Trafficway, On Road",5/11/19 14:16
1147,543727,1,41.344512,-72.934359,3062165,5/11/19,16:35:00,O,Property Damage Only,O,No Apparent Injury (O),2,State,5.42,10,CT-10,10-N,WOODIN ST,,,,,1,Clear,1,Daylight,1,Dry,24000,"Trafficway, On Road",5/11/19 16:35
1277,543944,1,41.373069,-72.916799,3062382,5/11/19,18:13:00,O,Property Damage Only,O,No Apparent Injury (O),2,State,7.6,10,CT-10,10-N,,SKIFF ST,540,Feet,S,1,Clear,1,Daylight,1,Dry,23600,"Trafficway, On Road",5/11/19 18:13
6895,552042,1,41.335272,-72.929027,3070477,5/11/19,20:03:00,O,Property Damage Only,O,No Apparent Injury (O),2,Local,0.48,222,GOODRICH ST,GOODRICH ST,BUTLER ST,,,,,1,Clear,4,Dark-Lighted,1,Dry,3200,"Trafficway, On Road",5/11/19 20:03
1919,543744,1,41.424022,-72.905642,3062182,5/11/19,20:20:00,O,Property Damage Only,O,No Apparent Injury (O),2,State,11.71,10,CT-10,10-N,,TODD ST,100,Feet,S,1,Clear,4,Dark-Lighted,1,Dry,19000,"Trafficway, On Road",5/11/19 20:20
9028,543745,1,41.38712,-72.89804,3062183,5/12/19,7:24:00,O,Property Damage Only,O,No Apparent Injury (O),2,Local,0.27,554,WASHINGTON AV,WASHINGTON AV,,HARDING ST,30,Feet,S,1,Clear,4,Dark-Lighted,1,Dry,2700,"Trafficway, On Road",5/12/19 7:24
9212,543767,1,41.352379,-72.964531,3062205,5/12/19,12:26:00,O,Property Damage Only,O,No Apparent Injury (O),2,Local,1.65,594,WINTERGREEN AV,WINTERGREEN AV,,WOODIN ST,270,Feet,S,4,Rain,1,Daylight,2,Wet,1600,"Trafficway, On Road",5/12/19 12:26
6428,543768,1,41.337386,-72.935155,3062206,5/12/19,14:14:00,O,Property Damage Only,O,No Apparent Injury (O),2,Local,0.14,142,DIXWELL AV,DIXWELL AV NO 1,,DUDLEY ST,75,Feet,N,4,Rain,1,Daylight,2,Wet,15600,"Trafficway, On Road",5/12/19 14:14
9254,543945,1,41.348592,-72.950795,3062383,5/12/19,15:35:00,O,Property Damage Only,O,No Apparent Injury (O),2,Local,0.78,598,WOODIN ST,WOODIN ST,,MICHAEL RD,130,Feet,E,4,Rain,1,Daylight,2,Wet,5500,"Trafficway, On Road",5/12/19 15:35
8030,543769,1,41.3456,-72.9163,3062207,5/12/19,19:59:00,A,"Injury of any type (Serious, Minor, Possible)",C,Possible Injury (C),3,Local,0.22,439,PUTNAM AV,PUTNAM AV,CLIFFORD ST,,,,,4,Rain,5,Dark-Not Lighted,2,Wet,10200,"Trafficway, On Road",5/12/19 19:59
5132,543770,1,41.346024,-72.912455,3062208,5/12/19,22:53:00,A,"Injury of any type (Serious, Minor, Possible)",B,Suspected Minor Injury (B),2,State,0.94,707,WHITNEY AV,707-N,LAKE RD,,,,,4,Rain,4,Dark-Lighted,2,Wet,13500,"Trafficway, On Road",5/12/19 22:53
8963,543946,1,41.356327,-72.921038,3062384,5/13/19,10:02:00,O,Property Damage Only,O,No Apparent Injury (O),2,Local,1.18,548,WAITE ST,WAITE ST,MATHER ST,,,,,2,Cloudy,1,Daylight,1,Dry,3200,"Trafficway, On Road",5/13/19 10:02
8293,543771,1,41.385209,-72.906656,3062209,5/13/19,11:58:00,O,Property Damage Only,O,No Apparent Injury (O),2,Local,0.01,480,SCHOOL ST,SCHOOL ST,,EVERGREEN AV,40,Feet,E,1,Clear,1,Daylight,1,Dry,5300,"Trafficway, On Road",5/13/19 11:58
3984,549240,1,41.379653,-72.902667,3067675,5/13/19,12:12:00,A,"Injury of any type (Serious, Minor, Possible)",C,Possible Injury (C),2,State,51.68,15,15-S,15-S,,Exit 61,1,TenthsofMile,N,1,Clear,1,Daylight,1,Dry,68000,"Trafficway, On Road",5/13/19 12:12
5365,543772,1,41.335413,-72.911358,3062210,5/13/19,12:25:00,O,Property Damage Only,O,No Apparent Injury (O),1,State,0.18,707,WHITNEY AV,707-N,,ARMORY ST,395,Feet,S,2,Cloudy,1,Daylight,1,Dry,11200,"Trafficway, On Road",5/13/19 12:25
4945,543773,1,41.381958,-72.902398,3062211,5/13/19,13:00:00,O,Property Damage Only,O,No Apparent Injury (O),2,State,3.52,707,WHITNEY AV,707-N,,10-N,1,TenthsofMile,S,1,Clear,1,Daylight,1,Dry,16800,"Trafficway, On Road",5/13/19 13:00
2421,552043,1,41.338273,-72.941156,3070478,5/13/19,16:02:00,O,Property Damage Only,O,No Apparent Injury (O),2,State,4.7,10,CT-10,10-N,ARCH ST,,,,,4,Rain,1,Daylight,2,Wet,13800,"Trafficway, On Road",5/13/19 16:02
7231,552044,1,41.363924,-72.946757,3070479,5/13/19,19:20:00,O,Property Damage Only,O,No Apparent Injury (O),2,Local,0.12,279,INGLESIDE DR,INGLESIDE DR,,LEONARD RD,375,Feet,W,4,Rain,1,Daylight,2,Wet,,"Trafficway, On Road",5/13/19 19:20
582,552439,1,41.34482,-72.934309,3070874,5/14/19,10:15:00,O,Property Damage Only,O,No Apparent Injury (O),3,State,5.45,10,CT-10,10-N,,WOODIN ST,136,Feet,N,1,Clear,1,Daylight,1,Dry,26600,"Trafficway, On Road",5/14/19 10:15
3981,544352,1,41.37905,-72.903589,3062790,5/14/19,13:12:00,A,"Injury of any type (Serious, Minor, Possible)",C,Possible Injury (C),4,State,51.61,15,15-S,15-S,,15-S-123,200,Feet,N,1,Clear,1,Daylight,1,Dry,68000,"Trafficway, On Road",5/14/19 13:12
915,552045,1,41.404605,-72.898654,3070480,5/14/19,17:23:00,A,"Injury of any type (Serious, Minor, Possible)",C,Possible Injury (C),3,State,10.33,10,CT-10,10-N,,Dickerman St,300,Feet,N,1,Clear,1,Daylight,1,Dry,25200,"Trafficway, On Road",5/14/19 17:23
267,553707,1,41.36124,-72.92456,3072142,5/14/19,20:26:00,O,Property Damage Only,O,No Apparent Injury (O),2,State,6.7,10,CT-10,10-N,,Benham St,1,TenthsofMile,S,1,Clear,4,Dark-Lighted,1,Dry,32000,"Trafficway, On Road",5/14/19 20:26
4630,548156,1,41.400091,-72.89742,3066591,5/15/19,7:24:00,O,Property Damage Only,O,No Apparent Injury (O),2,State,0.01,40,40-S,40-S-6,,10-N,65,Feet,E,2,Cloudy,1,Daylight,1,Dry,1800,"Trafficway, On Road",5/15/19 7:24
3982,544356,1,41.378821,-72.903964,3062794,5/15/19,12:53:00,O,Property Damage Only,O,No Apparent Injury (O),2,State,51.58,15,15-S,15-S,,Exit 61,60,Feet,N,1,Clear,1,Daylight,1,Dry,68000,"Trafficway, On Road",5/15/19 12:53
4260,544357,1,41.378021,-72.905354,3062795,5/15/19,13:34:00,O,Property Damage Only,O,No Apparent Injury (O),2,State,0.19,15,15-S,15-S-122,entrance 61,,,,,1,Clear,1,Daylight,1,Dry,9500,"Trafficway, On Road",5/15/19 13:34
3904,546484,1,41.378047,-72.905342,3064919,5/15/19,17:17:00,O,Property Damage Only,O,No Apparent Injury (O),2,State,51.45,15,15-S,15-S Entrance Ramp,,Route 15 Southbound,10,Feet,N,1,Clear,1,Daylight,1,Dry,71500,"Trafficway, On Road",5/15/19 17:17
6982,552046,1,41.360407,-72.911588,3070481,5/15/19,18:15:00,O,Property Damage Only,O,No Apparent Injury (O),2,Local,0.3,225,GORDON ST,GORDON ST,HAWTHORNE AV,,,,,1,Clear,1,Daylight,1,Dry,500,"Trafficway, On Road",5/15/19 18:15
8031,552047,1,41.345044,-72.918313,3070482,5/16/19,9:52:00,A,"Injury of any type (Serious, Minor, Possible)",C,Possible Injury (C),2,Local,0.31,439,PUTNAM AV,PUTNAM AV,TURNOR AV,,,,,1,Clear,1,Daylight,1,Dry,10200,"Trafficway, On Road",5/16/19 9:52
8414,552048,1,41.392281,-72.922866,3070483,5/16/19,12:57:00,A,"Injury of any type (Serious, Minor, Possible)",C,Possible Injury (C),3,Local,1.19,489,SHEPARD AV,SHEPARD AV,,BEAR PATH RD,1,TenthsofMile,S,1,Clear,1,Daylight,1,Dry,1400,"Trafficway, On Road",5/16/19 12:57
3233,546486,1,41.370775,-72.913405,3064921,5/16/19,13:08:00,A,"Injury of any type (Serious, Minor, Possible)",B,Suspected Minor Injury (B),3,State,50.81,15,15-N,15-N,,Exit #60,8,TenthsofMile,N,1,Clear,1,Daylight,1,Dry,71500,"Trafficway, On Road",5/16/19 13:08
3234,546487,1,41.370789,-72.913377,3064922,5/16/19,14:38:00,O,Property Damage Only,O,No Apparent Injury (O),2,State,50.81,15,15-N,15-N,,Exit #60,8,TenthsofMile,N,1,Clear,1,Daylight,1,Dry,71500,"Trafficway, On Road",5/16/19 14:38
4261,544731,1,41.378095,-72.905322,3063169,5/16/19,18:03:00,O,Property Damage Only,O,No Apparent Injury (O),2,State,0.18,15,15-S,15-S-122,,15-S,20,Feet,W,1,Clear,1,Daylight,1,Dry,9500,"Trafficway, On Road",5/16/19 18:03
7900,552050,1,41.345829,-72.945785,3070485,5/16/19,20:09:00,O,Property Damage Only,O,No Apparent Injury (O),1,Local,0.65,664,PINE ROCK AV,PINE ROCK AV NO 2,,Woodin Street ,146,Feet,S,1,Clear,1,Daylight,1,Dry,6600,"Trafficway, Not on Road",5/16/19 20:09
8415,552051,1,41.415525,-72.922236,3070486,5/17/19,11:42:00,A,"Injury of any type (Serious, Minor, Possible)",C,Possible Injury (C),2,Local,2.82,489,SHEPARD AV,SHEPARD AV,,FANSROCK ROAD,20,Feet,S,1,Clear,1,Daylight,1,Dry,1400,"Trafficway, On Road",5/17/19 11:42
7980,552052,1,41.335789,-72.922589,3070487,5/17/19,12:02:00,O,Property Damage Only,O,No Apparent Injury (O),2,Local,0.08,437,PROSPECT LA,PROSPECT LA,,Homelands Ter,50,Feet,W,1,Clear,99,Unknown,1,Dry,,"Trafficway, On Road",5/17/19 12:02
916,552053,1,41.40475,-72.898729,3070488,5/17/19,12:04:00,O,Property Damage Only,O,No Apparent Injury (O),2,State,10.34,10,CT-10,10-N,,WOODRUFF ST,225,Feet,S,1,Clear,1,Daylight,1,Dry,25200,"Trafficway, On Road",5/17/19 12:04
3129,548167,1,41.361326,-72.93377,3066602,5/17/19,13:40:00,O,Property Damage Only,O,No Apparent Injury (O),2,State,49.49,15,15-N,15-N,,Exit 60,5,TenthsofMile,S,2,Cloudy,1,Daylight,1,Dry,78600,"Trafficway, On Road",5/17/19 13:40
6535,552054,1,41.443659,-72.949654,3070489,5/17/19,14:31:00,O,Property Damage Only,O,No Apparent Injury (O),2,Local,0.36,148,DOWNES RD,DOWNES RD,GAYLORD MOUNTAIN RD,,,,,1,Clear,1,Daylight,1,Dry,,"Trafficway, On Road",5/17/19 14:31
2257,552055,1,41.385014,-72.901349,3070490,5/17/19,14:45:00,O,Property Damage Only,O,No Apparent Injury (O),2,State,8.92,10,CT-10,10-N,,SCHOOL STREET,185,Feet,N,4,Rain,1,Daylight,2,Wet,16800,"Trafficway, On Road",5/17/19 14:45
264,552056,1,41.361817,-72.924239,3070491,5/17/19,17:23:00,O,Property Damage Only,O,No Apparent Injury (O),2,State,6.74,10,CT-10,10-N,ROBERT ST,,,,,1,Clear,1,Daylight,1,Dry,32000,"Trafficway, On Road",5/17/19 17:23
9048,552057,1,41.345019,-72.947274,3070492,5/17/19,17:38:00,O,Property Damage Only,O,No Apparent Injury (O),2,Local,0.05,561,WELCH ST,WELCH ST,,ROSINA RD,49,Feet,W,1,Clear,1,Daylight,1,Dry,,"Trafficway, On Road",5/17/19 17:38
2486,552059,1,41.33834,-72.940785,3070494,5/17/19,19:09:00,O,Property Damage Only,O,No Apparent Injury (O),2,State,4.71,10,CT-10,10-N,,Warner Street,224,Feet,W,1,Clear,1,Daylight,1,Dry,12400,"Trafficway, On Road",5/17/19 19:09
8182,552335,1,41.361276,-72.899884,3070770,5/17/19,23:20:00,O,Property Damage Only,O,No Apparent Injury (O),2,Local,1.85,452,RIDGE RD,RIDGE RD,,SANTA FE AVE,500,Feet,N,1,Clear,6,Dark-Unknown Lighting,1,Dry,5300,"Trafficway, On Road",5/17/19 23:20
5444,552060,1,41.38314,-72.898647,3070495,5/18/19,11:49:00,O,Property Damage Only,O,No Apparent Injury (O),2,State,0.16,717,DIXWELL AV,717-E,,Washington Ave,50,Feet,E,1,Clear,1,Daylight,1,Dry,18800,"Trafficway, On Road",5/18/19 11:49
8883,552061,1,41.366432,-72.913844,3070496,5/18/19,12:36:00,O,Property Damage Only,O,No Apparent Injury (O),2,Local,0.35,521,THORNTON ST,THORNTON ST,,Wakefield Street,100,Feet,N,1,Clear,1,Daylight,1,Dry,,"Trafficway, On Road",5/18/19 12:36
4641,552062,1,41.420351,-72.900657,3070497,5/18/19,14:29:00,O,Property Damage Only,O,No Apparent Injury (O),1,State,0.2,453,MOUNT CARMEL AV,453-E,,New Rd,200,Feet,W,1,Clear,1,Daylight,1,Dry,8700,Non-trafficway,5/18/19 14:29
2487,552680,1,41.338513,-72.935195,3071115,5/18/19,14:52:00,A,"Injury of any type (Serious, Minor, Possible)",C,Possible Injury (C),3,State,5,10,CT-10,10-N,MORSE ST,,,,,1,Clear,1,Daylight,1,Dry,12400,"Trafficway, On Road",5/18/19 14:52
1392,552063,1,41.35081,-72.931494,3070498,5/19/19,10:19:00,O,Property Damage Only,O,No Apparent Injury (O),2,State,5.9,10,CT-10,10-N,,Beacon Street,180,Feet,S,1,Clear,1,Daylight,1,Dry,23300,"Trafficway, On Road",5/19/19 10:19
7023,553708,1,41.35716,-72.930611,3072143,5/19/19,13:55:00,O,Property Damage Only,O,No Apparent Injury (O),2,Local,0.27,230,GRANDVIEW AV,GRANDVIEW AV,,Homestead,50,Feet,S,1,Clear,99,Unknown,1,Dry,,Non-trafficway,5/19/19 13:55
5137,557503,1,41.343616,-72.912062,3075937,5/19/19,18:21:00,O,Property Damage Only,O,No Apparent Injury (O),2,State,0.77,707,WHITNEY AV,707-N,ELI RD,,,,S,1,Clear,1,Daylight,1,Dry,13500,"Trafficway, On Road",5/19/19 18:21
265,552336,1,41.362373,-72.923916,3070771,5/20/19,12:50:00,O,Property Damage Only,O,No Apparent Injury (O),2,State,6.78,10,CT-10,10-N,,BENHAM ST,91,Feet,S,1,Clear,1,Daylight,1,Dry,32000,"Trafficway, On Road",5/20/19 12:50
3321,551065,1,41.381347,-72.900037,3069500,5/20/19,13:05:00,O,Property Damage Only,O,No Apparent Injury (O),1,State,51.82,15,15-N,15-N,,Dixwell Avenue,200,Feet,N,1,Clear,1,Daylight,1,Dry,66000,"Trafficway, On Road",5/20/19 13:05
3130,548192,1,41.361316,-72.933761,3066627,5/20/19,13:28:00,O,Property Damage Only,O,No Apparent Injury (O),2,State,49.49,15,15-N,15-N,,exit 60,5,TenthsofMile,S,2,Cloudy,1,Daylight,1,Dry,78600,"Trafficway, On Road",5/20/19 13:28
3131,548194,1,41.364543,-72.928149,3066629,5/20/19,14:15:00,O,Property Damage Only,O,No Apparent Injury (O),2,State,49.86,15,15-N,15-N,,Exit 60,700,Feet,S,1,Clear,1,Daylight,1,Dry,78600,"Trafficway, On Road",5/20/19 14:15
3132,548195,1,41.362086,-72.932105,3066630,5/20/19,14:50:00,O,Property Damage Only,O,No Apparent Injury (O),2,State,49.6,15,15-N,15-N,,exit 60,4,TenthsofMile,S,1,Clear,1,Daylight,1,Dry,78600,"Trafficway, On Road",5/20/19 14:50
6121,552065,1,41.352265,-72.935884,3070500,5/20/19,15:07:00,A,"Injury of any type (Serious, Minor, Possible)",C,Possible Injury (C),2,Local,0.96,99,CIRCULAR AV,CIRCULAR AV,BEACON ST,,,,,1,Clear,1,Daylight,1,Dry,7200,"Trafficway, On Road",5/20/19 15:07
3888,546636,1,41.376692,-72.907324,3065071,5/20/19,17:58:00,O,Property Damage Only,O,No Apparent Injury (O),2,State,51.32,15,15-S,15-S,,Entrance 61,2,TenthsofMile,S,4,Rain,1,Daylight,2,Wet,71500,"Trafficway, On Road",5/20/19 17:58
4946,552066,1,41.379828,-72.903169,3070501,5/20/19,18:01:00,A,"Injury of any type (Serious, Minor, Possible)",C,Possible Injury (C),2,State,3.37,707,WHITNEY AV,707-N,,Worth Avenue,1,TenthsofMile,S,4,Rain,1,Daylight,2,Wet,16800,"Trafficway, On Road",5/20/19 18:01
4239,552067,1,41.365841,-72.921802,3070502,5/20/19,23:27:00,A,"Injury of any type (Serious, Minor, Possible)",C,Possible Injury (C),2,State,0.18,15,15-S,15-S-119,10-N,,,,,1,Clear,4,Dark-Lighted,1,Dry,9500,"Trafficway, On Road",5/20/19 23:27
4263,548208,1,41.378121,-72.905313,3066643,5/21/19,14:08:00,O,Property Damage Only,O,No Apparent Injury (O),2,State,0.18,15,15-S,15-S-122,,15-S,35,Feet,W,1,Clear,1,Daylight,1,Dry,9500,"Trafficway, On Road",5/21/19 14:08
6622,552068,1,41.40492,-72.902366,3070503,5/21/19,15:45:00,O,Property Damage Only,O,No Apparent Injury (O),2,Local,1.56,174,EVERGREEN AV,EVERGREEN AV,,Home Place ,479,Feet,S,1,Clear,1,Daylight,1,Dry,4200,"Trafficway, On Road",5/21/19 15:45
8032,552069,1,41.345911,-72.913201,3070504,5/21/19,15:57:00,O,Property Damage Only,O,No Apparent Injury (O),1,Local,0.04,439,PUTNAM AV,PUTNAM AV,,Whitney Ave,75,Feet,W,1,Clear,1,Daylight,1,Dry,10200,"Trafficway, On Road",5/21/19 15:57
917,552070,1,41.404004,-72.898451,3070505,5/21/19,17:12:00,O,Property Damage Only,O,No Apparent Injury (O),2,State,10.28,10,CT-10,10-N,,DICKERMAN ST,75,Feet,N,1,Clear,1,Daylight,1,Dry,25200,"Trafficway, On Road",5/21/19 17:12
4262,546638,1,41.378039,-72.905354,3065073,5/21/19,17:12:00,O,Property Damage Only,O,No Apparent Injury (O),2,State,0.19,15,15-S,15-S-122,,Route 15 South,30,Feet,N,1,Clear,1,Daylight,1,Dry,9500,"Trafficway, On Road",5/21/19 17:12
9194,552071,1,41.336843,-72.92479,3070506,5/21/19,17:51:00,O,Property Damage Only,O,No Apparent Injury (O),2,Local,0.17,591,WINCHESTER AV,WINCHESTER AV,Morse Street,,,,N,1,Clear,1,Daylight,1,Dry,1500,"Trafficway, On Road",5/21/19 17:51
8787,552072,1,41.376932,-72.921483,3070507,5/21/19,18:01:00,O,Property Damage Only,O,No Apparent Injury (O),2,Local,0.33,495,SKIFF ST EXT,SKIFF ST EXT,,Mix Avenue,351,Feet,W,1,Clear,1,Daylight,1,Dry,4800,"Trafficway, On Road",5/21/19 18:01
7681,558645,1,41.343682,-72.926341,3077079,5/22/19,7:28:00,O,Property Damage Only,O,No Apparent Injury (O),2,Local,0,385,NEWHALL ST,NEWHALL ST,,,,,,1,Clear,1,Daylight,1,Dry,7700,"Trafficway, On Road",5/22/19 7:28
7763,552073,1,41.38403,-72.90724,3070508,5/22/19,8:43:00,O,Property Damage Only,O,No Apparent Injury (O),2,Local,0.16,143,OLD DIXWELL AV,OLD DIXWELL AV,Evergreen Ave,,,,E,1,Clear,1,Daylight,1,Dry,,"Trafficway, On Road",5/22/19 8:43
8416,552074,1,41.411289,-72.921947,3070509,5/22/19,10:21:00,O,Property Damage Only,O,No Apparent Injury (O),2,Local,2.53,489,SHEPARD AV,SHEPARD AV,,Gate Ln,228,Feet,W,1,Clear,1,Daylight,1,Dry,1400,"Trafficway, On Road",5/22/19 10:21
4947,552075,1,41.383646,-72.901867,3070510,5/22/19,13:12:00,O,Property Damage Only,O,No Apparent Injury (O),2,State,3.62,707,WHITNEY AV,707-N,10-N,,,,N,1,Clear,1,Daylight,1,Dry,16800,"Trafficway, On Road",5/22/19 13:12
2212,552076,1,41.383528,-72.902876,3070511,5/22/19,15:35:00,O,Property Damage Only,O,No Apparent Injury (O),2,State,8.75,10,CT-10,10-N,,Whitney Avenue,250,Feet,W,1,Clear,1,Daylight,1,Dry,16900,"Trafficway, On Road",5/22/19 15:35
3504,551598,1,41.38072192,-72.90076272,3070033,5/22/19,17:35:00,O,Property Damage Only,O,No Apparent Injury (O),2,State,0.23,15,15-N,15-N-125,,Route 15,15,Feet,S,1,Clear,1,Daylight,1,Dry,2300,"Trafficway, On Road",5/22/19 17:35
3660,559379,1,41.359711,-72.938007,3077813,5/23/19,1:43:00,O,Property Damage Only,O,No Apparent Injury (O),2,State,49.26,15,15-S,15-S,,60 On Ramp,8,TenthsofMile,S,1,Clear,5,Dark-Not Lighted,1,Dry,78600,"Trafficway, On Road",5/23/19 1:43
9255,553709,1,41.34554,-72.942021,3072144,5/23/19,14:19:00,O,Property Damage Only,O,No Apparent Injury (O),2,Local,1.29,598,WOODIN ST,WOODIN ST,ROCHFORD AV,,,,,1,Clear,1,Daylight,1,Dry,5500,"Trafficway, On Road",5/23/19 14:19
177,552078,1,41.366288,-72.921363,3070513,5/23/19,16:09:00,O,Property Damage Only,O,No Apparent Injury (O),2,State,7.07,10,CT-10,10-N,,Marietta Street,150,Feet,S,2,Cloudy,1,Daylight,1,Dry,33000,"Trafficway, On Road",5/23/19 16:09
7689,552337,1,41.336441,-72.9266,3070772,5/23/19,20:48:00,O,Property Damage Only,O,No Apparent Injury (O),2,Local,0.5,385,NEWHALL ST,NEWHALL ST,,Marlboro Street,25,Feet,N,1,Clear,4,Dark-Lighted,1,Dry,7500,"Trafficway, On Road",5/23/19 20:48
7965,552079,1,41.34101,-72.94527,3070514,5/24/19,8:12:00,A,"Injury of any type (Serious, Minor, Possible)",B,Suspected Minor Injury (B),1,,,,PINE ROCK AV,PINE ROCK AVE,,Arch St,50,Feet,N,1,Clear,1,Daylight,1,Dry,,Non-trafficway,5/24/19 8:12
1393,552338,1,41.351131,-72.93146,3070773,5/24/19,10:38:00,O,Property Damage Only,O,No Apparent Injury (O),2,State,5.92,10,CT-10,10-N,,BEACON ST,50,Feet,S,1,Clear,1,Daylight,1,Dry,23300,"Trafficway, On Road",5/24/19 10:38
8935,552339,1,41.429361,-72.90466,3070774,5/24/19,12:29:00,O,Property Damage Only,O,No Apparent Injury (O),2,Local,0.1,530,TUTTLE AV,TUTTLE AV NO 1,,Dunn Rd.,50,Feet,E,1,Clear,1,Daylight,1,Dry,,"Trafficway, Not on Road",5/24/19 12:29
5633,552340,1,41.377007,-72.915227,3070775,5/24/19,14:12:00,O,Property Damage Only,O,No Apparent Injury (O),2,State,0,753,CT-10,753-S,,Shepard Ave,143,Feet,N,1,Clear,1,Daylight,1,Dry,13900,"Trafficway, On Road",5/24/19 14:12
3505,552258,1,41.380639,-72.900768,3070693,5/24/19,14:37:00,O,Property Damage Only,O,No Apparent Injury (O),2,State,0.22,15,15-N,15-N-125,,Route 15 North,38,Feet,S,1,Clear,1,Daylight,1,Dry,2300,"Trafficway, On Road",5/24/19 14:37
2397,552080,1,41.392705,-72.897407,3070515,5/24/19,14:42:00,O,Property Damage Only,O,No Apparent Injury (O),2,State,9.49,10,CT-10,10-N,FOREST ST,,,,,1,Clear,1,Daylight,1,Dry,14700,"Trafficway, On Road",5/24/19 14:42
2542,552341,1,41.380364,-72.913212,3070776,5/24/19,18:14:00,O,Property Damage Only,O,No Apparent Injury (O),2,State,8.15,10,CT-10,10-N,,Sanford Street,300,Feet,S,1,Clear,1,Daylight,1,Dry,11200,"Trafficway, On Road",5/24/19 18:14
527,552081,1,41.356389,-72.927826,3070516,5/24/19,19:44:00,A,"Injury of any type (Serious, Minor, Possible)",C,Possible Injury (C),2,State,6.32,10,CT-10,10-N,,St James St,50,Feet,N,1,Clear,3,Dusk,1,Dry,27400,"Trafficway, On Road",5/24/19 19:44
8572,552082,1,41.413955,-72.903368,3070517,5/24/19,20:40:00,A,"Injury of any type (Serious, Minor, Possible)",C,Possible Injury (C),2,Local,2.06,491,SHERMAN AV,SHERMAN AV NO 1,,Sherman Ave.,302,Feet,W,1,Clear,4,Dark-Lighted,1,Dry,5700,"Trafficway, On Road",5/24/19 20:40
5490,552342,1,41.383122,-72.89913,3070777,5/24/19,23:37:00,O,Property Damage Only,O,No Apparent Injury (O),1,State,0.14,717,DIXWELL AV,717-E,WASHINGTON AV,,,,S,1,Clear,4,Dark-Lighted,1,Dry,15600,"Trafficway, Not on Road",5/24/19 23:37
5135,552083,1,41.345996,-72.912519,3070518,5/25/19,13:49:00,O,Property Damage Only,O,No Apparent Injury (O),2,State,0.94,707,WHITNEY AV,707-N,LAKE RD,,,,,1,Clear,1,Daylight,1,Dry,13500,"Trafficway, On Road",5/25/19 13:49
2258,552440,1,41.389094,-72.899509,3070875,5/25/19,18:51:00,O,Property Damage Only,O,No Apparent Injury (O),2,State,9.22,10,CT-10,10-N,,Lincoln St,302,Feet,N,1,Clear,1,Daylight,1,Dry,16800,"Trafficway, On Road",5/25/19 18:51
5781,552085,1,41.405485,-72.924979,3070520,5/25/19,19:57:00,A,"Injury of any type (Serious, Minor, Possible)",B,Suspected Minor Injury (B),2,Local,0,638,BENDER RD,BENDER RD,NOLAN RD,,,,,1,Clear,3,Dusk,1,Dry,,"Trafficway, On Road",5/25/19 19:57
2213,561391,1,41.383282,-72.906217,919074,5/26/19,12:49:00,K,Fatal (Kill),K,Fatal Injury (K),1,State,8.58,10,CT-10,10-N,,Evergreen Ave,440,Feet,N,1,Clear,1,Daylight,1,Dry,16900,"Trafficway, On Road",5/26/19 12:49
5955,552682,1,41.338322,-72.937911,3071117,5/26/19,13:26:00,A,"Injury of any type (Serious, Minor, Possible)",B,Suspected Minor Injury (B),2,Local,0.18,52,BOWEN ST,BOWEN ST,10-N,,,,,1,Clear,1,Daylight,1,Dry,5000,"Trafficway, On Road",5/26/19 13:26