,CrashId,Fatal Case Status,lat,lon,DOT Case Number,Date Of Crash,Time of Crash,Crash Severity,Crash Severity Text Format,Most Severe Injury,Most Severe Injury Text Format,Number Of Motor Vehicles,Route Class Text Format,Milemarker,Road Number,Road Description,Roadway Name,Intersecting Roadway Name,Landmark Description,Distance From Nearest Landmark,Unit Of Measure From Nearest Landmark,Direction From Nearest Landmark,Weather Condition,Weather Condition Text Format,Light Condition,Light Condition Text Format,Road Surface Condition,Road Surface Condition Text Format,Average Daily Traffic,Trafficway Class Text Format,full_date
5344,552703,1,41.355978,-72.911755,3071138,5/26/19,14:11:00,O,Property Damage Only,O,No Apparent Injury (O),2,State,1.65,707,WHITNEY AV,707-N,WAITE ST,,,,,1,Clear,1,Daylight,1,Dry,11300,"Trafficway, On Road",5/26/19 14:11
6721,552704,1,41.3788,-72.9274,3071139,5/26/19,15:23:00,O,Property Damage Only,O,No Apparent Injury (O),2,Local,0.09,688,FARM BROOK CT,FARM BROOK CT,,Canterbury RD,1000,Feet,N,1,Clear,1,Daylight,1,Dry,,"Trafficway, On Road",5/26/19 15:23
6817,552705,1,41.429565,-72.942273,3071140,5/26/19,17:32:00,O,Property Damage Only,O,No Apparent Injury (O),2,Local,0.43,208,GAYLORD MOUNTAIN RD,GAYLORD MOUNTAIN RD,,HUNTING RIDGE ROAD,75,Feet,S,1,Clear,1,Daylight,1,Dry,,"Trafficway, On Road",5/26/19 17:32
8033,552746,1,41.34549,-72.915649,3071181,5/26/19,22:36:00,O,Property Damage Only,O,No Apparent Injury (O),2,Local,0.17,439,PUTNAM AV,PUTNAM AV,,Carleton St,100,Feet,W,1,Clear,4,Dark-Lighted,1,Dry,10200,"Trafficway, On Road",5/26/19 22:36
528,552747,1,41.35667,-72.927533,3071182,5/26/19,23:11:00,O,Property Damage Only,O,No Apparent Injury (O),2,State,6.34,10,CT-10,10-N,HOMESTEAD,,,,,2,Cloudy,4,Dark-Lighted,1,Dry,27400,"Trafficway, On Road",5/26/19 23:11
7382,600712,1,41.353149,-72.918212,3119141,5/27/19,2:31:00,O,Property Damage Only,O,No Apparent Injury (O),2,Local,0.43,352,MATHER ST,MATHER ST,,Manor Street,50,Feet,S,1,Clear,4,Dark-Lighted,1,Dry,5200,"Trafficway, On Road",5/27/19 2:31
7259,552706,1,41.346112,-72.911805,3071141,5/27/19,10:24:00,O,Property Damage Only,O,No Apparent Injury (O),2,Local,0.04,305,LAKE RD,LAKE RD,,Whitney Avenue,1,TenthsofMile,E,1,Clear,1,Daylight,1,Dry,,"Trafficway, On Road",5/27/19 10:24
4238,551098,1,41.366187,-72.921843,3069533,5/27/19,11:36:00,O,Property Damage Only,O,No Apparent Injury (O),2,State,0.17,15,15-S,15-S-119,,Dixwell Ave.,37,Feet,W,1,Clear,1,Daylight,1,Dry,9500,"Trafficway, On Road",5/27/19 11:36
6066,552748,1,41.359751,-72.911639,3071183,5/28/19,8:35:00,O,Property Damage Only,O,No Apparent Injury (O),2,Local,0.1,87,CENTRAL AV,CENTRAL AV,GORDON ST,,,,,2,Cloudy,1,Daylight,1,Dry,,"Trafficway, On Road",5/28/19 8:35
7241,552086,1,41.433218,-72.933748,3070521,5/28/19,9:02:00,A,"Injury of any type (Serious, Minor, Possible)",C,Possible Injury (C),1,Local,0,712,JOYCE RD,JOYCE RD NO 2,WEST TODD ST,,,,,1,Clear,1,Daylight,1,Dry,,"Trafficway, On Road",5/28/19 9:02
5136,552773,1,41.336917,-72.911633,3071208,5/28/19,15:02:00,O,Property Damage Only,O,No Apparent Injury (O),2,State,0.29,707,WHITNEY AV,707-N,,ARMORY ST,100,Feet,N,4,Rain,1,Daylight,2,Wet,13500,"Trafficway, On Road",5/28/19 15:02
1279,552774,1,41.374225,-72.915996,3071209,5/28/19,17:00:00,O,Property Damage Only,O,No Apparent Injury (O),2,State,7.69,10,CT-10,10-N,,SKIFF ST,103,Feet,S,4,Rain,1,Daylight,2,Wet,23600,"Trafficway, On Road",5/28/19 17:00
6858,552775,1,41.35696,-72.941901,3071210,5/28/19,17:12:00,A,"Injury of any type (Serious, Minor, Possible)",A,Suspected Serious Injury (A),1,Local,0.25,212,GILBERT AV,GILBERT AV,,BROOK ST.,156,Feet,W,4,Rain,1,Daylight,2,Wet,5500,"Trafficway, On Road",5/28/19 17:12
6171,552776,1,41.361175,-72.936909,3071211,5/28/19,18:31:00,A,"Injury of any type (Serious, Minor, Possible)",C,Possible Injury (C),2,Local,0.34,99,CIRCULAR AV,CIRCULAR AV,CHERRY HILL RD,,,,,1,Clear,1,Daylight,1,Dry,1900,"Trafficway, On Road",5/28/19 18:31
1280,552777,1,41.368148,-72.920057,3071212,5/29/19,7:15:00,O,Property Damage Only,O,No Apparent Injury (O),3,State,7.22,10,CT-10,10-N,,CONNOLLY PKWY,415,Feet,N,1,Clear,1,Daylight,1,Dry,23600,"Trafficway, On Road",5/29/19 7:15
6307,557504,1,41.333219,-72.898047,3075938,5/29/19,8:26:00,O,Property Damage Only,O,No Apparent Injury (O),3,Local,0.02,112,COOK ST,COOK ST,,Welton St.,50,Feet,W,1,Clear,1,Daylight,1,Dry,,"Trafficway, On Road",5/29/19 8:26
8912,552778,1,41.353522,-72.928543,3071213,5/29/19,14:38:00,O,Property Damage Only,O,No Apparent Injury (O),2,Local,0.06,527,TREADWELL ST,TREADWELL ST,MARNE ST,,,,,1,Clear,1,Daylight,1,Dry,5100,"Trafficway, On Road",5/29/19 14:38
2009,552779,1,41.403683,-72.89831,3071214,5/29/19,16:59:00,O,Property Damage Only,O,No Apparent Injury (O),2,State,10.26,10,CT-10,10-N,,Ives St,40,Feet,S,4,Rain,1,Daylight,2,Wet,18300,"Trafficway, On Road",5/29/19 16:59
141,553710,1,41.366095,-72.921637,3072145,5/29/19,21:12:00,O,Property Damage Only,O,No Apparent Injury (O),2,State,7.05,10,CT-10,10-N,,,,,,1,Clear,4,Dark-Lighted,2,Wet,34000,"Trafficway, On Road",5/29/19 21:12
2259,553803,1,41.384898,-72.901324,3072238,5/30/19,13:25:00,O,Property Damage Only,O,No Apparent Injury (O),2,State,8.91,10,CT-10,10-N,,School St.,150,Feet,N,1,Clear,1,Daylight,1,Dry,16800,"Trafficway, On Road",5/30/19 13:25
8417,553804,1,41.40269,-72.92381,3072239,5/30/19,13:39:00,O,Property Damage Only,O,No Apparent Injury (O),2,Local,1.91,489,SHEPARD AV,SHEPARD AV,,West Shepard Ave,1,TenthsofMile,N,1,Clear,1,Daylight,1,Dry,1400,"Trafficway, On Road",5/30/19 13:39
1149,553805,1,41.340417,-72.935162,3072240,5/30/19,18:56:00,O,Property Damage Only,O,No Apparent Injury (O),2,State,5.14,10,CT-10,10-N,GEORGE ST,,,,,4,Rain,1,Daylight,2,Wet,24000,"Trafficway, On Road",5/30/19 18:56
5251,553806,1,41.358858,-72.909871,3072241,5/30/19,20:00:00,A,"Injury of any type (Serious, Minor, Possible)",C,Possible Injury (C),3,State,1.88,707,WHITNEY AV,707-N,,Park Avenue,60,Feet,N,4,Rain,4,Dark-Lighted,2,Wet,11900,"Trafficway, On Road",5/30/19 20:00
2488,553807,1,41.338243,-72.935189,3072242,5/30/19,20:01:00,O,Property Damage Only,O,No Apparent Injury (O),2,State,5,10,CT-10,10-N,MORSE ST,,,,W,4,Rain,4,Dark-Lighted,2,Wet,12400,"Trafficway, On Road",5/30/19 20:01
543,608961,1,41.354349,-72.929367,3127388,5/31/19,11:03:00,A,"Injury of any type (Serious, Minor, Possible)",B,Suspected Minor Injury (B),5,State,6.16,10,CT-10,10-N,CUMLEY ST,,,,,1,Clear,1,Daylight,1,Dry,27400,"Trafficway, On Road",5/31/19 11:03
1148,552780,1,41.343825,-72.934462,3071215,5/31/19,13:22:00,O,Property Damage Only,O,No Apparent Injury (O),2,State,5.39,10,CT-10,10-N,THIRD ST,,,,,1,Clear,1,Daylight,1,Dry,24000,"Trafficway, On Road",5/31/19 13:22
6562,553808,1,41.336972,-72.936453,3072243,5/31/19,14:38:00,O,Property Damage Only,O,No Apparent Injury (O),2,Local,0.07,158,EASTON ST,EASTON ST,,ALSTRUM STREET,500,Feet,W,1,Clear,1,Daylight,1,Dry,,"Trafficway, On Road",5/31/19 14:38
2010,552781,1,41.382982,-72.907794,3071216,5/31/19,15:53:00,O,Property Damage Only,O,No Apparent Injury (O),2,State,8.49,10,CT-10,10-N,EVERGREEN AV,,,,,1,Clear,1,Daylight,1,Dry,18300,"Trafficway, On Road",5/31/19 15:53
266,552749,1,41.360075,-72.925317,3071184,6/1/19,8:02:00,O,Property Damage Only,O,No Apparent Injury (O),2,State,6.61,10,CT-10,10-N,RED ROCK TER,,,,,1,Clear,1,Daylight,1,Dry,32000,"Trafficway, On Road",6/1/19 8:02
7690,552750,1,41.335099,-72.926847,3071185,6/1/19,8:46:00,O,Property Damage Only,O,No Apparent Injury (O),2,Local,0.6,385,NEWHALL ST,NEWHALL ST,GOODRICH,,,,,1,Clear,1,Daylight,1,Dry,7500,"Trafficway, On Road",6/1/19 8:46
1150,554089,1,41.341357,-72.935002,3072524,6/1/19,11:44:00,A,"Injury of any type (Serious, Minor, Possible)",B,Suspected Minor Injury (B),2,State,5.21,10,CT-10,10-N,,North Street,150,Feet,S,1,Clear,1,Daylight,1,Dry,24000,"Trafficway, On Road",6/1/19 11:44
5634,553809,1,41.376483,-72.915604,3072244,6/1/19,15:49:00,O,Property Damage Only,O,No Apparent Injury (O),2,State,0.03,753,CT-10,753-S,SHEPARD AV,,,,S,1,Clear,1,Daylight,1,Dry,13900,"Trafficway, On Road",6/1/19 15:49
1284,555680,1,41.372606,-72.91725,3074115,6/1/19,18:45:00,A,"Injury of any type (Serious, Minor, Possible)",C,Possible Injury (C),2,State,7.56,10,CT-10,10-N,,skiff street,743,Feet,S,1,Clear,1,Daylight,1,Dry,23600,"Trafficway, On Road",6/1/19 18:45
1154,565115,1,41.342389,-72.934729,3083548,6/2/19,1:49:00,A,"Injury of any type (Serious, Minor, Possible)",B,Suspected Minor Injury (B),2,State,5.29,10,CT-10,10-N,HAMDEN PARK DR,,,,,1,Clear,4,Dark-Lighted,1,Dry,24000,"Trafficway, On Road",6/2/19 1:49
9256,554090,1,41.345498,-72.939461,3072525,6/2/19,2:04:00,A,"Injury of any type (Serious, Minor, Possible)",C,Possible Injury (C),2,Local,1.43,598,WOODIN ST,WOODIN ST,BEAVER,,,,,1,Clear,4,Dark-Lighted,1,Dry,5500,"Trafficway, On Road",6/2/19 2:04
2446,573104,1,41.401173,-72.897679,3091537,6/2/19,8:16:00,A,"Injury of any type (Serious, Minor, Possible)",C,Possible Injury (C),2,State,10.08,10,CT-10,10-N,,Cannon St,3,TenthsofMile,N,1,Clear,1,Daylight,1,Dry,12900,"Trafficway, On Road",6/2/19 8:16
6541,554091,1,41.336949,-72.932863,3072526,6/2/19,11:53:00,O,Property Damage Only,O,No Apparent Injury (O),3,Local,0.12,150,DUDLEY ST,DUDLEY ST,,Dudley Ct,30,Feet,W,1,Clear,6,Dark-Unknown Lighting,1,Dry,750,"Trafficway, On Road",6/2/19 11:53
7652,554092,1,41.419091,-72.891644,3072527,6/2/19,13:03:00,O,Property Damage Only,O,No Apparent Injury (O),1,,,,MOUNT CARMEL AV,275 MT CARMEL AVE,,New Rd,1781,Feet,W,1,Clear,1,Daylight,1,Dry,,"Trafficway, On Road",6/2/19 13:03
2543,554094,1,41.377339,-72.914984,3072529,6/3/19,10:27:00,O,Property Damage Only,O,No Apparent Injury (O),2,State,7.91,10,CT-10,10-N,,Shepard Ave.,50,Feet,N,1,Clear,1,Daylight,1,Dry,11200,"Trafficway, On Road",6/3/19 10:27
3430,558986,1,41.38011769,-72.90080128,3077420,6/3/19,13:32:00,O,Property Damage Only,O,No Apparent Injury (O),2,State,0.05,15,15-N,15-N-124,ON RAMP 61,,,,,1,Clear,1,Daylight,1,Dry,9500,"Trafficway, On Road",6/3/19 13:32
1281,554096,1,41.370622,-72.918453,3072531,6/3/19,16:24:00,O,Property Damage Only,O,No Apparent Injury (O),2,State,7.41,10,CT-10,10-N,,SKIFF ST.,2,TenthsofMile,S,1,Clear,1,Daylight,1,Dry,23600,"Trafficway, On Road",6/3/19 16:24
8346,555681,1,41.336605,-72.929801,3074116,6/3/19,16:35:00,O,Property Damage Only,O,No Apparent Injury (O),2,Local,0.06,488,SHELTON AV,SHELTON AV,MARLBORO ST,,,,,1,Clear,4,Dark-Lighted,1,Dry,2200,"Trafficway, On Road",6/3/19 16:35
1282,554097,1,41.371328,-72.917977,3072532,6/3/19,18:51:00,O,Property Damage Only,O,No Apparent Injury (O),2,State,7.47,10,CT-10,10-N,,SKIFF ST.,2,TenthsofMile,S,1,Clear,1,Daylight,1,Dry,23600,"Trafficway, On Road",6/3/19 18:51
3134,557750,1,41.348744,-72.965868,3076184,6/4/19,11:49:00,A,"Injury of any type (Serious, Minor, Possible)",C,Possible Injury (C),2,State,47.58,15,15-N,15-N,,Exit 59,8,TenthsofMile,N,1,Clear,1,Daylight,1,Dry,78600,"Trafficway, On Road",6/4/19 11:49
6330,554098,1,41.339995,-72.902524,3072533,6/4/19,11:58:00,A,"Injury of any type (Serious, Minor, Possible)",B,Suspected Minor Injury (B),2,Local,0.23,128,DAVIS ST,DAVIS ST,RIDGE RD,,,,,1,Clear,1,Daylight,1,Dry,11300,"Trafficway, On Road",6/4/19 11:58
3133,552699,1,41.356538,-72.945661,3071134,6/4/19,12:09:00,A,"Injury of any type (Serious, Minor, Possible)",C,Possible Injury (C),3,State,48.79,15,15-N,15-N,,Exit 60,12,TenthsofMile,S,1,Clear,1,Daylight,1,Dry,78600,"Trafficway, On Road",6/4/19 12:09
1283,554099,1,41.37023,-72.9185,3072534,6/4/19,14:31:00,O,Property Damage Only,O,No Apparent Injury (O),2,State,7.39,10,CT-10,10-N,,Skiff St,1,TenthsofMile,S,1,Clear,1,Daylight,1,Dry,23600,"Trafficway, On Road",6/4/19 14:31
6044,555682,1,41.397099,-72.898971,3074117,6/4/19,14:46:00,O,Property Damage Only,O,No Apparent Injury (O),2,Local,0.25,74,CANNON ST,CANNON ST,,Whitney Avenue,1,TenthsofMile,W,1,Clear,1,Daylight,1,Dry,,"Trafficway, On Road",6/4/19 14:46
6609,554100,1,41.384275,-72.906946,3072535,6/4/19,15:01:00,A,"Injury of any type (Serious, Minor, Possible)",C,Possible Injury (C),1,Local,0.1,174,EVERGREEN AV,EVERGREEN AV,,OLD DIXWELL AVE,40,Feet,N,1,Clear,1,Daylight,1,Dry,8400,Non-trafficway,6/4/19 15:01
6429,554101,1,41.336317,-72.935184,3072536,6/4/19,17:45:00,A,"Injury of any type (Serious, Minor, Possible)",C,Possible Injury (C),2,Local,0.06,142,DIXWELL AV,DIXWELL AV NO 1,ALLING ST,,,,,1,Clear,1,Daylight,1,Dry,15600,"Trafficway, On Road",6/4/19 17:45
4278,554102,1,41.379295,-72.903455,3072537,6/5/19,7:56:00,O,Property Damage Only,O,No Apparent Injury (O),2,State,0.18,15,15-S,15-S-123,707-N,,,,,2,Cloudy,1,Daylight,1,Dry,9500,"Trafficway, On Road",6/5/19 7:56
3368,555213,1,41.365706,-72.924153,3073648,6/5/19,9:50:00,O,Property Damage Only,O,No Apparent Injury (O),2,State,50.09,15,15-N,15-N,,Exit 60,1,TenthsofMile,N,1,Clear,1,Daylight,1,Dry,61200,"Trafficway, On Road",6/5/19 9:50
4048,555214,1,41.378137,-72.905318,3073649,6/5/19,9:55:00,O,Property Damage Only,O,No Apparent Injury (O),2,State,51.46,15,15-S,15-S,,61-entrance,5,Feet,S,2,Cloudy,1,Daylight,1,Dry,66400,"Trafficway, On Road",6/5/19 9:55
5445,554103,1,41.38305,-72.8983,3072538,6/5/19,11:43:00,O,Property Damage Only,O,No Apparent Injury (O),2,State,0.18,717,DIXWELL AV,717-E,,WASHINGTON AVE,50,Feet,E,1,Clear,1,Daylight,1,Dry,18800,"Trafficway, On Road",6/5/19 11:43
7546,554104,1,41.336816,-72.924864,3072539,6/5/19,14:34:00,O,Property Damage Only,O,No Apparent Injury (O),2,Local,0.54,370,MORSE ST,MORSE ST,WINCHESTER AV,,,,,1,Clear,1,Daylight,1,Dry,3200,"Trafficway, On Road",6/5/19 14:34
3659,552595,1,41.360686,-72.93522,3071030,6/5/19,17:12:00,O,Property Damage Only,O,No Apparent Injury (O),2,State,49.42,15,15-S,15-S,,Exit #59,10,TenthsofMile,N,1,Clear,1,Daylight,1,Dry,78600,"Trafficway, On Road",6/5/19 17:12
6716,554105,1,41.419691,-72.931971,3072540,6/5/19,20:06:00,O,Property Damage Only,O,No Apparent Injury (O),1,Local,0.6,178,FANS ROCK RD,FANS ROCK RD,,WEST WOODS RD,235,Feet,S,1,Clear,1,Daylight,1,Dry,1600,Non-trafficway,6/5/19 20:06
5492,557505,1,41.383298,-72.900628,3075939,6/6/19,13:22:00,O,Property Damage Only,O,No Apparent Injury (O),2,State,0.06,717,DIXWELL AV,717-E,,Washington Av,396,Feet,W,1,Clear,1,Daylight,1,Dry,15600,"Trafficway, On Road",6/6/19 13:22
7680,554106,1,41.343462,-72.926303,3072541,6/6/19,14:31:00,O,Property Damage Only,O,No Apparent Injury (O),2,Local,0.02,385,NEWHALL ST,NEWHALL ST,,Putnam Av,100,Feet,S,1,Clear,1,Daylight,1,Dry,7700,"Trafficway, On Road",6/6/19 14:31
2011,555683,1,41.381278,-72.912355,3074118,6/6/19,22:33:00,A,"Injury of any type (Serious, Minor, Possible)",C,Possible Injury (C),1,State,8.23,10,CT-10,10-N,,SANFORD ST,55,Feet,E,1,Clear,4,Dark-Lighted,1,Dry,18300,"Trafficway, On Road",6/6/19 22:33
922,558815,1,41.406286,-72.899253,3077249,6/7/19,7:25:00,A,"Injury of any type (Serious, Minor, Possible)",B,Suspected Minor Injury (B),2,State,10.45,10,CT-10,10-N,,HOME PL,5,Feet,S,1,Clear,1,Daylight,1,Dry,25200,"Trafficway, On Road",6/7/19 7:25
7325,554107,1,41.351502,-72.935514,3072542,6/7/19,17:20:00,O,Property Damage Only,O,No Apparent Injury (O),2,Local,0.01,321,LEXINGTON ST,LEXINGTON ST,,CIRCULAR AVE,23,Feet,E,1,Clear,1,Daylight,1,Dry,,"Trafficway, On Road",6/7/19 17:20
8035,564185,1,41.3457806,-72.9135025,3082618,6/7/19,18:18:00,O,Property Damage Only,O,No Apparent Injury (O),2,Local,0.05,439,PUTNAM AV,PUTNAM AV,,Whitney Ave,50,Feet,W,1,Clear,1,Daylight,1,Dry,10200,"Trafficway, On Road",6/7/19 18:18
8418,554108,1,41.405288,-72.923219,3072543,6/7/19,20:40:00,O,Property Damage Only,O,No Apparent Injury (O),2,Local,2.09,489,SHEPARD AV,SHEPARD AV,,Nolan Road,30,Feet,S,1,Clear,4,Dark-Lighted,1,Dry,1400,"Trafficway, On Road",6/7/19 20:40
5491,555684,1,41.383454,-72.901549,3074119,6/8/19,10:43:00,O,Property Damage Only,O,No Apparent Injury (O),2,State,0.02,717,DIXWELL AV,717-E,,Whitney Avenue,30,Feet,N,1,Clear,1,Daylight,1,Dry,15600,"Trafficway, On Road",6/8/19 10:43
1394,554621,1,41.35305,-72.930376,3073056,6/8/19,11:50:00,O,Property Damage Only,O,No Apparent Injury (O),2,State,6.06,10,CT-10,10-N,,Dixwell Avenue,50,Feet,S,1,Clear,1,Daylight,1,Dry,23300,"Trafficway, On Road",6/8/19 11:50
5988,554648,1,41.34998,-72.938942,3073083,6/8/19,20:01:00,O,Property Damage Only,O,No Apparent Injury (O),2,Local,0.19,54,BRADLEY AV,BRADLEY AV,,DALLAS ST,100,Feet,W,1,Clear,1,Daylight,1,Dry,,"Trafficway, On Road",6/8/19 20:01
7548,561392,1,41.337051,-72.926706,3079826,6/8/19,22:41:00,O,Property Damage Only,O,No Apparent Injury (O),2,Local,0.44,370,MORSE ST,MORSE ST,,NEWHALL ST,35,Feet,W,1,Clear,4,Dark-Lighted,1,Dry,3200,"Trafficway, On Road",6/8/19 22:41
8183,554109,1,41.358792,-72.900621,3072544,6/9/19,8:32:00,O,Property Damage Only,O,No Apparent Injury (O),2,Local,1.68,452,RIDGE RD,RIDGE RD,HAVERFORD ST,,,,,1,Clear,1,Daylight,1,Dry,5300,"Trafficway, On Road",6/9/19 8:32
583,554110,1,41.346375,-72.933951,3072545,6/10/19,7:51:00,O,Property Damage Only,O,No Apparent Injury (O),2,State,5.56,10,CT-10,10-N,PUTNAM AV,,,,,1,Clear,1,Daylight,1,Dry,26600,"Trafficway, On Road",6/10/19 7:51
918,554622,1,41.404653,-72.898718,3073057,6/10/19,10:11:00,O,Property Damage Only,O,No Apparent Injury (O),2,State,10.33,10,CT-10,10-N,,Dickerman St.,300,Feet,N,2,Cloudy,1,Daylight,1,Dry,25200,"Trafficway, On Road",6/10/19 10:11
5345,557506,1,41.355983,-72.911774,3075940,6/10/19,16:09:00,O,Property Damage Only,O,No Apparent Injury (O),2,State,1.65,707,WHITNEY AV,707-N,WAITE ST,,,,,4,Rain,1,Daylight,2,Wet,11300,"Trafficway, On Road",6/10/19 16:09
7547,557507,1,41.336937,-72.925714,3075941,6/10/19,17:22:00,A,"Injury of any type (Serious, Minor, Possible)",C,Possible Injury (C),3,Local,0.49,370,MORSE ST,MORSE ST,,Newhall St,217,Feet,E,4,Rain,1,Daylight,2,Wet,3200,"Trafficway, On Road",6/10/19 17:22
40,554649,1,41.363031,-72.92374,3073084,6/11/19,9:39:00,O,Property Damage Only,O,No Apparent Injury (O),1,State,6.82,10,CT-10,10-N,,BENHAM ST,95,Feet,N,2,Cloudy,1,Daylight,2,Wet,41000,"Trafficway, On Road",6/11/19 9:39
1286,560427,1,41.372332,-72.917263,3078861,6/11/19,11:27:00,O,Property Damage Only,O,No Apparent Injury (O),2,State,7.54,10,CT-10,10-N,,SKIFF ST,840,Feet,S,1,Clear,1,Daylight,1,Dry,23600,"Trafficway, On Road",6/11/19 11:27
1395,560428,1,41.351398,-72.931216,3078862,6/11/19,12:04:00,O,Property Damage Only,O,No Apparent Injury (O),2,State,5.94,10,CT-10,10-N,,BEACON ST,25,Feet,N,1,Clear,1,Daylight,1,Dry,23300,"Trafficway, On Road",6/11/19 12:04
8419,554650,1,41.381744,-72.919399,3073085,6/11/19,13:33:00,O,Property Damage Only,O,No Apparent Injury (O),2,Local,0.42,489,SHEPARD AV,SHEPARD AV,,Sanford St.,250,Feet,S,1,Clear,1,Daylight,1,Dry,1400,"Trafficway, On Road",6/11/19 13:33
5212,558800,1,41.371453,-72.906237,3077234,6/11/19,18:05:00,O,Property Damage Only,O,No Apparent Injury (O),2,State,2.77,707,WHITNEY AV,707-N,,SKIFF ST,100,Feet,N,1,Clear,1,Daylight,1,Dry,12500,"Trafficway, On Road",6/11/19 18:05
4704,560429,1,41.330321,-72.899315,3078863,6/11/19,20:00:00,O,Property Damage Only,O,No Apparent Injury (O),2,USRoute,1.19,5,US-5,5-N,ATLAS ST,,,,,1,Clear,1,Daylight,1,Dry,14300,"Trafficway, On Road",6/11/19 20:00
3322,556967,1,41.381025,-72.900295,3075402,6/12/19,9:39:00,O,Property Damage Only,O,No Apparent Injury (O),2,State,51.79,15,15-N,15-N,,Exit 61,1,TenthsofMile,N,1,Clear,1,Daylight,1,Dry,66000,"Trafficway, On Road",6/12/19 9:39
4948,557509,1,41.380525,-72.902929,3075943,6/12/19,10:34:00,A,"Injury of any type (Serious, Minor, Possible)",C,Possible Injury (C),2,State,3.42,707,WHITNEY AV,707-N,,Worth Ave,85,Feet,S,1,Clear,1,Daylight,1,Dry,16800,"Trafficway, On Road",6/12/19 10:34
5446,557950,1,41.383102,-72.89873,3076384,6/13/19,9:40:00,O,Property Damage Only,O,No Apparent Injury (O),2,State,0.16,717,DIXWELL AV,717-E,,Washington Ave,100,Feet,E,4,Rain,1,Daylight,2,Wet,18800,"Trafficway, On Road",6/13/19 9:40
1921,557510,1,41.421189,-72.904763,3075944,6/13/19,15:43:00,O,Property Damage Only,O,No Apparent Injury (O),2,State,11.52,10,CT-10,10-N,,West Woods Rd.,150,Feet,N,2,Cloudy,1,Daylight,1,Dry,19000,"Trafficway, On Road",6/13/19 15:43
3323,558993,1,41.38092,-72.900413,3077427,6/14/19,7:35:00,O,Property Damage Only,O,No Apparent Injury (O),2,State,51.78,15,15-N,15-N,,Route 15,100,Feet,N,1,Clear,1,Daylight,1,Dry,66000,"Trafficway, On Road",6/14/19 7:35
6990,557951,1,41.349747,-72.940918,3076385,6/14/19,11:21:00,O,Property Damage Only,O,No Apparent Injury (O),2,Local,0.16,226,GORHAM AV,GORHAM AV,,LANGER ST,250,Feet,W,1,Clear,99,Unknown,1,Dry,1600,"Trafficway, On Road",6/14/19 11:21
8776,560430,1,41.376164,-72.920429,3078864,6/14/19,12:51:00,O,Property Damage Only,O,No Apparent Injury (O),2,Local,0.26,495,SKIFF ST EXT,SKIFF ST EXT,,MIX AVE.,50,Feet,W,1,Clear,1,Daylight,1,Dry,9400,"Trafficway, On Road",6/14/19 12:51
1285,557511,1,41.369393,-72.919144,3075945,6/14/19,14:36:00,O,Property Damage Only,O,No Apparent Injury (O),2,State,7.32,10,CT-10,10-N,,2165 Dixwell Ave,10,Feet,S,1,Clear,1,Daylight,1,Dry,23600,"Trafficway, On Road",6/14/19 14:36
7360,571693,1,41.336278,-72.92741,3090126,6/14/19,23:44:00,O,Property Damage Only,O,No Apparent Injury (O),2,Local,0.13,349,MARLBORO ST,MARLBORO ST,,Newhall St,200,Feet,E,1,Clear,4,Dark-Lighted,1,Dry,,"Trafficway, On Road",6/14/19 23:44
9213,571694,1,41.350523,-72.968416,3090127,6/14/19,23:51:00,O,Property Damage Only,O,No Apparent Injury (O),1,Local,1.94,594,WINTERGREEN AV,WINTERGREEN AV,,Carbonella dr,500,Feet,N,1,Clear,4,Dark-Lighted,1,Dry,1600,"Trafficway, On Road",6/14/19 23:51
6896,561626,1,41.33537791,-72.93042135,3080060,6/15/19,0:44:00,A,"Injury of any type (Serious, Minor, Possible)",C,Possible Injury (C),2,Local,0.55,222,GOODRICH ST,GOODRICH ST,,SHELTON AVE,30,Feet,W,1,Clear,4,Dark-Lighted,1,Dry,3200,"Trafficway, On Road",6/15/19 0:44
268,557512,1,41.359851,-72.925316,3075946,6/15/19,10:30:00,O,Property Damage Only,O,No Apparent Injury (O),2,State,6.6,10,CT-10,10-N,,Benham ST,2,TenthsofMile,S,1,Clear,1,Daylight,1,Dry,32000,"Trafficway, On Road",6/15/19 10:30
673,557952,1,41.419635,-72.904129,3076386,6/15/19,11:48:00,O,Property Damage Only,O,No Apparent Injury (O),2,State,11.4,10,CT-10,10-N,,West Woods Road ,400,Feet,S,1,Clear,1,Daylight,1,Dry,25700,"Trafficway, On Road",6/15/19 11:48
8420,557513,1,41.384636,-72.921362,3075947,6/15/19,12:22:00,O,Property Damage Only,O,No Apparent Injury (O),2,Local,0.66,489,SHEPARD AV,SHEPARD AV,,Four Rod Rd.,50,Feet,S,1,Clear,1,Daylight,1,Dry,1400,"Trafficway, On Road",6/15/19 12:22
919,557514,1,41.41433,-72.902233,3075948,6/15/19,21:06:00,O,Property Damage Only,O,No Apparent Injury (O),2,State,11.02,10,CT-10,10-N,SHERMAN AV NO 1,,,,,1,Clear,4,Dark-Lighted,1,Dry,25200,"Trafficway, On Road",6/15/19 21:06
5795,557515,1,41.364157,-72.927588,3075949,6/16/19,14:58:00,A,"Injury of any type (Serious, Minor, Possible)",C,Possible Injury (C),2,Local,0.22,42,BENHAM ST,BENHAM ST,GARFIELD ST,,,,,1,Clear,1,Daylight,1,Dry,12800,"Trafficway, On Road",6/16/19 14:58
3445,562646,1,41.365931,-72.919656,3081080,6/16/19,15:51:00,O,Property Damage Only,O,No Apparent Injury (O),1,State,0.15,15,15-N,15-N-221,15-N,,,,,4,Rain,1,Daylight,2,Wet,9500,"Trafficway, On Road",6/16/19 15:51