,CrashId,Fatal Case Status,lat,lon,DOT Case Number,Date Of Crash,Time of Crash,Crash Severity,Crash Severity Text Format,Most Severe Injury,Most Severe Injury Text Format,Number Of Motor Vehicles,Route Class Text Format,Milemarker,Road Number,Road Description,Roadway Name,Intersecting Roadway Name,Landmark Description,Distance From Nearest Landmark,Unit Of Measure From Nearest Landmark,Direction From Nearest Landmark,Weather Condition,Weather Condition Text Format,Light Condition,Light Condition Text Format,Road Surface Condition,Road Surface Condition Text Format,Average Daily Traffic,Trafficway Class Text Format,full_date
9206,558801,1,41.35695,-72.949807,3077235,6/17/19,4:41:00,O,Property Damage Only,O,No Apparent Injury (O),2,Local,0.31,594,WINTERGREEN AV,WINTERGREEN AV,JOSEPH LA,,,,,1,Clear,4,Dark-Lighted,1,Dry,1800,"Trafficway, On Road",6/17/19 4:41
920,557530,1,41.405344,-72.898975,3075964,6/17/19,8:02:00,O,Property Damage Only,O,No Apparent Injury (O),2,State,10.38,10,CT-10,10-N,WOODRUFF ST,,,,N,1,Clear,1,Daylight,1,Dry,25200,"Trafficway, On Road",6/17/19 8:02
6331,557531,1,41.33993,-72.90255,3075965,6/17/19,9:07:00,O,Property Damage Only,O,No Apparent Injury (O),2,Local,0.24,128,DAVIS ST,DAVIS ST,RIDGE,,,,,1,Clear,1,Daylight,1,Dry,11300,"Trafficway, On Road",6/17/19 9:07
8840,557583,1,41.431558,-72.928258,3076017,6/17/19,10:15:00,O,Property Damage Only,O,No Apparent Injury (O),1,Local,0.81,507,STILL HILL RD,STILL HILL RD,,West Todd St,1,TenthsofMile,S,1,Clear,1,Daylight,1,Dry,150,"Trafficway, On Road",6/17/19 10:15
8148,557539,1,41.360101,-72.925427,3075973,6/17/19,12:21:00,O,Property Damage Only,O,No Apparent Injury (O),2,Local,0.09,444,RED ROCK TER,RED ROCK TER,,Dixwell Av,25,Feet,W,1,Clear,1,Daylight,1,Dry,,"Trafficway, On Road",6/17/19 12:21
4264,558239,1,41.378155,-72.905297,3076673,6/17/19,15:21:00,O,Property Damage Only,O,No Apparent Injury (O),2,State,0.18,15,15-S,15-S-122,,Route 15 South,25,Feet,N,1,Clear,1,Daylight,1,Dry,9500,"Trafficway, On Road",6/17/19 15:21
8913,558831,1,41.352279,-72.921949,3077265,6/17/19,16:49:00,A,"Injury of any type (Serious, Minor, Possible)",C,Possible Injury (C),2,Local,0.43,527,TREADWELL ST,TREADWELL ST,MARTIN TER,,,,,1,Clear,1,Daylight,1,Dry,5100,"Trafficway, On Road",6/17/19 16:49
5956,557540,1,41.338392,-72.937767,3075974,6/18/19,13:06:00,A,"Injury of any type (Serious, Minor, Possible)",C,Possible Injury (C),2,Local,0.18,52,BOWEN ST,BOWEN ST,10-N,,,,,4,Rain,1,Daylight,2,Wet,5000,"Trafficway, On Road",6/18/19 13:06
8421,557541,1,41.384732,-72.921494,3075975,6/18/19,14:44:00,O,Property Damage Only,O,No Apparent Injury (O),2,Local,0.67,489,SHEPARD AV,SHEPARD AV,FOUR ROD RD,,,,,4,Rain,1,Daylight,2,Wet,1400,"Trafficway, On Road",6/18/19 14:44
3889,557395,1,41.37775019,-72.90594378,3075829,6/18/19,14:56:00,O,Property Damage Only,O,No Apparent Injury (O),2,State,51.42,15,15-S,15-S,ENTRANCE 61 SOUTH,,,,,4,Rain,1,Daylight,2,Wet,71500,"Trafficway, On Road",6/18/19 14:56
5014,560431,1,41.347939,-72.913157,3078865,6/18/19,19:57:00,O,Property Damage Only,O,No Apparent Injury (O),2,State,1.08,707,WHITNEY AV,707-N,MATHER ST,,,,,4,Rain,1,Daylight,2,Wet,14300,"Trafficway, On Road",6/18/19 19:57
4815,560432,1,41.354822,-72.890729,3078866,6/18/19,22:05:00,A,"Injury of any type (Serious, Minor, Possible)",C,Possible Injury (C),3,USRoute,2.99,5,US-5,5-N,,Daniel Rd,423,Feet,S,4,Rain,4,Dark-Lighted,2,Wet,9400,"Trafficway, On Road",6/18/19 22:05
3443,562657,1,41.365511,-72.925266,3081091,6/19/19,3:05:00,A,"Injury of any type (Serious, Minor, Possible)",B,Suspected Minor Injury (B),2,State,0.03,15,15-N,15-N-220,,Exit #60,0.200000003,TenthsofMile,N,1,Clear,5,Dark-Not Lighted,1,Dry,9500,"Trafficway, On Road",6/19/19 3:05
4631,557542,1,41.399594,-72.897571,3075976,6/19/19,3:46:00,A,"Injury of any type (Serious, Minor, Possible)",B,Suspected Minor Injury (B),2,State,0,40,40-S,40-S-6,10-N,,,,,1,Clear,4,Dark-Lighted,2,Wet,1800,"Trafficway, On Road",6/19/19 3:46
7145,557584,1,41.347464,-72.937653,3076018,6/19/19,4:00:00,O,Property Damage Only,O,No Apparent Injury (O),4,Local,0.19,251,HELEN ST,HELEN ST,,ALENIER ST,30,Feet,W,1,Clear,4,Dark-Lighted,1,Dry,3000,"Trafficway, On Road",6/19/19 4:00
928,565786,1,41.34828,-72.93295,3084219,6/19/19,8:43:00,A,"Injury of any type (Serious, Minor, Possible)",C,Possible Injury (C),3,State,5.7,10,CT-10,10-N,,Scott St,100,Feet,S,1,Clear,1,Daylight,1,Dry,25200,"Trafficway, On Road",6/19/19 8:43
8422,561393,1,41.391465,-72.922657,3079827,6/19/19,9:07:00,O,Property Damage Only,O,No Apparent Injury (O),2,Local,1.13,489,SHEPARD AV,SHEPARD AV,SHERMAN AV NO 1,,,,,2,Cloudy,1,Daylight,1,Dry,1400,"Trafficway, On Road",6/19/19 9:07
269,557953,1,41.359176,-72.925744,3076387,6/19/19,9:28:00,O,Property Damage Only,O,No Apparent Injury (O),2,State,6.54,10,CT-10,10-N,,Mather St,50,Feet,N,1,Clear,1,Daylight,1,Dry,32000,"Trafficway, On Road",6/19/19 9:28
923,561394,1,41.404097,-72.898425,3079828,6/19/19,16:02:00,O,Property Damage Only,O,No Apparent Injury (O),2,State,10.29,10,CT-10,10-N,,IVES ST.,100,Feet,N,1,Clear,1,Daylight,1,Dry,25200,"Trafficway, On Road",6/19/19 16:02
4599,560942,1,41.401167,-72.89698,3079376,6/19/19,16:37:00,O,Property Damage Only,O,No Apparent Injury (O),2,State,3.04,40,40-N,40-N,,Route 10,200,Feet,E,2,Cloudy,1,Daylight,1,Dry,18800,"Trafficway, On Road",6/19/19 16:37
270,557954,1,41.359321,-72.925639,3076388,6/19/19,16:48:00,O,Property Damage Only,O,No Apparent Injury (O),2,State,6.55,10,CT-10,10-N,,MATHER ST,100,Feet,N,2,Cloudy,1,Daylight,1,Dry,32000,"Trafficway, On Road",6/19/19 16:48
3891,572664,1,41.37789393,-72.9054785,3091097,6/20/19,8:45:00,O,Property Damage Only,O,No Apparent Injury (O),2,State,51.44,15,15-S,15-S,ENTRANCE 61 SOUTH,,,,,2,Cloudy,1,Daylight,2,Wet,71500,"Trafficway, On Road",6/20/19 8:45
8964,557532,1,41.356345,-72.921071,3075966,6/20/19,11:09:00,A,"Injury of any type (Serious, Minor, Possible)",C,Possible Injury (C),2,Local,1.18,548,WAITE ST,WAITE ST,MATHER ST,,,,,2,Cloudy,1,Daylight,2,Wet,3200,"Trafficway, On Road",6/20/19 11:09
7381,568554,1,41.357333,-72.921716,3086987,6/20/19,11:13:00,O,Property Damage Only,O,No Apparent Injury (O),2,Local,0.78,352,MATHER ST,MATHER ST,,Waite Street,1,TenthsofMile,W,1,Clear,1,Daylight,1,Dry,5200,"Trafficway, On Road",6/20/19 11:13
926,563158,1,41.404766,-72.898725,3081592,6/20/19,15:16:00,O,Property Damage Only,O,No Apparent Injury (O),2,State,10.34,10,CT-10,10-N,,Woodruff Street,224,Feet,S,1,Clear,1,Daylight,1,Dry,25200,Unknown,6/20/19 15:16
5493,563159,1,41.383458,-72.9015,3081593,6/20/19,15:55:00,O,Property Damage Only,O,No Apparent Injury (O),2,State,0.02,717,DIXWELL AV,717-E,,WHITNEY AVE,75,Feet,E,1,Clear,1,Daylight,1,Dry,15600,"Trafficway, On Road",6/20/19 15:55
3996,562667,1,41.3818538,-72.8991547,3081101,6/20/19,17:41:00,O,Property Damage Only,O,No Apparent Injury (O),2,State,51.91,15,15-S,15-S,,EXIT 62,1,TenthsofMile,N,2,Cloudy,1,Daylight,1,Dry,67600,"Trafficway, On Road",6/20/19 17:41
4949,563160,1,41.383446,-72.901873,3081594,6/20/19,18:10:00,O,Property Damage Only,O,No Apparent Injury (O),2,State,3.62,707,WHITNEY AV,707-N,10-N,,,,,1,Clear,1,Daylight,1,Dry,16800,"Trafficway, On Road",6/20/19 18:10
271,557955,1,41.36102,-72.9248,3076389,6/21/19,9:02:00,O,Property Damage Only,O,No Apparent Injury (O),3,State,6.67,10,CT-10,10-N,MAPLEWOOD TER NO 2,,,,,2,Cloudy,1,Daylight,2,Wet,32000,"Trafficway, On Road",6/21/19 9:02
921,557956,1,41.406976,-72.899488,3076390,6/21/19,9:05:00,A,"Injury of any type (Serious, Minor, Possible)",C,Possible Injury (C),2,State,10.5,10,CT-10,10-N,,HOME PL,225,Feet,N,4,Rain,1,Daylight,2,Wet,25200,"Trafficway, On Road",6/21/19 9:05
2422,564186,1,41.338153,-72.941214,3082619,6/21/19,10:26:00,O,Property Damage Only,O,No Apparent Injury (O),2,State,4.69,10,CT-10,10-N,,ARCH ST,50,Feet,S,2,Cloudy,1,Daylight,1,Dry,13800,"Trafficway, On Road",6/21/19 10:26
8340,561396,1,41.381815,-72.931547,3079830,6/21/19,18:03:00,A,"Injury of any type (Serious, Minor, Possible)",B,Suspected Minor Injury (B),1,Local,0.03,487,SHEAHAN DR,SHEAHAN DR,,GOEBEL RD,1,TenthsofMile,E,1,Clear,1,Daylight,1,Dry,,Non-trafficway,6/21/19 18:03
8930,561397,1,41.446664,-72.883308,3079831,6/21/19,18:23:00,O,Property Damage Only,O,No Apparent Injury (O),1,Local,0,113,TUTTLE AV,TUTTLE AV NO 2,TUTTLE AV NO 1,,,,E,1,Clear,1,Daylight,1,Dry,400,"Trafficway, On Road",6/21/19 18:23
2012,557957,1,41.403806,-72.898356,3076391,6/22/19,15:41:00,O,Property Damage Only,O,No Apparent Injury (O),2,State,10.27,10,CT-10,10-N,DICKERMAN ST,,,,,1,Clear,1,Daylight,1,Dry,18300,"Trafficway, On Road",6/22/19 15:41
6123,565787,1,41.353764,-72.936261,3084220,6/22/19,16:18:00,A,"Injury of any type (Serious, Minor, Possible)",B,Suspected Minor Injury (B),2,Local,0.86,99,CIRCULAR AV,CIRCULAR AV,,Church Street,50,Feet,S,1,Clear,1,Daylight,1,Dry,7200,"Trafficway, On Road",6/22/19 16:18
8155,563161,1,41.335679,-72.900168,3081595,6/22/19,21:01:00,O,Property Damage Only,O,No Apparent Injury (O),2,Local,0.01,452,RIDGE RD,RIDGE RD,,State Street,30,Feet,W,1,Clear,4,Dark-Lighted,1,Dry,9200,"Trafficway, On Road",6/22/19 21:01
4084,560702,1,41.365769,-72.924395,3079136,6/23/19,5:30:00,O,Property Damage Only,O,No Apparent Injury (O),1,State,50.1,15,15-S,15-S,,exit 60,1,TenthsofMile,S,1,Clear,1,Daylight,1,Dry,61200,"Trafficway, On Road",6/23/19 5:30
1287,561398,1,41.372462,-72.917285,3079832,6/23/19,13:17:00,O,Property Damage Only,O,No Apparent Injury (O),2,State,7.55,10,CT-10,10-N,,Skiff St,300,Feet,S,1,Clear,1,Daylight,1,Dry,23600,"Trafficway, On Road",6/23/19 13:17
9115,561399,1,41.42072,-72.905205,3079833,6/23/19,16:06:00,O,Property Damage Only,O,No Apparent Injury (O),2,Local,0.94,575,WEST WOODS RD,WEST WOODS RD NO 1,,Whitney Ave,50,Feet,W,1,Clear,1,Daylight,1,Dry,3500,"Trafficway, On Road",6/23/19 16:06
3235,560713,1,41.36597,-72.919531,3079147,6/24/19,1:45:00,O,Property Damage Only,O,No Apparent Injury (O),1,State,50.33,15,15-N,15-N,,EXIT #60,3,TenthsofMile,N,1,Clear,4,Dark-Lighted,1,Dry,71500,"Trafficway, On Road",6/24/19 1:45
4049,562693,1,41.378132,-72.905302,3081127,6/24/19,18:36:00,O,Property Damage Only,O,No Apparent Injury (O),2,State,51.46,15,15-S,15-S,,Route 15,10,Feet,N,1,Clear,1,Daylight,1,Dry,66400,"Trafficway, On Road",6/24/19 18:36
1151,561401,1,41.342422,-72.934751,3079835,6/24/19,20:30:00,A,"Injury of any type (Serious, Minor, Possible)",C,Possible Injury (C),2,State,5.29,10,CT-10,10-N,FIRST ST,,,,,1,Clear,4,Dark-Lighted,1,Dry,24000,"Trafficway, On Road",6/24/19 20:30
272,561402,1,41.362428,-72.923887,3079836,6/25/19,12:06:00,O,Property Damage Only,O,No Apparent Injury (O),2,State,6.8,10,CT-10,10-N,BENHAM ST,,,,,4,Rain,1,Daylight,2,Wet,32000,"Trafficway, On Road",6/25/19 12:06
4288,561403,1,41.37994,-72.903138,3079837,6/25/19,17:57:00,O,Property Damage Only,O,No Apparent Injury (O),2,State,0.15,15,15-S,15-S-126,707-N,,,,,1,Clear,1,Daylight,1,Dry,9500,"Trafficway, On Road",6/25/19 17:57
8037,568838,1,41.345977,-72.912681,3087271,6/26/19,8:33:00,O,Property Damage Only,O,No Apparent Injury (O),2,Local,0.01,439,PUTNAM AV,PUTNAM AV,,Whitney Av,25,Feet,W,1,Clear,1,Daylight,1,Dry,10200,"Trafficway, On Road",6/26/19 8:33
529,561404,1,41.357349,-72.92696,3079838,6/26/19,9:06:00,O,Property Damage Only,O,No Apparent Injury (O),2,State,6.41,10,CT-10,10-N,HILLCREST AV,,,,,1,Clear,1,Daylight,1,Dry,27400,"Trafficway, On Road",6/26/19 9:06
6172,561406,1,41.365991,-72.936724,3079840,6/27/19,13:56:00,O,Property Damage Only,O,No Apparent Injury (O),2,Local,0,99,CIRCULAR AV,CIRCULAR AV,BENHAM ST,,,,,1,Clear,1,Daylight,1,Dry,1900,"Trafficway, On Road",6/27/19 13:56
6122,561407,1,41.346611,-72.934182,3079841,6/27/19,16:29:00,O,Property Damage Only,O,No Apparent Injury (O),2,Local,1.36,99,CIRCULAR AV,CIRCULAR AV,HELEN ST,,,,N,1,Clear,1,Daylight,1,Dry,7200,"Trafficway, On Road",6/27/19 16:29
3355,562721,1,41.380665,-72.900751,3081155,6/27/19,16:41:00,O,Property Damage Only,O,No Apparent Injury (O),2,State,51.76,15,15-N,15-N,,R/L,25,Feet,S,1,Clear,1,Daylight,1,Dry,63800,"Trafficway, On Road",6/27/19 16:41
7147,571473,1,41.347426,-72.937448,3089906,6/27/19,17:10:00,A,"Injury of any type (Serious, Minor, Possible)",A,Suspected Serious Injury (A),1,Local,0.18,251,HELEN ST,HELEN ST,ALENIER,,,,,1,Clear,1,Daylight,1,Dry,3000,"Trafficway, On Road",6/27/19 17:10
924,561408,1,41.348402,-72.932806,3079842,6/27/19,18:13:00,O,Property Damage Only,O,No Apparent Injury (O),2,State,5.71,10,CT-10,10-N,Scott Street,,,,S,1,Clear,1,Daylight,1,Dry,25200,"Trafficway, On Road",6/27/19 18:13
6733,563162,1,41.35041,-72.958418,3081596,6/27/19,18:19:00,O,Property Damage Only,O,No Apparent Injury (O),2,Local,0.04,725,FAWN RIDGE DR,FAWN RIDGE DR,,Woodin St,120,Feet,S,1,Clear,1,Daylight,1,Dry,,"Trafficway, On Road",6/27/19 18:19
6045,561409,1,41.397691,-72.903689,3079843,6/28/19,16:06:00,O,Property Damage Only,O,No Apparent Injury (O),1,Local,0,74,CANNON ST,CANNON ST,EVERGREEN AV,,,,N,1,Clear,1,Daylight,1,Dry,,"Trafficway, On Road",6/28/19 16:06
6332,561410,1,41.341367,-72.907593,3079844,6/28/19,16:19:00,A,"Injury of any type (Serious, Minor, Possible)",B,Suspected Minor Injury (B),2,Local,0.52,128,DAVIS ST,DAVIS ST,HARTFORD TPK,,,,,1,Clear,1,Daylight,1,Dry,11300,"Trafficway, On Road",6/28/19 16:19
2013,561411,1,41.382592,-72.90936,3079845,6/28/19,16:30:00,O,Property Damage Only,O,No Apparent Injury (O),2,State,8.42,10,CT-10,10-N,COLONY ST,,,,,1,Clear,1,Daylight,1,Dry,18300,"Trafficway, On Road",6/28/19 16:30
9116,561412,1,41.419568,-72.920556,3079846,6/28/19,16:49:00,A,"Injury of any type (Serious, Minor, Possible)",C,Possible Injury (C),2,Local,0.04,575,WEST WOODS RD,WEST WOODS RD NO 1,,Shepard Avenue,100,Feet,E,1,Clear,1,Daylight,1,Dry,3500,"Trafficway, On Road",6/28/19 16:49
5776,569589,1,41.354164,-72.950474,3088022,6/28/19,17:32:00,O,Property Damage Only,O,No Apparent Injury (O),2,Local,0.38,,BELDEN RD,BELDEN RD,,Bradford Road,385,Feet,E,1,Clear,1,Daylight,1,Dry,,"Trafficway, On Road",6/28/19 17:32
5775,568839,1,41.351132,-72.954173,3087272,6/28/19,20:05:00,O,Property Damage Only,O,No Apparent Injury (O),2,Local,0.06,,BELDEN RD,BELDEN RD,,TWIN BROOK RD,50,Feet,N,1,Clear,1,Daylight,1,Dry,,"Trafficway, On Road",6/28/19 20:05
5651,571311,1,41.376631,-72.915448,3089744,6/28/19,22:09:00,O,Property Damage Only,O,No Apparent Injury (O),2,State,0.03,753,CT-10,753-S,SHEPARD AV,,,,,1,Clear,4,Dark-Lighted,1,Dry,,"Trafficway, On Road",6/28/19 22:09
7179,568867,1,41.358074,-72.897868,3087300,6/29/19,0:50:00,O,Property Damage Only,O,No Apparent Injury (O),2,Local,0.14,257,HIGH MEADOW RD,HIGH MEADOW RD,,Hartford Tpk,172,Feet,E,1,Clear,4,Dark-Lighted,1,Dry,,"Trafficway, On Road",6/29/19 0:50
6650,561413,1,41.421882,-72.936656,3079847,6/29/19,13:27:00,A,"Injury of any type (Serious, Minor, Possible)",C,Possible Injury (C),2,Local,0.08,175,EXETER RD,EXETER RD,CHOATE AV,,,,,1,Clear,1,Daylight,1,Dry,,"Trafficway, On Road",6/29/19 13:27
1153,563163,1,41.342827,-72.934747,3081597,6/29/19,20:57:00,O,Property Damage Only,O,No Apparent Injury (O),2,State,5.32,10,CT-10,10-N,,SECOND ST,100,Feet,S,1,Clear,4,Dark-Lighted,1,Dry,24000,"Trafficway, On Road",6/29/19 20:57
6310,568718,1,41.370816,-72.946592,3087151,6/30/19,1:53:00,O,Property Damage Only,O,No Apparent Injury (O),1,Local,0.16,114,COOPER LA,COOPER LA,SCHUPP,,,,,1,Clear,4,Dark-Lighted,1,Dry,800,"Trafficway, On Road",6/30/19 1:53
4279,560841,1,41.3793972,-72.90375396,3079275,6/30/19,4:12:00,O,Property Damage Only,O,No Apparent Injury (O),1,State,0.16,15,15-S,15-S-123,,EXIT #61,3,TenthsofMile,N,1,Clear,5,Dark-Not Lighted,1,Dry,9500,"Trafficway, On Road",6/30/19 4:12
8034,561414,1,41.345345,-72.916526,3079848,6/30/19,11:34:00,O,Property Damage Only,O,No Apparent Injury (O),2,Local,0.22,439,PUTNAM AV,PUTNAM AV,CLIFFORD ST,,,,,1,Clear,1,Daylight,1,Dry,10200,"Trafficway, On Road",6/30/19 11:34
4085,562770,1,41.365876,-72.924611,3081204,6/30/19,14:36:00,O,Property Damage Only,O,No Apparent Injury (O),2,State,50.09,15,15-S,15-S,,Route 15,200,Feet,N,1,Clear,1,Daylight,1,Dry,61200,"Trafficway, On Road",6/30/19 14:36
6375,562368,1,41.369795,-72.936009,3080802,7/1/19,14:35:00,O,Property Damage Only,O,No Apparent Injury (O),2,Local,0.28,136,DENSLOW HILL RD,DENSLOW HILL RD,,Parmalee Drive,147,Feet,N,1,Clear,1,Daylight,1,Dry,650,"Trafficway, On Road",7/1/19 14:35
8009,571312,1,41.343618,-72.926513,3089745,7/1/19,19:28:00,O,Property Damage Only,O,No Apparent Injury (O),2,Local,0.75,439,PUTNAM AV,PUTNAM AV,,Newhall Street,100,Feet,W,1,Clear,1,Daylight,1,Dry,11600,"Trafficway, On Road",7/1/19 19:28
4265,562801,1,41.378102,-72.90533,3081235,7/2/19,7:33:00,O,Property Damage Only,O,No Apparent Injury (O),2,State,0.18,15,15-S,15-S-122,,15 S,36,Feet,N,1,Clear,1,Daylight,1,Dry,9500,"Trafficway, On Road",7/2/19 7:33
5138,562369,1,41.340158,-72.912913,3080803,7/2/19,8:04:00,A,"Injury of any type (Serious, Minor, Possible)",B,Suspected Minor Injury (B),2,State,0.52,707,WHITNEY AV,707-N,BLAKE RD,,,,,1,Clear,1,Daylight,1,Dry,13500,"Trafficway, On Road",7/2/19 8:04
925,561416,1,41.410895,-72.900958,3079850,7/2/19,9:56:00,O,Property Damage Only,O,No Apparent Injury (O),2,State,10.78,10,CT-10,10-N,,Renshaw Rd.,126,Feet,S,1,Clear,1,Daylight,1,Dry,25200,"Trafficway, On Road",7/2/19 9:56
178,562370,1,41.366656,-72.921121,3080804,7/2/19,12:01:00,A,"Injury of any type (Serious, Minor, Possible)",C,Possible Injury (C),2,State,7.1,10,CT-10,10-N,MARIETTA ST,,,Feet,S,2,Cloudy,1,Daylight,1,Dry,33000,"Trafficway, On Road",7/2/19 12:01
5139,568845,1,41.344008,-72.912081,3087278,7/2/19,13:57:00,O,Property Damage Only,O,No Apparent Injury (O),2,State,0.8,707,WHITNEY AV,707-N,,Augur St,37,Feet,S,1,Clear,1,Daylight,1,Dry,13500,"Trafficway, On Road",7/2/19 13:57
4070,562809,1,41.38068,-72.900731,3081243,7/2/19,15:35:00,O,Property Damage Only,O,No Apparent Injury (O),2,State,51.81,15,15-S,15-S,,R/L,10,Feet,N,1,Clear,1,Daylight,1,Dry,66000,"Trafficway, On Road",7/2/19 15:35
2398,563164,1,41.392185,-72.897568,3081598,7/2/19,18:30:00,A,"Injury of any type (Serious, Minor, Possible)",B,Suspected Minor Injury (B),2,State,9.46,10,CT-10,10-N,JAMES ST,,,,N,1,Clear,1,Daylight,1,Dry,14700,"Trafficway, On Road",7/2/19 18:30
6741,562372,1,41.36508,-72.913503,3080806,7/3/19,9:16:00,O,Property Damage Only,O,No Apparent Injury (O),2,Local,0.06,189,FILBERT ST,FILBERT ST,,Greenway Ave.,282,Feet,E,1,Clear,1,Daylight,1,Dry,,"Trafficway, On Road",7/3/19 9:16
3369,562819,1,41.365719,-72.923798,3081253,7/3/19,10:32:00,A,"Injury of any type (Serious, Minor, Possible)",B,Suspected Minor Injury (B),2,State,50.11,15,15-N,15-N,,Exit #60 on Ramp,0.100000001,TenthsofMile,N,1,Clear,1,Daylight,1,Dry,61200,"Trafficway, On Road",7/3/19 10:32
530,562373,1,41.357458,-72.926938,3080807,7/3/19,12:08:00,A,"Injury of any type (Serious, Minor, Possible)",B,Suspected Minor Injury (B),2,State,6.41,10,CT-10,10-N,HILLCREST AV,,,,,1,Clear,1,Daylight,1,Dry,27400,"Trafficway, On Road",7/3/19 12:08
531,562374,1,41.356342,-72.927881,3080808,7/3/19,12:24:00,O,Property Damage Only,O,No Apparent Injury (O),2,State,6.34,10,CT-10,10-N,HOMESTEAD AV,,,,,1,Clear,1,Daylight,1,Dry,27400,"Trafficway, On Road",7/3/19 12:24
7469,568519,1,41.365078,-72.928484,3086952,7/3/19,12:29:00,O,Property Damage Only,O,No Apparent Injury (O),2,Local,0.06,366,MIX AV,MIX AV,,Benham St,292,Feet,N,1,Clear,1,Daylight,1,Dry,4000,"Trafficway, On Road",7/3/19 12:29
6124,568033,1,41.34773,-72.934504,3086466,7/3/19,12:57:00,A,"Injury of any type (Serious, Minor, Possible)",C,Possible Injury (C),2,Local,1.29,99,CIRCULAR AV,CIRCULAR AV,GORHAM AV,,,,,1,Clear,1,Daylight,1,Dry,7200,"Trafficway, On Road",7/3/19 12:57
5796,562376,1,41.362788,-72.924226,3080810,7/3/19,15:47:00,A,"Injury of any type (Serious, Minor, Possible)",B,Suspected Minor Injury (B),2,Local,0.02,42,BENHAM ST,BENHAM ST,,Dixwell Ave.,98,Feet,E,1,Clear,1,Daylight,1,Dry,12800,"Trafficway, On Road",7/3/19 15:47
3661,562831,1,41.363299,-72.930366,3081265,7/3/19,16:58:00,O,Property Damage Only,O,No Apparent Injury (O),4,State,49.73,15,15-S,15-S,,60 ON RAMP ,3,TenthsofMile,S,1,Clear,1,Daylight,1,Dry,78600,"Trafficway, On Road",7/3/19 16:58
3135,562833,1,41.349817,-72.9647,3081267,7/3/19,17:48:00,A,"Injury of any type (Serious, Minor, Possible)",B,Suspected Minor Injury (B),3,State,47.67,15,15-N,15-N,,59 ON RAMP ,7,TenthsofMile,N,1,Clear,1,Daylight,1,Dry,78600,"Trafficway, On Road",7/3/19 17:48
3236,562836,1,41.370235,-72.913988,3081270,7/3/19,17:48:00,A,"Injury of any type (Serious, Minor, Possible)",C,Possible Injury (C),2,State,50.76,15,15-N,15-N,,60 OFF RAMP,7,TenthsofMile,N,1,Clear,1,Daylight,1,Dry,71500,"Trafficway, On Road",7/3/19 17:48
1152,562377,1,41.341203,-72.93508,3080811,7/3/19,19:28:00,A,"Injury of any type (Serious, Minor, Possible)",C,Possible Injury (C),2,State,5.2,10,CT-10,10-N,,WHITING ST,50,Feet,N,1,Clear,1,Daylight,1,Dry,24000,"Trafficway, On Road",7/3/19 19:28
1289,568846,1,41.371205,-72.918018,3087279,7/3/19,22:20:00,A,"Injury of any type (Serious, Minor, Possible)",C,Possible Injury (C),2,State,7.46,10,CT-10,10-N,,Skiff St,1295,Feet,S,1,Clear,4,Dark-Lighted,1,Dry,23600,"Trafficway, On Road",7/3/19 22:20
3304,562840,1,41.377843,-72.905299,3081274,7/3/19,23:44:00,A,"Injury of any type (Serious, Minor, Possible)",C,Possible Injury (C),1,State,51.47,15,15-N,15-N,,EXIT 61,3,TenthsofMile,S,1,Clear,5,Dark-Not Lighted,1,Dry,66400,"Trafficway, On Road",7/3/19 23:44
7887,562378,1,41.381202,-72.924721,3080812,7/4/19,12:19:00,O,Property Damage Only,O,No Apparent Injury (O),2,Local,0.13,426,PHELPS DR,PHELPS DR,,Reniew Rd.,100,Feet,E,1,Clear,1,Daylight,1,Dry,,"Trafficway, On Road",7/4/19 12:19
8038,569590,1,41.346,-72.9136,3088023,7/4/19,17:36:00,O,Property Damage Only,O,No Apparent Injury (O),2,Local,0.05,439,PUTNAM AV,PUTNAM AV,,Whitney Ave,100,Feet,W,1,Clear,1,Daylight,1,Dry,10200,"Trafficway, On Road",7/4/19 17:36
7419,562379,1,41.338539,-72.920607,3080813,7/5/19,11:50:00,O,Property Damage Only,O,No Apparent Injury (O),2,Local,0.38,365,MILL ROCK RD,MILL ROCK RD,,Prospect St.,377,Feet,W,1,Clear,1,Daylight,1,Dry,4500,"Trafficway, On Road",7/5/19 11:50
2489,568821,1,41.338416,-72.938275,3087254,7/5/19,15:05:00,A,"Injury of any type (Serious, Minor, Possible)",B,Suspected Minor Injury (B),2,State,4.85,10,CT-10,10-N,DIX ST,,,,,1,Clear,1,Daylight,1,Dry,12400,"Trafficway, On Road",7/5/19 15:05
2085,562380,1,41.424616,-72.905768,3080814,7/5/19,15:51:00,O,Property Damage Only,O,No Apparent Injury (O),2,State,11.75,10,CT-10,10-N,,West Todd St.,100,Feet,N,1,Clear,1,Daylight,1,Dry,17500,"Trafficway, On Road",7/5/19 15:51
4705,568847,1,41.333436,-72.900624,3087280,7/5/19,16:32:00,A,"Injury of any type (Serious, Minor, Possible)",C,Possible Injury (C),2,USRoute,1.41,5,US-5,5-N,,Cook St,200,Feet,N,1,Clear,1,Daylight,1,Dry,14300,"Trafficway, On Road",7/5/19 16:32
4267,567638,1,41.378108,-72.905346,3086071,7/5/19,17:36:00,O,Property Damage Only,O,No Apparent Injury (O),2,State,0.18,15,15-S,15-S-122,,Rt 15 South,32,Feet,N,1,Clear,1,Daylight,1,Dry,9500,"Trafficway, On Road",7/5/19 17:36