,CrashId,Fatal Case Status,lat,lon,DOT Case Number,Date Of Crash,Time of Crash,Crash Severity,Crash Severity Text Format,Most Severe Injury,Most Severe Injury Text Format,Number Of Motor Vehicles,Route Class Text Format,Milemarker,Road Number,Road Description,Roadway Name,Intersecting Roadway Name,Landmark Description,Distance From Nearest Landmark,Unit Of Measure From Nearest Landmark,Direction From Nearest Landmark,Weather Condition,Weather Condition Text Format,Light Condition,Light Condition Text Format,Road Surface Condition,Road Surface Condition Text Format,Average Daily Traffic,Trafficway Class Text Format,full_date
5668,562381,1,41.354414,-72.94722,3080815,7/6/19,0:10:00,O,Property Damage Only,O,No Apparent Injury (O),2,Local,0,3,ALBERT RD,ALBERT RD,PLEASANT,,,,,1,Clear,4,Dark-Lighted,1,Dry,,"Trafficway, On Road",7/6/19 0:10
9091,566832,1,41.432923,-72.927693,3085265,7/7/19,15:20:00,O,Property Damage Only,O,No Apparent Injury (O),2,Local,0.76,573,WEST TODD ST,WEST TODD ST,STILL HILL RD,,,,,1,Clear,1,Daylight,1,Dry,,"Trafficway, On Road",7/7/19 15:20
6728,562468,1,41.333163,-72.908124,3080902,7/7/19,16:49:00,O,Property Damage Only,O,No Apparent Injury (O),2,,,,FARNAM DR,FARNUM DRIVE,,,,,,1,Clear,1,Daylight,1,Dry,,"Trafficway, On Road",7/7/19 16:49
179,574834,1,41.367106,-72.920713,3093267,7/7/19,17:26:00,A,"Injury of any type (Serious, Minor, Possible)",B,Suspected Minor Injury (B),1,State,7.14,10,CT-10,10-N,COLLONY PARKWAY,,,,S,1,Clear,1,Daylight,1,Dry,33000,"Trafficway, On Road",7/7/19 17:26
8641,563165,1,41.374595,-72.916273,3081599,7/7/19,17:26:00,O,Property Damage Only,O,No Apparent Injury (O),2,Local,0.54,494,SKIFF ST,SKIFF ST,,,,,,1,Clear,1,Daylight,1,Dry,24500,"Trafficway, On Road",7/7/19 17:26
6333,563166,1,41.339983,-72.902221,3081600,7/7/19,22:47:00,O,Property Damage Only,O,No Apparent Injury (O),1,Local,0.21,128,DAVIS ST,DAVIS ST,,Ridge Rd.,60,Feet,N,1,Clear,4,Dark-Lighted,1,Dry,11300,"Trafficway, On Road",7/7/19 22:47
932,568848,1,41.409343,-72.900354,3087281,7/8/19,10:53:00,O,Property Damage Only,O,No Apparent Injury (O),2,State,10.67,10,CT-10,10-N,,Evergreen Avenue,100,Feet,S,1,Clear,1,Daylight,1,Dry,25200,"Trafficway, On Road",7/8/19 10:53
927,563167,1,41.405392,-72.898959,3081601,7/8/19,13:23:00,O,Property Damage Only,O,No Apparent Injury (O),2,State,10.38,10,CT-10,10-N,WOODRUFF ST,,,,,2,Cloudy,1,Daylight,1,Dry,25200,"Trafficway, On Road",7/8/19 13:23
6743,568063,1,41.342493,-72.936787,3086496,7/8/19,16:47:00,O,Property Damage Only,O,No Apparent Injury (O),2,Local,0.1,190,FIRST ST,FIRST ST,,Warren St,200,Feet,E,1,Clear,1,Daylight,1,Dry,,"Trafficway, On Road",7/8/19 16:47
273,565788,1,41.362279,-72.924103,3084221,7/8/19,17:27:00,O,Property Damage Only,O,No Apparent Injury (O),2,State,6.77,10,CT-10,10-N,,BENHAM ST,250,Feet,S,1,Clear,1,Daylight,1,Dry,32000,"Trafficway, On Road",7/8/19 17:27
8006,563168,1,41.345172,-72.931923,3081602,7/8/19,18:09:00,O,Property Damage Only,O,No Apparent Injury (O),2,Local,1.06,439,PUTNAM AV,PUTNAM AV,,Gallageher Road,20,Feet,E,1,Clear,1,Daylight,1,Dry,11600,"Trafficway, On Road",7/8/19 18:09
8423,565789,1,41.387794,-72.9219,3084222,7/8/19,18:35:00,O,Property Damage Only,O,No Apparent Injury (O),2,Local,0.87,489,SHEPARD AV,SHEPARD AV,BRAESIDE DR,,,,,1,Clear,1,Daylight,1,Dry,1400,"Trafficway, On Road",7/8/19 18:35
8865,568555,1,41.343802,-72.935046,3086988,7/8/19,23:15:00,O,Property Damage Only,O,No Apparent Injury (O),2,Local,0.23,518,THIRD ST,THIRD ST,,Dixwell Ave,100,Feet,W,1,Clear,4,Dark-Lighted,1,Dry,,"Trafficway, On Road",7/8/19 23:15
3137,567646,1,41.363931,-72.92917,3086079,7/9/19,8:00:00,O,Property Damage Only,O,No Apparent Injury (O),2,State,49.79,15,15-N,15-N,,Exit 60,2,TenthsofMile,S,1,Clear,1,Daylight,1,Dry,78600,"Trafficway, On Road",7/9/19 8:00
3136,564504,1,41.360981,-72.934642,3082937,7/9/19,9:30:00,O,Property Damage Only,O,No Apparent Injury (O),2,State,49.44,15,15-N,15-N,,Exit 60,5,TenthsofMile,S,1,Clear,1,Daylight,1,Dry,78600,"Trafficway, On Road",7/9/19 9:30
3890,565461,1,41.368999,-72.915451,3083894,7/9/19,11:31:00,O,Property Damage Only,O,No Apparent Injury (O),2,State,50.65,15,15-S,15-S,,Exit 60,3,TenthsofMile,N,1,Clear,1,Daylight,1,Dry,71500,"Trafficway, On Road",7/9/19 11:31
1923,568849,1,41.421121,-72.904776,3087282,7/9/19,12:27:00,O,Property Damage Only,O,No Apparent Injury (O),2,State,11.51,10,CT-10,10-N,,Westwoods Road,45,Feet,N,1,Clear,1,Daylight,1,Dry,19000,"Trafficway, On Road",7/9/19 12:27
1396,564187,1,41.353044,-72.93029,3082620,7/9/19,14:00:00,O,Property Damage Only,O,No Apparent Injury (O),2,State,6.06,10,CT-10,10-N,,Church St,102,Feet,N,1,Clear,1,Daylight,1,Dry,23300,"Trafficway, On Road",7/9/19 14:00
532,571313,1,41.35659,-72.927688,3089746,7/9/19,15:44:00,O,Property Damage Only,O,No Apparent Injury (O),2,State,6.33,10,CT-10,10-N,,Homestead Ave,25,Feet,S,1,Clear,1,Daylight,1,Dry,27400,"Trafficway, On Road",7/9/19 15:44
277,571314,1,41.360048,-72.925243,3089747,7/9/19,16:57:00,A,"Injury of any type (Serious, Minor, Possible)",C,Possible Injury (C),2,State,6.61,10,CT-10,10-N,RED ROCK TER,,,,,1,Clear,1,Daylight,1,Dry,32000,"Trafficway, On Road",7/9/19 16:57
6744,571315,1,41.342435,-72.934977,3089748,7/9/19,22:21:00,O,Property Damage Only,O,No Apparent Injury (O),2,Local,0.01,190,FIRST ST,FIRST ST,,DIXWELL AVE.,20,Feet,W,1,Clear,4,Dark-Lighted,1,Dry,,"Trafficway, On Road",7/9/19 22:21
7631,566302,1,41.425898,-72.862301,3084735,7/9/19,23:52:00,O,Property Damage Only,O,No Apparent Injury (O),1,Local,0.75,375,MOUNT CARMEL AV,MOUNT CARMEL AV,,Kings Hwy,150,Feet,E,1,Clear,4,Dark-Lighted,1,Dry,,"Trafficway, On Road",7/9/19 23:52
4266,564513,1,41.378118,-72.905312,3082946,7/10/19,16:34:00,O,Property Damage Only,O,No Apparent Injury (O),2,State,0.18,15,15-S,15-S-122,,15-S,30,Feet,W,1,Clear,1,Daylight,1,Dry,9500,"Trafficway, On Road",7/10/19 16:34
5448,571316,1,41.383066,-72.898651,3089749,7/10/19,17:35:00,O,Property Damage Only,O,No Apparent Injury (O),2,State,0.17,717,DIXWELL AV,717-E,,Washington Ave,100,Feet,E,1,Clear,1,Daylight,1,Dry,18800,"Trafficway, On Road",7/10/19 17:35
8897,568556,1,41.424879,-72.907476,3086989,7/11/19,6:27:00,A,"Injury of any type (Serious, Minor, Possible)",C,Possible Injury (C),1,Local,0.52,525,TODD ST,TODD ST,,WHITNEY AVENUE,1,TenthsofMile,W,1,Clear,1,Daylight,1,Dry,1800,"Trafficway, On Road",7/11/19 6:27
7968,569591,1,41.339592,-72.935606,3088024,7/11/19,10:45:00,A,"Injury of any type (Serious, Minor, Possible)",C,Possible Injury (C),2,Local,0.02,428,PINE ST,PINE ST,,Dixwell Av,25,Feet,W,1,Clear,1,Daylight,1,Dry,,"Trafficway, On Road",7/11/19 10:45
8007,568534,1,41.343599,-72.926781,3086967,7/11/19,12:19:00,O,Property Damage Only,O,No Apparent Injury (O),2,Local,0.76,439,PUTNAM AV,PUTNAM AV,,Newhall Street,100,Feet,W,1,Clear,1,Daylight,1,Dry,11600,"Trafficway, On Road",7/11/19 12:19
275,568535,1,41.36251,-72.92385,3086968,7/11/19,12:27:00,O,Property Damage Only,O,No Apparent Injury (O),2,State,6.8,10,CT-10,10-N,BENHAM ST,,,,,1,Clear,1,Daylight,1,Dry,32000,"Trafficway, On Road",7/11/19 12:27
7030,574630,1,41.363666,-72.915125,3093063,7/11/19,13:22:00,O,Property Damage Only,O,No Apparent Injury (O),2,Local,0.18,232,GREENWAY ST,GREENWAY ST,WOODLAWN,,,,,1,Clear,1,Daylight,1,Dry,1300,"Trafficway, On Road",7/11/19 13:22
8642,571317,1,41.371069,-72.906532,3089750,7/11/19,19:21:00,O,Property Damage Only,O,No Apparent Injury (O),2,Local,0.01,494,SKIFF ST,SKIFF ST,,Whitney Ave,15,Feet,W,4,Rain,1,Daylight,2,Wet,24500,"Trafficway, On Road",7/11/19 19:21
7615,569592,1,41.341044,-72.939119,3088025,7/12/19,10:41:00,O,Property Damage Only,O,No Apparent Injury (O),2,Local,0.12,371,MOTT ST,MOTT ST,BURKE ST,,,,,1,Clear,1,Daylight,1,Dry,250,"Trafficway, On Road",7/12/19 10:41
41,569593,1,41.365096,-72.922328,3088026,7/12/19,12:15:00,O,Property Damage Only,O,No Apparent Injury (O),2,State,6.99,10,CT-10,10-N,,15-N-220,55,Feet,S,1,Clear,1,Daylight,1,Dry,41000,"Trafficway, On Road",7/12/19 12:15
1291,571318,1,41.368445,-72.919735,3089751,7/12/19,15:07:00,O,Property Damage Only,O,No Apparent Injury (O),2,State,7.25,10,CT-10,10-N,,CONNOLLY PKWY,1,TenthsofMile,N,1,Clear,1,Daylight,1,Dry,23600,"Trafficway, On Road",7/12/19 15:07
4268,567661,1,41.378096,-72.905335,3086094,7/12/19,16:27:00,O,Property Damage Only,O,No Apparent Injury (O),2,State,0.18,15,15-S,15-S-122,,Whitney Ave.,959,Feet,S,1,Clear,1,Daylight,1,Dry,9500,"Trafficway, On Road",7/12/19 16:27
8789,571294,1,41.374886,-72.916639,3089727,7/12/19,16:55:00,O,Property Damage Only,O,No Apparent Injury (O),2,Local,0.05,495,SKIFF ST EXT,SKIFF ST EXT,,DIXWELL AVE,185,Feet,W,1,Clear,1,Daylight,1,Dry,,"Trafficway, On Road",7/12/19 16:55
6054,571695,1,41.343987,-72.9148,3090128,7/12/19,19:55:00,O,Property Damage Only,O,No Apparent Injury (O),2,Local,0.11,78,CARLETON ST,CARLETON ST,,Augur St,100,Feet,N,1,Clear,1,Daylight,1,Dry,,"Trafficway, On Road",7/12/19 19:55
933,569594,1,41.346696,-72.933759,3088027,7/12/19,20:15:00,O,Property Damage Only,O,No Apparent Injury (O),3,State,5.59,10,CT-10,10-N,,CIRCULAR AV,100,Feet,N,1,Clear,3,Dusk,1,Dry,25200,"Trafficway, On Road",7/12/19 20:15
7470,569595,1,41.377841,-72.91927,3088028,7/12/19,20:36:00,A,"Injury of any type (Serious, Minor, Possible)",C,Possible Injury (C),2,Local,1.08,366,MIX AV,MIX AV,,SKIFF ST,1,TenthsofMile,N,1,Clear,4,Dark-Lighted,1,Dry,4000,"Trafficway, On Road",7/12/19 20:36
5728,572643,1,41.341433,-72.927133,3091076,7/12/19,21:28:00,A,"Injury of any type (Serious, Minor, Possible)",C,Possible Injury (C),1,Local,0.79,21,AUGUR ST,AUGUR ST,,REMINGTON ST,100,Feet,W,1,Clear,4,Dark-Lighted,1,Dry,,"Trafficway, On Road",7/12/19 21:28
5636,569596,1,41.374655,-72.916118,3088029,7/13/19,10:37:00,O,Property Damage Only,O,No Apparent Injury (O),2,State,0.17,753,CT-10,753-S,SKIFF ST,,,,S,1,Clear,1,Daylight,1,Dry,13900,"Trafficway, On Road",7/13/19 10:37
936,574835,1,41.405983,-72.899148,3093268,7/13/19,12:11:00,O,Property Damage Only,O,No Apparent Injury (O),2,State,10.43,10,CT-10,10-N,,Home Place,120,Feet,S,1,Clear,1,Daylight,1,Dry,25200,"Trafficway, On Road",7/13/19 12:11
7655,570902,1,41.45709919,-72.91054609,3089335,7/13/19,16:24:00,O,Property Damage Only,O,No Apparent Injury (O),1,Local,0.08,376,MOUNT SANFORD RD,MOUNT SANFORD RD,S MAIN,,,,,1,Clear,1,Daylight,1,Dry,,"Trafficway, On Road",7/13/19 16:24
6126,577695,1,41.352287,-72.935826,3096128,7/13/19,19:56:00,A,"Injury of any type (Serious, Minor, Possible)",C,Possible Injury (C),2,Local,0.96,99,CIRCULAR AV,CIRCULAR AV,BEACON ST,,,,,1,Clear,1,Daylight,1,Dry,7200,"Trafficway, On Road",7/13/19 19:56
930,568449,1,41.404014,-72.898477,3086882,7/14/19,11:00:00,O,Property Damage Only,O,No Apparent Injury (O),2,State,10.29,10,CT-10,10-N,,Dickerman ,10,Feet,N,1,Clear,1,Daylight,1,Dry,25200,"Trafficway, On Road",7/14/19 11:00
931,568450,1,41.405266,-72.898846,3086883,7/14/19,12:32:00,O,Property Damage Only,O,No Apparent Injury (O),2,State,10.37,10,CT-10,10-N,,Woodruff St,45,Feet,S,1,Clear,1,Daylight,1,Dry,25200,"Trafficway, On Road",7/14/19 12:32
2091,577313,1,41.442377,-72.910905,3095746,7/14/19,12:50:00,A,"Injury of any type (Serious, Minor, Possible)",C,Possible Injury (C),1,State,13.01,10,CT-10,10-N,,Brooksvale ,100,Feet,S,1,Clear,1,Daylight,1,Dry,17500,"Trafficway, On Road",7/14/19 12:50
5252,568451,1,41.35613,-72.911706,3086884,7/14/19,17:57:00,O,Property Damage Only,O,No Apparent Injury (O),2,State,1.66,707,WHITNEY AV,707-N,,Waite St,10,Feet,N,1,Clear,1,Daylight,1,Dry,11900,"Trafficway, On Road",7/14/19 17:57
8348,569597,1,41.335129,-72.930339,3088030,7/14/19,18:01:00,O,Property Damage Only,O,No Apparent Injury (O),2,Local,0.17,488,SHELTON AV,SHELTON AV,,Goodrich Street ,74,Feet,S,1,Clear,1,Daylight,1,Dry,2200,"Trafficway, On Road",7/14/19 18:01
6897,568034,1,41.335325,-72.930036,3086467,7/14/19,20:50:00,O,Property Damage Only,O,No Apparent Injury (O),2,Local,0.53,222,GOODRICH ST,GOODRICH ST,,SHELTON AVE,50,Feet,E,1,Clear,4,Dark-Lighted,1,Dry,3200,"Trafficway, On Road",7/14/19 20:50
8424,566387,1,41.418453,-72.922295,3084820,7/15/19,1:04:00,O,Property Damage Only,O,No Apparent Injury (O),1,Local,3.03,489,SHEPARD AV,SHEPARD AV,,WESTWOODS RD,1,TenthsofMile,S,1,Clear,4,Dark-Lighted,1,Dry,1400,"Trafficway, On Road",7/15/19 1:04
7279,568850,1,41.366788,-72.940958,3087283,7/15/19,14:35:00,O,Property Damage Only,O,No Apparent Injury (O),2,Local,0,309,LANE ST,LANE ST,BENHAM ST,,,,,1,Clear,1,Daylight,1,Dry,5300,"Trafficway, On Road",7/15/19 14:35
4050,567684,1,41.378746,-72.904188,3086117,7/15/19,15:00:00,O,Property Damage Only,O,No Apparent Injury (O),3,State,51.56,15,15-S,15-S,,,,,,1,Clear,1,Daylight,1,Dry,66400,"Trafficway, On Road",7/15/19 15:00
5447,568400,1,41.382947,-72.897272,3086833,7/16/19,9:11:00,O,Property Damage Only,O,No Apparent Injury (O),2,State,0.24,717,DIXWELL AV,717-E,,Washington Av,500,Feet,E,1,Clear,1,Daylight,1,Dry,18800,"Trafficway, On Road",7/16/19 9:11
929,568401,1,41.405278,-72.898863,3086834,7/16/19,12:03:00,O,Property Damage Only,O,No Apparent Injury (O),2,State,10.37,10,CT-10,10-N,,Woodruff St.,40,Feet,S,1,Clear,1,Daylight,1,Dry,25200,"Trafficway, On Road",7/16/19 12:03
8573,566490,1,41.400524,-72.915175,3084923,7/16/19,18:59:00,O,Property Damage Only,O,No Apparent Injury (O),1,Local,0.87,491,SHERMAN AV,SHERMAN AV NO 1,,CREST WAY,925,Feet,E,1,Clear,1,Daylight,1,Dry,5700,"Trafficway, Not on Road",7/16/19 18:59
7549,568402,1,41.337484,-72.929658,3086835,7/16/19,22:35:00,A,"Injury of any type (Serious, Minor, Possible)",C,Possible Injury (C),1,Local,0.29,370,MORSE ST,MORSE ST,SHELTON AV,,,,,2,Cloudy,4,Dark-Lighted,1,Dry,3200,"Trafficway, On Road",7/16/19 22:35
4240,569598,1,41.365982,-72.921677,3088031,7/17/19,9:12:00,O,Property Damage Only,O,No Apparent Injury (O),2,State,0.18,15,15-S,15-S-119,10-N,,,,,1,Clear,1,Daylight,1,Dry,9500,"Trafficway, On Road",7/17/19 9:12
1293,573223,1,41.367286,-72.92074,3091656,7/17/19,15:31:00,A,"Injury of any type (Serious, Minor, Possible)",A,Suspected Serious Injury (A),6,State,7.15,10,CT-10,10-N,,CONNOLLY PKWY,85,Feet,N,4,Rain,1,Daylight,2,Wet,23600,"Trafficway, On Road",7/17/19 15:31
274,568404,1,41.361814,-72.924259,3086837,7/17/19,16:15:00,O,Property Damage Only,O,No Apparent Injury (O),2,State,6.74,10,CT-10,10-N,,,,,,2,Cloudy,1,Daylight,1,Dry,32000,"Trafficway, On Road",7/17/19 16:15
1288,568405,1,41.36847,-72.919799,3086838,7/17/19,17:52:00,O,Property Damage Only,O,No Apparent Injury (O),2,State,7.25,10,CT-10,10-N,,CONNOLLY PKWY,1,TenthsofMile,N,2,Cloudy,1,Daylight,1,Dry,23600,"Trafficway, On Road",7/17/19 17:52
5213,569599,1,41.371466,-72.906212,3088032,7/18/19,8:15:00,O,Property Damage Only,O,No Apparent Injury (O),2,State,2.77,707,WHITNEY AV,707-N,,SKIFF ST,30,Feet,N,1,Clear,1,Daylight,1,Dry,12500,"Trafficway, On Road",7/18/19 8:15
5190,572288,1,41.371163,-72.90634,3090721,7/18/19,12:06:00,O,Property Damage Only,O,No Apparent Injury (O),2,State,2.74,707,WHITNEY AV,707-N,SKIFF ST,,,,,4,Rain,1,Daylight,2,Wet,13300,"Trafficway, On Road",7/18/19 12:06
2088,573224,1,41.437266,-72.909018,3091657,7/18/19,12:57:00,O,Property Damage Only,O,No Apparent Injury (O),2,State,12.65,10,CT-10,10-N,,SHEPARD AVE,72,Feet,N,4,Rain,1,Daylight,2,Wet,17500,"Trafficway, On Road",7/18/19 12:57
1156,568094,1,41.3389,-72.93516,3086527,7/18/19,14:41:00,A,"Injury of any type (Serious, Minor, Possible)",C,Possible Injury (C),2,State,5.04,10,CT-10,10-N,,Arch Street,150,Feet,N,4,Rain,1,Daylight,2,Wet,24000,"Trafficway, On Road",7/18/19 14:41
5346,568385,1,41.353297,-72.913158,3086818,7/18/19,15:17:00,O,Property Damage Only,O,No Apparent Injury (O),2,State,1.44,707,WHITNEY AV,707-N,,Putnam Ave,5,TenthsofMile,N,1,Clear,1,Daylight,1,Dry,11300,"Trafficway, On Road",7/18/19 15:17
2423,566960,1,41.33629,-72.942574,3085393,7/18/19,18:35:00,A,"Injury of any type (Serious, Minor, Possible)",C,Possible Injury (C),2,State,4.57,10,CT-10,10-N,PRESCOTT ST,,,,,1,Clear,1,Daylight,1,Dry,13800,"Trafficway, On Road",7/18/19 18:35
8347,568066,1,41.335249,-72.93026,3086499,7/19/19,18:38:00,O,Property Damage Only,O,No Apparent Injury (O),2,Local,0.16,488,SHELTON AV,SHELTON AV,,Goodrich Street ,20,Feet,S,1,Clear,1,Daylight,1,Dry,2200,"Trafficway, On Road",7/19/19 18:38
4950,568067,1,41.383259,-72.901959,3086500,7/19/19,20:12:00,O,Property Damage Only,O,No Apparent Injury (O),3,State,3.61,707,WHITNEY AV,707-N,,DIXWELL AVE,50,Feet,S,1,Clear,4,Dark-Lighted,1,Dry,16800,"Trafficway, On Road",7/19/19 20:12
9170,574631,1,41.341099,-72.937993,3093064,7/19/19,22:06:00,O,Property Damage Only,O,No Apparent Injury (O),2,Local,0,579,WHITING ST,WHITING ST,DIX ST,,,,,1,Clear,4,Dark-Lighted,1,Dry,,"Trafficway, On Road",7/19/19 22:06
6818,568068,1,41.445255,-72.955597,3086501,7/19/19,23:05:00,O,Property Damage Only,O,No Apparent Injury (O),1,Local,2.04,208,GAYLORD MOUNTAIN RD,GAYLORD MOUNTAIN RD,,Handy Rd.,1,TenthsofMile,W,1,Clear,5,Dark-Not Lighted,1,Dry,,"Trafficway, Not on Road",7/19/19 23:05
7366,568375,1,41.354014,-72.928168,3086808,7/20/19,0:45:00,O,Property Damage Only,O,No Apparent Injury (O),2,Local,0.04,350,MARNE ST,MARNE ST,,Treadwell St,203,Feet,N,1,Clear,4,Dark-Lighted,1,Dry,,"Trafficway, On Road",7/20/19 0:45
5727,568851,1,41.342171,-72.923327,3087284,7/20/19,10:41:00,O,Property Damage Only,O,No Apparent Injury (O),2,Local,0.59,21,AUGUR ST,AUGUR ST,,Farnsworth,36,Feet,W,1,Clear,1,Daylight,1,Dry,,"Trafficway, On Road",7/20/19 10:41
3520,568443,1,41.380633,-72.900737,3086876,7/20/19,16:47:00,O,Property Damage Only,O,No Apparent Injury (O),2,State,0.22,15,15-N,15-N-125,,Route 15,10,Feet,S,1,Clear,1,Daylight,1,Dry,2300,"Trafficway, On Road",7/20/19 16:47
276,569600,1,41.3601,-72.925514,3088033,7/20/19,19:01:00,A,"Injury of any type (Serious, Minor, Possible)",C,Possible Injury (C),2,State,6.61,10,CT-10,10-N,RED ROCK TER,,,,,1,Clear,1,Daylight,1,Dry,32000,Unknown,7/20/19 19:01
8036,568376,1,41.345642,-72.914849,3086809,7/20/19,21:11:00,A,"Injury of any type (Serious, Minor, Possible)",B,Suspected Minor Injury (B),2,Local,0.12,439,PUTNAM AV,PUTNAM AV,GLENDALE ST,,,,,1,Clear,4,Dark-Lighted,1,Dry,10200,"Trafficway, On Road",7/20/19 21:11
1155,568070,1,41.34257,-72.934722,3086503,7/21/19,15:18:00,O,Property Damage Only,O,No Apparent Injury (O),2,State,5.23,10,CT-10,10-N,,North St.,300,Feet,N,1,Clear,1,Daylight,1,Dry,24000,"Trafficway, On Road",7/21/19 15:18
8039,570550,1,41.345014,-72.918389,3088983,7/22/19,14:26:00,A,"Injury of any type (Serious, Minor, Possible)",A,Suspected Serious Injury (A),2,Local,0.31,439,PUTNAM AV,PUTNAM AV,TURNOR AV,,,,,1,Clear,1,Daylight,1,Dry,10200,"Trafficway, On Road",7/22/19 14:26
5798,575590,1,41.36319,-72.92502,3094023,7/22/19,22:35:00,O,Property Damage Only,O,No Apparent Injury (O),2,Local,0.06,42,BENHAM ST,BENHAM ST,HOPE AV,,,,,1,Clear,4,Dark-Lighted,2,Wet,12800,"Trafficway, On Road",7/22/19 22:35
8008,568853,1,41.343662,-72.926513,3087286,7/22/19,23:21:00,O,Property Damage Only,O,No Apparent Injury (O),2,Local,0.75,439,PUTNAM AV,PUTNAM AV,,,,,,4,Rain,4,Dark-Lighted,2,Wet,11600,"Trafficway, On Road",7/22/19 23:21
7146,570225,1,41.349808,-72.944288,3088658,7/23/19,8:27:00,O,Property Damage Only,O,No Apparent Injury (O),2,Local,0.57,251,HELEN ST,HELEN ST,PINE ROCK AV NO 1,,,,,4,Rain,1,Daylight,2,Wet,3000,"Trafficway, On Road",7/23/19 8:27
4269,568711,1,41.378094,-72.905319,3087144,7/23/19,9:35:00,O,Property Damage Only,O,No Apparent Injury (O),2,State,0.18,15,15-S,15-S-122,15-S,,,,,4,Rain,1,Daylight,2,Wet,9500,"Trafficway, On Road",7/23/19 9:35
7552,581376,1,41.338195,-72.935221,3099809,7/23/19,11:18:00,O,Property Damage Only,O,No Apparent Injury (O),2,Local,0.01,370,MORSE ST,MORSE ST,DIXWELL,,,,,1,Clear,1,Daylight,1,Dry,3200,"Trafficway, On Road",7/23/19 11:18
5142,572335,1,41.346024,-72.912455,3090768,7/23/19,11:32:00,A,"Injury of any type (Serious, Minor, Possible)",C,Possible Injury (C),2,State,0.94,707,WHITNEY AV,707-N,PUTNAM,,,,,1,Clear,1,Daylight,1,Dry,13500,"Trafficway, On Road",7/23/19 11:32
4706,568868,1,41.333803,-72.900633,3087301,7/23/19,16:46:00,O,Property Damage Only,O,No Apparent Injury (O),2,USRoute,1.44,5,US-5,5-N,,Farm Rd,150,Feet,S,1,Clear,1,Daylight,1,Dry,14300,"Trafficway, On Road",7/23/19 16:46
5140,568869,1,41.345581,-72.912417,3087302,7/23/19,19:39:00,O,Property Damage Only,O,No Apparent Injury (O),2,State,0.91,707,WHITNEY AV,707-N,,Putnam Ave,150,Feet,S,1,Clear,4,Dark-Lighted,1,Dry,13500,"Trafficway, On Road",7/23/19 19:39
4786,572644,1,41.335618,-72.900095,3091077,7/23/19,23:40:00,A,"Injury of any type (Serious, Minor, Possible)",B,Suspected Minor Injury (B),2,USRoute,1.57,5,US-5,5-N,RIDGE RD,,,,,1,Clear,4,Dark-Lighted,1,Dry,10000,"Trafficway, On Road",7/23/19 23:40
2464,569601,1,41.374487,-72.915926,3088034,7/24/19,14:35:00,O,Property Damage Only,O,No Apparent Injury (O),2,Local,0,144,CT-10,DIXWELL AV NO 2 RT 10 NB,SKIFF ST,,,,,1,Clear,1,Daylight,1,Dry,12600,"Trafficway, On Road",7/24/19 14:35
4289,573967,1,41.37989,-72.903016,3092400,7/24/19,15:51:00,O,Property Damage Only,O,No Apparent Injury (O),2,State,0.14,15,15-S,15-S-126,,Route 15 North,20,Feet,S,1,Clear,1,Daylight,1,Dry,9500,"Trafficway, On Road",7/24/19 15:51
6623,569602,1,41.400323,-72.903317,3088035,7/24/19,17:27:00,A,"Injury of any type (Serious, Minor, Possible)",B,Suspected Minor Injury (B),1,Local,1.24,174,EVERGREEN AV,EVERGREEN AV,,knob hill dr.,50,Feet,N,1,Clear,1,Daylight,1,Dry,4200,"Trafficway, On Road",7/24/19 17:27
7196,571696,1,41.393,-72.938834,3090129,7/24/19,17:34:00,O,Property Damage Only,O,No Apparent Injury (O),2,Local,0.81,261,HILL ST,HILL ST,,Dunbar hill rd,100,Feet,S,1,Clear,1,Daylight,1,Dry,,"Trafficway, On Road",7/24/19 17:34
3284,571223,1,41.379155,-72.903254,3089656,7/25/19,13:50:00,O,Property Damage Only,O,No Apparent Injury (O),1,State,51.61,15,15-N,15-N,,Exit 61,1,TenthsofMile,S,1,Clear,1,Daylight,1,Dry,68000,"Trafficway, On Road",7/25/19 13:50
8184,570551,1,41.350072,-72.902189,3088984,7/25/19,15:03:00,O,Property Damage Only,O,No Apparent Injury (O),3,Local,1.05,452,RIDGE RD,RIDGE RD,,Hartford Tpke,10,Feet,S,1,Clear,1,Daylight,1,Dry,5300,"Trafficway, On Road",7/25/19 15:03
2086,569603,1,41.434107,-72.90819,3088036,7/25/19,17:04:00,O,Property Damage Only,O,No Apparent Injury (O),2,State,12.42,10,CT-10,10-N,,SHEPARD AVE.,300,Feet,S,1,Clear,1,Daylight,1,Dry,17500,"Trafficway, On Road",7/25/19 17:04
6898,571697,1,41.335718,-72.934428,3090130,7/25/19,22:35:00,O,Property Damage Only,O,No Apparent Injury (O),1,Local,0.77,222,GOODRICH ST,GOODRICH ST,,Dixwell Ave,200,Feet,E,1,Clear,4,Dark-Lighted,1,Dry,3200,"Trafficway, On Road",7/25/19 22:35
6308,570552,1,41.333278,-72.897914,3088985,7/25/19,22:46:00,O,Property Damage Only,O,No Apparent Injury (O),2,Local,0,112,COOK ST,COOK ST,WELTON ST,,,,,1,Clear,4,Dark-Lighted,1,Dry,,"Trafficway, On Road",7/25/19 22:46
6022,574729,1,41.337645,-72.922552,3093162,7/26/19,18:59:00,O,Property Damage Only,O,No Apparent Injury (O),2,Local,0.11,69,BRYDEN TER,BRYDEN TER,,Wadsworth Street ,50,Feet,E,1,Clear,1,Daylight,1,Dry,,"Trafficway, On Road",7/26/19 18:59
5015,571698,1,41.347647,-72.913056,3090131,7/26/19,20:27:00,A,"Injury of any type (Serious, Minor, Possible)",C,Possible Injury (C),2,State,1.06,707,WHITNEY AV,707-N,,Treadwell St.,100,Feet,S,1,Clear,4,Dark-Lighted,1,Dry,14300,"Trafficway, On Road",7/26/19 20:27