,CrashId,Fatal Case Status,lat,lon,DOT Case Number,Date Of Crash,Time of Crash,Crash Severity,Crash Severity Text Format,Most Severe Injury,Most Severe Injury Text Format,Number Of Motor Vehicles,Route Class Text Format,Milemarker,Road Number,Road Description,Roadway Name,Intersecting Roadway Name,Landmark Description,Distance From Nearest Landmark,Unit Of Measure From Nearest Landmark,Direction From Nearest Landmark,Weather Condition,Weather Condition Text Format,Light Condition,Light Condition Text Format,Road Surface Condition,Road Surface Condition Text Format,Average Daily Traffic,Trafficway Class Text Format,full_date
8971,570553,1,41.353453,-72.902915,3088986,7/27/19,12:23:00,O,Property Damage Only,O,No Apparent Injury (O),2,Local,0.16,548,WAITE ST,WAITE ST,,Ridge Rd,10,Feet,W,1,Clear,1,Daylight,1,Dry,2600,"Trafficway, On Road",7/27/19 12:23
3237,574968,1,41.37606595,-72.90777276,3093401,7/27/19,16:32:00,O,Property Damage Only,O,No Apparent Injury (O),1,State,51.29,15,15-N,15-N,,Exit #61,8,TenthsofMile,S,1,Clear,1,Daylight,1,Dry,71500,"Trafficway, On Road",7/27/19 16:32
1157,571699,1,41.343827,-72.934455,3090132,7/27/19,18:52:00,O,Property Damage Only,O,No Apparent Injury (O),2,State,5.39,10,CT-10,10-N,THIRD ST,,,,,1,Clear,1,Daylight,1,Dry,24000,"Trafficway, On Road",7/27/19 18:52
9222,571700,1,41.358776,-72.954039,3090133,7/28/19,11:16:00,A,"Injury of any type (Serious, Minor, Possible)",B,Suspected Minor Injury (B),2,Local,0.57,594,WINTERGREEN AV,WINTERGREEN AV,,COUNTRY HILL RD,500,Feet,E,1,Clear,1,Daylight,1,Dry,1300,"Trafficway, On Road",7/28/19 11:16
3892,573056,1,41.367326,-72.917264,3091489,7/28/19,23:41:00,A,"Injury of any type (Serious, Minor, Possible)",C,Possible Injury (C),1,State,50.51,15,15-S,15-S,,Exit 60,3,TenthsofMile,N,1,Clear,5,Dark-Not Lighted,1,Dry,71500,"Trafficway, On Road",7/28/19 23:41
4086,573077,1,41.36552,-72.92323,3091510,7/29/19,4:50:00,O,Property Damage Only,O,No Apparent Injury (O),1,State,50.17,15,15-S,15-S,,Hero's Tunnel,10,TenthsofMile,N,1,Clear,5,Dark-Not Lighted,1,Dry,61200,"Trafficway, On Road",7/29/19 4:50
1290,570554,1,41.373988,-72.916167,3088987,7/29/19,7:58:00,O,Property Damage Only,O,No Apparent Injury (O),2,State,7.67,10,CT-10,10-N,,Skiff St.,165,Feet,S,1,Clear,1,Daylight,1,Dry,23600,"Trafficway, On Road",7/29/19 7:58
3450,571319,1,41.365386,-72.92213,3089752,7/29/19,10:45:00,A,"Injury of any type (Serious, Minor, Possible)",C,Possible Injury (C),1,State,0,15,15-N,15-N-221,10-N,,,,,1,Clear,1,Daylight,1,Dry,9500,"Trafficway, On Road",7/29/19 10:45
9165,572336,1,41.363718,-72.922988,3090769,7/29/19,11:06:00,O,Property Damage Only,O,No Apparent Injury (O),2,Local,0.01,577,WHEELER ST,WHEELER ST,,DIXWELL AVE,25,Feet,E,1,Clear,1,Daylight,1,Dry,,"Trafficway, On Road",7/29/19 11:06
5770,572289,1,41.343267,-72.940195,3090722,7/29/19,13:10:00,O,Property Damage Only,O,No Apparent Injury (O),1,Local,0,35,BEAVER ST,BEAVER ST,,second street,75,Feet,N,1,Clear,1,Daylight,1,Dry,,"Trafficway, On Road",7/29/19 13:10
4588,575904,1,41.395613,-72.88787,3094337,7/29/19,14:30:00,A,"Injury of any type (Serious, Minor, Possible)",B,Suspected Minor Injury (B),1,State,2.42,40,40-N,40-N,,Exit 1,10,TenthsofMile,W,1,Clear,1,Daylight,1,Dry,20600,"Trafficway, On Road",7/29/19 14:30
2325,571701,1,41.38456,-72.901387,3090134,7/29/19,15:33:00,O,Property Damage Only,O,No Apparent Injury (O),1,State,8.88,10,CT-10,10-N,SCHOOL ST,,,,,1,Clear,1,Daylight,1,Dry,16400,"Trafficway, On Road",7/29/19 15:33
2087,571703,1,41.438672,-72.909824,3090136,7/30/19,8:46:00,O,Property Damage Only,O,No Apparent Injury (O),2,State,12.75,10,CT-10,10-N,RIVER RD NO 1,,,,,1,Clear,1,Daylight,1,Dry,17500,"Trafficway, On Road",7/30/19 8:46
42,571704,1,41.363612,-72.923327,3090137,7/30/19,12:57:00,A,"Injury of any type (Serious, Minor, Possible)",C,Possible Injury (C),3,State,6.87,10,CT-10,10-N,,Palmer Ave.,50,Feet,S,1,Clear,1,Daylight,1,Dry,41000,"Trafficway, On Road",7/30/19 12:57
5637,572290,1,41.376624,-72.915451,3090723,7/30/19,15:42:00,O,Property Damage Only,O,No Apparent Injury (O),2,State,0.03,753,CT-10,753-S,SHEPARD AV,,,,,1,Clear,1,Daylight,1,Dry,13900,"Trafficway, On Road",7/30/19 15:42
5797,573195,1,41.36415,-72.927585,3091628,7/31/19,13:08:00,O,Property Damage Only,O,No Apparent Injury (O),2,Local,0.22,42,BENHAM ST,BENHAM ST,GARFIELD ST,,,,,1,Clear,1,Daylight,1,Dry,12800,"Trafficway, On Road",7/31/19 13:08
3893,574974,1,41.367141,-72.91745,3093407,7/31/19,16:01:00,O,Property Damage Only,O,No Apparent Injury (O),2,State,50.49,15,15-S,15-S,,Exit #60,3,TenthsofMile,N,4,Rain,1,Daylight,2,Wet,71500,"Trafficway, On Road",7/31/19 16:01
934,571706,1,41.404756,-72.898658,3090139,7/31/19,16:21:00,O,Property Damage Only,O,No Apparent Injury (O),2,State,10.34,10,CT-10,10-N,,Woodruff St.,245,Feet,S,4,Rain,1,Daylight,2,Wet,25200,"Trafficway, On Road",7/31/19 16:21
2493,585803,1,41.338322,-72.937911,3104235,7/31/19,17:05:00,O,Property Damage Only,O,No Apparent Injury (O),2,State,4.87,10,CT-10,10-N,BOWEN,,,,,1,Clear,1,Daylight,1,Dry,12400,"Trafficway, On Road",7/31/19 17:05
4051,572123,1,41.378108,-72.905321,3090556,8/1/19,7:54:00,A,"Injury of any type (Serious, Minor, Possible)",C,Possible Injury (C),2,State,51.46,15,15-S,15-S,,Exit 61,5,Feet,N,1,Clear,1,Daylight,1,Dry,66400,"Trafficway, On Road",8/1/19 7:54
942,584374,1,41.3473,-72.9339,3102806,8/1/19,14:46:00,O,Property Damage Only,O,No Apparent Injury (O),2,State,5.62,10,CT-10,10-N,,Circular Ave,200,Feet,N,1,Clear,1,Daylight,1,Dry,25200,"Trafficway, On Road",8/1/19 14:46
5366,574238,1,41.335132,-72.911649,3092671,8/1/19,15:45:00,O,Property Damage Only,O,No Apparent Injury (O),2,State,0.16,707,WHITNEY AV,707-N,,Armory St,1,TenthsofMile,S,1,Clear,1,Daylight,1,Dry,11200,"Trafficway, On Road",8/1/19 15:45
4270,574980,1,41.378101,-72.905318,3093413,8/2/19,14:32:00,O,Property Damage Only,O,No Apparent Injury (O),2,State,0.18,15,15-S,15-S-122,,Exit #61,3,Feet,S,1,Clear,1,Daylight,1,Dry,9500,"Trafficway, On Road",8/2/19 14:32
935,571707,1,41.406051,-72.8992,3090140,8/2/19,17:56:00,O,Property Damage Only,O,No Apparent Injury (O),2,State,10.43,10,CT-10,10-N,,Home Pl,100,Feet,S,1,Clear,1,Daylight,1,Dry,25200,"Trafficway, On Road",8/2/19 17:56
7550,571708,1,41.3367,-72.9255,3090141,8/2/19,21:00:00,O,Property Damage Only,O,No Apparent Injury (O),2,Local,0.51,370,MORSE ST,MORSE ST,,Winchester Ave,75,Feet,W,1,Clear,4,Dark-Lighted,1,Dry,3200,"Trafficway, On Road",8/2/19 21:00
7901,577261,1,41.345085,-72.945664,3095694,8/3/19,7:04:00,O,Property Damage Only,O,No Apparent Injury (O),2,Local,0.61,664,PINE ROCK AV,PINE ROCK AV NO 2,ROCKWOOD RD,,,,,1,Clear,1,Daylight,1,Dry,6600,"Trafficway, On Road",8/3/19 7:04
1292,571709,1,41.368461,-72.919745,3090142,8/3/19,9:46:00,O,Property Damage Only,O,No Apparent Injury (O),2,State,7.25,10,CT-10,10-N,,Connolly Parkway,1,TenthsofMile,N,1,Clear,1,Daylight,1,Dry,23600,"Trafficway, On Road",8/3/19 9:46
1294,574730,1,41.36841,-72.919772,3093163,8/3/19,10:07:00,O,Property Damage Only,O,No Apparent Injury (O),2,State,7.24,10,CT-10,10-N,,connolly parkway,1,TenthsofMile,N,1,Clear,1,Daylight,1,Dry,23600,"Trafficway, On Road",8/3/19 10:07
5141,572318,1,41.343622,-72.912098,3090751,8/3/19,17:44:00,A,"Injury of any type (Serious, Minor, Possible)",C,Possible Injury (C),2,State,0.77,707,WHITNEY AV,707-N,ELI RD,,,,,1,Clear,1,Daylight,1,Dry,13500,"Trafficway, On Road",8/3/19 17:44
6098,572291,1,41.353696,-72.933072,3090724,8/3/19,22:06:00,O,Property Damage Only,O,No Apparent Injury (O),2,Local,0.15,97,CHURCH ST,CHURCH ST,,Grandview Avenue,100,Feet,W,1,Clear,4,Dark-Lighted,1,Dry,,"Trafficway, On Road",8/3/19 22:06
7909,572292,1,41.351986,-72.942888,3090725,8/3/19,22:37:00,A,"Injury of any type (Serious, Minor, Possible)",A,Suspected Serious Injury (A),1,Local,0.42,429,PINE ROCK AV,PINE ROCK AV NO 1,,Gorham Ave.,504,Feet,N,2,Cloudy,4,Dark-Lighted,99,Unknown,5600,"Trafficway, On Road",8/3/19 22:37
7343,575059,1,41.387998,-72.948407,3093492,8/3/19,23:17:00,O,Property Damage Only,O,No Apparent Injury (O),1,Local,0,340,MAIN ST,MAIN ST,MOUNTAIN RD,,,,,4,Rain,4,Dark-Lighted,2,Wet,,"Trafficway, On Road",8/3/19 23:17
6899,574632,1,41.334915,-72.924866,3093065,8/3/19,23:58:00,O,Property Damage Only,O,No Apparent Injury (O),2,Local,0.26,222,GOODRICH ST,GOODRICH ST,WINCHESTER AV,,,,,4,Rain,4,Dark-Lighted,2,Wet,3200,"Trafficway, On Road",8/3/19 23:58
7832,572293,1,41.329606,-72.899442,3090726,8/4/19,8:04:00,A,"Injury of any type (Serious, Minor, Possible)",B,Suspected Minor Injury (B),1,Local,0.04,414,PARK RD,PARK RD,,State St,200,Feet,W,1,Clear,1,Daylight,1,Dry,2800,"Trafficway, Not on Road",8/4/19 8:04
5673,573196,1,41.336229,-72.933823,3091629,8/4/19,13:39:00,O,Property Damage Only,O,No Apparent Injury (O),2,Local,0.08,7,ALLING ST,ALLING ST,,DIXWELL AVE,350,Feet,E,1,Clear,1,Daylight,1,Dry,350,"Trafficway, On Road",8/4/19 13:39
3438,586209,1,41.38040169,-72.90077236,3104641,8/4/19,15:41:00,O,Property Damage Only,O,No Apparent Injury (O),2,State,0.21,15,15-N,15-N-125,,Route 15 North,30,Feet,S,1,Clear,1,Daylight,1,Dry,9500,"Trafficway, On Road",8/4/19 15:41
1397,572295,1,41.354016,-72.929732,3090728,8/4/19,18:32:00,O,Property Damage Only,O,No Apparent Injury (O),2,State,6.13,10,CT-10,10-N,TREADWELL ST,,,,,1,Clear,1,Daylight,1,Dry,23300,"Trafficway, On Road",8/4/19 18:32
9214,575591,1,41.350666,-72.965578,3094024,8/4/19,21:31:00,A,"Injury of any type (Serious, Minor, Possible)",C,Possible Injury (C),2,Local,1.79,594,WINTERGREEN AV,WINTERGREEN AV,,Wooden St,1000,Feet,S,1,Clear,4,Dark-Lighted,1,Dry,1600,"Trafficway, On Road",8/4/19 21:31
1158,572645,1,41.33869,-72.93513,3091078,8/5/19,17:19:00,O,Property Damage Only,O,No Apparent Injury (O),2,State,5.03,10,CT-10,10-N,,ARCH ST,150,Feet,N,1,Clear,1,Daylight,1,Dry,24000,"Trafficway, On Road",8/5/19 17:19
674,573197,1,41.417137,-72.903271,3091630,8/5/19,21:31:00,O,Property Damage Only,O,No Apparent Injury (O),2,State,11.22,10,CT-10,10-N,,Sherman Ave.,2,TenthsofMile,N,1,Clear,4,Dark-Lighted,1,Dry,25700,"Trafficway, On Road",8/5/19 21:31
5717,573225,1,41.329892,-72.897448,3091658,8/6/19,10:06:00,O,Property Damage Only,O,No Apparent Injury (O),2,Local,0.06,18,ARMSTRONG ST,ARMSTRONG ST,,Welton St.,60,Feet,E,2,Cloudy,1,Daylight,1,Dry,,"Trafficway, On Road",8/6/19 10:06
2424,573198,1,41.338169,-72.941147,3091631,8/6/19,13:46:00,A,"Injury of any type (Serious, Minor, Possible)",B,Suspected Minor Injury (B),2,State,4.69,10,CT-10,10-N,ARCH,,,,,2,Cloudy,1,Daylight,1,Dry,13800,"Trafficway, On Road",8/6/19 13:46
7251,573199,1,41.397179,-72.909972,3091632,8/6/19,14:42:00,O,Property Damage Only,O,No Apparent Injury (O),2,Local,0.63,302,KNOB HILL DR,KNOB HILL DR,,Forest Cir,1,TenthsofMile,N,1,Clear,1,Daylight,1,Dry,,"Trafficway, On Road",8/6/19 14:42
3446,573226,1,41.365313,-72.922199,3091659,8/6/19,15:56:00,O,Property Damage Only,O,No Apparent Injury (O),2,State,0,15,15-N,15-N-221,10-N,,,,,1,Clear,1,Daylight,1,Dry,9500,"Trafficway, On Road",8/6/19 15:56
5143,573227,1,41.343631,-72.91213,3091660,8/6/19,16:52:00,A,"Injury of any type (Serious, Minor, Possible)",C,Possible Injury (C),2,State,0.77,707,WHITNEY AV,707-N,ELI RD,,,,,1,Clear,1,Daylight,1,Dry,13500,"Trafficway, On Road",8/6/19 16:52
5494,573228,1,41.383193,-72.899492,3091661,8/6/19,17:17:00,O,Property Damage Only,O,No Apparent Injury (O),2,State,0.12,717,DIXWELL AV,717-E,,Washington Ave.,100,Feet,W,1,Clear,1,Daylight,1,Dry,15600,"Trafficway, On Road",8/6/19 17:17
2214,573229,1,41.383547,-72.902732,3091662,8/6/19,18:02:00,O,Property Damage Only,O,No Apparent Injury (O),2,State,8.76,10,CT-10,10-N,,Old Dixwell Ave,150,Feet,E,1,Clear,1,Daylight,1,Dry,16900,"Trafficway, On Road",8/6/19 18:02
2465,574818,1,41.374499,-72.915765,3093251,8/7/19,10:52:00,O,Property Damage Only,O,No Apparent Injury (O),2,Local,0,144,CT-10,DIXWELL AV NO 2 RT 10 NB,SKIFF ST,,,,,1,Clear,1,Daylight,1,Dry,12600,"Trafficway, On Road",8/7/19 10:52
5638,574836,1,41.374517,-72.916084,3093269,8/7/19,15:52:00,O,Property Damage Only,O,No Apparent Injury (O),3,State,0.17,753,CT-10,753-S,SKIFF ST,,,,,2,Cloudy,1,Daylight,1,Dry,13900,"Trafficway, On Road",8/7/19 15:52
6717,574837,1,41.418451,-72.927307,3093270,8/7/19,15:59:00,O,Property Damage Only,O,No Apparent Injury (O),1,Local,0.33,178,FANS ROCK RD,FANS ROCK RD,PARADISE AV NO 1,,,,,4,Rain,1,Daylight,2,Wet,1600,"Trafficway, Not on Road",8/7/19 15:59
5640,577696,1,41.374471,-72.915993,3096129,8/7/19,16:36:00,O,Property Damage Only,O,No Apparent Injury (O),2,State,0.17,753,CT-10,753-S,SKIFF ST,,,,W,2,Cloudy,1,Daylight,1,Dry,13900,"Trafficway, On Road",8/7/19 16:36
6173,573200,1,41.357239,-72.937092,3091633,8/7/19,17:40:00,A,"Injury of any type (Serious, Minor, Possible)",B,Suspected Minor Injury (B),2,Local,0.61,99,CIRCULAR AV,CIRCULAR AV,,,,,,4,Rain,1,Daylight,2,Wet,1900,"Trafficway, On Road",8/7/19 17:40
7793,574838,1,41.369193,-72.941639,3093271,8/7/19,18:12:00,O,Property Damage Only,O,No Apparent Injury (O),1,Local,0.16,411,PARADISE AV,PARADISE AV NO 5,,Cooper road,300,Feet,N,4,Rain,5,Dark-Not Lighted,2,Wet,3800,Non-trafficway,8/7/19 18:12
6430,574839,1,41.337635,-72.935194,3093272,8/7/19,22:15:00,O,Property Damage Only,O,No Apparent Injury (O),2,Local,0.16,142,DIXWELL AV,DIXWELL AV NO 1,,Morse St.,200,Feet,S,4,Rain,4,Dark-Lighted,2,Wet,15600,"Trafficway, On Road",8/7/19 22:15
6859,575060,1,41.35699,-72.941467,3093493,8/8/19,11:13:00,A,"Injury of any type (Serious, Minor, Possible)",C,Possible Injury (C),2,Local,0.22,212,GILBERT AV,GILBERT AV,PINE ROCK AV NO 1,,,,,1,Clear,1,Daylight,1,Dry,5500,"Trafficway, On Road",8/8/19 11:13
2262,575061,1,41.386448,-72.900851,3093494,8/8/19,13:13:00,O,Property Damage Only,O,No Apparent Injury (O),1,State,9.02,10,CT-10,10-N,,Colonial Drive,100,Feet,N,1,Clear,1,Daylight,1,Dry,16800,"Trafficway, On Road",8/8/19 13:13
1159,575042,1,41.344458,-72.934396,3093475,8/8/19,22:19:00,O,Property Damage Only,O,No Apparent Injury (O),2,State,5.42,10,CT-10,10-N,WOODIN ST,,,,,1,Clear,4,Dark-Lighted,1,Dry,24000,"Trafficway, On Road",8/8/19 22:19
8040,575062,1,41.343662,-72.926373,3093495,8/9/19,6:58:00,A,"Injury of any type (Serious, Minor, Possible)",B,Suspected Minor Injury (B),2,Local,0.74,439,PUTNAM AV,PUTNAM AV,LEEDER HILL DR,,,,,1,Clear,1,Daylight,1,Dry,10200,"Trafficway, On Road",8/9/19 6:58
9257,575063,1,41.350519,-72.956785,3093496,8/9/19,7:18:00,O,Property Damage Only,O,No Apparent Injury (O),2,Local,0.44,598,WOODIN ST,WOODIN ST,ELLIOT ST,,,,,1,Clear,1,Daylight,1,Dry,5500,"Trafficway, On Road",8/9/19 7:18
5639,575064,1,41.374674,-72.916,3093497,8/9/19,15:16:00,O,Property Damage Only,O,No Apparent Injury (O),2,State,0.17,753,CT-10,753-S,SKIFF ST,,,,,1,Clear,1,Daylight,1,Dry,13900,"Trafficway, On Road",8/9/19 15:16
533,575065,1,41.354267,-72.929468,3093498,8/9/19,15:37:00,O,Property Damage Only,O,No Apparent Injury (O),2,State,6.15,10,CT-10,10-N,,Treadwell St.,100,Feet,N,1,Clear,1,Daylight,1,Dry,27400,"Trafficway, On Road",8/9/19 15:37
675,575592,1,41.419212,-72.903999,3094025,8/9/19,15:43:00,O,Property Damage Only,O,No Apparent Injury (O),2,State,11.37,10,CT-10,10-N,,Mr. Carmel Ave.,1,TenthsofMile,S,1,Clear,1,Daylight,1,Dry,25700,"Trafficway, On Road",8/9/19 15:43
2014,575593,1,41.382852,-72.907992,3094026,8/10/19,11:41:00,A,"Injury of any type (Serious, Minor, Possible)",B,Suspected Minor Injury (B),1,State,8.48,10,CT-10,10-N,,EVERGREEN AV,25,Feet,W,1,Clear,1,Daylight,1,Dry,18300,"Trafficway, On Road",8/10/19 11:41
2467,575594,1,41.374386,-72.915756,3094027,8/10/19,13:26:00,O,Property Damage Only,O,No Apparent Injury (O),2,Local,0,144,CT-10,DIXWELL AV NO 2 RT 10 NB,SKIFF ST,,,,,1,Clear,1,Daylight,1,Dry,12600,"Trafficway, On Road",8/10/19 13:26
2261,574227,1,41.388314,-72.90004,3092660,8/10/19,15:40:00,O,Property Damage Only,O,No Apparent Injury (O),2,State,9.16,10,CT-10,10-N,LINCOLN ST,,,,,1,Clear,1,Daylight,1,Dry,16800,"Trafficway, On Road",8/10/19 15:40
278,575595,1,41.36189,-72.924263,3094028,8/10/19,16:35:00,O,Property Damage Only,O,No Apparent Injury (O),2,State,6.74,10,CT-10,10-N,ROBERT ST,,,,,1,Clear,1,Daylight,1,Dry,32000,"Trafficway, On Road",8/10/19 16:35
8777,575152,1,41.376392,-72.920097,3093585,8/11/19,3:36:00,O,Property Damage Only,O,No Apparent Injury (O),2,Local,0.25,495,SKIFF ST EXT,SKIFF ST EXT,,MIX AV,35,Feet,E,1,Clear,4,Dark-Lighted,1,Dry,9400,"Trafficway, On Road",8/11/19 3:36
7212,575122,1,41.357539,-72.929503,3093555,8/11/19,14:52:00,O,Property Damage Only,O,No Apparent Injury (O),2,Local,0.11,271,HOMESTEAD AV,HOMESTEAD AV,,DIXWELL AVE,600,Feet,W,1,Clear,1,Daylight,1,Dry,,"Trafficway, On Road",8/11/19 14:52
3903,648661,1,41.370057,-72.914335,3167074,8/11/19,17:07:00,O,Property Damage Only,O,No Apparent Injury (O),2,State,50.74,15,15-S,15-S,,Exit #61,8,TenthsofMile,S,1,Clear,1,Daylight,1,Dry,71500,"Trafficway, On Road",8/11/19 17:07
7691,575123,1,41.335156,-72.926832,3093556,8/11/19,19:42:00,O,Property Damage Only,O,No Apparent Injury (O),2,Local,0.59,385,NEWHALL ST,NEWHALL ST,,Goodrich Street ,25,Feet,N,1,Clear,1,Daylight,1,Dry,7500,"Trafficway, On Road",8/11/19 19:42
7668,575596,1,41.40917,-72.895355,3094029,8/11/19,23:47:00,O,Property Damage Only,O,No Apparent Injury (O),1,Local,0.39,382,NEW RD,NEW RD,,Lucien Dr,1000,Feet,N,1,Clear,4,Dark-Lighted,1,Dry,,"Trafficway, On Road",8/11/19 23:47
6900,575043,1,41.335098,-72.927302,3093476,8/12/19,5:50:00,O,Property Damage Only,O,No Apparent Injury (O),2,Local,0.38,222,GOODRICH ST,GOODRICH ST,,NEWHALL ST,100,Feet,W,1,Clear,2,Dawn,1,Dry,3200,"Trafficway, On Road",8/12/19 5:50
2215,575124,1,41.383455,-72.902055,3093557,8/12/19,8:28:00,O,Property Damage Only,O,No Apparent Injury (O),2,State,8.79,10,CT-10,10-N,,WHITNEY AVE,30,Feet,W,1,Clear,1,Daylight,1,Dry,16900,"Trafficway, On Road",8/12/19 8:28
8010,581115,1,41.346158,-72.933702,3099548,8/12/19,8:35:00,O,Property Damage Only,O,No Apparent Injury (O),2,Local,1.17,439,PUTNAM AV,PUTNAM AV,,Dixwell Avenue,75,Feet,E,1,Clear,1,Daylight,1,Dry,11600,"Trafficway, On Road",8/12/19 8:35
2089,575597,1,41.437201,-72.908955,3094030,8/12/19,9:26:00,A,"Injury of any type (Serious, Minor, Possible)",C,Possible Injury (C),3,State,12.64,10,CT-10,10-N,,SHEPARD AVENUE,100,Feet,N,1,Clear,1,Daylight,1,Dry,17500,"Trafficway, On Road",8/12/19 9:26
534,575153,1,41.357731,-72.926769,3093586,8/12/19,9:49:00,O,Property Damage Only,O,No Apparent Injury (O),2,State,6.43,10,CT-10,10-N,,Hillcrest Ave,100,Feet,N,1,Clear,1,Daylight,97,Other,27400,"Trafficway, On Road",8/12/19 9:49
3985,576193,1,41.37890676,-72.9038597,3094626,8/12/19,11:59:00,O,Property Damage Only,O,No Apparent Injury (O),2,State,51.59,15,15-S,15-S,,Exit 60,5,TenthsofMile,N,1,Clear,1,Daylight,1,Dry,68000,"Trafficway, On Road",8/12/19 11:59
5449,575125,1,41.38307,-72.898675,3093558,8/12/19,12:52:00,A,"Injury of any type (Serious, Minor, Possible)",A,Suspected Serious Injury (A),4,State,0.16,717,DIXWELL AV,717-E,,WASHINGTON AVE,100,Feet,E,1,Clear,1,Daylight,1,Dry,18800,"Trafficway, On Road",8/12/19 12:52
6056,604291,1,41.344796,-72.9151,3122720,8/12/19,13:18:00,A,"Injury of any type (Serious, Minor, Possible)",C,Possible Injury (C),2,Local,0.05,78,CARLETON ST,CARLETON ST,,Putnum Avenue,267,Feet,S,1,Clear,1,Daylight,1,Dry,,"Trafficway, On Road",8/12/19 13:18
1398,577697,1,41.352055,-72.930859,3096130,8/12/19,15:48:00,O,Property Damage Only,O,No Apparent Injury (O),2,State,5.98,10,CT-10,10-N,OREGON AVE,,,,,1,Clear,1,Daylight,1,Dry,23300,"Trafficway, On Road",8/12/19 15:48
8149,575458,1,41.360447,-72.926509,3093891,8/12/19,20:00:00,O,Property Damage Only,O,No Apparent Injury (O),2,Local,0.04,444,RED ROCK TER,RED ROCK TER,,Dixwell Avenue,100,Feet,W,1,Clear,5,Dark-Not Lighted,1,Dry,,"Trafficway, On Road",8/12/19 20:00
5957,577698,1,41.337002,-72.937997,3096131,8/12/19,21:20:00,A,"Injury of any type (Serious, Minor, Possible)",B,Suspected Minor Injury (B),3,Local,0.1,52,BOWEN ST,BOWEN ST,EASTON ST,,,,,1,Clear,4,Dark-Lighted,1,Dry,5000,"Trafficway, Not on Road",8/12/19 21:20
1161,577699,1,41.344399,-72.93428,3096132,8/12/19,21:35:00,A,"Injury of any type (Serious, Minor, Possible)",C,Possible Injury (C),2,State,5.42,10,CT-10,10-N,WOODIN ST,,,,,1,Clear,4,Dark-Lighted,1,Dry,24000,"Trafficway, On Road",8/12/19 21:35
7092,577275,1,41.351615,-72.901238,3095708,8/13/19,6:59:00,A,"Injury of any type (Serious, Minor, Possible)",B,Suspected Minor Injury (B),1,Local,0.97,242,HARTFORD TPK,HARTFORD TPK,FOOTE ST,,,,,1,Clear,1,Daylight,1,Dry,3700,"Trafficway, On Road",8/13/19 6:59
8560,575126,1,41.335749,-72.927758,3093559,8/13/19,9:10:00,O,Property Damage Only,O,No Apparent Injury (O),2,Local,0.04,490,SHEPARD ST,SHEPARD ST,,Marlboro St.,400,Feet,S,4,Rain,1,Daylight,2,Wet,,"Trafficway, On Road",8/13/19 9:10
2466,575127,1,41.37542,-72.91521,3093560,8/13/19,9:32:00,O,Property Damage Only,O,No Apparent Injury (O),2,Local,0.08,144,CT-10,DIXWELL AV NO 2 RT 10 NB,,Skiff St,351,Feet,N,4,Rain,1,Daylight,2,Wet,12600,"Trafficway, On Road",8/13/19 9:32
5214,575128,1,41.374172,-72.90527,3093561,8/13/19,11:28:00,O,Property Damage Only,O,No Apparent Injury (O),1,State,2.96,707,WHITNEY AV,707-N,,WAYLAND ST,100,Feet,N,2,Cloudy,1,Daylight,2,Wet,12500,"Trafficway, Not on Road",8/13/19 11:28
1296,577276,1,41.367993,-72.920196,3095709,8/13/19,12:18:00,O,Property Damage Only,O,No Apparent Injury (O),2,State,7.21,10,CT-10,10-N,,Connolly Pkwy,350,Feet,N,4,Rain,1,Daylight,2,Wet,23600,"Trafficway, On Road",8/13/19 12:18
3920,575013,1,41.365642,-72.925681,3093446,8/13/19,15:53:00,O,Property Damage Only,O,No Apparent Injury (O),1,State,50.03,15,15-S,15-S,,60 Entrance Ramp,150,Feet,S,2,Cloudy,1,Daylight,2,Wet,70400,"Trafficway, On Road",8/13/19 15:53
937,577700,1,41.404022,-72.898483,3096133,8/14/19,7:49:00,O,Property Damage Only,O,No Apparent Injury (O),2,State,10.29,10,CT-10,10-N,DICKERMAN ST,,,,,1,Clear,1,Daylight,1,Dry,25200,"Trafficway, On Road",8/14/19 7:49
3662,577998,1,41.349818,-72.964872,3096431,8/14/19,16:46:00,O,Property Damage Only,O,No Apparent Injury (O),2,State,47.67,15,15-S,15-S,,Exit 59,10,TenthsofMile,N,1,Clear,1,Daylight,1,Dry,78600,"Trafficway, On Road",8/14/19 16:46
584,581934,1,41.346425,-72.933923,3100367,8/15/19,9:32:00,A,"Injury of any type (Serious, Minor, Possible)",C,Possible Injury (C),2,State,5.56,10,CT-10,10-N,PUTNAM AV,,,,,1,Clear,1,Daylight,1,Dry,26600,"Trafficway, On Road",8/15/19 9:32
4271,576018,1,41.37952065,-72.90373497,3094451,8/15/19,12:33:00,O,Property Damage Only,O,No Apparent Injury (O),2,State,0.02,15,15-S,15-S-122,,RT 15 s/b,10,Feet,N,1,Clear,1,Daylight,1,Dry,9500,"Trafficway, On Road",8/15/19 12:33
2090,575599,1,41.42804246,-72.90603496,3094032,8/15/19,12:56:00,A,"Injury of any type (Serious, Minor, Possible)",C,Possible Injury (C),2,State,11.99,10,CT-10,10-N,,Tuttle Avenue,50,Feet,N,1,Clear,1,Daylight,1,Dry,17500,"Trafficway, On Road",8/15/19 12:56
4816,575600,1,41.359882,-72.888764,3094033,8/15/19,14:23:00,O,Property Damage Only,O,No Apparent Injury (O),1,USRoute,3.36,5,US-5,5-N,,Olds ST,350,Feet,N,1,Clear,1,Daylight,7,Sand,9400,"Trafficway, Not on Road",8/15/19 14:23