,CrashId,Fatal Case Status,lat,lon,DOT Case Number,Date Of Crash,Time of Crash,Crash Severity,Crash Severity Text Format,Most Severe Injury,Most Severe Injury Text Format,Number Of Motor Vehicles,Route Class Text Format,Milemarker,Road Number,Road Description,Roadway Name,Intersecting Roadway Name,Landmark Description,Distance From Nearest Landmark,Unit Of Measure From Nearest Landmark,Direction From Nearest Landmark,Weather Condition,Weather Condition Text Format,Light Condition,Light Condition Text Format,Road Surface Condition,Road Surface Condition Text Format,Average Daily Traffic,Trafficway Class Text Format,full_date
4280,578005,1,41.3793972,-72.90375396,3096438,8/15/19,18:12:00,O,Property Damage Only,O,No Apparent Injury (O),2,State,0.16,15,15-S,15-S-123,,Route 15,825,Feet,N,1,Clear,1,Daylight,1,Dry,9500,"Trafficway, On Road",8/15/19 18:12
4841,600713,1,41.330904,-72.899774,3119142,8/15/19,21:11:00,O,Property Damage Only,O,No Apparent Injury (O),2,USRoute,99062,5,US-5,5-N,,BENTON ST,15,Feet,N,1,Clear,4,Dark-Lighted,1,Dry,,"Trafficway, On Road",8/15/19 21:11
3356,576029,1,41.380717,-72.900726,3094462,8/16/19,10:35:00,O,Property Damage Only,O,No Apparent Injury (O),2,State,51.76,15,15-N,15-N,ENTRANCE RAMP 61,,,,,1,Clear,1,Daylight,1,Dry,63800,"Trafficway, On Road",8/16/19 10:35
9185,575602,1,41.351338,-72.942135,3094035,8/16/19,13:45:00,O,Property Damage Only,O,No Apparent Injury (O),2,Local,0.07,584,WILLIAM ST,WILLIAM ST,,Pearl Ave.,120,Feet,N,1,Clear,1,Daylight,1,Dry,,"Trafficway, On Road",8/16/19 13:45
5347,579559,1,41.352283,-72.913133,3097992,8/16/19,16:28:00,A,"Injury of any type (Serious, Minor, Possible)",B,Suspected Minor Injury (B),2,State,1.37,707,WHITNEY AV,707-N,,Servoss St.,300,Feet,S,1,Clear,1,Daylight,1,Dry,11300,"Trafficway, Not on Road",8/16/19 16:28
8644,581298,1,41.37469,-72.916167,3099731,8/16/19,16:29:00,O,Property Damage Only,O,No Apparent Injury (O),2,Local,0.54,494,SKIFF ST,SKIFF ST,Dixwell Ave,,,,,1,Clear,1,Daylight,1,Dry,24500,"Trafficway, On Road",8/16/19 16:29
1160,577278,1,41.342044,-72.934863,3095711,8/16/19,16:53:00,O,Property Damage Only,O,No Apparent Injury (O),2,State,5.26,10,CT-10,10-N,,North St.,100,Feet,N,1,Clear,1,Daylight,1,Dry,24000,"Trafficway, On Road",8/16/19 16:53
6672,584375,1,41.345506,-72.940774,3102807,8/16/19,17:56:00,O,Property Damage Only,O,No Apparent Injury (O),2,Local,0.5,176,FAIRVIEW AV,FAIRVIEW AV,,,,,,1,Clear,1,Daylight,1,Dry,4800,"Trafficway, On Road",8/16/19 17:56
281,580839,1,41.362261,-72.923968,3099272,8/16/19,18:17:00,A,"Injury of any type (Serious, Minor, Possible)",C,Possible Injury (C),2,State,6.77,10,CT-10,10-N,,Benham St,150,Feet,S,1,Clear,1,Daylight,1,Dry,32000,"Trafficway, On Road",8/16/19 18:17
2216,581299,1,41.383518,-72.902796,3099732,8/16/19,18:24:00,O,Property Damage Only,O,No Apparent Injury (O),2,State,8.76,10,CT-10,10-N,,Whitney Avenue,227,Feet,W,1,Clear,1,Daylight,1,Dry,16900,"Trafficway, On Road",8/16/19 18:24
1401,583341,1,41.354047,-72.929742,3101774,8/16/19,20:58:00,O,Property Damage Only,O,No Apparent Injury (O),2,State,6.13,10,CT-10,10-N,TREADWELL ST,,,,,1,Clear,4,Dark-Lighted,1,Dry,23300,"Trafficway, On Road",8/16/19 20:58
3357,576047,1,41.380672,-72.900744,3094480,8/17/19,13:05:00,A,"Injury of any type (Serious, Minor, Possible)",C,Possible Injury (C),2,State,51.76,15,15-N,15-N,,Route 15 Northbound,20,Feet,S,1,Clear,1,Daylight,1,Dry,63800,"Trafficway, On Road",8/17/19 13:05
5758,577279,1,41.362673,-72.929748,3095712,8/17/19,19:19:00,A,"Injury of any type (Serious, Minor, Possible)",C,Possible Injury (C),2,Local,0.59,32,BATTIS RD,BATTIS RD,,Maplewood Terrace,35,Feet,N,1,Clear,4,Dark-Lighted,1,Dry,,"Trafficway, On Road",8/17/19 19:19
2490,580383,1,41.338422,-72.939943,3098816,8/18/19,0:15:00,O,Property Damage Only,O,No Apparent Injury (O),2,State,4.76,10,CT-10,10-N,WARNER ST,,,,,1,Clear,4,Dark-Lighted,1,Dry,12400,"Trafficway, On Road",8/18/19 0:15
6573,575603,1,41.337255,-72.930649,3094036,8/18/19,9:49:00,O,Property Damage Only,O,No Apparent Injury (O),2,Local,0.12,164,EDWARDS ST,EDWARDS ST,,Morse Street,100,Feet,S,1,Clear,99,Unknown,1,Dry,,"Trafficway, On Road",8/18/19 9:49
535,577280,1,41.356434,-72.927771,3095713,8/18/19,10:16:00,A,"Injury of any type (Serious, Minor, Possible)",C,Possible Injury (C),2,State,6.32,10,CT-10,10-N,,Homestead Avenue,100,Feet,S,1,Clear,1,Daylight,1,Dry,27400,"Trafficway, On Road",8/18/19 10:16
4707,577281,1,41.329721,-72.898647,3095714,8/18/19,10:55:00,A,"Injury of any type (Serious, Minor, Possible)",B,Suspected Minor Injury (B),2,USRoute,1.19,5,US-5,5-N,PARK,,,,,1,Clear,1,Daylight,1,Dry,14300,"Trafficway, On Road",8/18/19 10:55
7289,581300,1,41.348692,-72.940495,3099733,8/18/19,12:43:00,O,Property Damage Only,O,No Apparent Injury (O),2,Local,0.01,310,LANGER ST,LANGER ST,,helen street,25,Feet,N,1,Clear,1,Daylight,1,Dry,,"Trafficway, On Road",8/18/19 12:43
3921,577526,1,41.365725,-72.925425,3095959,8/18/19,21:00:00,O,Property Damage Only,O,No Apparent Injury (O),2,State,50.04,15,15-S,15-S,EXIT 60,,,,,1,Clear,4,Dark-Lighted,1,Dry,70400,"Trafficway, On Road",8/18/19 21:00
6125,577282,1,41.35576,-72.936639,3095715,8/18/19,22:36:00,A,"Injury of any type (Serious, Minor, Possible)",B,Suspected Minor Injury (B),1,Local,0.72,99,CIRCULAR AV,CIRCULAR AV,TAFT ST,,,,,1,Clear,5,Dark-Not Lighted,1,Dry,7200,"Trafficway, Not on Road",8/18/19 22:36
5450,579560,1,41.383018,-72.89798,3097993,8/19/19,10:56:00,A,"Injury of any type (Serious, Minor, Possible)",B,Suspected Minor Injury (B),2,State,0.2,717,DIXWELL AV,717-E,,Washington Ave.,300,Feet,S,2,Cloudy,1,Daylight,1,Dry,18800,"Trafficway, On Road",8/19/19 10:56
279,577283,1,41.361084,-72.924602,3095716,8/19/19,12:33:00,O,Property Damage Only,O,No Apparent Injury (O),2,State,6.68,10,CT-10,10-N,,Lee St,250,Feet,N,1,Clear,1,Daylight,1,Dry,32000,"Trafficway, On Road",8/19/19 12:33
2468,581301,1,41.375997,-72.915006,3099734,8/19/19,12:36:00,O,Property Damage Only,O,No Apparent Injury (O),2,Local,0.12,144,CT-10,DIXWELL AV NO 2 RT 10 NB,,SKIFF ST,570,Feet,N,1,Clear,1,Daylight,1,Dry,12600,"Trafficway, On Road",8/19/19 12:36
1400,581936,1,41.349715,-72.932133,3100369,8/19/19,17:57:00,A,"Injury of any type (Serious, Minor, Possible)",B,Suspected Minor Injury (B),2,State,5.8,10,CT-10,10-N,COLLINS ST,,,,,2,Cloudy,1,Daylight,2,Wet,23300,"Trafficway, On Road",8/19/19 17:57
2341,589594,1,41.450672,-72.909362,3108025,8/20/19,8:06:00,O,Property Damage Only,O,No Apparent Injury (O),2,State,13.58,10,CT-10,10-N,LOVIG LA,,,,,1,Clear,1,Daylight,1,Dry,15400,"Trafficway, On Road",8/20/19 8:06
8233,577701,1,41.43614,-72.896097,3096134,8/20/19,8:42:00,O,Property Damage Only,O,No Apparent Injury (O),2,Local,0.81,665,RIVER RD,RIVER RD NO 2,,Tuttle Av,256,Feet,W,1,Clear,1,Daylight,1,Dry,,"Trafficway, On Road",8/20/19 8:42
4600,577702,1,41.401623,-72.897711,3096135,8/20/19,11:51:00,O,Property Damage Only,O,No Apparent Injury (O),2,State,3.08,40,40-N,40-N,10-N,,,,E,1,Clear,1,Daylight,1,Dry,18800,"Trafficway, On Road",8/20/19 11:51
4951,577703,1,41.382854,-72.902072,3096136,8/20/19,14:44:00,O,Property Damage Only,O,No Apparent Injury (O),2,State,3.58,707,WHITNEY AV,707-N,,DIXWELL AVENUE,200,Feet,S,1,Clear,1,Daylight,1,Dry,16800,"Trafficway, On Road",8/20/19 14:44
4787,577704,1,41.335748,-72.899932,3096137,8/20/19,16:14:00,A,"Injury of any type (Serious, Minor, Possible)",C,Possible Injury (C),1,USRoute,1.58,5,US-5,5-N,,Ridge Road,50,Feet,N,1,Clear,1,Daylight,1,Dry,10000,Non-trafficway,8/20/19 16:14
5799,577285,1,41.364506,-72.929264,3095718,8/20/19,17:07:00,O,Property Damage Only,O,No Apparent Injury (O),2,Local,0.3,42,BENHAM ST,BENHAM ST,,Mix Ave.,10,Feet,E,1,Clear,1,Daylight,1,Dry,12800,"Trafficway, On Road",8/20/19 17:07
3291,576865,1,41.383341,-72.896647,3095298,8/21/19,7:42:00,O,Property Damage Only,O,No Apparent Injury (O),2,State,52.04,15,15-N,15-N,,exit 62,1,TenthsofMile,S,1,Clear,1,Daylight,1,Dry,67600,"Trafficway, On Road",8/21/19 7:42
6671,577705,1,41.343325,-72.941152,3096138,8/21/19,7:44:00,O,Property Damage Only,O,No Apparent Injury (O),2,Local,0.35,176,FAIRVIEW AV,FAIRVIEW AV,JONES RD,,,,,1,Clear,1,Daylight,1,Dry,4800,"Trafficway, On Road",8/21/19 7:44
8174,577706,1,41.344019,-72.902569,3096139,8/21/19,12:48:00,O,Property Damage Only,O,No Apparent Injury (O),1,Local,0.62,452,RIDGE RD,RIDGE RD,,Woodstock Rd,100,Feet,N,1,Clear,1,Daylight,1,Dry,6100,"Trafficway, On Road",8/21/19 12:48
5253,577707,1,41.358669,-72.909898,3096140,8/21/19,13:34:00,O,Property Damage Only,O,No Apparent Injury (O),2,State,1.87,707,WHITNEY AV,707-N,GILLIES RD,,,,,1,Clear,1,Daylight,1,Dry,11900,"Trafficway, On Road",8/21/19 13:34
8425,577287,1,41.392081,-72.922686,3095720,8/22/19,7:23:00,A,"Injury of any type (Serious, Minor, Possible)",C,Possible Injury (C),1,Local,1.17,489,SHEPARD AV,SHEPARD AV,,Sherman Ave,201,Feet,N,1,Clear,1,Daylight,1,Dry,1400,"Trafficway, On Road",8/22/19 7:23
8906,577288,1,41.376785,-72.924123,3095721,8/22/19,12:05:00,O,Property Damage Only,O,No Apparent Injury (O),2,Unknown,99062,,TOWNE HOUSE RD,TOWNE HOUSE RD,,MIX AVE,1165,Feet,W,1,Clear,1,Daylight,1,Dry,,"Trafficway, On Road",8/22/19 12:05
4952,581302,1,41.383034,-72.901972,3099735,8/22/19,12:16:00,O,Property Damage Only,O,No Apparent Injury (O),2,State,3.59,707,WHITNEY AV,707-N,,Dixwell Ave,118,Feet,S,1,Clear,1,Daylight,1,Dry,16800,"Trafficway, On Road",8/22/19 12:16
9162,577708,1,41.38287,-72.91239,3096141,8/22/19,13:37:00,A,"Injury of any type (Serious, Minor, Possible)",C,Possible Injury (C),1,,,,WESTMINSTER ST,38 Westminster St,,Dixwell Av,1,TenthsofMile,N,1,Clear,1,Daylight,1,Dry,,Non-trafficway,8/22/19 13:37
940,581575,1,41.346775,-72.933706,3100008,8/22/19,17:20:00,O,Property Damage Only,O,No Apparent Injury (O),2,State,5.59,10,CT-10,10-N,,Putnam Avenue ,100,Feet,N,1,Clear,1,Daylight,1,Dry,25200,"Trafficway, On Road",8/22/19 17:20
7872,581809,1,41.351971,-72.939249,3100242,8/22/19,18:38:00,O,Property Damage Only,O,No Apparent Injury (O),2,Local,0.14,418,PEARL AV,PEARL AV,,DALLAS ST,420,Feet,W,1,Clear,1,Daylight,1,Dry,,"Trafficway, On Road",8/22/19 18:38
2544,578254,1,41.377154,-72.915093,3096687,8/23/19,13:44:00,A,"Injury of any type (Serious, Minor, Possible)",C,Possible Injury (C),2,State,7.89,10,CT-10,10-N,,SHEPARD AVE,181,Feet,N,2,Cloudy,1,Daylight,1,Dry,11200,"Trafficway, On Road",8/23/19 13:44
6464,577709,1,41.337301,-72.935267,3096142,8/23/19,15:50:00,O,Property Damage Only,O,No Apparent Injury (O),2,Local,0.13,142,DIXWELL AV,DIXWELL AV NO 1,,Arch Street,100,Feet,S,2,Cloudy,1,Daylight,1,Dry,,"Trafficway, On Road",8/23/19 15:50
2426,605604,1,41.337578,-72.941666,3124032,8/23/19,16:03:00,A,"Injury of any type (Serious, Minor, Possible)",A,Suspected Serious Injury (A),1,State,4.64,10,CT-10,10-N,,Arch Street,100,Feet,S,1,Clear,1,Daylight,1,Dry,13800,"Trafficway, On Road",8/23/19 16:03
8426,579561,1,41.387798,-72.921924,3097994,8/23/19,19:24:00,O,Property Damage Only,O,No Apparent Injury (O),2,Local,0.87,489,SHEPARD AV,SHEPARD AV,BRAESIDE DR,,,,,1,Clear,1,Daylight,1,Dry,1400,"Trafficway, On Road",8/23/19 19:24
6432,584376,1,41.338195,-72.935221,3102808,8/23/19,20:11:00,O,Property Damage Only,O,No Apparent Injury (O),2,Local,0.2,142,DIXWELL AV,DIXWELL AV NO 1,ARCH,,,,,1,Clear,4,Dark-Lighted,1,Dry,15600,"Trafficway, On Road",8/23/19 20:11
4788,577710,1,41.336831,-72.898916,3096143,8/24/19,17:18:00,O,Property Damage Only,O,No Apparent Injury (O),2,USRoute,1.67,5,US-5,5-N,,Ridge Road,1,TenthsofMile,N,1,Clear,1,Daylight,1,Dry,10000,"Trafficway, On Road",8/24/19 17:18
8701,577711,1,41.37106,-72.906279,3096144,8/25/19,12:55:00,A,"Injury of any type (Serious, Minor, Possible)",C,Possible Injury (C),2,Local,1.09,494,SKIFF ST,SKIFF ST,WHITNEY AVE,,,,,1,Clear,1,Daylight,1,Dry,,"Trafficway, On Road",8/25/19 12:55
8643,578255,1,41.374487,-72.915926,3096688,8/25/19,13:16:00,O,Property Damage Only,O,No Apparent Injury (O),2,Local,0.54,494,SKIFF ST,SKIFF ST,DIXWELL,,,,,1,Clear,1,Daylight,1,Dry,24500,"Trafficway, On Road",8/25/19 13:16
536,579562,1,41.358756,-72.925967,3097995,8/26/19,15:27:00,A,"Injury of any type (Serious, Minor, Possible)",C,Possible Injury (C),2,State,6.51,10,CT-10,10-N,,MATHER ST.,100,Feet,S,1,Clear,1,Daylight,1,Dry,27400,"Trafficway, On Road",8/26/19 15:27
7981,579563,1,41.334185,-72.91988,3097996,8/26/19,16:56:00,O,Property Damage Only,O,No Apparent Injury (O),1,Local,0.3,438,PROSPECT ST,PROSPECT ST,GOODRICH ST,,,,,1,Clear,1,Daylight,1,Dry,4700,"Trafficway, On Road",8/26/19 16:56
180,581319,1,41.366789,-72.920938,3099752,8/26/19,17:56:00,O,Property Damage Only,O,No Apparent Injury (O),2,State,7.12,10,CT-10,10-N,,CONNOLLY PWKY,123,Feet,S,1,Clear,1,Daylight,1,Dry,33000,"Trafficway, On Road",8/26/19 17:56
4817,579564,1,41.360006,-72.888718,3097997,8/26/19,18:34:00,O,Property Damage Only,O,No Apparent Injury (O),2,USRoute,3.36,5,US-5,5-N,,OLDS STREET ,384,Feet,N,1,Clear,1,Daylight,1,Dry,9400,"Trafficway, On Road",8/26/19 18:34
3238,586538,1,41.366674,-72.917862,3104970,8/26/19,21:25:00,O,Property Damage Only,O,No Apparent Injury (O),2,State,50.43,15,15-N,15-N,,Exit #60,1,TenthsofMile,N,1,Clear,5,Dark-Not Lighted,1,Dry,71500,"Trafficway, On Road",8/26/19 21:25
938,579565,1,41.405411,-72.898919,3097998,8/27/19,7:24:00,O,Property Damage Only,O,No Apparent Injury (O),3,State,10.38,10,CT-10,10-N,WOODRUFF ST,,,,,1,Clear,1,Daylight,1,Dry,25200,"Trafficway, On Road",8/27/19 7:24
7551,579566,1,41.337148,-72.92654,3097999,8/27/19,8:16:00,O,Property Damage Only,O,No Apparent Injury (O),2,Local,0.45,370,MORSE ST,MORSE ST,NEWHALL ST,,,,,1,Clear,1,Daylight,1,Dry,3200,"Trafficway, On Road",8/27/19 8:16
4789,581320,1,41.341177,-72.895791,3099753,8/27/19,10:24:00,O,Property Damage Only,O,No Apparent Injury (O),2,USRoute,2.01,5,US-5,5-N,HUBBARD RD,,,,,1,Clear,1,Daylight,1,Dry,10000,"Trafficway, On Road",8/27/19 10:24
8156,579567,1,41.339031,-72.902106,3098000,8/27/19,14:00:00,O,Property Damage Only,O,No Apparent Injury (O),2,Local,0.27,452,RIDGE RD,RIDGE RD,,Davis Street,351,Feet,S,1,Clear,1,Daylight,1,Dry,9200,"Trafficway, On Road",8/27/19 14:00
3370,586556,1,41.365737,-72.924027,3104988,8/27/19,15:18:00,A,"Injury of any type (Serious, Minor, Possible)",C,Possible Injury (C),2,State,50.09,15,15-N,15-N,,Exit #60,1,TenthsofMile,N,1,Clear,1,Daylight,1,Dry,61200,"Trafficway, On Road",8/27/19 15:18
3139,586560,1,41.35869,-72.94019,3104992,8/27/19,15:53:00,O,Property Damage Only,O,No Apparent Injury (O),2,State,49.11,15,15-N,15-N,,Exit #60,9,TenthsofMile,S,1,Clear,1,Daylight,1,Dry,78600,"Trafficway, On Road",8/27/19 15:53
2263,579568,1,41.384644,-72.901473,3098001,8/27/19,16:54:00,O,Property Damage Only,O,No Apparent Injury (O),2,State,8.89,10,CT-10,10-N,,SCHOOL ST,63,Feet,N,1,Clear,1,Daylight,1,Dry,16800,"Trafficway, On Road",8/27/19 16:54
2326,579569,1,41.383613,-72.90184,3098002,8/27/19,18:33:00,O,Property Damage Only,O,No Apparent Injury (O),2,State,8.81,10,CT-10,10-N,,Dixwell Avenue,50,Feet,N,1,Clear,1,Daylight,1,Dry,16400,"Trafficway, On Road",8/27/19 18:33
8618,579571,1,41.413826,-72.902035,3098004,8/28/19,5:42:00,A,"Injury of any type (Serious, Minor, Possible)",C,Possible Injury (C),2,Local,0,656,SHERMAN AV,SHERMAN AV NO 2,WHITNEY,,,,,1,Clear,1,Daylight,1,Dry,,"Trafficway, On Road",8/28/19 5:42
7049,581576,1,41.38929,-72.91112,3100009,8/28/19,8:17:00,O,Property Damage Only,O,No Apparent Injury (O),2,Local,0.24,713,HAMDEN HILLS DR,HAMDEN HILLS DR,,Evergreen Av,1,TenthsofMile,W,1,Clear,1,Daylight,1,Dry,8500,"Trafficway, On Road",8/28/19 8:17
4953,581377,1,41.380757,-72.90283,3099810,8/28/19,13:04:00,A,"Injury of any type (Serious, Minor, Possible)",C,Possible Injury (C),3,State,3.44,707,WHITNEY AV,707-N,WORTH AV,,,,,1,Clear,1,Daylight,1,Dry,16800,"Trafficway, On Road",8/28/19 13:04
280,579572,1,41.359102,-72.925755,3098005,8/28/19,17:06:00,O,Property Damage Only,O,No Apparent Injury (O),2,State,6.57,10,CT-10,10-N,MATHER ST,,,,,4,Rain,1,Daylight,2,Wet,32000,"Trafficway, On Road",8/28/19 17:06
3239,586609,1,41.371988,-72.912093,3105041,8/28/19,17:07:00,A,"Injury of any type (Serious, Minor, Possible)",C,Possible Injury (C),2,State,50.92,15,15-N,15-N,,Exit #60,8,TenthsofMile,N,4,Rain,1,Daylight,2,Wet,71500,"Trafficway, On Road",8/28/19 17:07
3431,586615,1,41.380214,-72.90152,3105047,8/28/19,18:55:00,O,Property Damage Only,O,No Apparent Injury (O),2,State,0.01,15,15-N,15-N-124,,Exit #61,1,Feet,N,4,Rain,1,Daylight,2,Wet,9500,"Trafficway, On Road",8/28/19 18:55
9117,582896,1,41.419775,-72.921217,3101329,8/28/19,19:39:00,O,Property Damage Only,O,No Apparent Injury (O),2,Local,0,575,WEST WOODS RD,WEST WOODS RD NO 1,SHEPARD AV,,,,,4,Rain,3,Dusk,2,Wet,3500,"Trafficway, On Road",8/28/19 19:39
6127,581937,1,41.352278,-72.935896,3100370,8/28/19,19:59:00,A,"Injury of any type (Serious, Minor, Possible)",B,Suspected Minor Injury (B),2,Local,0.96,99,CIRCULAR AV,CIRCULAR AV,PEARL AV,,,,,4,Rain,4,Dark-Lighted,2,Wet,7200,"Trafficway, On Road",8/28/19 19:59
5144,579573,1,41.341695,-72.912825,3098006,8/29/19,12:52:00,O,Property Damage Only,O,No Apparent Injury (O),2,State,0.62,707,WHITNEY AV,707-N,,DAVIS ST,25,Feet,N,1,Clear,1,Daylight,1,Dry,13500,"Trafficway, On Road",8/29/19 12:52
1299,581321,1,41.369671,-72.918993,3099754,8/29/19,14:16:00,O,Property Damage Only,O,No Apparent Injury (O),2,State,7.34,10,CT-10,10-N,,Connolly Pkwy,1,TenthsofMile,N,1,Clear,1,Daylight,1,Dry,23600,"Trafficway, On Road",8/29/19 14:16
4229,581378,1,41.366262,-72.921581,3099811,8/29/19,20:13:00,A,"Injury of any type (Serious, Minor, Possible)",B,Suspected Minor Injury (B),2,State,0,15,15-S,15-S-118,10-N,,,,,1,Clear,4,Dark-Lighted,1,Dry,9500,"Trafficway, On Road",8/29/19 20:13
1300,581577,1,41.369441,-72.919109,3100010,8/29/19,22:21:00,O,Property Damage Only,O,No Apparent Injury (O),2,State,7.32,10,CT-10,10-N,,Connolly Parkway,2,TenthsofMile,N,1,Clear,4,Dark-Lighted,1,Dry,23600,"Trafficway, On Road",8/29/19 22:21
1399,581578,1,41.353935,-72.929703,3100011,8/30/19,15:33:00,O,Property Damage Only,O,No Apparent Injury (O),2,State,6.13,10,CT-10,10-N,TREADWELL ST,,,,,1,Clear,1,Daylight,1,Dry,23300,"Trafficway, On Road",8/30/19 15:33
3894,586682,1,41.374522,-72.90962,3105114,8/30/19,15:38:00,O,Property Damage Only,O,No Apparent Injury (O),2,State,51.13,15,15-S,15-S,,Exit #61,4,TenthsofMile,S,1,Clear,1,Daylight,1,Dry,71500,"Trafficway, On Road",8/30/19 15:38
2015,579574,1,41.403372,-72.898223,3098007,8/30/19,15:41:00,O,Property Damage Only,O,No Apparent Injury (O),2,State,10.24,10,CT-10,10-N,,Dickerman St,150,Feet,S,1,Clear,1,Daylight,1,Dry,18300,"Trafficway, On Road",8/30/19 15:41
4281,586687,1,41.3793972,-72.90375396,3105119,8/30/19,16:15:00,O,Property Damage Only,O,No Apparent Injury (O),2,State,0.16,15,15-S,15-S-123,,Exit #61,3,Feet,S,1,Clear,1,Daylight,1,Dry,9500,"Trafficway, On Road",8/30/19 16:15
939,579575,1,41.409606,-72.900518,3098008,8/30/19,16:25:00,A,"Injury of any type (Serious, Minor, Possible)",B,Suspected Minor Injury (B),2,State,10.69,10,CT-10,10-N,,Evergreen Ave,40,Feet,S,1,Clear,1,Daylight,1,Dry,25200,"Trafficway, On Road",8/30/19 16:25
4533,581579,1,41.403546,-72.895679,3100012,8/30/19,20:34:00,O,Property Damage Only,O,No Apparent Injury (O),2,State,0.14,22,CT-22,22-E,NEW RD,,,,,1,Clear,4,Dark-Lighted,1,Dry,5600,"Trafficway, On Road",8/30/19 20:34
1162,579576,1,41.342429,-72.934776,3098009,8/30/19,20:41:00,O,Property Damage Only,O,No Apparent Injury (O),2,State,5.29,10,CT-10,10-N,FIRST ST,,,,,1,Clear,4,Dark-Lighted,1,Dry,24000,"Trafficway, On Road",8/30/19 20:41
9291,581398,1,41.345518,-72.942072,3099831,8/31/19,14:36:00,O,Property Damage Only,O,No Apparent Injury (O),2,Local,1.29,598,WOODIN ST,WOODIN ST,ROCHFORD AV,,,,,1,Clear,1,Daylight,1,Dry,,"Trafficway, On Road",8/31/19 14:36
8575,600714,1,41.399955,-72.916429,3119143,8/31/19,14:53:00,O,Property Damage Only,O,No Apparent Injury (O),1,Local,0.8,491,SHERMAN AV,SHERMAN AV NO 1,,Crestway ,1,TenthsofMile,N,1,Clear,1,Daylight,1,Dry,5700,Non-trafficway,8/31/19 14:53
43,581399,1,41.3635,-72.923275,3099832,8/31/19,17:16:00,O,Property Damage Only,O,No Apparent Injury (O),2,State,6.86,10,CT-10,10-N,,Wheeler Street,100,Feet,S,1,Clear,1,Daylight,1,Dry,41000,"Trafficway, On Road",8/31/19 17:16
8645,581580,1,41.372003,-72.908553,3100013,9/1/19,18:01:00,O,Property Damage Only,O,No Apparent Injury (O),2,Local,0.13,494,SKIFF ST,SKIFF ST,,Whitney Avenue,662,Feet,W,1,Clear,1,Daylight,1,Dry,24500,"Trafficway, On Road",9/1/19 18:01
3138,580225,1,41.360586,-72.935549,3098658,9/2/19,10:21:00,O,Property Damage Only,O,No Apparent Injury (O),2,State,49.39,15,15-N,15-N,,Exit 60,6,TenthsofMile,S,1,Clear,1,Daylight,1,Dry,78600,"Trafficway, On Road",9/2/19 10:21
4087,580792,1,41.365636,-72.924906,3099225,9/3/19,0:23:00,O,Property Damage Only,O,No Apparent Injury (O),1,State,50.07,15,15-S,15-S,,exit 60,100,Feet,N,4,Rain,5,Dark-Not Lighted,2,Wet,61200,"Trafficway, On Road",9/3/19 0:23
3152,709968,1,41.347941,-72.966809,3228370,9/3/19,5:43:00,A,"Injury of any type (Serious, Minor, Possible)",A,Suspected Serious Injury (A),2,State,47.5,15,15-N,15-N,,exit 59,4919,Feet,N,1,Clear,5,Dark-Not Lighted,1,Dry,78600,"Trafficway, On Road",9/3/19 5:43
3663,586839,1,41.359234,-72.939226,3105271,9/3/19,6:47:00,O,Property Damage Only,O,No Apparent Injury (O),2,State,49.19,15,15-S,15-S,,Exit 60,9,TenthsofMile,S,1,Clear,1,Daylight,1,Dry,78600,"Trafficway, On Road",9/3/19 6:47
3358,586841,1,41.380726,-72.900699,3105273,9/3/19,7:09:00,O,Property Damage Only,O,No Apparent Injury (O),2,State,51.76,15,15-N,15-N,EXIT 15,,,,,1,Clear,1,Daylight,1,Dry,63800,"Trafficway, On Road",9/3/19 7:09
3664,586844,1,41.358903,-72.939996,3105276,9/3/19,7:25:00,O,Property Damage Only,O,No Apparent Injury (O),2,State,49.14,15,15-S,15-S,,Exit 60,9,TenthsofMile,S,1,Clear,1,Daylight,1,Dry,78600,"Trafficway, On Road",9/3/19 7:25
537,581581,1,41.35555,-72.928508,3100014,9/3/19,8:11:00,O,Property Damage Only,O,No Apparent Injury (O),2,State,6.25,10,CT-10,10-N,,St. James St.,200,Feet,S,1,Clear,1,Daylight,1,Dry,27400,"Trafficway, On Road",9/3/19 8:11
7978,581582,1,41.41935596,-72.89361088,3100015,9/3/19,9:19:00,A,"Injury of any type (Serious, Minor, Possible)",C,Possible Injury (C),2,,,,PRIVATE DR,Private Dr,,New Rd,10,Feet,N,1,Clear,1,Daylight,1,Dry,,"Trafficway, On Road",9/3/19 9:19
7148,581400,1,41.349814,-72.944215,3099833,9/3/19,13:27:00,O,Property Damage Only,O,No Apparent Injury (O),2,Local,0.57,251,HELEN ST,HELEN ST,PINE ROCK AV NO 1,,,,,1,Clear,1,Daylight,1,Dry,3000,"Trafficway, On Road",9/3/19 13:27
6431,582898,1,41.335762,-72.935162,3101331,9/3/19,13:46:00,O,Property Damage Only,O,No Apparent Injury (O),2,Local,0.02,142,DIXWELL AV,DIXWELL AV NO 1,GOODRICH ST,,,,,1,Clear,1,Daylight,1,Dry,15600,"Trafficway, On Road",9/3/19 13:46
2399,581401,1,41.392242,-72.897547,3099834,9/3/19,13:59:00,O,Property Damage Only,O,No Apparent Injury (O),2,State,9.46,10,CT-10,10-N,JAMES ST,,,,,1,Clear,1,Daylight,1,Dry,14700,"Trafficway, On Road",9/3/19 13:59
585,584377,1,41.345685,-72.93413,3102809,9/3/19,16:03:00,O,Property Damage Only,O,No Apparent Injury (O),2,State,5.51,10,CT-10,10-N,,Putnam Ave,130,Feet,S,1,Clear,1,Daylight,1,Dry,26600,"Trafficway, On Road",9/3/19 16:03