,CrashId,Fatal Case Status,lat,lon,DOT Case Number,Date Of Crash,Time of Crash,Crash Severity,Crash Severity Text Format,Most Severe Injury,Most Severe Injury Text Format,Number Of Motor Vehicles,Route Class Text Format,Milemarker,Road Number,Road Description,Roadway Name,Intersecting Roadway Name,Landmark Description,Distance From Nearest Landmark,Unit Of Measure From Nearest Landmark,Direction From Nearest Landmark,Weather Condition,Weather Condition Text Format,Light Condition,Light Condition Text Format,Road Surface Condition,Road Surface Condition Text Format,Average Daily Traffic,Trafficway Class Text Format,full_date
3140,586894,1,41.347545,-72.967182,3105326,9/3/19,18:36:00,O,Property Damage Only,O,No Apparent Injury (O),2,State,47.47,15,15-N,15-N,,Exit #59,9,TenthsofMile,N,1,Clear,1,Daylight,1,Dry,78600,"Trafficway, On Road",9/3/19 18:36
6263,584411,1,41.349766,-72.932412,3102843,9/3/19,20:07:00,O,Property Damage Only,O,No Apparent Injury (O),2,Local,0.01,106,COLLINS ST,COLLINS ST,,Dixwell Avenue,50,Feet,W,1,Clear,4,Dark-Lighted,1,Dry,,"Trafficway, On Road",9/3/19 20:07
4230,586897,1,41.366508,-72.922297,3105329,9/3/19,21:09:00,O,Property Damage Only,O,No Apparent Injury (O),2,State,0.05,15,15-S,15-S-118,,Dixwell Ave.,20,Feet,W,1,Clear,5,Dark-Not Lighted,1,Dry,9500,"Trafficway, On Road",9/3/19 21:09
1301,581810,1,41.37133,-72.91805,3100243,9/4/19,11:28:00,O,Property Damage Only,O,No Apparent Injury (O),2,State,7.46,10,CT-10,10-N,,Skiff St,1284,Feet,S,1,Clear,1,Daylight,1,Dry,23600,"Trafficway, On Road",9/4/19 11:28
5800,581402,1,41.364728,-72.930492,3099835,9/4/19,12:48:00,O,Property Damage Only,O,No Apparent Injury (O),2,Local,0.37,42,BENHAM ST,BENHAM ST,VANTAGE RD,,,,,1,Clear,1,Daylight,1,Dry,12800,"Trafficway, On Road",9/4/19 12:48
7262,581583,1,41.349904,-72.918982,3100016,9/4/19,20:40:00,O,Property Damage Only,O,No Apparent Injury (O),1,Local,0.15,306,LAKE ST,LAKE ST,,Treadwell St.,15,Feet,N,2,Cloudy,4,Dark-Lighted,2,Wet,,"Trafficway, Not on Road",9/4/19 20:40
8295,581584,1,41.385222,-72.90685,3100017,9/4/19,22:52:00,O,Property Damage Only,O,No Apparent Injury (O),2,Local,0,480,SCHOOL ST,SCHOOL ST,EVERGREEN AV,,,,,2,Cloudy,4,Dark-Lighted,2,Wet,5300,"Trafficway, On Road",9/4/19 22:52
8427,582899,1,41.3807,-72.917,3101332,9/5/19,15:14:00,O,Property Damage Only,O,No Apparent Injury (O),2,Local,0.29,489,SHEPARD AV,SHEPARD AV,,Mix Avenue,60,Feet,S,1,Clear,1,Daylight,1,Dry,1400,"Trafficway, Not on Road",9/5/19 15:14
6885,582900,1,41.380875,-72.93305,3101333,9/5/19,15:16:00,A,"Injury of any type (Serious, Minor, Possible)",B,Suspected Minor Injury (B),1,Local,0.01,221,GOEBEL RD,GOEBEL RD,,Howard Ave.,52,Feet,N,1,Clear,1,Daylight,1,Dry,100,"Trafficway, On Road",9/5/19 15:16
7783,582901,1,41.363823,-72.923468,3101334,9/6/19,8:13:00,O,Property Damage Only,O,No Apparent Injury (O),2,Local,0.01,410,PALMER AV,PALMER AV,,10-N,50,Feet,W,1,Clear,1,Daylight,1,Dry,,"Trafficway, On Road",9/6/19 8:13
8965,582902,1,41.356318,-72.921019,3101335,9/6/19,10:07:00,O,Property Damage Only,O,No Apparent Injury (O),2,Local,1.18,548,WAITE ST,WAITE ST,MATHER ST,,,,N,2,Cloudy,1,Daylight,1,Dry,3200,"Trafficway, On Road",9/6/19 10:07
676,582903,1,41.41524,-72.90269,3101336,9/6/19,14:52:00,O,Property Damage Only,O,No Apparent Injury (O),2,State,11.09,10,CT-10,10-N,,Sherman Ave,250,Feet,N,1,Clear,1,Daylight,1,Dry,25700,"Trafficway, On Road",9/6/19 14:52
1924,582904,1,41.421011,-72.904808,3101337,9/6/19,16:29:00,O,Property Damage Only,O,No Apparent Injury (O),2,State,11.51,10,CT-10,10-N,,West Woods Road,100,Feet,N,4,Rain,1,Daylight,2,Wet,19000,"Trafficway, On Road",9/6/19 16:29
677,582905,1,41.415683,-72.902797,3101338,9/6/19,17:05:00,A,"Injury of any type (Serious, Minor, Possible)",C,Possible Injury (C),2,State,11.12,10,CT-10,10-N,,SHERMAN AV NO 1,490,Feet,N,4,Rain,1,Daylight,2,Wet,25700,"Trafficway, On Road",9/6/19 17:05
941,583216,1,41.413426,-72.901843,3101649,9/6/19,17:19:00,O,Property Damage Only,O,No Apparent Injury (O),2,State,10.96,10,CT-10,10-N,,Sherman Avenue,159,Feet,S,4,Rain,3,Dusk,2,Wet,25200,"Trafficway, On Road",9/6/19 17:19
4534,582883,1,41.403518,-72.895614,3101316,9/6/19,21:27:00,A,"Injury of any type (Serious, Minor, Possible)",C,Possible Injury (C),2,State,0.14,22,CT-22,22-E,NEW RD,,,,,2,Cloudy,4,Dark-Lighted,2,Wet,5600,"Trafficway, On Road",9/6/19 21:27
1402,583418,1,41.350972,-72.931429,3101851,9/7/19,8:50:00,O,Property Damage Only,O,No Apparent Injury (O),2,State,5.91,10,CT-10,10-N,,Beacon St,111,Feet,S,1,Clear,1,Daylight,1,Dry,23300,"Trafficway, On Road",9/7/19 8:50
8011,583419,1,41.345538,-72.932628,3101852,9/7/19,10:20:00,A,"Injury of any type (Serious, Minor, Possible)",C,Possible Injury (C),2,Local,1.1,439,PUTNAM AV,PUTNAM AV,,Dixwell Ave,444,Feet,E,1,Clear,1,Daylight,1,Dry,11600,"Trafficway, On Road",9/7/19 10:20
6128,583421,1,41.353783,-72.936322,3101854,9/7/19,12:49:00,O,Property Damage Only,O,No Apparent Injury (O),2,Local,0.86,99,CIRCULAR AV,CIRCULAR AV,,Church St,336,Feet,S,1,Clear,1,Daylight,1,Dry,7200,"Trafficway, On Road",9/7/19 12:49
8778,583422,1,41.376348,-72.919985,3101855,9/7/19,13:13:00,A,"Injury of any type (Serious, Minor, Possible)",C,Possible Injury (C),2,Local,0.24,495,SKIFF ST EXT,SKIFF ST EXT,,MIX AVENUE,73,Feet,E,1,Clear,1,Daylight,1,Dry,9400,"Trafficway, On Road",9/7/19 13:13
4572,583423,1,41.397028,-72.891448,3101856,9/7/19,17:50:00,O,Property Damage Only,O,No Apparent Injury (O),1,State,0.67,22,CT-22,22-E,,Rolling Ridge Road,100,Feet,N,1,Clear,1,Daylight,1,Dry,3700,"Trafficway, On Road",9/7/19 17:50
6549,583424,1,41.374541,-72.950005,3101857,9/7/19,21:11:00,A,"Injury of any type (Serious, Minor, Possible)",C,Possible Injury (C),1,Local,1.79,152,DUNBAR HILL RD,DUNBAR HILL RD,,High Ridge Road,200,Feet,N,1,Clear,4,Dark-Lighted,1,Dry,,"Trafficway, On Road",9/7/19 21:11
3895,587292,1,41.370636,-72.913805,3105724,9/8/19,10:53:00,O,Property Damage Only,O,No Apparent Injury (O),1,State,50.79,15,15-S,15-S,,Exit #60,6,TenthsofMile,N,1,Clear,1,Daylight,1,Dry,71500,"Trafficway, On Road",9/8/19 10:53
8245,582810,1,41.407639,-72.915024,3101243,9/8/19,11:49:00,O,Property Damage Only,O,No Apparent Injury (O),2,Local,0.44,461,ROCKY TOP RD,ROCKY TOP RD,,Greens Ridge Rd,100,Feet,W,1,Clear,1,Daylight,1,Dry,,"Trafficway, On Road",9/8/19 11:49
7902,582906,1,41.34258759,-72.94558729,3101339,9/8/19,13:05:00,O,Property Damage Only,O,No Apparent Injury (O),1,Local,0.45,664,PINE ROCK AV,PINE ROCK AV NO 2,,HIGH TOP CIRCLE,105,Feet,N,1,Clear,1,Daylight,1,Dry,6600,"Trafficway, Not on Road",9/8/19 13:05
6005,584413,1,41.351867,-72.944966,3102845,9/9/19,12:55:00,A,"Injury of any type (Serious, Minor, Possible)",B,Suspected Minor Injury (B),2,Local,0.41,63,BROOK ST,BROOK ST,REYNA RD,,,,,1,Clear,1,Daylight,1,Dry,3200,"Trafficway, On Road",9/9/19 12:55
181,584414,1,41.366444,-72.921469,3102846,9/9/19,14:25:00,O,Property Damage Only,O,No Apparent Injury (O),2,State,7.08,10,CT-10,10-N,,15-S-118,50,Feet,N,1,Clear,1,Daylight,1,Dry,33000,"Trafficway, On Road",9/9/19 14:25
8012,584783,1,41.344218,-72.929661,3103215,9/9/19,16:35:00,O,Property Damage Only,O,No Apparent Injury (O),2,Local,0.92,439,PUTNAM AV,PUTNAM AV,,Gallegher Road,300,Feet,E,1,Clear,1,Daylight,1,Dry,11600,"Trafficway, On Road",9/9/19 16:35
1163,584784,1,41.342444,-72.934799,3103216,9/9/19,20:04:00,O,Property Damage Only,O,No Apparent Injury (O),2,State,5.29,10,CT-10,10-N,FIRST ST,,,,,1,Clear,4,Dark-Lighted,1,Dry,24000,"Trafficway, On Road",9/9/19 20:04
2447,582874,1,41.401661,-72.897767,3101307,9/9/19,23:07:00,A,"Injury of any type (Serious, Minor, Possible)",B,Suspected Minor Injury (B),1,State,10.11,10,CT-10,10-N,40N,,,,,1,Clear,4,Dark-Lighted,1,Dry,12900,"Trafficway, On Road",9/9/19 23:07
2491,584785,1,41.338393,-72.938317,3103217,9/10/19,9:08:00,O,Property Damage Only,O,No Apparent Injury (O),2,State,4.85,10,CT-10,10-N,DIX ST,,,,,2,Cloudy,1,Daylight,1,Dry,12400,"Trafficway, On Road",9/10/19 9:08
3141,587487,1,41.363063,-72.93048,3105919,9/10/19,11:34:00,O,Property Damage Only,O,No Apparent Injury (O),2,State,49.7,15,15-N,15-N,,Exit #60,3,Feet,S,1,Clear,1,Daylight,1,Dry,78600,"Trafficway, On Road",9/10/19 11:34
3986,587408,1,41.378759,-72.904113,3105840,9/10/19,11:34:00,A,"Injury of any type (Serious, Minor, Possible)",C,Possible Injury (C),2,State,51.57,15,15-S,15-S,,Exit #61,3,Feet,N,1,Clear,1,Daylight,1,Dry,68000,"Trafficway, On Road",9/10/19 11:34
44,584786,1,41.363489,-72.92339,3103218,9/10/19,12:07:00,O,Property Damage Only,O,No Apparent Injury (O),2,State,6.86,10,CT-10,10-N,,Wheeler St.,100,Feet,S,2,Cloudy,1,Daylight,1,Dry,41000,"Trafficway, On Road",9/10/19 12:07
45,589630,1,41.362749,-72.923661,3108061,9/10/19,15:00:00,O,Property Damage Only,O,No Apparent Injury (O),2,State,6.81,10,CT-10,10-N,,benham st,120,Feet,N,1,Clear,1,Daylight,1,Dry,41000,"Trafficway, On Road",9/10/19 15:00
8157,584787,1,41.336103,-72.900793,3103219,9/10/19,15:20:00,O,Property Damage Only,O,No Apparent Injury (O),2,Local,0.05,452,RIDGE RD,RIDGE RD,FRANKLIN RD,,,,,1,Clear,1,Daylight,1,Dry,9200,"Trafficway, On Road",9/10/19 15:20
3506,587419,1,41.380662,-72.90075,3105851,9/10/19,16:06:00,O,Property Damage Only,O,No Apparent Injury (O),2,State,0.23,15,15-N,15-N-125,,Rt 15,33,Feet,S,1,Clear,1,Daylight,1,Dry,2300,"Trafficway, On Road",9/10/19 16:06
1167,589631,1,41.344384,-72.934365,3108062,9/10/19,16:53:00,O,Property Damage Only,O,No Apparent Injury (O),2,State,5.42,10,CT-10,10-N,,Woodin St,10,Feet,S,1,Clear,1,Daylight,1,Dry,24000,"Trafficway, On Road",9/10/19 16:53
5495,584957,1,41.383219,-72.899539,3103389,9/10/19,17:59:00,O,Property Damage Only,O,No Apparent Injury (O),2,State,0.12,717,DIXWELL AV,717-E,,Washington Ave,100,Feet,W,1,Clear,1,Daylight,1,Dry,15600,"Trafficway, On Road",9/10/19 17:59
5759,584958,1,41.358481,-72.934319,3103390,9/10/19,18:00:00,O,Property Damage Only,O,No Apparent Injury (O),1,Local,0.16,32,BATTIS RD,BATTIS RD,,Claire Terrace,20,Feet,S,1,Clear,1,Daylight,1,Dry,,"Trafficway, Not on Road",9/10/19 18:00
6433,584968,1,41.335764,-72.935176,3103400,9/10/19,22:16:00,O,Property Damage Only,O,No Apparent Injury (O),3,Local,0.02,142,DIXWELL AV,DIXWELL AV NO 1,GOODRICH ST,,,,,1,Clear,4,Dark-Lighted,1,Dry,15600,"Trafficway, On Road",9/10/19 22:16
5016,584969,1,41.346649,-72.912706,3103401,9/11/19,8:25:00,O,Property Damage Only,O,No Apparent Injury (O),2,State,0.99,707,WHITNEY AV,707-N,RALSTON AV,,,,,1,Clear,1,Daylight,1,Dry,14300,"Trafficway, On Road",9/11/19 8:25
4282,587492,1,41.379399,-72.903754,3105924,9/11/19,17:22:00,A,"Injury of any type (Serious, Minor, Possible)",C,Possible Injury (C),2,State,0.16,15,15-S,15-S-123,,Whitney Ave,500,Feet,S,1,Clear,1,Daylight,1,Dry,9500,"Trafficway, On Road",9/11/19 17:22
7304,608098,1,41.347443,-72.920246,3126526,9/11/19,19:30:00,O,Property Damage Only,,,2,Local,0.5,317,LEEDER HILL DR,LEEDER HILL DR,,treadwell st,4,TenthsofMile,S,1,Clear,1,Daylight,1,Dry,3600,"Trafficway, On Road",9/11/19 19:30
7764,585015,1,41.384022,-72.907249,3103447,9/11/19,21:46:00,O,Property Damage Only,O,No Apparent Injury (O),2,Local,0.16,143,OLD DIXWELL AV,OLD DIXWELL AV,EVERGREEN AV,,,,,1,Clear,5,Dark-Not Lighted,1,Dry,,"Trafficway, On Road",9/11/19 21:46
539,589993,1,41.354557,-72.929245,3108424,9/12/19,8:46:00,O,Property Damage Only,O,No Apparent Injury (O),2,State,6.17,10,CT-10,10-N,,Cumley St.,50,Feet,N,1,Clear,1,Daylight,1,Dry,27400,"Trafficway, On Road",9/12/19 8:46
6099,585025,1,41.35362,-72.93305,3103457,9/12/19,9:08:00,A,"Injury of any type (Serious, Minor, Possible)",B,Suspected Minor Injury (B),2,Local,0.13,97,CHURCH ST,CHURCH ST,GARDEN ST,,,,,1,Clear,1,Daylight,1,Dry,,"Trafficway, On Road",9/12/19 9:08
2492,585026,1,41.338429,-72.939884,3103458,9/12/19,15:01:00,O,Property Damage Only,O,No Apparent Injury (O),2,State,4.76,10,CT-10,10-N,WARNER ST,,,,,2,Cloudy,1,Daylight,1,Dry,12400,"Trafficway, On Road",9/12/19 15:01
678,585284,1,41.416385,-72.90307,3103716,9/12/19,20:05:00,A,"Injury of any type (Serious, Minor, Possible)",B,Suspected Minor Injury (B),2,State,11.17,10,CT-10,10-N,,Sherman Ave.,300,Feet,N,2,Cloudy,4,Dark-Lighted,1,Dry,25700,"Trafficway, On Road",9/12/19 20:05
7624,584790,1,41.42360186,-72.88040559,3103222,9/13/19,1:05:00,O,Property Damage Only,O,No Apparent Injury (O),1,Local,0.78,375,MOUNT CARMEL AV,MOUNT CARMEL AV,KINGS HWY,,,,,1,Clear,4,Dark-Lighted,1,Dry,2100,"Trafficway, On Road",9/13/19 1:05
8185,585285,1,41.353393,-72.902784,3103717,9/13/19,7:47:00,O,Property Damage Only,O,No Apparent Injury (O),2,Local,1.29,452,RIDGE RD,RIDGE RD,WAITE ST,,,,,1,Clear,1,Daylight,1,Dry,5300,"Trafficway, On Road",9/13/19 7:47
3667,589447,1,41.362942,-72.930915,3107878,9/13/19,15:54:00,O,Property Damage Only,O,No Apparent Injury (O),4,State,49.69,15,15-S,15-S,,Exit 60,5,TenthsofMile,S,1,Clear,1,Daylight,1,Dry,78600,"Trafficway, On Road",9/13/19 15:54
5784,585287,1,41.367814,-72.946453,3103719,9/13/19,17:49:00,O,Property Damage Only,O,No Apparent Injury (O),2,Local,1.23,42,BENHAM ST,BENHAM ST,,Schupp Rd.,500,Feet,E,1,Clear,1,Daylight,1,Dry,12900,"Trafficway, On Road",9/13/19 17:49
538,585804,1,41.356229,-72.928079,3104236,9/14/19,6:00:00,A,"Injury of any type (Serious, Minor, Possible)",C,Possible Injury (C),1,State,6.31,10,CT-10,10-N,,ST JAMES ST,55,Feet,N,1,Clear,4,Dark-Lighted,1,Dry,27400,"Trafficway, Not on Road",9/14/19 6:00
6761,585301,1,41.393805,-72.904407,3103733,9/14/19,9:36:00,O,Property Damage Only,O,No Apparent Injury (O),2,Local,0.38,196,FOREST ST,FOREST ST,EVERGREEN AV,,,,,1,Clear,1,Daylight,1,Dry,650,"Trafficway, On Road",9/14/19 9:36
944,585914,1,41.346424,-72.933844,3104346,9/14/19,11:11:00,O,Property Damage Only,O,No Apparent Injury (O),2,State,5.57,10,CT-10,10-N,,Putnam Avenue,25,Feet,N,1,Clear,1,Daylight,1,Dry,25200,"Trafficway, On Road",9/14/19 11:11
7682,605605,1,41.339767,-72.926463,3124033,9/14/19,13:12:00,O,Property Damage Only,O,No Apparent Injury (O),2,Local,0.27,385,NEWHALL ST,NEWHALL ST,MILL ROCK RD,,,,,4,Rain,1,Daylight,2,Wet,7700,"Trafficway, On Road",9/14/19 13:12
3665,587735,1,41.349851,-72.964859,3106167,9/14/19,15:56:00,O,Property Damage Only,O,No Apparent Injury (O),2,State,47.67,15,15-S,15-S,,EXIT 59,10,TenthsofMile,N,1,Clear,1,Daylight,1,Dry,78600,"Trafficway, On Road",9/14/19 15:56
1170,594736,1,41.340885,-72.9351,3113167,9/14/19,19:37:00,O,Property Damage Only,O,No Apparent Injury (O),2,State,5.18,10,CT-10,10-N,,Whiting Street,50,Feet,S,1,Clear,4,Dark-Lighted,1,Dry,24000,"Trafficway, Not on Road",9/14/19 19:37
5801,585302,1,41.362661,-72.9238,3103734,9/15/19,8:58:00,O,Property Damage Only,O,No Apparent Injury (O),2,Local,0,42,BENHAM ST,BENHAM ST,DIXWELL AVE,,,,,1,Clear,1,Daylight,1,Dry,12800,"Trafficway, On Road",9/15/19 8:58
3439,606442,1,41.3805051,-72.9007409,3124870,9/15/19,12:18:00,O,Property Damage Only,O,No Apparent Injury (O),2,State,0.21,15,15-N,15-N-125,15-N,,,,,1,Clear,1,Daylight,1,Dry,9500,"Trafficway, On Road",9/15/19 12:18
586,585303,1,41.3464,-72.933935,3103735,9/15/19,13:37:00,A,"Injury of any type (Serious, Minor, Possible)",B,Suspected Minor Injury (B),2,State,5.56,10,CT-10,10-N,PUTNAM AV,,,,,1,Clear,1,Daylight,1,Dry,26600,"Trafficway, On Road",9/15/19 13:37
1302,585315,1,41.369497,-72.91911,3103747,9/15/19,14:03:00,O,Property Damage Only,O,No Apparent Injury (O),2,State,7.33,10,CT-10,10-N,,Connolly Parkway ,950,Feet,N,1,Clear,1,Daylight,1,Dry,23600,"Trafficway, Not on Road",9/15/19 14:03
7097,585316,1,41.341454,-72.9075,3103748,9/15/19,17:55:00,O,Property Damage Only,O,No Apparent Injury (O),1,Local,0.2,242,HARTFORD TPK,HARTFORD TPK,,Davis Street,31,Feet,N,1,Clear,1,Daylight,1,Dry,3200,"Trafficway, Not on Road",9/15/19 17:55
1164,585944,1,41.342442,-72.934808,3104376,9/16/19,8:06:00,O,Property Damage Only,O,No Apparent Injury (O),2,State,5.29,10,CT-10,10-N,HAMDEN PARK DR,,,,,4,Rain,1,Daylight,2,Wet,24000,"Trafficway, On Road",9/16/19 8:06
8254,589632,1,41.35798,-72.936078,3108063,9/16/19,8:52:00,O,Property Damage Only,O,No Apparent Injury (O),2,Local,0.07,467,ROSE ST,ROSE ST,BATTIS RD,,,,,2,Cloudy,1,Daylight,2,Wet,,"Trafficway, On Road",9/16/19 8:52
6334,585945,1,41.341785,-72.912342,3104377,9/16/19,9:53:00,O,Property Damage Only,O,No Apparent Injury (O),1,Local,0.78,128,DAVIS ST,DAVIS ST,,WHITNEY AVE,75,Feet,W,2,Cloudy,1,Daylight,2,Wet,11300,"Trafficway, On Road",9/16/19 9:53
182,585317,1,41.367116,-72.920718,3103749,9/16/19,14:03:00,O,Property Damage Only,O,No Apparent Injury (O),2,State,7.14,10,CT-10,10-N,CONNOLLY PKWY,,,,,1,Clear,1,Daylight,1,Dry,33000,"Trafficway, On Road",9/16/19 14:03
5145,585805,1,41.343618,-72.912125,3104237,9/16/19,14:52:00,O,Property Damage Only,O,No Apparent Injury (O),2,State,0.77,707,WHITNEY AV,707-N,ELI RD,,,,,1,Clear,1,Daylight,1,Dry,13500,"Trafficway, On Road",9/16/19 14:52
5017,585806,1,41.347979,-72.913181,3104238,9/16/19,14:59:00,A,"Injury of any type (Serious, Minor, Possible)",B,Suspected Minor Injury (B),3,State,1.08,707,WHITNEY AV,707-N,MATHER ST,,,,N,1,Clear,1,Daylight,1,Dry,14300,"Trafficway, On Road",9/16/19 14:59
2092,585807,1,41.428748,-72.906426,3104239,9/16/19,15:01:00,O,Property Damage Only,O,No Apparent Injury (O),1,State,12.04,10,CT-10,10-N,,TUTTLE AVE,100,Feet,N,1,Clear,1,Daylight,1,Dry,17500,"Trafficway, On Road",9/16/19 15:01
5191,585826,1,41.368572,-72.907227,3104258,9/16/19,15:27:00,O,Property Damage Only,O,No Apparent Injury (O),2,State,2.57,707,WHITNEY AV,707-N,,Glendower Rd,200,Feet,N,1,Clear,1,Daylight,1,Dry,13300,"Trafficway, On Road",9/16/19 15:27
5641,585827,1,41.376647,-72.915459,3104259,9/16/19,17:52:00,O,Property Damage Only,O,No Apparent Injury (O),2,State,0.03,753,CT-10,753-S,SHEPARD AV,,,,,1,Clear,1,Daylight,1,Dry,13900,"Trafficway, On Road",9/16/19 17:52
6563,585828,1,41.337052,-72.936247,3104260,9/17/19,7:53:00,O,Property Damage Only,O,No Apparent Injury (O),2,Local,0.09,158,EASTON ST,EASTON ST,,Alstrum St,34,Feet,E,1,Clear,1,Daylight,1,Dry,,"Trafficway, On Road",9/17/19 7:53
7833,585829,1,41.329626,-72.900272,3104261,9/17/19,9:52:00,O,Property Damage Only,O,No Apparent Injury (O),2,Local,0.08,414,PARK RD,PARK RD,,STATE STREET,419,Feet,W,1,Clear,1,Daylight,1,Dry,2800,"Trafficway, On Road",9/17/19 9:52
9159,587552,1,41.386764,-72.912741,3105984,9/17/19,10:06:00,O,Property Damage Only,O,No Apparent Injury (O),2,Local,0.36,569,WESTMINISTER ST,WESTMINISTER ST,,COLONY STREET,100,Feet,S,1,Clear,1,Daylight,1,Dry,,"Trafficway, On Road",9/17/19 10:06
943,585866,1,41.405401,-72.898946,3104298,9/17/19,12:42:00,O,Property Damage Only,O,No Apparent Injury (O),2,State,10.38,10,CT-10,10-N,WOODRUFF ST,,,,,1,Clear,1,Daylight,1,Dry,25200,"Trafficway, On Road",9/17/19 12:42
4954,585867,1,41.380284,-72.903037,3104299,9/17/19,15:53:00,O,Property Damage Only,O,No Apparent Injury (O),2,State,3.4,707,WHITNEY AV,707-N,,Worth Ave.,50,Feet,S,1,Clear,1,Daylight,1,Dry,16800,"Trafficway, On Road",9/17/19 15:53
3347,594107,1,41.384464,-72.893586,3112538,9/17/19,15:54:00,A,"Injury of any type (Serious, Minor, Possible)",B,Suspected Minor Injury (B),3,State,52.22,15,15-N,15-N,,Exit 61,5,Feet,N,1,Clear,1,Daylight,1,Dry,64100,"Trafficway, On Road",9/17/19 15:54
8779,588951,1,41.376546,-72.92019,3107383,9/17/19,17:30:00,A,"Injury of any type (Serious, Minor, Possible)",C,Possible Injury (C),2,Local,0.26,495,SKIFF ST EXT,SKIFF ST EXT,MIX AV,,,,,1,Clear,1,Daylight,1,Dry,9400,"Trafficway, On Road",9/17/19 17:30
9258,589633,1,41.345091,-72.935699,3108064,9/17/19,18:43:00,O,Property Damage Only,O,No Apparent Injury (O),2,Local,1.63,598,WOODIN ST,WOODIN ST,NOTKINS ST,,,,,1,Clear,1,Daylight,1,Dry,5500,"Trafficway, On Road",9/17/19 18:43
3142,587885,1,41.361333,-72.933744,3106317,9/17/19,22:50:00,O,Property Damage Only,O,No Apparent Injury (O),2,State,49.5,15,15-N,15-N,,Exit 60,5,TenthsofMile,S,1,Clear,5,Dark-Not Lighted,1,Dry,78600,"Trafficway, On Road",9/17/19 22:50
679,585915,1,41.420512,-72.904499,3104347,9/18/19,12:20:00,O,Property Damage Only,O,No Apparent Injury (O),2,State,11.47,10,CT-10,10-N,,Mt. Carmel Av,25,Feet,S,1,Clear,1,Daylight,1,Dry,25700,"Trafficway, On Road",9/18/19 12:20
4955,585916,1,41.383237,-72.90199,3104348,9/18/19,13:01:00,O,Property Damage Only,O,No Apparent Injury (O),2,State,3.61,707,WHITNEY AV,707-N,,Dixwell Av,25,Feet,S,1,Clear,1,Daylight,1,Dry,16800,"Trafficway, On Road",9/18/19 13:01
1303,585917,1,41.372433,-72.917185,3104349,9/18/19,13:56:00,O,Property Damage Only,O,No Apparent Injury (O),2,State,7.55,10,CT-10,10-N,,Skiff St,800,Feet,S,1,Clear,1,Daylight,1,Dry,23600,"Trafficway, On Road",9/18/19 13:56
3324,588405,1,41.380821,-72.900553,3106837,9/18/19,15:58:00,O,Property Damage Only,O,No Apparent Injury (O),2,State,51.77,15,15-N,15-N,,Exit 61,5,Feet,N,1,Clear,1,Daylight,1,Dry,66000,"Trafficway, On Road",9/18/19 15:58
6129,587553,1,41.35256,-72.935918,3105985,9/18/19,17:42:00,O,Property Damage Only,O,No Apparent Injury (O),2,Local,0.94,99,CIRCULAR AV,CIRCULAR AV,,Battis Road,100,Feet,N,1,Clear,1,Daylight,1,Dry,7200,"Trafficway, On Road",9/18/19 17:42
3666,587948,1,41.364363,-72.928713,3106380,9/18/19,23:29:00,O,Property Damage Only,O,No Apparent Injury (O),2,State,49.84,15,15-S,15-S,,exit 60,2,TenthsofMile,S,1,Clear,5,Dark-Not Lighted,1,Dry,78600,"Trafficway, On Road",9/18/19 23:29
945,585918,1,41.411909,-72.901397,3104350,9/19/19,6:58:00,O,Property Damage Only,O,No Apparent Injury (O),2,State,10.86,10,CT-10,10-N,,Brown St,100,Feet,N,1,Clear,1,Daylight,1,Dry,25200,"Trafficway, On Road",9/19/19 6:58
946,585919,1,41.404354,-72.898545,3104351,9/19/19,11:55:00,A,"Injury of any type (Serious, Minor, Possible)",C,Possible Injury (C),2,State,10.31,10,CT-10,10-N,,Ives St,200,Feet,N,1,Clear,1,Daylight,1,Dry,25200,"Trafficway, On Road",9/19/19 11:55
6264,589994,1,41.349762,-72.932303,3108425,9/19/19,13:05:00,O,Property Damage Only,O,No Apparent Injury (O),2,Local,0.01,106,COLLINS ST,COLLINS ST,,Dixwell Av,50,Feet,W,1,Clear,1,Daylight,1,Dry,,"Trafficway, On Road",9/19/19 13:05
1304,587554,1,41.369342,-72.919183,3105986,9/19/19,17:28:00,O,Property Damage Only,O,No Apparent Injury (O),2,State,7.31,10,CT-10,10-N,,Connolly Pkwy,900,Feet,N,1,Clear,1,Daylight,1,Dry,23600,"Trafficway, On Road",9/19/19 17:28
1165,587555,1,41.344528,-72.934385,3105987,9/19/19,17:30:00,O,Property Damage Only,O,No Apparent Injury (O),2,State,5.42,10,CT-10,10-N,WOODIN ST,,,,,1,Clear,1,Daylight,1,Dry,24000,"Trafficway, On Road",9/19/19 17:30
7834,589663,1,41.33052,-72.90095,3108094,9/20/19,7:24:00,O,Property Damage Only,O,No Apparent Injury (O),4,Local,0.15,414,PARK RD,PARK RD,,State St,1,TenthsofMile,N,1,Clear,1,Daylight,1,Dry,2800,"Trafficway, On Road",9/20/19 7:24
947,585946,1,41.40526,-72.89891,3104378,9/20/19,9:32:00,A,"Injury of any type (Serious, Minor, Possible)",C,Possible Injury (C),3,State,10.37,10,CT-10,10-N,,Ives St,500,Feet,N,1,Clear,1,Daylight,1,Dry,25200,"Trafficway, On Road",9/20/19 9:32
948,585947,1,41.404675,-72.898726,3104379,9/20/19,11:40:00,O,Property Damage Only,O,No Apparent Injury (O),2,State,10.33,10,CT-10,10-N,,Dickerman St.,300,Feet,N,1,Clear,1,Daylight,1,Dry,25200,"Trafficway, On Road",9/20/19 11:40