,CrashId,Fatal Case Status,lat,lon,DOT Case Number,Date Of Crash,Time of Crash,Crash Severity,Crash Severity Text Format,Most Severe Injury,Most Severe Injury Text Format,Number Of Motor Vehicles,Route Class Text Format,Milemarker,Road Number,Road Description,Roadway Name,Intersecting Roadway Name,Landmark Description,Distance From Nearest Landmark,Unit Of Measure From Nearest Landmark,Direction From Nearest Landmark,Weather Condition,Weather Condition Text Format,Light Condition,Light Condition Text Format,Road Surface Condition,Road Surface Condition Text Format,Average Daily Traffic,Trafficway Class Text Format,full_date
4818,585948,1,41.357256,-72.89023,3104380,9/20/19,16:46:00,A,"Injury of any type (Serious, Minor, Possible)",C,Possible Injury (C),1,USRoute,3.16,5,US-5,5-N,,CRAFT ST,100,Feet,N,1,Clear,1,Daylight,1,Dry,9400,"Trafficway, Not on Road",9/20/19 16:46
4956,587556,1,41.381822,-72.902448,3105988,9/20/19,17:13:00,A,"Injury of any type (Serious, Minor, Possible)",C,Possible Injury (C),2,State,3.51,707,WHITNEY AV,707-N,,Dixwell Ave.,1,TenthsofMile,S,1,Clear,1,Daylight,1,Dry,16800,"Trafficway, On Road",9/20/19 17:13
3511,624047,1,41.380608,-72.900771,3142471,9/20/19,19:14:00,O,Property Damage Only,O,No Apparent Injury (O),2,State,0.22,15,15-N,15-N-125,,Route 15,40,Feet,S,1,Clear,5,Dark-Not Lighted,1,Dry,2300,"Trafficway, On Road",9/20/19 19:14
6434,594737,1,41.33722,-72.935167,3113168,9/21/19,9:06:00,A,"Injury of any type (Serious, Minor, Possible)",C,Possible Injury (C),2,Local,0.13,142,DIXWELL AV,DIXWELL AV NO 1,DUDLEY,,,,,1,Clear,1,Daylight,1,Dry,15600,"Trafficway, On Road",9/21/19 9:06
5146,591853,1,41.344082,-72.912129,3110284,9/21/19,13:18:00,A,"Injury of any type (Serious, Minor, Possible)",C,Possible Injury (C),2,State,0.8,707,WHITNEY AV,707-N,AUGUR ST,,,,,1,Clear,1,Daylight,1,Dry,13500,"Trafficway, On Road",9/21/19 13:18
8339,589634,1,41.352992,-72.915029,3108065,9/21/19,16:02:00,O,Property Damage Only,O,No Apparent Injury (O),2,Local,0.15,486,SERVOSS ST,SERVOSS ST,,707-N,500,Feet,W,1,Clear,1,Daylight,1,Dry,,"Trafficway, On Road",9/21/19 16:02
7554,604012,1,41.337653,-72.930945,3122441,9/22/19,2:25:00,O,Property Damage Only,O,No Apparent Injury (O),2,Local,0.22,370,MORSE ST,MORSE ST,,edwards st.,100,Feet,W,1,Clear,4,Dark-Lighted,1,Dry,3200,"Trafficway, On Road",9/22/19 2:25
8296,589664,1,41.38455,-72.901852,3108095,9/22/19,14:10:00,O,Property Damage Only,O,No Apparent Injury (O),2,Local,0.26,480,SCHOOL ST,SCHOOL ST,,Whitney Ave,85,Feet,W,1,Clear,1,Daylight,1,Dry,5300,"Trafficway, On Road",9/22/19 14:10
8646,592829,1,41.374414,-72.91565,3111260,9/22/19,15:02:00,O,Property Damage Only,O,No Apparent Injury (O),2,Local,0.53,494,SKIFF ST,SKIFF ST,,Dixwell Ave,0.100000001,TenthsofMile,E,1,Clear,1,Daylight,1,Dry,24500,"Trafficway, On Road",9/22/19 15:02
949,589683,1,41.404031,-72.898486,3108114,9/23/19,7:44:00,O,Property Damage Only,O,No Apparent Injury (O),2,State,10.29,10,CT-10,10-N,,IVES ST,50,Feet,N,1,Clear,1,Daylight,1,Dry,25200,"Trafficway, On Road",9/23/19 7:44
7149,589635,1,41.348598,-72.940544,3108066,9/23/19,15:04:00,A,"Injury of any type (Serious, Minor, Possible)",C,Possible Injury (C),2,Local,0.36,251,HELEN ST,HELEN ST,LANGER ST,,,,,1,Clear,1,Daylight,1,Dry,3000,"Trafficway, On Road",9/23/19 15:04
8331,587557,1,41.343249,-72.938737,3105989,9/24/19,7:51:00,O,Property Damage Only,O,No Apparent Injury (O),4,Local,0.12,484,SECOND ST,SECOND ST,,Beaver St,272,Feet,E,1,Clear,1,Daylight,1,Dry,,"Trafficway, On Road",9/24/19 7:51
1166,587558,1,41.343925,-72.934487,3105990,9/24/19,13:22:00,O,Property Damage Only,O,No Apparent Injury (O),2,State,5.39,10,CT-10,10-N,THIRD ST,,,,N,1,Clear,1,Daylight,1,Dry,24000,"Trafficway, On Road",9/24/19 13:22
3359,589953,1,41.380704,-72.900709,3108384,9/24/19,16:11:00,O,Property Damage Only,O,No Apparent Injury (O),2,State,51.76,15,15-N,15-N,EXIT 61,,,,,1,Clear,1,Daylight,1,Dry,63800,"Trafficway, On Road",9/24/19 16:11
5496,587559,1,41.383357,-72.901136,3105991,9/24/19,17:28:00,O,Property Damage Only,O,No Apparent Injury (O),2,State,0.04,717,DIXWELL AV,717-E,,Whitney Ave.,200,Feet,N,1,Clear,1,Daylight,1,Dry,15600,"Trafficway, On Road",9/24/19 17:28
7577,589684,1,41.336806,-72.924765,3108115,9/24/19,19:15:00,O,Property Damage Only,O,No Apparent Injury (O),2,Local,0.54,370,MORSE ST,MORSE ST,WINCHESTER AV,,,,,1,Clear,4,Dark-Lighted,1,Dry,,"Trafficway, On Road",9/24/19 19:15
5497,589736,1,41.383438,-72.901619,3108167,9/25/19,8:06:00,O,Property Damage Only,O,No Apparent Injury (O),2,State,0.01,717,DIXWELL AV,717-E,,WHITNEY AVE,30,Feet,E,1,Clear,1,Daylight,1,Dry,15600,"Trafficway, On Road",9/25/19 8:06
2494,589737,1,41.338223,-72.935108,3108168,9/25/19,9:32:00,O,Property Damage Only,O,No Apparent Injury (O),2,State,5,10,CT-10,10-N,MORSE ST,,,,,1,Clear,1,Daylight,1,Dry,12400,"Trafficway, On Road",9/25/19 9:32
6174,589738,1,41.366003,-72.936761,3108169,9/25/19,10:26:00,O,Property Damage Only,O,No Apparent Injury (O),2,Local,0,99,CIRCULAR AV,CIRCULAR AV,BENHAM ST,,,,,1,Clear,1,Daylight,1,Dry,1900,"Trafficway, On Road",9/25/19 10:26
2016,589665,1,41.3817,-72.911557,3108096,9/25/19,11:31:00,A,"Injury of any type (Serious, Minor, Possible)",B,Suspected Minor Injury (B),3,State,8.29,10,CT-10,10-N,,WESTMINSTER ST,40,Feet,W,1,Clear,1,Daylight,1,Dry,18300,"Trafficway, On Road",9/25/19 11:31
957,604578,1,41.405651,-72.898985,3123007,9/25/19,14:41:00,O,Property Damage Only,O,No Apparent Injury (O),2,State,10.4,10,CT-10,10-N,,WOODRUFF ST,80,Feet,N,1,Clear,1,Daylight,1,Dry,25200,"Trafficway, On Road",9/25/19 14:41
4957,592370,1,41.383134,-72.901972,3110801,9/25/19,15:38:00,O,Property Damage Only,O,No Apparent Injury (O),2,State,3.6,707,WHITNEY AV,707-N,,Dixwell Ave,100,Feet,S,1,Clear,1,Daylight,1,Dry,16800,"Trafficway, On Road",9/25/19 15:38
4535,592371,1,41.40349,-72.895632,3110802,9/25/19,16:11:00,O,Property Damage Only,O,No Apparent Injury (O),2,State,0.14,22,CT-22,22-E,NEW RD,,,,,1,Clear,1,Daylight,1,Dry,5600,"Trafficway, On Road",9/25/19 16:11
3285,589957,1,41.379134,-72.903382,3108388,9/25/19,16:52:00,O,Property Damage Only,O,No Apparent Injury (O),1,State,51.6,15,15-N,15-N,,Exit 61,1,TenthsofMile,S,1,Clear,1,Daylight,1,Dry,68000,"Trafficway, On Road",9/25/19 16:52
3432,589959,1,41.37882535,-72.90309956,3108390,9/25/19,16:52:00,O,Property Damage Only,O,No Apparent Injury (O),2,State,0.19,15,15-N,15-N-124,,Route 15 North,50,Feet,S,1,Clear,1,Daylight,1,Dry,9500,"Trafficway, On Road",9/25/19 16:52
5018,592405,1,41.346738,-72.912753,3110836,9/25/19,17:46:00,O,Property Damage Only,O,No Apparent Injury (O),2,State,0.99,707,WHITNEY AV,707-N,RALSTON AV,,,,,1,Clear,1,Daylight,1,Dry,14300,"Trafficway, On Road",9/25/19 17:46
5643,592406,1,41.376631,-72.915448,3110837,9/25/19,17:49:00,O,Property Damage Only,O,No Apparent Injury (O),2,State,0.03,753,CT-10,753-S,SHEPARD AV,,,,,1,Clear,1,Daylight,1,Dry,13900,"Trafficway, On Road",9/25/19 17:49
8428,589739,1,41.38223,-72.920141,3108170,9/26/19,7:22:00,O,Property Damage Only,O,No Apparent Injury (O),2,Local,0.47,489,SHEPARD AV,SHEPARD AV,SANFORD ST,,,,,1,Clear,1,Daylight,1,Dry,1400,"Trafficway, On Road",9/26/19 7:22
8332,592407,1,41.343124,-72.934665,3110838,9/26/19,7:30:00,O,Property Damage Only,O,No Apparent Injury (O),2,Local,0.32,484,SECOND ST,SECOND ST,Dixwell Avenue,,,,,1,Clear,1,Daylight,1,Dry,,"Trafficway, On Road",9/26/19 7:30
6991,589740,1,41.347745,-72.934622,3108171,9/26/19,10:47:00,O,Property Damage Only,O,No Apparent Injury (O),2,Local,0.51,226,GORHAM AV,GORHAM AV,,Circular Avenue,10,Feet,W,1,Clear,1,Daylight,1,Dry,1600,"Trafficway, On Road",9/26/19 10:47
7473,604579,1,41.364755,-72.928818,3123008,9/26/19,13:48:00,A,"Injury of any type (Serious, Minor, Possible)",A,Suspected Serious Injury (A),1,Local,0.04,366,MIX AV,MIX AV,,BENHAM ST,150,Feet,N,1,Clear,1,Daylight,1,Dry,4000,"Trafficway, On Road",9/26/19 13:48
956,604292,1,41.40464,-72.898575,3122721,9/26/19,15:06:00,A,"Injury of any type (Serious, Minor, Possible)",C,Possible Injury (C),2,State,10.33,10,CT-10,10-N,,WOODRUFF ST,280,Feet,S,1,Clear,1,Daylight,1,Dry,25200,"Trafficway, On Road",9/26/19 15:06
2264,589995,1,41.388577,-72.899929,3108426,9/26/19,15:34:00,O,Property Damage Only,O,No Apparent Injury (O),2,State,9.16,10,CT-10,10-N,LINCOLN ST,,,,,2,Cloudy,1,Daylight,1,Dry,16800,"Trafficway, On Road",9/26/19 15:34
2354,592830,1,41.39969,-72.897583,3111261,9/26/19,17:21:00,O,Property Damage Only,O,No Apparent Injury (O),2,State,9.98,10,CT-10,10-N,,RT 40,56,Feet,S,2,Cloudy,1,Daylight,2,Wet,14800,"Trafficway, On Road",9/26/19 17:21
1305,589981,1,41.374248,-72.915932,3108412,9/27/19,10:57:00,O,Property Damage Only,O,No Apparent Injury (O),2,State,7.69,10,CT-10,10-N,,SKIFF ST,50,Feet,S,1,Clear,1,Daylight,1,Dry,23600,"Trafficway, On Road",9/27/19 10:57
8042,589741,1,41.34584,-72.913558,3108172,9/27/19,11:22:00,O,Property Damage Only,O,No Apparent Injury (O),2,Local,0.05,439,PUTNAM AV,PUTNAM AV,,WHITNEY AVE,300,Feet,W,1,Clear,1,Daylight,1,Dry,10200,"Trafficway, On Road",9/27/19 11:22
2265,593268,1,41.384772,-72.901408,3111699,9/27/19,11:43:00,O,Property Damage Only,O,No Apparent Injury (O),2,State,8.9,10,CT-10,10-N,,School St,100,Feet,N,1,Clear,1,Daylight,1,Dry,16800,"Trafficway, On Road",9/27/19 11:43
1168,592460,1,41.343993,-72.934377,3110891,9/27/19,13:23:00,O,Property Damage Only,O,No Apparent Injury (O),2,State,5.4,10,CT-10,10-N,,third st,40,Feet,N,1,Clear,1,Daylight,1,Dry,24000,"Trafficway, On Road",9/27/19 13:23
3988,615749,1,41.37890676,-72.9038597,3134175,9/27/19,13:37:00,A,"Injury of any type (Serious, Minor, Possible)",C,Possible Injury (C),2,State,51.59,15,15-S,15-S,,Exit #61,3,Feet,S,1,Clear,1,Daylight,1,Dry,68000,"Trafficway, On Road",9/27/19 13:37
6323,600030,1,41.349909,-72.938306,3118459,9/27/19,14:07:00,O,Property Damage Only,O,No Apparent Injury (O),2,Local,0.01,609,DALLAS ST,DALLAS ST,,BRADLEY AV,25,Feet,N,1,Clear,1,Daylight,1,Dry,,"Trafficway, On Road",9/27/19 14:07
9006,589742,1,41.343185,-72.937495,3108173,9/27/19,16:38:00,O,Property Damage Only,O,No Apparent Injury (O),2,Local,0.09,553,WARREN ST,WARREN ST,SECOND ST,,,,,1,Clear,1,Daylight,1,Dry,,"Trafficway, On Road",9/27/19 16:38
8297,594738,1,41.38451,-72.901478,3113169,9/27/19,17:40:00,O,Property Damage Only,O,No Apparent Injury (O),2,Local,0.28,480,SCHOOL ST,SCHOOL ST,WHITNEY,,,,,1,Clear,3,Dusk,1,Dry,5300,"Trafficway, On Road",9/27/19 17:40
46,589743,1,41.362943,-72.923607,3108174,9/28/19,11:27:00,O,Property Damage Only,O,No Apparent Injury (O),2,State,6.82,10,CT-10,10-N,,Benham Street,5,Feet,N,1,Clear,1,Daylight,1,Dry,41000,"Trafficway, On Road",9/28/19 11:27
5147,592461,1,41.343789,-72.912023,3110892,9/28/19,18:52:00,A,"Injury of any type (Serious, Minor, Possible)",C,Possible Injury (C),1,State,0.78,707,WHITNEY AV,707-N,,Eli Road,50,Feet,N,1,Clear,4,Dark-Lighted,1,Dry,13500,"Trafficway, On Road",9/28/19 18:52
8429,589982,1,41.3959,-72.9241,3108413,9/28/19,22:17:00,O,Property Damage Only,O,No Apparent Injury (O),1,Local,1.44,489,SHEPARD AV,SHEPARD AV,,Bear Path Road,1,TenthsofMile,N,1,Clear,4,Dark-Lighted,1,Dry,1400,"Trafficway, Not on Road",9/28/19 22:17
7202,592462,1,41.421075,-72.92275,3110893,9/29/19,9:23:00,O,Property Damage Only,O,No Apparent Injury (O),2,Local,0.1,263,HILLFIELD RD,HILLFIELD RD,,SHEPARD AVENUE,1,TenthsofMile,W,1,Clear,1,Daylight,1,Dry,,"Trafficway, On Road",9/29/19 9:23
7925,592463,1,41.348359,-72.945009,3110894,9/29/19,9:55:00,O,Property Damage Only,O,No Apparent Injury (O),3,Local,0.15,429,PINE ROCK AV,PINE ROCK AV NO 1,OBERLIN RD,,,,,1,Clear,1,Daylight,1,Dry,5500,"Trafficway, On Road",9/29/19 9:55
4536,594871,1,41.403496,-72.895602,3113302,9/29/19,16:09:00,A,"Injury of any type (Serious, Minor, Possible)",C,Possible Injury (C),2,State,0.14,22,CT-22,22-E,NEW RD,,,,,1,Clear,1,Daylight,1,Dry,5600,"Trafficway, On Road",9/29/19 16:09
1404,592464,1,41.353631,-72.930027,3110895,9/29/19,16:46:00,O,Property Damage Only,O,No Apparent Injury (O),2,State,6.1,10,CT-10,10-N,,Millis St,39,Feet,S,1,Clear,1,Daylight,1,Dry,23300,"Trafficway, On Road",9/29/19 16:46
7540,594872,1,41.358746,-72.941841,3113303,9/29/19,17:23:00,A,"Injury of any type (Serious, Minor, Possible)",C,Possible Injury (C),3,Local,0.27,368,MORGAN LA,MORGAN LA,,WHITE DR,10,Feet,W,1,Clear,1,Daylight,1,Dry,,"Trafficway, On Road",9/29/19 17:23
4601,619016,1,41.401481,-72.897512,3137440,9/30/19,9:45:00,O,Property Damage Only,O,No Apparent Injury (O),3,State,3.07,40,40-N,40-N,,Whitney Ave,49,Feet,E,1,Clear,1,Daylight,1,Dry,18800,"Trafficway, On Road",9/30/19 9:45
7471,592831,1,41.371479,-72.9236,3111262,9/30/19,17:25:00,O,Property Damage Only,O,No Apparent Injury (O),2,Local,0.57,366,MIX AV,MIX AV,HIGHVIEW TERRACE,,,,,1,Clear,1,Daylight,1,Dry,4000,"Trafficway, On Road",9/30/19 17:25
1306,589983,1,41.370355,-72.9186,3108414,9/30/19,19:21:00,O,Property Damage Only,O,No Apparent Injury (O),2,State,7.39,10,CT-10,10-N,,Skiff St.,1636,Feet,S,2,Cloudy,4,Dark-Lighted,1,Dry,23600,"Trafficway, On Road",9/30/19 19:21
587,592542,1,41.345759,-72.934026,3110973,9/30/19,23:13:00,O,Property Damage Only,O,No Apparent Injury (O),2,State,5.52,10,CT-10,10-N,,Putnam Ave,188,Feet,S,1,Clear,4,Dark-Lighted,1,Dry,26600,"Trafficway, On Road",9/30/19 23:13
6673,592543,1,41.343411,-72.94121,3110974,10/1/19,8:04:00,O,Property Damage Only,O,No Apparent Injury (O),2,Local,0.35,176,FAIRVIEW AV,FAIRVIEW AV,,Jones Rd,10,Feet,N,1,Clear,1,Daylight,1,Dry,4800,Non-trafficway,10/1/19 8:04
1403,591982,1,41.351149,-72.931455,3110413,10/1/19,8:43:00,A,"Injury of any type (Serious, Minor, Possible)",B,Suspected Minor Injury (B),3,State,5.92,10,CT-10,10-N,,Beacon St,50,Feet,S,4,Rain,1,Daylight,2,Wet,23300,"Trafficway, On Road",10/1/19 8:43
5803,595358,1,41.364486,-72.929127,3113789,10/1/19,11:01:00,A,"Injury of any type (Serious, Minor, Possible)",C,Possible Injury (C),2,Local,0.3,42,BENHAM ST,BENHAM ST,,Mix Av,29,Feet,E,1,Clear,1,Daylight,1,Dry,12800,"Trafficway, On Road",10/1/19 11:01
3292,600503,1,41.383503,-72.896246,3118932,10/1/19,17:55:00,O,Property Damage Only,O,No Apparent Injury (O),1,State,52.06,15,15-N,15-N,,Exit 61,3,TenthsofMile,N,1,Clear,1,Daylight,1,Dry,67600,"Trafficway, On Road",10/1/19 17:55
4708,605606,1,41.333382,-72.900602,3124034,10/2/19,5:38:00,A,"Injury of any type (Serious, Minor, Possible)",A,Suspected Serious Injury (A),2,USRoute,1.41,5,US-5,5-N,Cook Street,,,,,1,Clear,4,Dark-Lighted,1,Dry,14300,"Trafficway, On Road",10/2/19 5:38
2266,595359,1,41.385042,-72.90131,3113790,10/2/19,11:21:00,O,Property Damage Only,O,No Apparent Injury (O),2,State,8.92,10,CT-10,10-N,,School St,200,Feet,N,1,Clear,1,Daylight,1,Dry,16800,"Trafficway, On Road",10/2/19 11:21
9007,595588,1,41.344645,-72.937427,3114019,10/2/19,13:50:00,A,"Injury of any type (Serious, Minor, Possible)",C,Possible Injury (C),3,Local,0.19,553,WARREN ST,WARREN ST,FOURTH ST,,,,,1,Clear,1,Daylight,1,Dry,,"Trafficway, On Road",10/2/19 13:50
950,592544,1,41.404149,-72.898515,3110975,10/2/19,17:15:00,O,Property Damage Only,O,No Apparent Injury (O),2,State,10.29,10,CT-10,10-N,,Dickerman Street,100,Feet,N,1,Clear,1,Daylight,1,Dry,25200,"Trafficway, On Road",10/2/19 17:15
3447,595589,1,41.3651,-72.92223,3114020,10/2/19,19:37:00,O,Property Damage Only,O,No Apparent Injury (O),2,State,0,15,15-N,15-N-221,10-N,,,,,1,Clear,4,Dark-Lighted,1,Dry,9500,"Trafficway, On Road",10/2/19 19:37
4819,602786,1,41.360538,-72.888318,919193,10/2/19,20:25:00,K,Fatal (Kill),K,Fatal Injury (K),2,USRoute,3.41,5,US-5,5-N,,OLDS ST,600,Feet,N,2,Cloudy,4,Dark-Lighted,1,Dry,9400,"Trafficway, On Road",10/2/19 20:25
5958,592545,1,41.338394,-72.937924,3110976,10/3/19,10:58:00,O,Property Damage Only,O,No Apparent Injury (O),2,Local,0.18,52,BOWEN ST,BOWEN ST,10-N,,,,,2,Cloudy,1,Daylight,1,Dry,5000,"Trafficway, On Road",10/3/19 10:58
8702,593148,1,41.374439,-72.915556,3111579,10/3/19,12:28:00,A,"Injury of any type (Serious, Minor, Possible)",C,Possible Injury (C),3,Local,0.52,494,SKIFF ST,SKIFF ST,RT 10,,,,,4,Rain,1,Daylight,2,Wet,,"Trafficway, On Road",10/3/19 12:28
951,593162,1,41.405206,-72.898898,3111593,10/3/19,15:35:00,O,Property Damage Only,O,No Apparent Injury (O),2,State,10.37,10,CT-10,10-N,,Dickerman St.,500,Feet,N,4,Rain,1,Daylight,2,Wet,25200,"Trafficway, On Road",10/3/19 15:35
8014,602065,1,41.344608,-72.93056,3120494,10/3/19,15:40:00,A,"Injury of any type (Serious, Minor, Possible)",C,Possible Injury (C),2,Local,0.98,439,PUTNAM AV,PUTNAM AV,GALLAGHER RD,,,,,4,Rain,1,Daylight,2,Wet,11600,"Trafficway, On Road",10/3/19 15:40
6550,593163,1,41.382263,-72.944985,3111594,10/3/19,15:58:00,O,Property Damage Only,O,No Apparent Injury (O),2,Local,1.21,152,DUNBAR HILL RD,DUNBAR HILL RD,,AUTUMN LN.,1,TenthsofMile,S,1,Clear,1,Daylight,2,Wet,,"Trafficway, On Road",10/3/19 15:58
6435,594873,1,41.337155,-72.935168,3113304,10/3/19,16:05:00,A,"Injury of any type (Serious, Minor, Possible)",C,Possible Injury (C),2,Local,0.12,142,DIXWELL AV,DIXWELL AV NO 1,DUDLEY ST,,,,,4,Rain,1,Daylight,2,Wet,15600,"Trafficway, On Road",10/3/19 16:05
4231,592547,1,41.366388,-72.921424,3110978,10/3/19,18:57:00,O,Property Damage Only,O,No Apparent Injury (O),2,State,0,15,15-S,15-S-118,10-N,,,,,4,Rain,4,Dark-Lighted,2,Wet,9500,"Trafficway, On Road",10/3/19 18:57
4290,600518,1,41.37987,-72.903062,3118947,10/3/19,19:11:00,O,Property Damage Only,O,No Apparent Injury (O),1,State,0.15,15,15-S,15-S-126,707-N,,,,,4,Rain,5,Dark-Not Lighted,2,Wet,9500,"Trafficway, On Road",10/3/19 19:11
6819,592548,1,41.443206,-72.947744,3110979,10/3/19,19:14:00,O,Property Damage Only,O,No Apparent Injury (O),1,Local,1.6,208,GAYLORD MOUNTAIN RD,GAYLORD MOUNTAIN RD,,DOWNS RD,1,TenthsofMile,E,4,Rain,5,Dark-Not Lighted,2,Wet,,"Trafficway, Not on Road",10/3/19 19:14
3508,600519,1,41.380704,-72.900717,3118948,10/3/19,20:13:00,A,"Injury of any type (Serious, Minor, Possible)",B,Suspected Minor Injury (B),2,State,0.23,15,15-N,15-N-125,15-N,,,,,4,Rain,5,Dark-Not Lighted,2,Wet,2300,"Trafficway, On Road",10/3/19 20:13
5959,594874,1,41.338287,-72.937903,3113305,10/3/19,20:44:00,O,Property Damage Only,O,No Apparent Injury (O),2,Local,0.17,52,BOWEN ST,BOWEN ST,,Arch Street,5,Feet,S,1,Clear,4,Dark-Lighted,1,Dry,5000,"Trafficway, On Road",10/3/19 20:44
588,594875,1,41.346275,-72.93386,3113306,10/4/19,2:36:00,O,Property Damage Only,O,No Apparent Injury (O),2,State,5.56,10,CT-10,10-N,PUTNAM AV,,,,,1,Clear,4,Dark-Lighted,2,Wet,26600,"Trafficway, On Road",10/4/19 2:36
8251,595076,1,41.362605,-72.927335,3113507,10/4/19,6:57:00,O,Property Damage Only,O,No Apparent Injury (O),2,Local,0.11,466,ROOSEVELT ST,ROOSEVELT ST,MALCOLM ST,,,,,1,Clear,1,Daylight,1,Dry,,"Trafficway, On Road",10/4/19 6:57
6820,592566,1,41.443114,-72.947081,3110997,10/4/19,7:26:00,O,Property Damage Only,O,No Apparent Injury (O),1,Local,1.56,208,GAYLORD MOUNTAIN RD,GAYLORD MOUNTAIN RD,,DOWNS RD,700,Feet,W,1,Clear,1,Daylight,2,Wet,,"Trafficway, On Road",10/4/19 7:26
4272,591907,1,41.378134,-72.905307,3110338,10/4/19,13:11:00,O,Property Damage Only,O,No Apparent Injury (O),2,State,0.18,15,15-S,15-S-122,,15-S,40,Feet,W,1,Clear,1,Daylight,1,Dry,9500,"Trafficway, On Road",10/4/19 13:11
540,595013,1,41.355268,-72.928626,3113444,10/4/19,13:29:00,O,Property Damage Only,O,No Apparent Injury (O),4,State,6.23,10,CT-10,10-N,,Treadwell St.,1,TenthsofMile,N,1,Clear,1,Daylight,1,Dry,27400,"Trafficway, On Road",10/4/19 13:29
3507,592804,1,41.3806,-72.900793,3111235,10/4/19,14:11:00,O,Property Damage Only,O,No Apparent Injury (O),2,State,0.22,15,15-N,15-N-125,,Route 15 Northbound,10,Feet,S,1,Clear,1,Daylight,1,Dry,2300,"Trafficway, On Road",10/4/19 14:11
1169,592588,1,41.34277,-72.934673,3111019,10/4/19,14:36:00,A,"Injury of any type (Serious, Minor, Possible)",C,Possible Injury (C),2,State,5.31,10,CT-10,10-N,,Second St.,200,Feet,S,1,Clear,1,Daylight,1,Dry,24000,"Trafficway, On Road",10/4/19 14:36
4574,593283,1,41.403498,-72.895682,3111714,10/4/19,15:28:00,A,"Injury of any type (Serious, Minor, Possible)",B,Suspected Minor Injury (B),2,State,0.14,22,CT-22,22-E,NEW RD,,,,,1,Clear,1,Daylight,1,Dry,,"Trafficway, On Road",10/4/19 15:28
1925,605607,1,41.421621,-72.904905,3124035,10/4/19,15:30:00,O,Property Damage Only,O,No Apparent Injury (O),2,State,11.55,10,CT-10,10-N,,West Woods Road,200,Feet,N,1,Clear,1,Daylight,1,Dry,19000,"Trafficway, On Road",10/4/19 15:30
952,593284,1,41.414118,-72.902164,3111715,10/4/19,15:39:00,O,Property Damage Only,O,No Apparent Injury (O),2,State,11.01,10,CT-10,10-N,,Sherman Avenue,68,Feet,S,1,Clear,1,Daylight,1,Dry,25200,"Trafficway, On Road",10/4/19 15:39
9344,595590,1,41.363249,-72.913239,3114021,10/4/19,17:31:00,O,Property Damage Only,O,No Apparent Injury (O),2,Local,0.1,600,WOODLAWN ST,WOODLAWN ST,,Whitney Ave,1,TenthsofMile,W,1,Clear,1,Daylight,1,Dry,,"Trafficway, On Road",10/4/19 17:31
1405,595077,1,41.35354,-72.93003,3113508,10/4/19,20:13:00,A,"Injury of any type (Serious, Minor, Possible)",B,Suspected Minor Injury (B),2,State,6.1,10,CT-10,10-N,,MILLIS ST,50,Feet,S,1,Clear,4,Dark-Lighted,1,Dry,23300,"Trafficway, On Road",10/4/19 20:13
8972,604293,1,41.354266,-72.906354,3122722,10/4/19,23:44:00,O,Property Damage Only,O,No Apparent Injury (O),2,Local,0.35,548,WAITE ST,WAITE ST,,Ridge Rd,1000,Feet,W,1,Clear,4,Dark-Lighted,1,Dry,2600,"Trafficway, On Road",10/4/19 23:44
4709,605608,1,41.333597,-72.900643,3124036,10/5/19,2:32:00,A,"Injury of any type (Serious, Minor, Possible)",B,Suspected Minor Injury (B),3,USRoute,1.42,5,US-5,5-N,,Webb Street,300,Feet,N,1,Clear,4,Dark-Lighted,1,Dry,14300,"Trafficway, On Road",10/5/19 2:32
5764,602527,1,41.351866,-72.93333,3120956,10/5/19,19:08:00,O,Property Damage Only,O,No Apparent Injury (O),4,Local,0.13,33,BEACON ST,BEACON ST,,GARDEN ST,60,Feet,E,1,Clear,3,Dusk,1,Dry,,"Trafficway, On Road",10/5/19 19:08
5989,595078,1,41.350405,-72.940284,3113509,10/6/19,10:14:00,O,Property Damage Only,O,No Apparent Injury (O),2,Local,0.11,54,BRADLEY AV,BRADLEY AV,,Rosedale Road,177,Feet,E,1,Clear,1,Daylight,1,Dry,,"Trafficway, On Road",10/6/19 10:14
5019,595079,1,41.346252,-72.912562,3113510,10/6/19,12:25:00,O,Property Damage Only,O,No Apparent Injury (O),2,State,0.96,707,WHITNEY AV,707-N,,Putnam Avenue,89,Feet,N,1,Clear,1,Daylight,1,Dry,14300,"Trafficway, On Road",10/6/19 12:25
4575,595080,1,41.403542,-72.895699,3113511,10/6/19,15:49:00,O,Property Damage Only,O,No Apparent Injury (O),2,State,0.14,22,CT-22,22-E,NEW RD,,,,,1,Clear,1,Daylight,1,Dry,,"Trafficway, On Road",10/6/19 15:49
7971,595081,1,41.355552,-72.94045,3113512,10/6/19,16:40:00,A,"Injury of any type (Serious, Minor, Possible)",B,Suspected Minor Injury (B),2,Local,0.1,431,PIPER RD,PIPER RD,,HAYWARD RD,248,Feet,S,1,Clear,1,Daylight,1,Dry,,"Trafficway, On Road",10/6/19 16:40
8202,595082,1,41.358784,-72.900592,3113513,10/6/19,16:44:00,O,Property Damage Only,O,No Apparent Injury (O),2,Local,1.68,452,RIDGE RD,RIDGE RD,HAVERFORD ST,,,,,1,Clear,1,Daylight,1,Dry,,"Trafficway, On Road",10/6/19 16:44
6882,605609,1,41.345742,-72.914904,3124037,10/6/19,16:47:00,A,"Injury of any type (Serious, Minor, Possible)",C,Possible Injury (C),2,Local,0.01,218,GLENDALE ST,GLENDALE ST,,Putnam Ave,29,Feet,N,1,Clear,1,Daylight,1,Dry,,"Trafficway, On Road",10/6/19 16:47