,CrashId,Fatal Case Status,lat,lon,DOT Case Number,Date Of Crash,Time of Crash,Crash Severity,Crash Severity Text Format,Most Severe Injury,Most Severe Injury Text Format,Number Of Motor Vehicles,Route Class Text Format,Milemarker,Road Number,Road Description,Roadway Name,Intersecting Roadway Name,Landmark Description,Distance From Nearest Landmark,Unit Of Measure From Nearest Landmark,Direction From Nearest Landmark,Weather Condition,Weather Condition Text Format,Light Condition,Light Condition Text Format,Road Surface Condition,Road Surface Condition Text Format,Average Daily Traffic,Trafficway Class Text Format,full_date
8158,602789,1,41.336117,-72.900763,3121218,10/6/19,16:59:00,A,"Injury of any type (Serious, Minor, Possible)",C,Possible Injury (C),2,Local,0.05,452,RIDGE RD,RIDGE RD,FRANKLIN RD,,,,,1,Clear,1,Daylight,1,Dry,9200,"Trafficway, On Road",10/6/19 16:59
7835,595083,1,41.329679,-72.898571,3113514,10/6/19,17:12:00,O,Property Damage Only,O,No Apparent Injury (O),2,Local,0,414,PARK RD,PARK RD,ARMSTRONG ST,,,,,1,Clear,1,Daylight,1,Dry,2800,"Trafficway, On Road",10/6/19 17:12
5802,595084,1,41.363931,-72.926531,3113515,10/7/19,8:03:00,O,Property Damage Only,O,No Apparent Injury (O),2,Local,0.16,42,BENHAM ST,BENHAM ST,MALCOLM ST,,,,,2,Cloudy,1,Daylight,1,Dry,12800,"Trafficway, On Road",10/7/19 8:03
8884,595085,1,41.365717,-72.915528,3113516,10/7/19,11:36:00,O,Property Damage Only,O,No Apparent Injury (O),2,Local,0.25,521,THORNTON ST,THORNTON ST,,CONNOLLY PARKWAY,125,Feet,N,1,Clear,1,Daylight,1,Dry,,"Trafficway, On Road",10/7/19 11:36
3669,595003,1,41.351033,-72.963502,3113434,10/7/19,15:12:00,A,"Injury of any type (Serious, Minor, Possible)",C,Possible Injury (C),2,State,47.78,15,15-S,15-S,,Exit 59,11,TenthsofMile,N,1,Clear,1,Daylight,1,Dry,78600,"Trafficway, On Road",10/7/19 15:12
5498,595086,1,41.383059,-72.899096,3113517,10/7/19,15:28:00,O,Property Damage Only,O,No Apparent Injury (O),2,State,0.14,717,DIXWELL AV,717-E,,Washington Ave.,25,Feet,S,1,Clear,1,Daylight,1,Dry,15600,"Trafficway, On Road",10/7/19 15:28
7337,595088,1,41.409215,-72.904389,3113519,10/7/19,21:40:00,O,Property Damage Only,O,No Apparent Injury (O),2,Local,0.02,334,LUZERNE AV,LUZERNE AV,,Sleeping Giant Dr,115,Feet,S,4,Rain,4,Dark-Lighted,2,Wet,,"Trafficway, On Road",10/7/19 21:40
3992,635811,1,41.37890676,-72.9038597,3154233,10/8/19,7:48:00,O,Property Damage Only,O,No Apparent Injury (O),2,State,51.59,15,15-S,15-S,,#61,3,Feet,S,2,Cloudy,1,Daylight,1,Dry,68000,"Trafficway, On Road",10/8/19 7:48
4958,595089,1,41.383494,-72.901857,3113520,10/8/19,14:44:00,O,Property Damage Only,O,No Apparent Injury (O),2,State,3.62,707,WHITNEY AV,707-N,10-N,,,,,1,Clear,1,Daylight,1,Dry,16800,"Trafficway, On Road",10/8/19 14:44
2495,595090,1,41.338358,-72.93682,3113521,10/8/19,15:13:00,O,Property Damage Only,O,No Apparent Injury (O),2,State,4.92,10,CT-10,10-N,,Dix St.,400,Feet,E,2,Cloudy,1,Daylight,1,Dry,12400,"Trafficway, On Road",10/8/19 15:13
6465,592674,1,41.33556773,-72.93520007,3111105,10/8/19,17:06:00,A,"Injury of any type (Serious, Minor, Possible)",C,Possible Injury (C),2,Local,0.01,142,DIXWELL AV,DIXWELL AV NO 1,CHERRY ANN ST,,,,,2,Cloudy,1,Daylight,1,Dry,,"Trafficway, On Road",10/8/19 17:06
4959,595360,1,41.383446,-72.901857,3113791,10/8/19,20:38:00,O,Property Damage Only,O,No Apparent Injury (O),2,State,3.62,707,WHITNEY AV,707-N,,Dixwell Ave.,25,Feet,W,2,Cloudy,4,Dark-Lighted,1,Dry,16800,"Trafficway, On Road",10/8/19 20:38
4241,595091,1,41.366024,-72.921764,3113522,10/9/19,9:04:00,O,Property Damage Only,O,No Apparent Injury (O),2,State,0.18,15,15-S,15-S-119,10-N,,,,,4,Rain,1,Daylight,2,Wet,9500,"Trafficway, On Road",10/9/19 9:04
8430,595361,1,41.38479,-72.921433,3113792,10/9/19,17:01:00,O,Property Damage Only,O,No Apparent Injury (O),2,Local,0.67,489,SHEPARD AV,SHEPARD AV,FOUR ROD RD,,,,,4,Rain,1,Daylight,2,Wet,1400,"Trafficway, On Road",10/9/19 17:01
3448,602792,1,41.365349,-72.922203,3121221,10/9/19,17:51:00,O,Property Damage Only,O,No Apparent Injury (O),2,State,0,15,15-N,15-N-221,10-N,,,,,1,Clear,1,Daylight,1,Dry,9500,"Trafficway, On Road",10/9/19 17:51
6860,595092,1,41.356994,-72.941532,3113523,10/9/19,21:46:00,O,Property Damage Only,O,No Apparent Injury (O),2,Local,0.22,212,GILBERT AV,GILBERT AV,PINE ROCK AV NO 1,,,,,1,Clear,5,Dark-Not Lighted,2,Wet,5500,"Trafficway, On Road",10/9/19 21:46
7836,605610,1,41.32955,-72.900205,3124038,10/10/19,0:56:00,A,"Injury of any type (Serious, Minor, Possible)",B,Suspected Minor Injury (B),1,Local,0.08,414,PARK RD,PARK RD,,State Street,400,Feet,W,1,Clear,4,Dark-Lighted,2,Wet,2800,"Trafficway, On Road",10/10/19 0:56
5255,604294,1,41.360147,-72.909617,3122723,10/10/19,9:42:00,A,"Injury of any type (Serious, Minor, Possible)",C,Possible Injury (C),2,State,1.97,707,WHITNEY AV,707-N,,HAWTHORNE AVE,84,Feet,N,1,Clear,1,Daylight,1,Dry,11900,"Trafficway, On Road",10/10/19 9:42
1171,595093,1,41.33892,-72.935297,3113524,10/10/19,16:37:00,O,Property Damage Only,O,No Apparent Injury (O),2,State,5.05,10,CT-10,10-N,,Morse St.,248,Feet,N,2,Cloudy,1,Daylight,1,Dry,24000,"Trafficway, On Road",10/10/19 16:37
6436,595094,1,41.337158,-72.935176,3113525,10/10/19,20:48:00,O,Property Damage Only,O,No Apparent Injury (O),2,Local,0.12,142,DIXWELL AV,DIXWELL AV NO 1,DUDLEY ST,,,,,2,Cloudy,4,Dark-Lighted,1,Dry,15600,"Trafficway, On Road",10/10/19 20:48
1307,602795,1,41.372108,-72.917518,3121224,10/11/19,0:04:00,A,"Injury of any type (Serious, Minor, Possible)",C,Possible Injury (C),1,State,7.52,10,CT-10,10-N,,CONNOLLY PKWY,2000,Feet,N,1,Clear,4,Dark-Lighted,1,Dry,23600,"Trafficway, On Road",10/11/19 0:04
3668,594688,1,41.362816,-72.931134,3113119,10/11/19,8:48:00,O,Property Damage Only,O,No Apparent Injury (O),2,State,49.68,15,15-S,15-S,,Exit 60,5,TenthsofMile,S,2,Cloudy,1,Daylight,1,Dry,78600,"Trafficway, On Road",10/11/19 8:48
4642,602798,1,41.42064,-72.90363,3121227,10/11/19,12:12:00,A,"Injury of any type (Serious, Minor, Possible)",C,Possible Injury (C),3,State,0.05,453,MOUNT CARMEL AV,453-E,,Whitney Ave.,50,Feet,E,1,Clear,1,Daylight,1,Dry,8700,"Trafficway, On Road",10/11/19 12:12
3670,610726,1,41.349828,-72.964888,3129153,10/11/19,12:59:00,O,Property Damage Only,O,No Apparent Injury (O),2,State,47.67,15,15-S,15-S,,Exit 59,10,TenthsofMile,N,2,Cloudy,1,Daylight,1,Dry,78600,"Trafficway, On Road",10/11/19 12:59
4273,600560,1,41.378102,-72.905336,3118989,10/11/19,13:22:00,O,Property Damage Only,O,No Apparent Injury (O),2,State,0.18,15,15-S,15-S-122,,ROUTE 15 SOUTH,32,Feet,W,1,Clear,1,Daylight,1,Dry,9500,"Trafficway, On Road",10/11/19 13:22
1172,604013,1,41.344283,-72.934379,3122442,10/11/19,15:17:00,O,Property Damage Only,O,No Apparent Injury (O),2,State,5.41,10,CT-10,10-N,,Woodin St,50,Feet,S,2,Cloudy,1,Daylight,1,Dry,24000,"Trafficway, On Road",10/11/19 15:17
2400,606424,1,41.392786,-72.89734,3124852,10/11/19,16:22:00,O,Property Damage Only,O,No Apparent Injury (O),2,State,9.49,10,CT-10,10-N,FOREST ST,,,,,1,Clear,1,Daylight,1,Dry,14700,"Trafficway, On Road",10/11/19 16:22
8780,595591,1,41.376254,-72.919741,3114022,10/11/19,16:36:00,A,"Injury of any type (Serious, Minor, Possible)",C,Possible Injury (C),3,Local,0.23,495,SKIFF ST EXT,SKIFF ST EXT,,Mix Ave.,150,Feet,E,1,Clear,1,Daylight,1,Dry,9400,"Trafficway, On Road",10/11/19 16:36
4960,595592,1,41.383428,-72.90187,3114023,10/11/19,20:17:00,O,Property Damage Only,O,No Apparent Injury (O),2,State,3.62,707,WHITNEY AV,707-N,10-N,,,,,1,Clear,4,Dark-Lighted,1,Dry,16800,"Trafficway, On Road",10/11/19 20:17
590,602801,1,41.345581,-72.934169,3121230,10/12/19,14:48:00,A,"Injury of any type (Serious, Minor, Possible)",B,Suspected Minor Injury (B),2,State,5.5,10,CT-10,10-N,,Circular Ave.,297,Feet,S,1,Clear,1,Daylight,1,Dry,26600,"Trafficway, On Road",10/12/19 14:48
4658,607353,1,41.328961,-72.898146,3125781,10/13/19,2:33:00,O,Property Damage Only,O,No Apparent Injury (O),3,USRoute,1.07,5,US-5,5-N,,Armstrong Street,300,Feet,S,1,Clear,4,Dark-Lighted,1,Dry,17900,"Trafficway, On Road",10/13/19 2:33
589,595622,1,41.346614,-72.933857,3114053,10/13/19,14:17:00,O,Property Damage Only,O,No Apparent Injury (O),2,State,5.56,10,CT-10,10-N,PUTNAM AV,,,,,1,Clear,1,Daylight,1,Dry,26600,"Trafficway, On Road",10/13/19 14:17
7553,602804,1,41.337067,-72.926644,3121233,10/13/19,14:25:00,O,Property Damage Only,O,No Apparent Injury (O),2,Local,0.45,370,MORSE ST,MORSE ST,NEWHALL ST,,,,,1,Clear,1,Daylight,1,Dry,3200,"Trafficway, On Road",10/13/19 14:25
283,602807,1,41.362733,-72.92387,3121236,10/13/19,16:25:00,A,"Injury of any type (Serious, Minor, Possible)",B,Suspected Minor Injury (B),2,State,6.8,10,CT-10,10-N,BENHAM ST,,,,,1,Clear,1,Daylight,1,Dry,32000,"Trafficway, On Road",10/13/19 16:25
5254,602810,1,41.357051,-72.910327,3121239,10/13/19,17:22:00,A,"Injury of any type (Serious, Minor, Possible)",C,Possible Injury (C),1,State,1.75,707,WHITNEY AV,707-N,FORD ST,,,,,1,Clear,3,Dusk,1,Dry,11900,"Trafficway, On Road",10/13/19 17:22
6726,603252,1,41.336254,-72.908695,3121681,10/13/19,22:08:00,A,"Injury of any type (Serious, Minor, Possible)",B,Suspected Minor Injury (B),1,,,,FARNAM DR,FARNUM DR,,,,,,1,Clear,5,Dark-Not Lighted,1,Dry,,"Trafficway, On Road",10/13/19 22:08
2267,602813,1,41.386256,-72.900798,3121242,10/14/19,3:57:00,A,"Injury of any type (Serious, Minor, Possible)",B,Suspected Minor Injury (B),1,State,9.01,10,CT-10,10-N,,Colonial Drive,20,Feet,N,1,Clear,4,Dark-Lighted,1,Dry,16800,"Trafficway, On Road",10/14/19 3:57
2469,602816,1,41.376336,-72.91509,3121245,10/14/19,9:47:00,O,Property Damage Only,O,No Apparent Injury (O),2,Local,0.14,144,CT-10,DIXWELL AV NO 2 RT 10 NB,,SHEPARD AVENUE,57,Feet,E,1,Clear,1,Daylight,1,Dry,12600,"Trafficway, On Road",10/14/19 9:47
8781,602819,1,41.374724,-72.916519,3121248,10/14/19,11:03:00,O,Property Damage Only,O,No Apparent Injury (O),2,Local,0.04,495,SKIFF ST EXT,SKIFF ST EXT,,DIXWELL AVENUE,126,Feet,W,1,Clear,1,Daylight,1,Dry,9400,"Trafficway, On Road",10/14/19 11:03
680,595405,1,41.420807,-72.904601,3113836,10/14/19,13:21:00,O,Property Damage Only,O,No Apparent Injury (O),2,State,11.48,10,CT-10,10-N,WEST WOODS RD NO 1,,,,,1,Clear,1,Daylight,1,Dry,25700,"Trafficway, On Road",10/14/19 13:21
3896,605485,1,41.377524,-72.906164,3123913,10/14/19,14:33:00,O,Property Damage Only,O,No Apparent Injury (O),2,State,51.4,15,15-S,15-S,,Exit 61,1,TenthsofMile,S,1,Clear,1,Daylight,1,Dry,71500,"Trafficway, On Road",10/14/19 14:33
8431,595406,1,41.390886,-72.92252,3113837,10/14/19,15:34:00,O,Property Damage Only,O,No Apparent Injury (O),2,Local,1.09,489,SHEPARD AV,SHEPARD AV,,Sherman Ave.,203,Feet,S,1,Clear,1,Daylight,1,Dry,1400,"Trafficway, On Road",10/14/19 15:34
591,608726,1,41.345868,-72.933988,3127154,10/14/19,15:43:00,O,Property Damage Only,O,No Apparent Injury (O),2,State,5.53,10,CT-10,10-N,,Putnam Avenue,25,Feet,S,1,Clear,1,Daylight,1,Dry,26600,"Trafficway, On Road",10/14/19 15:43
7472,604014,1,41.368896,-72.925424,3122443,10/15/19,8:01:00,A,"Injury of any type (Serious, Minor, Possible)",A,Suspected Serious Injury (A),2,Local,0.37,366,MIX AV,MIX AV,,,,,,1,Clear,1,Daylight,1,Dry,4000,"Trafficway, On Road",10/15/19 8:01
2342,595362,1,41.450419,-72.909444,3113793,10/15/19,14:18:00,O,Property Damage Only,O,No Apparent Injury (O),2,State,13.58,10,CT-10,10-N,LOVIG LA,,,,,1,Clear,1,Daylight,1,Dry,15400,"Trafficway, On Road",10/15/19 14:18
9118,595363,1,41.419801,-72.92123,3113794,10/15/19,18:46:00,O,Property Damage Only,O,No Apparent Injury (O),2,Local,0,575,WEST WOODS RD,WEST WOODS RD NO 1,SHEPARD AV,,,,,1,Clear,4,Dark-Lighted,1,Dry,3500,"Trafficway, On Road",10/15/19 18:46
2470,602822,1,41.376222,-72.915027,3121251,10/15/19,20:52:00,O,Property Damage Only,O,No Apparent Injury (O),2,Local,0.13,144,CT-10,DIXWELL AV NO 2 RT 10 NB,,SKIFF ST,650,Feet,N,1,Clear,4,Dark-Lighted,1,Dry,12600,"Trafficway, On Road",10/15/19 20:52
8432,602825,1,41.387502,-72.921898,3121254,10/16/19,7:45:00,O,Property Damage Only,O,No Apparent Injury (O),2,Local,0.86,489,SHEPARD AV,SHEPARD AV,,Braeside Dr,100,Feet,S,1,Clear,1,Daylight,1,Dry,1400,"Trafficway, On Road",10/16/19 7:45
2425,595364,1,41.3715,-72.923628,3113795,10/16/19,8:57:00,A,"Injury of any type (Serious, Minor, Possible)",B,Suspected Minor Injury (B),2,State,4.57,10,CT-10,10-N,HIGHVIEW TERRACE,,,,,1,Clear,1,Daylight,1,Dry,13800,"Trafficway, On Road",10/16/19 8:57
8186,604230,1,41.360692,-72.900064,3122659,10/16/19,15:45:00,O,Property Damage Only,O,No Apparent Injury (O),2,Local,1.81,452,RIDGE RD,RIDGE RD,SANTA FE AV,,,,,4,Rain,1,Daylight,2,Wet,5300,"Trafficway, On Road",10/16/19 15:45
1408,604016,1,41.351287,-72.93126,3122445,10/16/19,18:05:00,O,Property Damage Only,O,No Apparent Injury (O),2,State,5.93,10,CT-10,10-N,BEACON ST,,,,,4,Rain,4,Dark-Lighted,2,Wet,23300,"Trafficway, On Road",10/16/19 18:05
8434,604017,1,41.37701,-72.915884,3122446,10/16/19,18:17:00,O,Property Damage Only,O,No Apparent Injury (O),2,Local,0.04,489,SHEPARD AV,SHEPARD AV,,Dixwell Avenue,144,Feet,N,4,Rain,4,Dark-Lighted,2,Wet,1400,"Trafficway, On Road",10/16/19 18:17
8436,604295,1,41.401211,-72.923987,3122724,10/16/19,19:14:00,O,Property Damage Only,O,No Apparent Injury (O),2,Local,1.82,489,SHEPARD AV,SHEPARD AV,WEST SHEPARD AV,,,,,4,Rain,4,Dark-Lighted,2,Wet,1400,"Trafficway, On Road",10/16/19 19:14
6675,604018,1,41.338155,-72.941197,3122447,10/16/19,19:21:00,A,"Injury of any type (Serious, Minor, Possible)",C,Possible Injury (C),2,Local,0,176,FAIRVIEW AV,FAIRVIEW AV,,Arch St,62,Feet,S,4,Rain,4,Dark-Lighted,2,Wet,4800,"Trafficway, On Road",10/16/19 19:21
681,604296,1,41.417783,-72.903529,3122725,10/16/19,21:59:00,O,Property Damage Only,O,No Apparent Injury (O),2,State,11.27,10,CT-10,10-N,,MT CARMEL AVE,1025,Feet,S,4,Rain,4,Dark-Lighted,2,Wet,25700,"Trafficway, On Road",10/16/19 21:59
9223,613505,1,41.359924,-72.961864,3131932,10/17/19,0:43:00,O,Property Damage Only,O,No Apparent Injury (O),1,Local,1.12,594,WINTERGREEN AV,WINTERGREEN AV,,building brook,1280,Feet,E,4,Rain,4,Dark-Lighted,2,Wet,1300,"Trafficway, Not on Road",10/17/19 0:43
6055,602828,1,41.343692,-72.914764,3121257,10/17/19,14:43:00,A,"Injury of any type (Serious, Minor, Possible)",C,Possible Injury (C),2,Local,0.13,78,CARLETON ST,CARLETON ST,,Augur St,20,Feet,N,1,Clear,99,Unknown,1,Dry,,"Trafficway, On Road",10/17/19 14:43
8435,604019,1,41.391498,-72.922695,3122448,10/17/19,15:57:00,O,Property Damage Only,O,No Apparent Injury (O),2,Local,1.13,489,SHEPARD AV,SHEPARD AV,SHERMAN AV NO 1,,,,,1,Clear,1,Daylight,1,Dry,1400,"Trafficway, On Road",10/17/19 15:57
7903,605131,1,41.339199,-72.945999,3123559,10/17/19,16:03:00,O,Property Damage Only,O,No Apparent Injury (O),3,Local,0.2,664,PINE ROCK AV,PINE ROCK AV NO 2,,ARCH ST.,5,TenthsofMile,S,1,Clear,1,Daylight,1,Dry,6600,"Trafficway, On Road",10/17/19 16:03
8258,606425,1,41.422538,-72.94069,3124853,10/17/19,16:04:00,O,Property Damage Only,O,No Apparent Injury (O),1,Local,0.02,471,RUSSO RD,RUSSO RD,,west woods,100,Feet,N,1,Clear,1,Daylight,1,Dry,,"Trafficway, On Road",10/17/19 16:04
4537,604580,1,41.40342,-72.89563,3123009,10/18/19,10:29:00,A,"Injury of any type (Serious, Minor, Possible)",C,Possible Injury (C),2,State,0.14,22,CT-22,22-E,NEW RD,,,,,1,Clear,1,Daylight,1,Dry,5600,"Trafficway, On Road",10/18/19 10:29
954,604020,1,41.4125,-72.901611,3122449,10/18/19,12:35:00,O,Property Damage Only,O,No Apparent Injury (O),2,State,10.9,10,CT-10,10-N,,Mt. Carmel Av,500,Feet,S,1,Clear,1,Daylight,1,Dry,25200,"Trafficway, On Road",10/18/19 12:35
4054,608919,1,41.365888,-72.920762,3127346,10/18/19,15:46:00,O,Property Damage Only,O,No Apparent Injury (O),2,State,50.29,15,15-S,15-S,,Exit 60,3,TenthsofMile,N,1,Clear,1,Daylight,1,Dry,66200,"Trafficway, On Road",10/18/19 15:46
7252,602839,1,41.400765,-72.908772,3121268,10/18/19,19:00:00,O,Property Damage Only,O,No Apparent Injury (O),2,Local,0.38,302,KNOB HILL DR,KNOB HILL DR,,Clark St,100,Feet,N,1,Clear,4,Dark-Lighted,1,Dry,,"Trafficway, On Road",10/18/19 19:00
6090,602834,1,41.4222,-72.93489,3121263,10/19/19,8:40:00,A,"Injury of any type (Serious, Minor, Possible)",C,Possible Injury (C),2,Local,0.29,96,CHOATE AV,CHOATE AV,,Andover St,255,Feet,W,1,Clear,1,Daylight,1,Dry,1000,"Trafficway, On Road",10/19/19 8:40
1308,602836,1,41.367651,-72.920373,3121265,10/19/19,12:44:00,O,Property Damage Only,O,No Apparent Injury (O),2,State,7.18,10,CT-10,10-N,,Connolly Parkway,200,Feet,N,1,Clear,1,Daylight,1,Dry,23600,"Trafficway, On Road",10/19/19 12:44
1407,603567,1,41.35387,-72.929781,3121996,10/19/19,13:47:00,O,Property Damage Only,O,No Apparent Injury (O),2,State,6.12,10,CT-10,10-N,,TREADWELL STREET,25,Feet,S,1,Clear,1,Daylight,1,Dry,23300,"Trafficway, On Road",10/19/19 13:47
7773,602846,1,41.437674,-72.946547,3121275,10/19/19,15:02:00,O,Property Damage Only,O,No Apparent Injury (O),1,Local,0.11,730,OLD PASTURE RD,OLD PASTURE RD,,Deer Hill,450,Feet,W,1,Clear,1,Daylight,1,Dry,,"Trafficway, On Road",10/19/19 15:02
4576,603568,1,41.403496,-72.895602,3121997,10/19/19,19:17:00,A,"Injury of any type (Serious, Minor, Possible)",B,Suspected Minor Injury (B),2,State,0.14,22,CT-22,22-E,NEW RD,,,,,1,Clear,4,Dark-Lighted,1,Dry,,"Trafficway, On Road",10/19/19 19:17
1173,605133,1,41.341831,-72.934965,3123561,10/19/19,19:18:00,O,Property Damage Only,O,No Apparent Injury (O),2,State,5.24,10,CT-10,10-N,NORTH ST,,,,,1,Clear,4,Dark-Lighted,1,Dry,24000,"Trafficway, On Road",10/19/19 19:18
6935,603253,1,41.335272,-72.92902,3121682,10/19/19,20:49:00,O,Property Damage Only,O,No Apparent Injury (O),2,Local,0.48,222,GOODRICH ST,GOODRICH ST,BUTLER ST,,,,,1,Clear,4,Dark-Lighted,1,Dry,,"Trafficway, On Road",10/19/19 20:49
5148,603569,1,41.345153,-72.91239,3121998,10/20/19,2:37:00,O,Property Damage Only,O,No Apparent Injury (O),1,State,0.88,707,WHITNEY AV,707-N,,PUTNAM AVE,300,Feet,S,1,Clear,4,Dark-Lighted,1,Dry,13500,"Trafficway, Not on Road",10/20/19 2:37
5192,604314,1,41.371134,-72.906561,3122743,10/20/19,14:15:00,O,Property Damage Only,O,No Apparent Injury (O),2,State,2.74,707,WHITNEY AV,707-N,SKIFF ST,,,,,2,Cloudy,1,Daylight,1,Dry,13300,"Trafficway, On Road",10/20/19 14:15
8433,602849,1,41.382748,-72.920684,3121278,10/20/19,15:17:00,A,"Injury of any type (Serious, Minor, Possible)",C,Possible Injury (C),2,Local,0.52,489,SHEPARD AV,SHEPARD AV,,Howard Dr,100,Feet,W,4,Rain,1,Daylight,2,Wet,1400,"Trafficway, On Road",10/20/19 15:17
3672,637641,1,41.36192,-72.932692,3156060,10/21/19,9:12:00,O,Property Damage Only,O,No Apparent Injury (O),2,State,49.57,15,15-S,15-S,,Exit #60,6,TenthsofMile,S,1,Clear,1,Daylight,1,Dry,78600,"Trafficway, On Road",10/21/19 9:12
7200,605134,1,41.357831,-72.927801,3123562,10/21/19,10:18:00,O,Property Damage Only,O,No Apparent Injury (O),3,Local,0.14,262,HILLCREST AV,HILLCREST AV,,DIXWELL AVENUE,250,Feet,W,1,Clear,1,Daylight,1,Dry,,"Trafficway, On Road",10/21/19 10:18
3987,605113,1,41.37890676,-72.9038597,3123541,10/21/19,17:19:00,O,Property Damage Only,O,No Apparent Injury (O),2,State,51.59,15,15-S,15-S,,exit 61,100,Feet,N,1,Clear,1,Daylight,1,Dry,68000,"Trafficway, On Road",10/21/19 17:19
8647,603570,1,41.371139,-72.906698,3121999,10/21/19,17:23:00,O,Property Damage Only,O,No Apparent Injury (O),2,Local,0.02,494,SKIFF ST,SKIFF ST,,Whitney Ave,76,Feet,W,1,Clear,1,Daylight,1,Dry,24500,"Trafficway, On Road",10/21/19 17:23
953,603571,1,41.412012,-72.901311,3122000,10/21/19,17:48:00,O,Property Damage Only,O,No Apparent Injury (O),2,State,10.86,10,CT-10,10-N,,Sherman Ave,1,TenthsofMile,S,1,Clear,1,Daylight,1,Dry,25200,"Trafficway, On Road",10/21/19 17:48
6610,603572,1,41.385194,-72.907144,3122001,10/21/19,18:33:00,O,Property Damage Only,O,No Apparent Injury (O),2,Local,0.16,174,EVERGREEN AV,EVERGREEN AV,,Hamden Hills Dr,50,Feet,W,1,Clear,4,Dark-Lighted,1,Dry,8400,"Trafficway, On Road",10/21/19 18:33
185,607290,1,41.367113,-72.920721,3125718,10/22/19,7:01:00,A,"Injury of any type (Serious, Minor, Possible)",B,Suspected Minor Injury (B),1,State,7.14,10,CT-10,10-N,CONNOLLY PKWY,,,,,1,Clear,1,Daylight,1,Dry,33000,"Trafficway, On Road",10/22/19 7:01
8439,606527,1,41.419126,-72.921942,3124955,10/22/19,9:20:00,O,Property Damage Only,O,No Apparent Injury (O),2,Local,3.09,489,SHEPARD AV,SHEPARD AV,WEST WOODS RD NO 2,,,,,1,Clear,1,Daylight,1,Dry,1400,"Trafficway, On Road",10/22/19 9:20
955,604021,1,41.405406,-72.898943,3122450,10/22/19,15:28:00,O,Property Damage Only,O,No Apparent Injury (O),2,State,10.38,10,CT-10,10-N,,IVES STEET,600,Feet,N,1,Clear,1,Daylight,1,Dry,25200,"Trafficway, On Road",10/22/19 15:28
183,605242,1,41.367076,-72.920708,3123670,10/22/19,15:38:00,A,"Injury of any type (Serious, Minor, Possible)",C,Possible Injury (C),2,State,7.14,10,CT-10,10-N,CONNOLLY PKWY,,,,,1,Clear,1,Daylight,1,Dry,33000,"Trafficway, On Road",10/22/19 15:38
6130,604022,1,41.354211,-72.936439,3122451,10/22/19,16:06:00,O,Property Damage Only,O,No Apparent Injury (O),2,Local,0.83,99,CIRCULAR AV,CIRCULAR AV,,Church Street,200,Feet,S,1,Clear,1,Daylight,1,Dry,7200,"Trafficway, On Road",10/22/19 16:06
1309,606935,1,41.373114,-72.916728,3125363,10/22/19,16:18:00,O,Property Damage Only,O,No Apparent Injury (O),2,State,7.61,10,CT-10,10-N,,Skiff St,1,TenthsofMile,S,2,Cloudy,1,Daylight,1,Dry,23600,"Trafficway, On Road",10/22/19 16:18
3360,604498,1,41.38072192,-72.90076272,3122927,10/23/19,6:40:00,O,Property Damage Only,O,No Apparent Injury (O),2,State,51.76,15,15-N,15-N,,X61 On-ramp,10,Feet,N,1,Clear,2,Dawn,2,Wet,63800,"Trafficway, On Road",10/23/19 6:40
5805,608754,1,41.363503,-72.925421,3127182,10/23/19,7:15:00,A,"Injury of any type (Serious, Minor, Possible)",A,Suspected Serious Injury (A),2,Local,0.09,42,BENHAM ST,BENHAM ST,,,,,,1,Clear,1,Daylight,2,Wet,12800,"Trafficway, On Road",10/23/19 7:15
3143,604499,1,41.364808,-72.927642,3122928,10/23/19,7:58:00,O,Property Damage Only,O,No Apparent Injury (O),2,State,49.89,15,15-N,15-N,,Exit 60,1,TenthsofMile,S,1,Clear,1,Daylight,2,Wet,78600,"Trafficway, On Road",10/23/19 7:58
9259,604581,1,41.346566,-72.946383,3123010,10/23/19,13:29:00,O,Property Damage Only,O,No Apparent Injury (O),2,Local,1.04,598,WOODIN ST,WOODIN ST,,Pine Rock Av,100,Feet,W,1,Clear,1,Daylight,1,Dry,5500,"Trafficway, On Road",10/23/19 13:29
47,606528,1,41.36438,-72.92284,3124956,10/23/19,15:36:00,O,Property Damage Only,O,No Apparent Injury (O),2,State,6.93,10,CT-10,10-N,WEYBOSSET ST,,,,,1,Clear,1,Daylight,1,Dry,41000,"Trafficway, On Road",10/23/19 15:36
6569,604582,1,41.357807,-72.908159,3123011,10/23/19,15:37:00,O,Property Damage Only,O,No Apparent Injury (O),2,Local,0.07,162,EDGEMERE RD,EDGEMERE RD,,Chander Street,500,Feet,E,1,Clear,1,Daylight,1,Dry,,"Trafficway, On Road",10/23/19 15:37
2496,604565,1,41.338402,-72.940059,3122994,10/23/19,17:04:00,O,Property Damage Only,O,No Apparent Injury (O),2,State,4.76,10,CT-10,10-N,WARNER ST,,,,,1,Clear,1,Daylight,1,Dry,12400,"Trafficway, On Road",10/23/19 17:04
6175,606529,1,41.36139,-72.93699,3124957,10/24/19,8:55:00,O,Property Damage Only,O,No Apparent Injury (O),2,Local,0.34,99,CIRCULAR AV,CIRCULAR AV,CHERRY HILL RD,,,,,1,Clear,1,Daylight,1,Dry,1900,"Trafficway, On Road",10/24/19 8:55