,CrashId,Fatal Case Status,lat,lon,DOT Case Number,Date Of Crash,Time of Crash,Crash Severity,Crash Severity Text Format,Most Severe Injury,Most Severe Injury Text Format,Number Of Motor Vehicles,Route Class Text Format,Milemarker,Road Number,Road Description,Roadway Name,Intersecting Roadway Name,Landmark Description,Distance From Nearest Landmark,Unit Of Measure From Nearest Landmark,Direction From Nearest Landmark,Weather Condition,Weather Condition Text Format,Light Condition,Light Condition Text Format,Road Surface Condition,Road Surface Condition Text Format,Average Daily Traffic,Trafficway Class Text Format,full_date
7765,604566,1,41.384088,-72.907119,3122995,10/24/19,13:03:00,A,"Injury of any type (Serious, Minor, Possible)",C,Possible Injury (C),2,Local,0.16,143,OLD DIXWELL AV,OLD DIXWELL AV,EVERGREEN AV,,,,,1,Clear,1,Daylight,1,Dry,,"Trafficway, On Road",10/24/19 13:03
1174,606530,1,41.33912,-72.935161,3124958,10/24/19,14:14:00,O,Property Damage Only,O,No Apparent Injury (O),2,State,5.06,10,CT-10,10-N,,Pine Street,150,Feet,S,1,Clear,1,Daylight,1,Dry,24000,"Trafficway, On Road",10/24/19 14:14
2327,605136,1,41.384497,-72.901524,3123564,10/24/19,15:44:00,O,Property Damage Only,O,No Apparent Injury (O),2,State,8.88,10,CT-10,10-N,SCHOOL ST,,,,,1,Clear,1,Daylight,1,Dry,16400,"Trafficway, On Road",10/24/19 15:44
3371,605522,1,41.365723,-72.924026,3123950,10/24/19,16:06:00,O,Property Damage Only,O,No Apparent Injury (O),2,State,50.09,15,15-N,15-N,,Exit 60,1,TenthsofMile,N,1,Clear,1,Daylight,1,Dry,61200,"Trafficway, On Road",10/24/19 16:06
6371,605643,1,41.440319,-72.943618,3124071,10/24/19,19:32:00,O,Property Damage Only,O,No Apparent Injury (O),1,Local,0,729,DEER HILL RD,DEER HILL RD,GAYLORD MOUNTAIN RD,,,,,1,Clear,4,Dark-Lighted,1,Dry,,"Trafficway, On Road",10/24/19 19:32
2268,604567,1,41.38826,-72.89966,3122996,10/25/19,8:54:00,O,Property Damage Only,O,No Apparent Injury (O),2,State,9.16,10,CT-10,10-N,LINCOLN ST,,,,,1,Clear,1,Daylight,1,Dry,16800,"Trafficway, On Road",10/25/19 8:54
3144,605182,1,41.34848549,-72.96615995,3123610,10/25/19,12:20:00,A,"Injury of any type (Serious, Minor, Possible)",C,Possible Injury (C),3,State,47.55,15,15-N,15-N,,Exit 59,1,TenthsofMile,N,1,Clear,1,Daylight,1,Dry,78600,"Trafficway, On Road",10/25/19 12:20
8437,605644,1,41.382667,-72.920605,3124072,10/25/19,12:39:00,O,Property Damage Only,O,No Apparent Injury (O),2,Local,0.51,489,SHEPARD AV,SHEPARD AV,,Howard Dr,61,Feet,N,1,Clear,1,Daylight,1,Dry,1400,"Trafficway, On Road",10/25/19 12:39
1926,605645,1,41.421347,-72.904829,3124073,10/25/19,13:37:00,O,Property Damage Only,O,No Apparent Injury (O),2,State,11.53,10,CT-10,10-N,,West Woods Road,212,Feet,N,1,Clear,1,Daylight,1,Dry,19000,"Trafficway, On Road",10/25/19 13:37
8649,609890,1,41.374487,-72.915926,3128317,10/25/19,14:51:00,O,Property Damage Only,O,No Apparent Injury (O),2,Local,0.54,494,SKIFF ST,SKIFF ST,DIXWELL,,,,,1,Clear,1,Daylight,1,Dry,24500,"Trafficway, On Road",10/25/19 14:51
7982,606427,1,41.337657,-72.919279,3124855,10/25/19,14:55:00,O,Property Damage Only,O,No Apparent Injury (O),2,Local,0.05,438,PROSPECT ST,PROSPECT ST,ARMORY ST,,,,,1,Clear,1,Daylight,1,Dry,4700,"Trafficway, On Road",10/25/19 14:55
5644,607291,1,41.374801,-72.916001,3125719,10/25/19,15:31:00,O,Property Damage Only,O,No Apparent Injury (O),2,State,0.17,753,CT-10,753-S,SKIFF ST,,,,,1,Clear,1,Daylight,1,Dry,13900,"Trafficway, On Road",10/25/19 15:31
6901,607399,1,41.334927,-72.924885,3125827,10/26/19,11:43:00,A,"Injury of any type (Serious, Minor, Possible)",C,Possible Injury (C),2,Local,0.26,222,GOODRICH ST,GOODRICH ST,WINCHESTER AV,,,,,1,Clear,1,Daylight,1,Dry,3200,"Trafficway, On Road",10/26/19 11:43
6280,606428,1,41.352062,-72.931211,3124856,10/26/19,12:53:00,O,Property Damage Only,O,No Apparent Injury (O),1,Local,0.2,110,CONCORD ST,CONCORD ST,,Dixwell Ave.,25,Feet,E,2,Cloudy,4,Dark-Lighted,1,Dry,,"Trafficway, On Road",10/26/19 12:53
184,605646,1,41.367088,-72.920743,3124074,10/26/19,14:20:00,A,"Injury of any type (Serious, Minor, Possible)",C,Possible Injury (C),3,State,7.14,10,CT-10,10-N,CONNOLLY PKWY,,,,,1,Clear,1,Daylight,1,Dry,33000,"Trafficway, On Road",10/26/19 14:20
7878,610488,1,41.397274,-72.900165,3128915,10/26/19,17:08:00,O,Property Damage Only,O,No Apparent Injury (O),2,Local,0.15,421,PELHAM AV,PELHAM AV,CANNON ST,,,,,1,Clear,1,Daylight,1,Dry,,"Trafficway, On Road",10/26/19 17:08
2093,605647,1,41.43848,-72.909683,3124075,10/26/19,17:21:00,O,Property Damage Only,O,No Apparent Injury (O),2,State,12.73,10,CT-10,10-N,RIVER RD NO 2,,,,,1,Clear,3,Dusk,1,Dry,17500,"Trafficway, On Road",10/26/19 17:21
7625,604871,1,41.423176,-72.882734,3123299,10/26/19,20:53:00,O,Property Damage Only,O,No Apparent Injury (O),1,Local,0.65,375,MOUNT CARMEL AV,MOUNT CARMEL AV,RIDGE RD NO 2,,,,,1,Clear,4,Dark-Lighted,1,Dry,2100,"Trafficway, On Road",10/26/19 20:53
4961,605648,1,41.383345,-72.902027,3124076,10/26/19,20:57:00,O,Property Damage Only,O,No Apparent Injury (O),1,State,3.62,707,WHITNEY AV,707-N,10-N,,,,,1,Clear,4,Dark-Lighted,1,Dry,16800,"Trafficway, On Road",10/26/19 20:57
5804,605649,1,41.363411,-72.925477,3124077,10/27/19,1:05:00,O,Property Damage Only,O,No Apparent Injury (O),1,Local,0.1,42,BENHAM ST,BENHAM ST,LAKEVIEW AV,,,,,4,Rain,5,Dark-Not Lighted,2,Wet,12800,"Trafficway, On Road",10/27/19 1:05
1310,608755,1,41.373988,-72.916167,3127183,10/27/19,4:07:00,O,Property Damage Only,O,No Apparent Injury (O),2,State,7.67,10,CT-10,10-N,,Connelly PKWY,400,Feet,N,1,Clear,4,Dark-Lighted,1,Dry,23600,"Trafficway, On Road",10/27/19 4:07
8438,605650,1,41.38273,-72.920655,3124078,10/27/19,12:25:00,O,Property Damage Only,O,No Apparent Injury (O),2,Local,0.52,489,SHEPARD AV,SHEPARD AV,,HOWARD DR,75,Feet,N,4,Rain,1,Daylight,2,Wet,1400,"Trafficway, On Road",10/27/19 12:25
960,608360,1,41.410329,-72.90082,3126788,10/27/19,14:27:00,O,Property Damage Only,O,No Apparent Injury (O),2,State,10.74,10,CT-10,10-N,SLEEPING GIANT DR,,,,,4,Rain,1,Daylight,2,Wet,25200,"Trafficway, On Road",10/27/19 14:27
8973,633998,1,41.3552,-72.90849,3152420,10/27/19,16:22:00,O,Property Damage Only,O,No Apparent Injury (O),2,Local,0.48,548,WAITE ST,WAITE ST,BLISS AVE,,,,,1,Clear,1,Daylight,2,Wet,2600,"Trafficway, On Road",10/27/19 16:22
4275,611930,1,41.378357,-72.905296,3130357,10/28/19,7:18:00,O,Property Damage Only,O,No Apparent Injury (O),2,State,0.16,15,15-S,15-S-122,,Route 15,10,Feet,N,2,Cloudy,1,Daylight,1,Dry,9500,"Trafficway, On Road",10/28/19 7:18
4283,608075,1,41.3793972,-72.90375396,3126503,10/28/19,9:48:00,O,Property Damage Only,O,No Apparent Injury (O),2,State,0.16,15,15-S,15-S-123,,Exit 61,1,TenthsofMile,N,1,Clear,1,Daylight,1,Dry,9500,"Trafficway, On Road",10/28/19 9:48
7975,605651,1,41.3699,-72.921365,3124079,10/28/19,10:40:00,O,Property Damage Only,O,No Apparent Injury (O),2,,,,PLAZA DRIVEWAY REAR,Hamden Paza Rear Access Rd.,,Mix Ave.,1,TenthsofMile,E,1,Clear,1,Daylight,1,Dry,,"Trafficway, On Road",10/28/19 10:40
4274,605634,1,41.379328,-72.905007,3124062,10/28/19,11:54:00,O,Property Damage Only,O,No Apparent Injury (O),2,State,0.09,15,15-S,15-S-122,,Route 15,1,TenthsofMile,N,1,Clear,1,Daylight,1,Dry,9500,"Trafficway, On Road",10/28/19 11:54
8619,606429,1,41.413824,-72.902083,3124857,10/28/19,16:20:00,O,Property Damage Only,O,No Apparent Injury (O),2,Local,0,656,SHERMAN AV,SHERMAN AV NO 2,Whitney Ave,,,,W,1,Clear,1,Daylight,1,Dry,,"Trafficway, On Road",10/28/19 16:20
958,605652,1,41.348366,-72.932894,3124080,10/28/19,16:47:00,O,Property Damage Only,O,No Apparent Injury (O),2,State,5.71,10,CT-10,10-N,SCOTT ST,,,,,1,Clear,1,Daylight,1,Dry,25200,"Trafficway, On Road",10/28/19 16:47
1311,608962,1,41.374305,-72.916002,3127389,10/28/19,16:57:00,O,Property Damage Only,O,No Apparent Injury (O),2,State,7.7,10,CT-10,10-N,,Skiff Street,20,Feet,S,1,Clear,1,Daylight,1,Dry,23600,"Trafficway, On Road",10/28/19 16:57
7253,611091,1,41.400627,-72.908823,3129518,10/28/19,21:13:00,O,Property Damage Only,O,No Apparent Injury (O),2,Local,0.39,302,KNOB HILL DR,KNOB HILL DR,,Nista Dr.,1,TenthsofMile,S,1,Clear,4,Dark-Lighted,1,Dry,,"Trafficway, On Road",10/28/19 21:13
5256,607292,1,41.362307,-72.909091,3125720,10/29/19,9:07:00,O,Property Damage Only,O,No Apparent Injury (O),2,State,2.12,707,WHITNEY AV,707-N,SWARTHMORE ST,,,,,1,Clear,1,Daylight,2,Wet,11900,"Trafficway, On Road",10/29/19 9:07
1410,607354,1,41.34952,-72.93225,3125782,10/29/19,10:42:00,O,Property Damage Only,O,No Apparent Injury (O),2,State,5.79,10,CT-10,10-N,,COLLINS ST,60,Feet,S,4,Rain,1,Daylight,2,Wet,23300,"Trafficway, On Road",10/29/19 10:42
284,611092,1,41.361386,-72.92449,3129519,10/29/19,11:44:00,O,Property Damage Only,O,No Apparent Injury (O),2,State,6.71,10,CT-10,10-N,,Benham St,500,Feet,S,4,Rain,1,Daylight,2,Wet,32000,"Trafficway, On Road",10/29/19 11:44
6046,607355,1,41.397718,-72.903761,3125783,10/29/19,12:58:00,O,Property Damage Only,O,No Apparent Injury (O),2,Local,0,74,CANNON ST,CANNON ST,EVERGREEN AV,,,,,4,Rain,1,Daylight,2,Wet,,"Trafficway, On Road",10/29/19 12:58
9260,606936,1,41.3461,-72.9446,3125364,10/29/19,14:25:00,O,Property Damage Only,O,No Apparent Injury (O),1,Local,1.14,598,WOODIN ST,WOODIN ST,,Elmer Ave,1,TenthsofMile,E,4,Rain,1,Daylight,2,Wet,5500,"Trafficway, On Road",10/29/19 14:25
542,606531,1,41.355135,-72.92881,3124959,10/29/19,14:54:00,A,"Injury of any type (Serious, Minor, Possible)",C,Possible Injury (C),2,State,6.22,10,CT-10,10-N,PERSHING ST,,,,,4,Rain,1,Daylight,2,Wet,27400,"Trafficway, On Road",10/29/19 14:54
9092,606430,1,41.429861,-72.918613,3124858,10/29/19,17:20:00,O,Property Damage Only,O,No Apparent Injury (O),1,Local,1.27,573,WEST TODD ST,WEST TODD ST,,Hillfield Rd,1,TenthsofMile,E,4,Rain,1,Daylight,2,Wet,,"Trafficway, Not on Road",10/29/19 17:20
5257,608963,1,41.359342,-72.90979,3127390,10/29/19,19:22:00,A,"Injury of any type (Serious, Minor, Possible)",B,Suspected Minor Injury (B),2,State,1.91,707,WHITNEY AV,707-N,CENTRAL AV,,,,,4,Rain,5,Dark-Not Lighted,2,Wet,11900,"Trafficway, On Road",10/29/19 19:22
1411,608964,1,41.3488,-72.93268,3127391,10/29/19,21:25:00,A,"Injury of any type (Serious, Minor, Possible)",B,Suspected Minor Injury (B),2,State,5.73,10,CT-10,10-N,,Scott St.,100,Feet,N,4,Rain,4,Dark-Lighted,2,Wet,23300,"Trafficway, On Road",10/29/19 21:25
7904,607293,1,41.342542,-72.945669,3125721,10/30/19,12:33:00,A,"Injury of any type (Serious, Minor, Possible)",B,Suspected Minor Injury (B),1,Local,0.45,664,PINE ROCK AV,PINE ROCK AV NO 2,,HIGH TOP CIR,50,Feet,S,4,Rain,1,Daylight,2,Wet,6600,"Trafficway, On Road",10/30/19 12:33
3509,608119,1,41.38067,-72.900729,3126547,10/30/19,13:15:00,O,Property Damage Only,O,No Apparent Injury (O),2,State,0.23,15,15-N,15-N-125,EXIT 61 on ramp,,,,,1,Clear,1,Daylight,2,Wet,2300,"Trafficway, On Road",10/30/19 13:15
8928,611093,1,41.343131,-72.917819,3129520,10/30/19,13:22:00,O,Property Damage Only,O,No Apparent Injury (O),2,Local,0.01,529,TURNOR AV,TURNOR AV,AUGAR ST,,,,,1,Clear,99,Unknown,1,Dry,,"Trafficway, On Road",10/30/19 13:22
8043,608213,1,41.34368828,-72.92639047,3126641,10/30/19,16:09:00,O,Property Damage Only,O,No Apparent Injury (O),2,Local,0.74,439,PUTNAM AV,PUTNAM AV,NEWHALL,,,,,4,Rain,1,Daylight,2,Wet,10200,"Trafficway, On Road",10/30/19 16:09
3145,612244,1,41.359298,-72.938693,3130671,10/30/19,17:26:00,O,Property Damage Only,O,No Apparent Injury (O),2,State,49.2,15,15-N,15-N,,Exit 60,8,TenthsofMile,S,4,Rain,5,Dark-Not Lighted,2,Wet,78600,"Trafficway, On Road",10/30/19 17:26
7983,608316,1,41.335383,-72.919537,3126744,10/30/19,23:49:00,A,"Injury of any type (Serious, Minor, Possible)",C,Possible Injury (C),1,Local,0.2,438,PROSPECT ST,PROSPECT ST,,Prospect CT,50,Feet,N,4,Rain,4,Dark-Lighted,2,Wet,4700,"Trafficway, On Road",10/30/19 23:49
4710,608965,1,41.330877,-72.899669,3127392,10/31/19,6:56:00,A,"Injury of any type (Serious, Minor, Possible)",B,Suspected Minor Injury (B),1,USRoute,1.23,5,US-5,5-N,BENTON ST,,,,,4,Rain,5,Dark-Not Lighted,2,Wet,14300,"Trafficway, On Road",10/31/19 6:56
5149,607294,1,41.343448,-72.91223,3125722,10/31/19,8:22:00,O,Property Damage Only,O,No Apparent Injury (O),2,State,0.77,707,WHITNEY AV,707-N,ELI RD,,,,,4,Rain,1,Daylight,2,Wet,13500,"Trafficway, On Road",10/31/19 8:22
8187,607295,1,41.358841,-72.900592,3125723,10/31/19,8:55:00,O,Property Damage Only,O,No Apparent Injury (O),2,Local,1.68,452,RIDGE RD,RIDGE RD,HAVERFORD ST,,,,,4,Rain,1,Daylight,2,Wet,5300,"Trafficway, On Road",10/31/19 8:55
8648,607305,1,41.374423,-72.915623,3125733,10/31/19,12:44:00,A,"Injury of any type (Serious, Minor, Possible)",C,Possible Injury (C),2,Local,0.53,494,SKIFF ST,SKIFF ST,,Dixwell Ave,45,Feet,E,4,Rain,1,Daylight,2,Wet,24500,"Trafficway, On Road",10/31/19 12:44
6006,619180,1,41.354411,-72.944952,3137604,10/31/19,13:49:00,O,Property Damage Only,O,No Apparent Injury (O),1,Local,0.22,63,BROOK ST,BROOK ST,,Wintergreen Avenue,100,Feet,S,4,Rain,1,Daylight,2,Wet,3200,"Trafficway, On Road",10/31/19 13:49
7280,611094,1,41.366416,-72.941078,3129521,10/31/19,19:24:00,O,Property Damage Only,O,No Apparent Injury (O),2,Local,0.03,309,LANE ST,LANE ST,,Benham St.,121,Feet,S,4,Rain,4,Dark-Lighted,2,Wet,5300,"Trafficway, On Road",10/31/19 19:24
3294,637155,1,41.38359,-72.895972,3155574,11/1/19,10:48:00,A,"Injury of any type (Serious, Minor, Possible)",B,Suspected Minor Injury (B),2,State,52.08,15,15-N,15-N,,#61 on ramp,3,Feet,N,1,Clear,1,Daylight,1,Dry,67600,"Trafficway, On Road",11/1/19 10:48
682,611095,1,41.417877,-72.903534,3129522,11/1/19,15:04:00,O,Property Damage Only,O,No Apparent Injury (O),2,State,11.28,10,CT-10,10-N,,WEST WOODS ROAD,2,TenthsofMile,S,1,Clear,1,Daylight,1,Dry,25700,"Trafficway, On Road",11/1/19 15:04
959,608317,1,41.40631,-72.89934,3126745,11/1/19,15:21:00,O,Property Damage Only,O,No Apparent Injury (O),2,State,10.46,10,CT-10,10-N,HOME PL,,,,,1,Clear,1,Daylight,1,Dry,25200,"Trafficway, On Road",11/1/19 15:21
3510,612251,1,41.380613,-72.900758,3130678,11/1/19,15:41:00,O,Property Damage Only,O,No Apparent Injury (O),2,State,0.22,15,15-N,15-N-125,,Route 15,10,Feet,S,1,Clear,1,Daylight,1,Dry,2300,"Trafficway, On Road",11/1/19 15:41
2017,608361,1,41.402005,-72.897781,3126789,11/1/19,16:21:00,O,Property Damage Only,O,No Apparent Injury (O),2,State,10.14,10,CT-10,10-N,,Rte. 40 Exit Ramp,30,Feet,N,1,Clear,1,Daylight,1,Dry,18300,"Trafficway, On Road",11/1/19 16:21
1312,611096,1,41.374228,-72.915998,3129523,11/1/19,16:41:00,O,Property Damage Only,O,No Apparent Injury (O),2,State,7.69,10,CT-10,10-N,,Skiff St,200,Feet,N,1,Clear,1,Daylight,1,Dry,23600,"Trafficway, On Road",11/1/19 16:41
5150,611097,1,41.341729,-72.912878,3129524,11/1/19,16:59:00,O,Property Damage Only,O,No Apparent Injury (O),2,State,0.62,707,WHITNEY AV,707-N,DAVIS ST,,,,,1,Clear,1,Daylight,1,Dry,13500,"Trafficway, On Road",11/1/19 16:59
6902,608966,1,41.335738,-72.934659,3127393,11/2/19,2:14:00,O,Property Damage Only,O,No Apparent Injury (O),2,Local,0.78,222,GOODRICH ST,GOODRICH ST,,Dixwell Avenue,125,Feet,E,1,Clear,4,Dark-Lighted,1,Dry,3200,"Trafficway, On Road",11/2/19 2:14
8576,607746,1,41.401975,-72.91491,3126174,11/2/19,9:09:00,O,Property Damage Only,O,No Apparent Injury (O),2,Local,0.96,491,SHERMAN AV,SHERMAN AV NO 1,,Crestway,1485,Feet,N,1,Clear,99,Unknown,1,Dry,5700,"Trafficway, On Road",11/2/19 9:09
48,611098,1,41.363746,-72.923236,3129525,11/2/19,12:55:00,A,"Injury of any type (Serious, Minor, Possible)",C,Possible Injury (C),2,State,6.88,10,CT-10,10-N,PALMER AV,,,,,1,Clear,1,Daylight,1,Dry,41000,"Trafficway, On Road",11/2/19 12:55
2018,609008,1,41.403787,-72.89823,3127435,11/2/19,12:56:00,A,"Injury of any type (Serious, Minor, Possible)",C,Possible Injury (C),2,State,10.27,10,CT-10,10-N,DICKERMAN ST,,,,,1,Clear,1,Daylight,1,Dry,18300,"Trafficway, On Road",11/2/19 12:56
7024,609009,1,41.355714,-72.931267,3127436,11/2/19,14:11:00,A,"Injury of any type (Serious, Minor, Possible)",C,Possible Injury (C),2,Local,0.16,230,GRANDVIEW AV,GRANDVIEW AV,BLUE HILLS AV,,,,,1,Clear,1,Daylight,1,Dry,,"Trafficway, On Road",11/2/19 14:11
5806,611099,1,41.3647,-72.930323,3129526,11/2/19,15:07:00,O,Property Damage Only,O,No Apparent Injury (O),2,Local,0.36,42,BENHAM ST,BENHAM ST,,Vantage Road,20,Feet,E,1,Clear,1,Daylight,1,Dry,12800,"Trafficway, On Road",11/2/19 15:07
5645,609010,1,41.375123,-72.915915,3127437,11/2/19,15:36:00,A,"Injury of any type (Serious, Minor, Possible)",B,Suspected Minor Injury (B),2,State,0.13,753,CT-10,753-S,,Skiff St.,178,Feet,N,1,Clear,1,Daylight,1,Dry,13900,"Trafficway, On Road",11/2/19 15:36
4538,609011,1,41.403516,-72.895768,3127438,11/2/19,16:09:00,O,Property Damage Only,O,No Apparent Injury (O),2,State,0.14,22,CT-22,22-E,NEW RD,,,,,1,Clear,1,Daylight,1,Dry,5600,"Trafficway, On Road",11/2/19 16:09
6676,608362,1,41.341707,-72.941392,3126790,11/2/19,16:37:00,O,Property Damage Only,O,No Apparent Injury (O),1,Local,0.24,176,FAIRVIEW AV,FAIRVIEW AV,,Mott St,202,Feet,N,1,Clear,1,Daylight,1,Dry,4800,"Trafficway, On Road",11/2/19 16:37
2355,608363,1,41.399927,-72.897558,3126791,11/2/19,17:59:00,A,"Injury of any type (Serious, Minor, Possible)",C,Possible Injury (C),2,State,10,10,CT-10,10-N,,Charleton Hill Rd,40,Feet,S,1,Clear,4,Dark-Lighted,1,Dry,14800,"Trafficway, On Road",11/2/19 17:59
3361,608937,1,41.380666,-72.900743,3127364,11/2/19,18:39:00,O,Property Damage Only,O,No Apparent Injury (O),2,State,51.76,15,15-N,15-N,,RT 15 northbound,20,Feet,S,1,Clear,5,Dark-Not Lighted,1,Dry,63800,"Trafficway, On Road",11/2/19 18:39
961,608364,1,41.411308,-72.901109,3126792,11/3/19,12:25:00,O,Property Damage Only,O,No Apparent Injury (O),2,State,10.81,10,CT-10,10-N,RENSHAW RD,,,,,1,Clear,1,Daylight,1,Dry,25200,"Trafficway, On Road",11/3/19 12:25
3305,612257,1,41.378066,-72.905311,3130684,11/3/19,12:29:00,A,"Injury of any type (Serious, Minor, Possible)",C,Possible Injury (C),2,State,51.48,15,15-N,15-N,ENTRANCE 61,,,,,1,Clear,1,Daylight,1,Dry,66400,"Trafficway, On Road",11/3/19 12:29
544,611100,1,41.357358,-72.926977,3129527,11/4/19,10:05:00,O,Property Damage Only,O,No Apparent Injury (O),2,State,6.4,10,CT-10,10-N,HAIG ST,,,,,1,Clear,1,Daylight,1,Dry,27400,"Trafficway, On Road",11/4/19 10:05
2546,609012,1,41.377983,-72.914577,3127439,11/4/19,11:34:00,O,Property Damage Only,O,No Apparent Injury (O),2,State,7.96,10,CT-10,10-N,,Shepard Ave.,1,TenthsofMile,N,1,Clear,1,Daylight,1,Dry,11200,"Trafficway, On Road",11/4/19 11:34
8246,611101,1,41.407046,-72.920943,3129528,11/4/19,14:20:00,O,Property Damage Only,O,No Apparent Injury (O),1,Local,0.11,461,ROCKY TOP RD,ROCKY TOP RD,,Sherman Ave,5,TenthsofMile,E,1,Clear,1,Daylight,1,Dry,,"Trafficway, On Road",11/4/19 14:20
186,609013,1,41.366549,-72.921157,3127440,11/4/19,14:29:00,O,Property Damage Only,O,No Apparent Injury (O),2,State,7.1,10,CT-10,10-N,MARIETTA ST,,,,,1,Clear,1,Daylight,1,Dry,33000,"Trafficway, On Road",11/4/19 14:29
8044,608756,1,41.345776,-72.914099,3127184,11/4/19,17:17:00,A,"Injury of any type (Serious, Minor, Possible)",B,Suspected Minor Injury (B),1,Local,0.09,439,PUTNAM AV,PUTNAM AV,,Whitney ave,456,Feet,W,1,Clear,5,Dark-Not Lighted,1,Dry,10200,"Trafficway, On Road",11/4/19 17:17
8836,611102,1,41.439142,-72.919086,3129529,11/5/19,3:06:00,O,Property Damage Only,O,No Apparent Injury (O),1,Local,1.67,507,STILL HILL RD,STILL HILL RD,,Frazier Rd,20,Feet,E,1,Clear,4,Dark-Lighted,1,Dry,1600,"Trafficway, On Road",11/5/19 3:06
6538,614718,1,41.336962,-72.932688,3133145,11/5/19,6:13:00,O,Property Damage Only,O,No Apparent Injury (O),2,Local,0.05,151,DUDLEY CT,DUDLEY CT,DUDLEY ST,,,,,1,Clear,4,Dark-Lighted,1,Dry,,"Trafficway, On Road",11/5/19 6:13
8045,611135,1,41.343666,-72.926396,3129562,11/5/19,16:17:00,O,Property Damage Only,O,No Apparent Injury (O),2,Local,0.74,439,PUTNAM AV,PUTNAM AV,LEEDER HILL DR,,,,,1,Clear,1,Daylight,1,Dry,10200,"Trafficway, On Road",11/5/19 16:17
5151,611136,1,41.34352,-72.911988,3129563,11/5/19,17:32:00,A,"Injury of any type (Serious, Minor, Possible)",C,Possible Injury (C),2,State,0.77,707,WHITNEY AV,707-N,ELI RD,,,,,1,Clear,4,Dark-Lighted,1,Dry,13500,"Trafficway, On Road",11/5/19 17:32
2356,613506,1,41.397944,-72.89728,3131933,11/5/19,23:50:00,O,Property Damage Only,O,No Apparent Injury (O),1,State,9.86,10,CT-10,10-N,,Old Cannon Road,190,Feet,N,1,Clear,4,Dark-Lighted,1,Dry,14800,"Trafficway, On Road",11/5/19 23:50
2497,613507,1,41.33837,-72.936359,3131934,11/6/19,6:30:00,A,"Injury of any type (Serious, Minor, Possible)",B,Suspected Minor Injury (B),2,State,4.94,10,CT-10,10-N,ALSTRUM ST,,,,,1,Clear,1,Daylight,1,Dry,12400,"Trafficway, On Road",11/6/19 6:30
963,611990,1,41.411947,-72.90135,3130417,11/6/19,7:35:00,O,Property Damage Only,O,No Apparent Injury (O),3,State,10.86,10,CT-10,10-N,,Brown St.,200,Feet,N,1,Clear,1,Daylight,1,Dry,25200,"Trafficway, On Road",11/6/19 7:35
2269,611991,1,41.39031,-72.89882,3130418,11/6/19,8:07:00,A,"Injury of any type (Serious, Minor, Possible)",C,Possible Injury (C),2,State,9.31,10,CT-10,10-N,,Farrell St,100,Feet,S,1,Clear,1,Daylight,1,Dry,16800,"Trafficway, On Road",11/6/19 8:07
1175,612448,1,41.339292,-72.935236,3130875,11/6/19,11:17:00,O,Property Damage Only,O,No Apparent Injury (O),2,State,5.07,10,CT-10,10-N,,ARCH STREET,348,Feet,N,1,Clear,1,Daylight,1,Dry,24000,"Trafficway, On Road",11/6/19 11:17
6131,613508,1,41.348714,-72.934708,3131935,11/6/19,17:00:00,A,"Injury of any type (Serious, Minor, Possible)",C,Possible Injury (C),2,Local,1.2,99,CIRCULAR AV,CIRCULAR AV,SCOTT ST,,,,,1,Clear,4,Dark-Lighted,1,Dry,7200,"Trafficway, On Road",11/6/19 17:00
6379,613509,1,41.402212,-72.902724,3131936,11/6/19,17:20:00,O,Property Damage Only,O,No Apparent Injury (O),2,Local,0,140,DICKERMAN ST,DICKERMAN ST,EVERGREEN AV,,,,,1,Clear,1,Daylight,1,Dry,,"Trafficway, On Road",11/6/19 17:20
545,611156,1,41.356706,-72.927517,3129583,11/7/19,9:03:00,O,Property Damage Only,O,No Apparent Injury (O),2,State,6.34,10,CT-10,10-N,HOMESTEAD AV,,,,,2,Cloudy,1,Daylight,1,Dry,27400,"Trafficway, On Road",11/7/19 9:03
6903,611992,1,41.335467,-72.931554,3130419,11/7/19,9:52:00,A,"Injury of any type (Serious, Minor, Possible)",C,Possible Injury (C),4,Local,0.61,222,GOODRICH ST,GOODRICH ST,GOODYEAR ST,,,,,1,Clear,1,Daylight,1,Dry,3200,"Trafficway, On Road",11/7/19 9:52
962,610092,1,41.346406,-72.933944,3128519,11/7/19,13:12:00,A,"Injury of any type (Serious, Minor, Possible)",C,Possible Injury (C),2,State,5.57,10,CT-10,10-N,,,,,,1,Clear,1,Daylight,1,Dry,25200,"Trafficway, On Road",11/7/19 13:12
964,611994,1,41.404732,-72.89872,3130421,11/7/19,15:32:00,O,Property Damage Only,O,No Apparent Injury (O),2,State,10.33,10,CT-10,10-N,,Dickerman Street,322,Feet,N,4,Rain,1,Daylight,2,Wet,25200,"Trafficway, On Road",11/7/19 15:32
683,611995,1,41.415179,-72.902624,3130422,11/7/19,18:21:00,O,Property Damage Only,O,No Apparent Injury (O),2,State,11.08,10,CT-10,10-N,,Sherman Ave.,300,Feet,N,4,Rain,5,Dark-Not Lighted,2,Wet,25700,"Trafficway, On Road",11/7/19 18:21
5646,611996,1,41.374547,-72.916031,3130423,11/7/19,21:30:00,O,Property Damage Only,O,No Apparent Injury (O),2,State,0.17,753,CT-10,753-S,SKIFF ST,,,,W,4,Rain,4,Dark-Lighted,2,Wet,13900,"Trafficway, On Road",11/7/19 21:30