,CrashId,Fatal Case Status,lat,lon,DOT Case Number,Date Of Crash,Time of Crash,Crash Severity,Crash Severity Text Format,Most Severe Injury,Most Severe Injury Text Format,Number Of Motor Vehicles,Route Class Text Format,Milemarker,Road Number,Road Description,Roadway Name,Intersecting Roadway Name,Landmark Description,Distance From Nearest Landmark,Unit Of Measure From Nearest Landmark,Direction From Nearest Landmark,Weather Condition,Weather Condition Text Format,Light Condition,Light Condition Text Format,Road Surface Condition,Road Surface Condition Text Format,Average Daily Traffic,Trafficway Class Text Format,full_date
7654,654706,1,41.420868,-72.898706,3173118,11/8/19,10:36:00,O,Property Damage Only,O,No Apparent Injury (O),1,,,,MOUNT CARMEL AV,Sleeping Giant State Park Entrance,,MOUNT CARMEL AVE,30,Feet,N,97,Other,1,Daylight,1,Dry,,"Trafficway, On Road",11/8/19 10:36
965,611997,1,41.40548,-72.89895,3130424,11/8/19,12:16:00,O,Property Damage Only,O,No Apparent Injury (O),2,State,10.38,10,CT-10,10-N,WOODRUFF ST,,,,,1,Clear,1,Daylight,1,Dry,25200,"Trafficway, On Road",11/8/19 12:16
8440,611998,1,41.41913,-72.92194,3130425,11/8/19,14:32:00,O,Property Damage Only,O,No Apparent Injury (O),2,Local,3.09,489,SHEPARD AV,SHEPARD AV,WEST WOODS RD NO 2,,,,,1,Clear,1,Daylight,1,Dry,1400,"Trafficway, On Road",11/8/19 14:32
5152,614952,1,41.345738,-72.912412,3133379,11/8/19,14:46:00,A,"Injury of any type (Serious, Minor, Possible)",C,Possible Injury (C),2,State,0.92,707,WHITNEY AV,707-N,,Putnam Avenue,100,Feet,S,1,Clear,1,Daylight,1,Dry,13500,"Trafficway, On Road",11/8/19 14:46
6466,611999,1,41.335768,-72.935161,3130426,11/8/19,22:57:00,A,"Injury of any type (Serious, Minor, Possible)",C,Possible Injury (C),2,Local,0.02,142,DIXWELL AV,DIXWELL AV NO 1,GOODRICH ST,,,,,1,Clear,4,Dark-Lighted,1,Dry,,"Trafficway, On Road",11/8/19 22:57
8441,616995,1,41.380297,-72.917094,3135420,11/9/19,12:27:00,A,"Injury of any type (Serious, Minor, Possible)",C,Possible Injury (C),2,Local,0.27,489,SHEPARD AV,SHEPARD AV,,Mix Ave,40,Feet,S,1,Clear,1,Daylight,1,Dry,1400,"Trafficway, On Road",11/9/19 12:27
1413,613633,1,41.351287,-72.93126,3132060,11/9/19,14:41:00,O,Property Damage Only,O,No Apparent Injury (O),2,State,5.93,10,CT-10,10-N,BEACON ST,,,,,1,Clear,1,Daylight,1,Dry,23300,"Trafficway, On Road",11/9/19 14:41
187,614562,1,41.367077,-72.920504,3132989,11/9/19,18:10:00,A,"Injury of any type (Serious, Minor, Possible)",B,Suspected Minor Injury (B),2,State,7.14,10,CT-10,10-N,CONNOLLY PKWY,,,,,1,Clear,1,Daylight,1,Dry,33000,"Trafficway, On Road",11/9/19 18:10
8472,613634,1,41.389442,-72.922226,3132061,11/9/19,19:07:00,O,Property Damage Only,O,No Apparent Injury (O),1,Local,0.99,489,SHEPARD AV,SHEPARD AV,,SHERMAN AVE,0.200000003,TenthsofMile,S,1,Clear,4,Dark-Lighted,1,Dry,,"Trafficway, On Road",11/9/19 19:07
9008,613635,1,41.345265,-72.93738,3132062,11/9/19,21:59:00,O,Property Damage Only,O,No Apparent Injury (O),2,Local,0.23,553,WARREN ST,WARREN ST,,Woodin Street,60,Feet,S,1,Clear,5,Dark-Not Lighted,1,Dry,,"Trafficway, On Road",11/9/19 21:59
4820,613636,1,41.344032,-72.895026,3132063,11/11/19,12:55:00,O,Property Damage Only,O,No Apparent Injury (O),2,USRoute,2.21,5,US-5,5-N,,Fernwood Drive,100,Feet,S,1,Clear,1,Daylight,1,Dry,9400,"Trafficway, On Road",11/11/19 12:55
3433,616738,1,41.380664,-72.900745,3135163,11/11/19,16:54:00,O,Property Damage Only,O,No Apparent Injury (O),2,State,0.03,15,15-N,15-N-124,EXIT 61 ON RAMP,,,,,1,Clear,5,Dark-Not Lighted,1,Dry,9500,"Trafficway, On Road",11/11/19 16:54
2218,613511,1,41.383307,-72.905928,3131938,11/12/19,11:18:00,A,"Injury of any type (Serious, Minor, Possible)",C,Possible Injury (C),2,State,8.6,10,CT-10,10-N,,Old Dixwell,300,Feet,S,4,Rain,1,Daylight,2,Wet,16900,"Trafficway, On Road",11/12/19 11:18
6438,612449,1,41.33794,-72.935121,3130876,11/12/19,12:26:00,O,Property Damage Only,O,No Apparent Injury (O),2,Local,0.18,142,DIXWELL AV,DIXWELL AV NO 1,,MORSE ST,75,Feet,S,2,Cloudy,1,Daylight,2,Wet,15600,"Trafficway, On Road",11/12/19 12:26
3146,616739,1,41.359289,-72.938832,3135164,11/12/19,15:23:00,O,Property Damage Only,O,No Apparent Injury (O),2,State,49.19,15,15-N,15-N,,Exit 60,8,TenthsofMile,S,1,Clear,1,Daylight,1,Dry,78600,"Trafficway, On Road",11/12/19 15:23
7693,612463,1,41.337469,-72.9265,3130890,11/12/19,18:36:00,O,Property Damage Only,O,No Apparent Injury (O),2,Local,0.44,385,NEWHALL ST,NEWHALL ST,,Morse St.,150,Feet,N,1,Clear,4,Dark-Lighted,1,Dry,7500,"Trafficway, On Road",11/12/19 18:36
49,612450,1,41.364352,-72.922775,3130877,11/12/19,18:43:00,O,Property Damage Only,O,No Apparent Injury (O),2,State,6.93,10,CT-10,10-N,WEYBOSSET ST,,,,,1,Clear,4,Dark-Lighted,1,Dry,41000,"Trafficway, On Road",11/12/19 18:43
5745,612451,1,41.38283,-72.93357,3130878,11/13/19,9:28:00,O,Property Damage Only,O,No Apparent Injury (O),2,Local,0.62,678,AUTUMN RIDGE RD,AUTUMN RIDGE RD,PARADISE AV NO 5,,,,,1,Clear,1,Daylight,1,Dry,,"Trafficway, On Road",11/13/19 9:28
6992,612464,1,41.348452,-72.937006,3130891,11/13/19,14:07:00,O,Property Damage Only,O,No Apparent Injury (O),2,Local,0.38,226,GORHAM AV,GORHAM AV,,Circular Av,500,Feet,W,1,Clear,1,Daylight,1,Dry,1600,"Trafficway, On Road",11/13/19 14:07
50,614953,1,41.364429,-72.922695,3133380,11/13/19,17:16:00,A,"Injury of any type (Serious, Minor, Possible)",C,Possible Injury (C),2,State,6.94,10,CT-10,10-N,,Dewey St,50,Feet,S,1,Clear,4,Dark-Lighted,1,Dry,41000,"Trafficway, On Road",11/13/19 17:16
966,613637,1,41.347893,-72.933062,3132064,11/13/19,18:54:00,O,Property Damage Only,O,No Apparent Injury (O),2,State,5.68,10,CT-10,10-N,,Scott St,177,Feet,S,1,Clear,4,Dark-Lighted,1,Dry,25200,"Trafficway, On Road",11/13/19 18:54
4659,614954,1,41.328988,-72.898153,3133381,11/13/19,19:32:00,A,"Injury of any type (Serious, Minor, Possible)",C,Possible Injury (C),4,USRoute,1.07,5,US-5,5-N,,Park Road,300,Feet,S,1,Clear,4,Dark-Lighted,1,Dry,17900,"Trafficway, On Road",11/13/19 19:32
1412,612465,1,41.350805,-72.931441,3130892,11/14/19,7:34:00,O,Property Damage Only,O,No Apparent Injury (O),2,State,5.9,10,CT-10,10-N,,LEXINGTON AVENUE,125,Feet,N,1,Clear,1,Daylight,1,Dry,23300,"Trafficway, On Road",11/14/19 7:34
6132,614955,1,41.34652,-72.93419,3133382,11/14/19,7:34:00,O,Property Damage Only,O,No Apparent Injury (O),2,Local,1.36,99,CIRCULAR AV,CIRCULAR AV,HELEN ST,,,,,1,Clear,1,Daylight,1,Dry,7200,"Trafficway, On Road",11/14/19 7:34
5348,616856,1,41.353209,-72.913107,3135281,11/14/19,11:18:00,O,Property Damage Only,O,No Apparent Injury (O),2,State,1.43,707,WHITNEY AV,707-N,SERVOSS ST,,,,,1,Clear,1,Daylight,1,Dry,11300,"Trafficway, On Road",11/14/19 11:18
1414,614970,1,41.354015,-72.929695,3133397,11/14/19,14:17:00,O,Property Damage Only,O,No Apparent Injury (O),2,State,6.13,10,CT-10,10-N,TREADWELL ST,,,,,1,Clear,1,Daylight,1,Dry,23300,"Trafficway, On Road",11/14/19 14:17
3362,616745,1,41.380402,-72.901349,3135170,11/14/19,16:15:00,O,Property Damage Only,O,No Apparent Injury (O),2,State,51.74,15,15-N,15-N,,Exit 61,5,Feet,N,1,Clear,1,Daylight,1,Dry,63800,"Trafficway, On Road",11/14/19 16:15
7905,614971,1,41.345085,-72.945664,3133398,11/14/19,16:26:00,O,Property Damage Only,O,No Apparent Injury (O),2,Local,0.61,664,PINE ROCK AV,PINE ROCK AV NO 2,ROCKWOOD RD,,,,,1,Clear,1,Daylight,1,Dry,6600,"Trafficway, On Road",11/14/19 16:26
8562,771014,1,41.335185,-72.927892,3275124,11/14/19,17:02:00,A,"Injury of any type (Serious, Minor, Possible)",C,Possible Injury (C),1,Local,0.08,490,SHEPARD ST,SHEPARD ST,GOODRICH ST,,,,,1,Clear,4,Dark-Lighted,1,Dry,,"Trafficway, On Road",11/14/19 17:02
967,615160,1,41.413826,-72.902035,3133587,11/14/19,18:53:00,A,"Injury of any type (Serious, Minor, Possible)",C,Possible Injury (C),2,State,10.99,10,CT-10,10-N,SHERMAN AV NO 2,,,,,1,Clear,4,Dark-Lighted,1,Dry,25200,"Trafficway, On Road",11/14/19 18:53
684,615161,1,41.414626,-72.902427,3133588,11/14/19,21:25:00,O,Property Damage Only,O,No Apparent Injury (O),2,State,11.04,10,CT-10,10-N,,Sherman Ave.,100,Feet,N,1,Clear,4,Dark-Lighted,1,Dry,25700,"Trafficway, On Road",11/14/19 21:25
7926,616857,1,41.34805,-72.945157,3135282,11/15/19,1:02:00,O,Property Damage Only,O,No Apparent Injury (O),2,Local,0.12,429,PINE ROCK AV,PINE ROCK AV NO 1,,Oberlin Road,100,Feet,S,1,Clear,4,Dark-Lighted,1,Dry,5500,"Trafficway, On Road",11/15/19 1:02
3900,637161,1,41.374625,-72.909522,3155580,11/15/19,9:42:00,A,"Injury of any type (Serious, Minor, Possible)",C,Possible Injury (C),2,State,51.14,15,15-S,15-S,,#61,4,TenthsofMile,S,1,Clear,1,Daylight,1,Dry,71500,"Trafficway, On Road",11/15/19 9:42
1415,615182,1,41.352513,-72.930641,3133609,11/15/19,13:19:00,A,"Injury of any type (Serious, Minor, Possible)",B,Suspected Minor Injury (B),2,State,6.02,10,CT-10,10-N,,Church St,109,Feet,S,1,Clear,1,Daylight,1,Dry,23300,"Trafficway, On Road",11/15/19 13:19
5807,615183,1,41.362895,-72.924312,3133610,11/15/19,14:49:00,A,"Injury of any type (Serious, Minor, Possible)",C,Possible Injury (C),2,Local,0.02,42,BENHAM ST,BENHAM ST,,DIXWELL AVE,115,Feet,W,1,Clear,1,Daylight,1,Dry,12800,"Trafficway, On Road",11/15/19 14:49
2019,615184,1,41.382822,-72.908205,3133611,11/15/19,15:11:00,O,Property Damage Only,O,No Apparent Injury (O),4,State,8.47,10,CT-10,10-N,,EVEREGREN AVENUE,75,Feet,W,1,Clear,1,Daylight,1,Dry,18300,"Trafficway, On Road",11/15/19 15:11
3325,618182,1,41.380866,-72.90055,3136606,11/15/19,15:31:00,A,"Injury of any type (Serious, Minor, Possible)",B,Suspected Minor Injury (B),2,State,51.78,15,15-N,15-N,,entrance 61,10,Feet,S,1,Clear,1,Daylight,1,Dry,66000,"Trafficway, On Road",11/15/19 15:31
7098,615243,1,41.341842,-72.907348,3133669,11/15/19,16:56:00,O,Property Damage Only,O,No Apparent Injury (O),2,Local,0.22,242,HARTFORD TPK,HARTFORD TPK,,Davis Street,125,Feet,N,1,Clear,1,Daylight,1,Dry,3200,"Trafficway, On Road",11/15/19 16:56
5153,615185,1,41.343709,-72.912071,3133612,11/15/19,17:04:00,O,Property Damage Only,O,No Apparent Injury (O),2,State,0.77,707,WHITNEY AV,707-N,ELI RD,,,,,1,Clear,1,Daylight,1,Dry,13500,"Trafficway, On Road",11/15/19 17:04
5020,615186,1,41.346919,-72.912741,3133613,11/15/19,17:40:00,O,Property Damage Only,O,No Apparent Injury (O),2,State,1,707,WHITNEY AV,707-N,,RALSTON ST,50,Feet,N,1,Clear,4,Dark-Lighted,1,Dry,14300,"Trafficway, On Road",11/15/19 17:40
1176,615244,1,41.339775,-72.935088,3133670,11/15/19,17:52:00,A,"Injury of any type (Serious, Minor, Possible)",C,Possible Injury (C),2,State,5.1,10,CT-10,10-N,,PINE STREET ,20,Feet,N,1,Clear,4,Dark-Lighted,1,Dry,24000,"Trafficway, On Road",11/15/19 17:52
6904,616134,1,41.335674,-72.933754,3134559,11/16/19,10:23:00,O,Property Damage Only,O,No Apparent Injury (O),2,Local,0.73,222,GOODRICH ST,GOODRICH ST,GEM ST,,,,,1,Clear,1,Daylight,1,Dry,3200,"Trafficway, On Road",11/16/19 10:23
2498,615245,1,41.338369,-72.936673,3133671,11/16/19,11:22:00,O,Property Damage Only,O,No Apparent Injury (O),2,State,4.93,10,CT-10,10-N,,Alstrom Street,75,Feet,W,1,Clear,1,Daylight,1,Dry,12400,"Trafficway, On Road",11/16/19 11:22
7334,615246,1,41.4072,-72.8973,3133672,11/17/19,2:25:00,O,Property Damage Only,O,No Apparent Injury (O),2,Local,0.1,332,LUCIEN DR,LUCIEN DR,,New Rd.,1,TenthsofMile,W,1,Clear,4,Dark-Lighted,1,Dry,,"Trafficway, On Road",11/17/19 2:25
968,615247,1,41.348442,-72.932767,3133673,11/17/19,12:59:00,O,Property Damage Only,O,No Apparent Injury (O),2,State,5.71,10,CT-10,10-N,,Scott St,30,Feet,N,1,Clear,1,Daylight,1,Dry,25200,"Trafficway, On Road",11/17/19 12:59
51,615248,1,41.36388,-72.923072,3133674,11/17/19,18:01:00,O,Property Damage Only,O,No Apparent Injury (O),2,State,6.89,10,CT-10,10-N,,Wheeler St,50,Feet,N,1,Clear,4,Dark-Lighted,1,Dry,41000,"Trafficway, On Road",11/17/19 18:01
2094,615249,1,41.431285,-72.907426,3133675,11/18/19,0:18:00,O,Property Damage Only,O,No Apparent Injury (O),1,State,12.22,10,CT-10,10-N,,lawrence street,200,Feet,N,1,Clear,4,Dark-Lighted,1,Dry,17500,"Trafficway, On Road",11/18/19 0:18
3440,615118,1,41.378724,-72.90355,3133545,11/19/19,8:55:00,O,Property Damage Only,O,No Apparent Injury (O),2,State,0,15,15-N,15-N-125,707-N,,,,S,1,Clear,1,Daylight,1,Dry,9500,"Trafficway, On Road",11/19/19 8:55
4643,615265,1,41.420396,-72.900302,3133691,11/19/19,9:23:00,O,Property Damage Only,O,No Apparent Injury (O),2,State,0.22,453,MOUNT CARMEL AV,453-E,,New Rd.,50,Feet,W,2,Cloudy,1,Daylight,1,Dry,8700,"Trafficway, On Road",11/19/19 9:23
1313,615266,1,41.372998,-72.916749,3133692,11/19/19,13:57:00,O,Property Damage Only,O,No Apparent Injury (O),2,State,7.6,10,CT-10,10-N,,Skiff St,1,TenthsofMile,S,1,Clear,1,Daylight,1,Dry,23600,"Trafficway, On Road",11/19/19 13:57
546,616996,1,41.35903,-72.925794,3135421,11/19/19,16:25:00,O,Property Damage Only,O,No Apparent Injury (O),2,State,6.53,10,CT-10,10-N,MATHER ST,,,,,1,Clear,1,Daylight,1,Dry,27400,"Trafficway, On Road",11/19/19 16:25
7150,615267,1,41.348562,-72.940495,3133693,11/19/19,16:28:00,O,Property Damage Only,O,No Apparent Injury (O),2,Local,0.36,251,HELEN ST,HELEN ST,LANGER ST,,,,,1,Clear,4,Dark-Lighted,1,Dry,3000,"Trafficway, On Road",11/19/19 16:28
5499,615268,1,41.38350905,-72.90072952,3133694,11/19/19,17:33:00,A,"Injury of any type (Serious, Minor, Possible)",B,Suspected Minor Injury (B),1,State,0.06,717,DIXWELL AV,717-E,,Washington Ave.,1,TenthsofMile,E,1,Clear,6,Dark-Unknown Lighting,1,Dry,15600,"Trafficway, On Road",11/19/19 17:33
7910,620586,1,41.357001,-72.941372,3139010,11/20/19,9:21:00,A,"Injury of any type (Serious, Minor, Possible)",C,Possible Injury (C),1,Local,0.78,429,PINE ROCK AV,PINE ROCK AV NO 1,,PINE ROCK AVE,25,Feet,E,1,Clear,1,Daylight,1,Dry,5600,"Trafficway, Not on Road",11/20/19 9:21
685,615251,1,41.415647,-72.902728,3133677,11/20/19,12:06:00,O,Property Damage Only,O,No Apparent Injury (O),3,State,11.04,10,CT-10,10-N,,Sherman Ave.,1,TenthsofMile,N,4,Rain,1,Daylight,2,Wet,25700,"Trafficway, On Road",11/20/19 12:06
9215,616858,1,41.350238,-72.968704,3135283,11/20/19,12:36:00,O,Property Damage Only,O,No Apparent Injury (O),1,Local,1.96,594,WINTERGREEN AV,WINTERGREEN AV,,CARBONELLA DR,800,Feet,N,4,Rain,1,Daylight,2,Wet,1600,"Trafficway, On Road",11/20/19 12:36
7409,619430,1,41.334333,-72.89867,3137854,11/20/19,16:00:00,O,Property Damage Only,O,No Apparent Injury (O),3,Local,0.03,360,MERRITT ST,MERRITT ST,,WELTON AVENUE,100,Feet,W,1,Clear,1,Daylight,1,Dry,,"Trafficway, On Road",11/20/19 16:00
3286,616905,1,41.380129,-72.901766,3135330,11/20/19,17:21:00,O,Property Damage Only,O,No Apparent Injury (O),2,State,51.72,15,15-N,15-N,,Whitney Ave,200,Feet,N,1,Clear,4,Dark-Lighted,1,Dry,68000,"Trafficway, On Road",11/20/19 17:21
5154,616968,1,41.343461,-72.912165,3135393,11/20/19,18:04:00,O,Property Damage Only,O,No Apparent Injury (O),2,State,0.76,707,WHITNEY AV,707-N,,Eli Rd.,40,Feet,S,1,Clear,4,Dark-Lighted,1,Dry,13500,"Trafficway, On Road",11/20/19 18:04
3989,620865,1,41.3784,-72.905335,3139289,11/20/19,19:07:00,O,Property Damage Only,O,No Apparent Injury (O),2,State,51.6,15,15-S,15-S,EXIT 16 ON RAMP,,,,,1,Clear,5,Dark-Not Lighted,1,Dry,68000,"Trafficway, On Road",11/20/19 19:07
548,619181,1,41.35903,-72.925794,3137605,11/20/19,19:27:00,O,Property Damage Only,O,No Apparent Injury (O),2,State,6.53,10,CT-10,10-N,MATHER ST,,,,,1,Clear,4,Dark-Lighted,1,Dry,27400,"Trafficway, On Road",11/20/19 19:27
3990,620867,1,41.37974136,-72.90321808,3139291,11/21/19,15:01:00,O,Property Damage Only,O,No Apparent Injury (O),2,State,51.66,15,15-S,15-S,,Route 15 ,10,Feet,N,1,Clear,1,Daylight,1,Dry,68000,"Trafficway, On Road",11/21/19 15:01
6617,617659,1,41.391664,-72.904643,3136084,11/21/19,16:02:00,A,"Injury of any type (Serious, Minor, Possible)",C,Possible Injury (C),1,Local,0.63,174,EVERGREEN AV,EVERGREEN AV,,Forest St.,778,Feet,S,1,Clear,1,Daylight,1,Dry,6500,"Trafficway, On Road",11/21/19 16:02
6176,615271,1,41.359555,-72.937236,3133697,11/21/19,16:45:00,A,"Injury of any type (Serious, Minor, Possible)",C,Possible Injury (C),2,Local,0.46,99,CIRCULAR AV,CIRCULAR AV,,Battis Road,1,TenthsofMile,N,1,Clear,4,Dark-Lighted,1,Dry,1900,"Trafficway, On Road",11/21/19 16:45
8650,617660,1,41.373879,-72.914104,3136085,11/21/19,16:57:00,O,Property Damage Only,O,No Apparent Injury (O),2,Local,0.44,494,SKIFF ST,SKIFF ST,,Dixwell Ave.,1,TenthsofMile,E,1,Clear,4,Dark-Lighted,1,Dry,24500,"Trafficway, On Road",11/21/19 16:57
4055,620869,1,41.365884,-72.920762,3139293,11/21/19,17:40:00,O,Property Damage Only,O,No Apparent Injury (O),2,State,50.29,15,15-S,15-S,,EXIT 60,1,TenthsofMile,N,1,Clear,5,Dark-Not Lighted,1,Dry,66200,"Trafficway, On Road",11/21/19 17:40
1416,617661,1,41.354011,-72.929679,3136086,11/21/19,18:30:00,O,Property Damage Only,O,No Apparent Injury (O),2,State,6.13,10,CT-10,10-N,TREADWELL ST,,,,,1,Clear,4,Dark-Lighted,1,Dry,23300,"Trafficway, On Road",11/21/19 18:30
3147,620872,1,41.363825,-72.929206,3139296,11/21/19,20:28:00,O,Property Damage Only,O,No Apparent Injury (O),2,State,49.79,15,15-N,15-N,,EXIT 60,2,TenthsofMile,S,1,Clear,5,Dark-Not Lighted,1,Dry,78600,"Trafficway, On Road",11/21/19 20:28
188,615272,1,41.367159,-72.920773,3133698,11/22/19,11:10:00,O,Property Damage Only,O,No Apparent Injury (O),2,State,7.14,10,CT-10,10-N,CONNOLLY PKWY,,,,,2,Cloudy,1,Daylight,1,Dry,33000,"Trafficway, On Road",11/22/19 11:10
5215,620587,1,41.371304,-72.906291,3139011,11/22/19,12:24:00,O,Property Damage Only,O,No Apparent Injury (O),2,State,2.76,707,WHITNEY AV,707-N,,Skiff St,25,Feet,N,4,Rain,1,Daylight,2,Wet,12500,"Trafficway, On Road",11/22/19 12:24
7281,617662,1,41.364039,-72.941455,3136087,11/22/19,13:37:00,A,"Injury of any type (Serious, Minor, Possible)",C,Possible Injury (C),2,Local,0.19,309,LANE ST,LANE ST,LEONARD RD,,,,,4,Rain,1,Daylight,2,Wet,5300,"Trafficway, On Road",11/22/19 13:37
9200,617663,1,41.342518,-72.922143,3136088,11/22/19,14:29:00,O,Property Damage Only,O,No Apparent Injury (O),2,Local,0.02,593,WINNETT ST,WINNETT ST,,Augur St,40,Feet,N,4,Rain,1,Daylight,2,Wet,,"Trafficway, On Road",11/22/19 14:29
8188,617664,1,41.358787,-72.900572,3136089,11/22/19,17:58:00,O,Property Damage Only,O,No Apparent Injury (O),2,Local,1.68,452,RIDGE RD,RIDGE RD,HAVERFORD ST,,,,,1,Clear,4,Dark-Lighted,1,Dry,5300,"Trafficway, On Road",11/22/19 17:58
52,617665,1,41.364618,-72.922622,3136090,11/22/19,17:59:00,O,Property Damage Only,O,No Apparent Injury (O),2,State,6.96,10,CT-10,10-N,DEWEY ST,,,,,1,Clear,4,Dark-Lighted,1,Dry,41000,"Trafficway, On Road",11/22/19 17:59
2505,632995,1,41.338232,-72.935213,3151417,11/23/19,6:44:00,O,Property Damage Only,O,No Apparent Injury (O),1,State,5,10,CT-10,10-N,MORSE ST,,,,,1,Clear,1,Daylight,1,Dry,12400,"Trafficway, On Road",11/23/19 6:44
547,617666,1,41.356241,-72.927922,3136091,11/23/19,8:58:00,A,"Injury of any type (Serious, Minor, Possible)",C,Possible Injury (C),2,State,6.31,10,CT-10,10-N,FOCH ST,,,,,1,Clear,1,Daylight,1,Dry,27400,"Trafficway, On Road",11/23/19 8:58
1315,619182,1,41.373988,-72.916167,3137606,11/23/19,12:08:00,O,Property Damage Only,O,No Apparent Injury (O),2,State,7.67,10,CT-10,10-N,,Connolly Parkway,1,TenthsofMile,N,1,Clear,1,Daylight,1,Dry,23600,"Trafficway, On Road",11/23/19 12:08
8298,617667,1,41.384525,-72.901695,3136092,11/23/19,12:43:00,O,Property Damage Only,O,No Apparent Injury (O),2,Local,0.27,480,SCHOOL ST,SCHOOL ST,,WHITNEY AVENUE,50,Feet,W,1,Clear,1,Daylight,1,Dry,5300,"Trafficway, On Road",11/23/19 12:43
3998,631417,1,41.381789,-72.899228,3149839,11/23/19,13:20:00,A,"Injury of any type (Serious, Minor, Possible)",B,Suspected Minor Injury (B),1,State,51.91,15,15-S,15-S,,EXIT #62,400,Feet,N,1,Clear,1,Daylight,1,Dry,67600,"Trafficway, On Road",11/23/19 13:20
3434,620878,1,41.37882535,-72.90309956,3139302,11/23/19,16:15:00,O,Property Damage Only,O,No Apparent Injury (O),2,State,0.19,15,15-N,15-N-124,EXIT 61,,,,,1,Clear,5,Dark-Not Lighted,1,Dry,9500,"Trafficway, On Road",11/23/19 16:15
7785,617669,1,41.363789,-72.923358,3136094,11/23/19,16:27:00,O,Property Damage Only,O,No Apparent Injury (O),2,Local,0.01,410,PALMER AV,PALMER AV,,DIXWELL AVE,50,Feet,W,1,Clear,1,Daylight,1,Dry,,"Trafficway, On Road",11/23/19 16:27
3293,620880,1,41.383313,-72.896615,3139304,11/23/19,17:19:00,O,Property Damage Only,O,No Apparent Injury (O),2,State,52.04,15,15-N,15-N,,Exit 62,1,TenthsofMile,S,1,Clear,5,Dark-Not Lighted,1,Dry,67600,"Trafficway, On Road",11/23/19 17:19
7743,617670,1,41.341831,-72.937801,3136095,11/24/19,6:48:00,O,Property Damage Only,O,No Apparent Injury (O),2,Local,0.18,392,NORTH ST,NORTH ST,,Warren St,59,Feet,W,4,Rain,6,Dark-Unknown Lighting,2,Wet,,"Trafficway, On Road",11/24/19 6:48
8442,619183,1,41.391482,-72.922668,3137607,11/24/19,9:36:00,O,Property Damage Only,O,No Apparent Injury (O),2,Local,1.13,489,SHEPARD AV,SHEPARD AV,SHERMAN AV NO 1,,,,,4,Rain,1,Daylight,2,Wet,1400,"Trafficway, On Road",11/24/19 9:36
5367,617671,1,41.336614,-72.911506,3136096,11/24/19,10:33:00,O,Property Damage Only,O,No Apparent Injury (O),1,State,0.26,707,WHITNEY AV,707-N,ARMORY ST,,,,,2,Cloudy,1,Daylight,2,Wet,11200,"Trafficway, On Road",11/24/19 10:33
1314,617672,1,41.374266,-72.915985,3136097,11/24/19,12:41:00,A,"Injury of any type (Serious, Minor, Possible)",B,Suspected Minor Injury (B),2,State,7.69,10,CT-10,10-N,,Skiff Street,15,Feet,S,4,Rain,1,Daylight,2,Wet,23600,"Trafficway, On Road",11/24/19 12:41
5692,617673,1,41.33819,-72.94117,3136098,11/24/19,18:19:00,A,"Injury of any type (Serious, Minor, Possible)",C,Possible Injury (C),2,Local,0.01,14,ARCH ST,ARCH ST,,Fitch Street,5,Feet,E,1,Clear,4,Dark-Lighted,2,Wet,2200,"Trafficway, On Road",11/24/19 18:19
4276,637643,1,41.37952065,-72.90373497,3156062,11/24/19,18:24:00,O,Property Damage Only,O,No Apparent Injury (O),2,State,0.02,15,15-S,15-S-122,,#61,3,Feet,S,4,Rain,5,Dark-Not Lighted,2,Wet,9500,"Trafficway, On Road",11/24/19 18:24
7050,622374,1,41.389272,-72.913873,3140798,11/24/19,18:48:00,O,Property Damage Only,O,No Apparent Injury (O),2,Local,0.09,713,HAMDEN HILLS DR,HAMDEN HILLS DR,GLEN RIDGE RD,,,,,1,Clear,4,Dark-Lighted,2,Wet,8500,"Trafficway, On Road",11/24/19 18:48
7051,623485,1,41.38953,-72.912322,3141909,11/24/19,19:37:00,O,Property Damage Only,O,No Apparent Injury (O),2,Local,0.17,713,HAMDEN HILLS DR,HAMDEN HILLS DR,,Town Walk Dr,30,Feet,S,1,Clear,4,Dark-Lighted,2,Wet,8500,"Trafficway, On Road",11/24/19 19:37
2357,617674,1,41.398918,-72.897407,3136099,11/24/19,20:20:00,O,Property Damage Only,O,No Apparent Injury (O),2,State,9.93,10,CT-10,10-N,,Rt. 40,100,Feet,S,4,Rain,4,Dark-Lighted,2,Wet,14800,"Trafficway, On Road",11/24/19 20:20
4245,637644,1,41.36619839,-72.92361542,3156063,11/24/19,22:17:00,O,Property Damage Only,O,No Apparent Injury (O),1,State,0.05,15,15-S,15-S-119,,#60,1,Feet,S,1,Clear,5,Dark-Not Lighted,2,Wet,9500,"Trafficway, On Road",11/24/19 22:17
4589,617827,1,41.39893087,-72.89230988,3136252,11/25/19,5:11:00,O,Property Damage Only,O,No Apparent Injury (O),1,State,2.75,40,40-N,40-N,,Exit 1,2,TenthsofMile,N,1,Clear,4,Dark-Lighted,5,Ice / Frost,20600,"Trafficway, On Road",11/25/19 5:11
3148,622276,1,41.361291,-72.933791,3140700,11/25/19,8:45:00,O,Property Damage Only,O,No Apparent Injury (O),2,State,49.49,15,15-N,15-N,,Exit 60,5,TenthsofMile,S,1,Clear,1,Daylight,1,Dry,78600,"Trafficway, On Road",11/25/19 8:45