,CrashId,Fatal Case Status,lat,lon,DOT Case Number,Date Of Crash,Time of Crash,Crash Severity,Crash Severity Text Format,Most Severe Injury,Most Severe Injury Text Format,Number Of Motor Vehicles,Route Class Text Format,Milemarker,Road Number,Road Description,Roadway Name,Intersecting Roadway Name,Landmark Description,Distance From Nearest Landmark,Unit Of Measure From Nearest Landmark,Direction From Nearest Landmark,Weather Condition,Weather Condition Text Format,Light Condition,Light Condition Text Format,Road Surface Condition,Road Surface Condition Text Format,Average Daily Traffic,Trafficway Class Text Format,full_date
4962,617992,1,41.380203,-72.903028,3136416,11/26/19,8:25:00,O,Property Damage Only,O,No Apparent Injury (O),2,State,3.4,707,WHITNEY AV,707-N,,Rt. !5,10,Feet,N,1,Clear,1,Daylight,1,Dry,16800,"Trafficway, On Road",11/26/19 8:25
3897,622281,1,41.37760807,-72.90595005,3140705,11/26/19,14:46:00,O,Property Damage Only,O,No Apparent Injury (O),2,State,51.41,15,15-S,15-S,,61 Entrance Ramp,0.100000001,TenthsofMile,S,1,Clear,1,Daylight,1,Dry,71500,"Trafficway, On Road",11/26/19 14:46
2499,620588,1,41.338195,-72.935221,3139012,11/26/19,15:30:00,O,Property Damage Only,O,No Apparent Injury (O),2,State,5,10,CT-10,10-N,MORSE ST,,,,,1,Clear,1,Daylight,1,Dry,12400,"Trafficway, Not on Road",11/26/19 15:30
3991,622286,1,41.378812,-72.904044,3140710,11/26/19,16:44:00,O,Property Damage Only,O,No Apparent Injury (O),2,State,51.57,15,15-S,15-S,,exit 61,0.100000001,TenthsofMile,N,1,Clear,1,Daylight,1,Dry,68000,"Trafficway, On Road",11/26/19 16:44
5349,620309,1,41.348131,-72.913242,3138733,11/26/19,17:50:00,O,Property Damage Only,O,No Apparent Injury (O),2,State,1.09,707,WHITNEY AV,707-N,,Treadwell St.,80,Feet,W,1,Clear,4,Dark-Lighted,1,Dry,11300,"Trafficway, On Road",11/26/19 17:50
7254,624452,1,41.401384,-72.908638,3142876,11/26/19,22:16:00,A,"Injury of any type (Serious, Minor, Possible)",C,Possible Injury (C),2,Local,0.33,302,KNOB HILL DR,KNOB HILL DR,,Anns Farm Rd,1,TenthsofMile,N,1,Clear,4,Dark-Lighted,1,Dry,,"Trafficway, On Road",11/26/19 22:16
8189,619184,1,41.358777,-72.90059,3137608,11/27/19,7:43:00,A,"Injury of any type (Serious, Minor, Possible)",B,Suspected Minor Injury (B),2,Local,1.68,452,RIDGE RD,RIDGE RD,HAVERFORD ST,,,,,2,Cloudy,1,Daylight,1,Dry,5300,"Trafficway, On Road",11/27/19 7:43
4285,756229,1,41.3793972,-72.90375396,3260339,11/27/19,12:13:00,O,Property Damage Only,O,No Apparent Injury (O),2,State,0.16,15,15-S,15-S-123,,Route 15 South,1,TenthsofMile,N,2,Cloudy,1,Daylight,1,Dry,9500,"Trafficway, On Road",11/27/19 12:13
4790,625574,1,41.335634,-72.899992,3143998,11/27/19,14:03:00,O,Property Damage Only,O,No Apparent Injury (O),2,USRoute,1.57,5,US-5,5-N,,Newhall St,25,Feet,W,1,Clear,1,Daylight,1,Dry,10000,"Trafficway, On Road",11/27/19 14:03
8445,623486,1,41.401328,-72.923987,3141910,11/27/19,18:09:00,O,Property Damage Only,O,No Apparent Injury (O),2,Local,1.82,489,SHEPARD AV,SHEPARD AV,,West Shepard Avenue,25,Feet,N,1,Clear,4,Dark-Lighted,1,Dry,1400,"Trafficway, On Road",11/27/19 18:09
7383,624453,1,41.355961,-72.920846,3142877,11/27/19,20:00:00,O,Property Damage Only,O,No Apparent Injury (O),1,Local,0.68,352,MATHER ST,MATHER ST,,Waite Street,25,Feet,W,4,Rain,4,Dark-Lighted,2,Wet,5200,"Trafficway, Not on Road",11/27/19 20:00
8782,620589,1,41.37462,-72.91639,3139013,11/28/19,7:55:00,A,"Injury of any type (Serious, Minor, Possible)",B,Suspected Minor Injury (B),2,Local,0.03,495,SKIFF ST EXT,SKIFF ST EXT,,Dixwell Ave,5,Feet,E,1,Clear,1,Daylight,1,Dry,9400,"Trafficway, On Road",11/28/19 7:55
3997,622297,1,41.38106,-72.900453,3140721,11/28/19,16:32:00,A,"Injury of any type (Serious, Minor, Possible)",B,Suspected Minor Injury (B),2,State,51.84,15,15-S,15-S,,ROUTE 15 SOUTH,15,Feet,W,1,Clear,5,Dark-Not Lighted,1,Dry,67600,"Trafficway, On Road",11/28/19 16:32
7338,619185,1,41.437782,-72.90363,3137609,11/29/19,14:53:00,A,"Injury of any type (Serious, Minor, Possible)",B,Suspected Minor Injury (B),1,Local,0.12,337,MACARTHUR DR,MACARTHUR DR,,River Rd.,600,Feet,S,1,Clear,1,Daylight,1,Dry,,"Trafficway, On Road",11/29/19 14:53
5500,620590,1,41.383444,-72.901199,3139014,11/29/19,15:04:00,A,"Injury of any type (Serious, Minor, Possible)",B,Suspected Minor Injury (B),2,State,0.03,717,DIXWELL AV,717-E,,Whitney Ave,168,Feet,E,1,Clear,1,Daylight,1,Dry,15600,"Trafficway, On Road",11/29/19 15:04
8276,619186,1,41.363393,-72.90888,3137610,11/29/19,17:21:00,O,Property Damage Only,O,No Apparent Injury (O),3,Local,0.49,478,SANTA FE AV,SANTA FE AV,WHITNEY,,,,,1,Clear,4,Dark-Lighted,1,Dry,900,"Trafficway, On Road",11/29/19 17:21
6047,619700,1,41.3968,-72.8984,3138124,11/29/19,21:39:00,O,Property Damage Only,O,No Apparent Injury (O),1,Local,0.3,74,CANNON ST,CANNON ST,OLD CANNON ST,,,,,1,Clear,4,Dark-Lighted,2,Wet,,"Trafficway, On Road",11/29/19 21:39
969,619701,1,41.4054,-72.8994,3138125,11/29/19,22:02:00,O,Property Damage Only,O,No Apparent Injury (O),2,State,10.39,10,CT-10,10-N,,Dickerman St.,1,TenthsofMile,N,1,Clear,4,Dark-Lighted,2,Wet,25200,"Trafficway, On Road",11/29/19 22:02
686,624454,1,41.416279,-72.902988,3142878,11/30/19,9:25:00,A,"Injury of any type (Serious, Minor, Possible)",C,Possible Injury (C),3,State,11.16,10,CT-10,10-N,,SHERMAN AVENUE,1,TenthsofMile,N,1,Clear,1,Daylight,1,Dry,25700,"Trafficway, On Road",11/30/19 9:25
6611,624455,1,41.382976,-72.907857,3142879,11/30/19,11:29:00,O,Property Damage Only,O,No Apparent Injury (O),2,Local,0,174,EVERGREEN AV,EVERGREEN AV,,Dixwell Ave,50,Feet,N,1,Clear,1,Daylight,1,Dry,8400,"Trafficway, On Road",11/30/19 11:29
7127,624456,1,41.35952,-72.90397,3142880,11/30/19,13:56:00,O,Property Damage Only,O,No Apparent Injury (O),2,Local,0.34,244,HAVERFORD ST,HAVERFORD ST,,Ridge Rd,500,Feet,W,1,Clear,1,Daylight,1,Dry,,"Trafficway, On Road",11/30/19 13:56
7694,632996,1,41.336193,-72.92663,3151418,12/1/19,1:52:00,O,Property Damage Only,O,No Apparent Injury (O),2,Local,0.52,385,NEWHALL ST,NEWHALL ST,MARLBORO ST,,,,,1,Clear,4,Dark-Lighted,1,Dry,7500,"Trafficway, On Road",12/1/19 1:52
9262,625907,1,41.346194,-72.945592,3144330,12/1/19,2:53:00,O,Property Damage Only,O,No Apparent Injury (O),1,Local,1.11,598,WOODIN ST,WOODIN ST,, pine rock Ave,20,Feet,S,1,Clear,4,Dark-Lighted,1,Dry,5500,"Trafficway, Not on Road",12/1/19 2:53
6626,619187,1,41.384986,-72.906889,3137611,12/1/19,9:52:00,O,Property Damage Only,O,No Apparent Injury (O),1,Local,0.14,174,EVERGREEN AV,EVERGREEN AV,,SCHOOL STREET,75,Feet,S,1,Clear,1,Daylight,1,Dry,,"Trafficway, On Road",12/1/19 9:52
3150,637173,1,41.348198,-72.966451,3155592,12/1/19,10:22:00,O,Property Damage Only,O,No Apparent Injury (O),2,State,47.53,15,15-N,15-N,,Exit #59,6,TenthsofMile,N,2,Cloudy,1,Daylight,1,Dry,78600,"Trafficway, On Road",12/1/19 10:22
3372,622313,1,41.36574336,-72.92277873,3140737,12/1/19,14:46:00,O,Property Damage Only,O,No Apparent Injury (O),3,State,50.16,15,15-N,15-N,,Exit 60,1,TenthsofMile,S,7,Snow,1,Daylight,2,Wet,61200,"Trafficway, On Road",12/1/19 14:46
2343,630836,1,41.454586,-72.908447,3149258,12/1/19,14:47:00,O,Property Damage Only,O,No Apparent Injury (O),1,State,13.85,10,CT-10,10-N,,Willowcrest Drive,150,Feet,N,7,Snow,1,Daylight,3,Snow,15400,"Trafficway, On Road",12/1/19 14:47
3307,622314,1,41.36573758,-72.92192388,3140738,12/1/19,14:52:00,O,Property Damage Only,O,No Apparent Injury (O),2,State,50.2,15,15-N,15-N,,Exit 60,1,TenthsofMile,S,7,Snow,1,Daylight,2,Wet,66200,"Trafficway, On Road",12/1/19 14:52
3308,622315,1,41.3657911,-72.9204212,3140739,12/1/19,15:04:00,O,Property Damage Only,O,No Apparent Injury (O),2,State,50.28,15,15-N,15-N,,Exit 60,1,TenthsofMile,S,7,Snow,1,Daylight,2,Wet,66200,"Trafficway, On Road",12/1/19 15:04
2219,619431,1,41.38382738,-72.90269048,3137855,12/2/19,8:57:00,O,Property Damage Only,O,No Apparent Injury (O),2,State,8.76,10,CT-10,10-N,,GRANDVIEW AVENUE,100,Feet,W,5,Sleet or Hail ,1,Daylight,4,Slush,16900,"Trafficway, On Road",12/2/19 8:57
1177,619679,1,41.33914,-72.93516,3138103,12/2/19,9:13:00,O,Property Damage Only,O,No Apparent Injury (O),2,State,5.06,10,CT-10,10-N,,Arch St,500,Feet,N,2,Cloudy,1,Daylight,1,Dry,24000,"Trafficway, On Road",12/2/19 9:13
6821,627046,1,41.44515,-72.95511,3145469,12/2/19,10:58:00,A,"Injury of any type (Serious, Minor, Possible)",C,Possible Injury (C),4,Local,2.01,208,GAYLORD MOUNTAIN RD,GAYLORD MOUNTAIN RD,HANDY  RD,,,,,7,Snow,1,Daylight,5,Ice / Frost,,"Trafficway, On Road",12/2/19 10:58
5155,620591,1,41.346045,-72.912501,3139015,12/2/19,17:17:00,O,Property Damage Only,O,No Apparent Injury (O),2,State,0.94,707,WHITNEY AV,707-N,LAKE RD,,,,,1,Clear,4,Dark-Lighted,1,Dry,13500,"Trafficway, On Road",12/2/19 17:17
4963,619680,1,41.381852,-72.902409,3138104,12/2/19,18:09:00,O,Property Damage Only,O,No Apparent Injury (O),1,State,3.51,707,WHITNEY AV,707-N,,Dixwell Ave.,1,TenthsofMile,S,1,Clear,4,Dark-Lighted,1,Dry,16800,"Trafficway, On Road",12/2/19 18:09
6048,620592,1,41.39775,-72.903702,3139016,12/2/19,20:11:00,O,Property Damage Only,O,No Apparent Injury (O),2,Local,0,74,CANNON ST,CANNON ST,EVERGREEN AV,,,,,7,Snow,4,Dark-Lighted,3,Snow,,"Trafficway, On Road",12/2/19 20:11
8444,622557,1,41.380528,-72.917515,3140981,12/2/19,20:22:00,A,"Injury of any type (Serious, Minor, Possible)",B,Suspected Minor Injury (B),1,Local,0.3,489,SHEPARD AV,SHEPARD AV,MIX AV,,,,,7,Snow,4,Dark-Lighted,3,Snow,1400,"Trafficway, On Road",12/2/19 20:22
8443,620593,1,41.380528,-72.917515,3139017,12/2/19,20:47:00,O,Property Damage Only,O,No Apparent Injury (O),2,Local,0.3,489,SHEPARD AV,SHEPARD AV,MIX AV,,,,,7,Snow,4,Dark-Lighted,3,Snow,1400,"Trafficway, On Road",12/2/19 20:47
2095,619681,1,41.436905,-72.9089,3138105,12/2/19,20:50:00,A,"Injury of any type (Serious, Minor, Possible)",C,Possible Injury (C),2,State,12.62,10,CT-10,10-N,SHEPARD AV,,,,,8,Blowing Snow,5,Dark-Not Lighted,3,Snow,17500,"Trafficway, On Road",12/2/19 20:50
2500,620594,1,41.338232,-72.935154,3139018,12/2/19,20:51:00,O,Property Damage Only,O,No Apparent Injury (O),2,State,5,10,CT-10,10-N,MORSE ST,,,,,7,Snow,4,Dark-Lighted,3,Snow,12400,"Trafficway, On Road",12/2/19 20:51
4233,635768,1,41.365733,-72.925062,3154190,12/2/19,21:00:00,O,Property Damage Only,O,No Apparent Injury (O),2,State,0.21,15,15-S,15-S-118,,Exit 60,1,TenthsofMile,S,7,Snow,5,Dark-Not Lighted,2,Wet,9500,"Trafficway, On Road",12/2/19 21:00
286,623487,1,41.360929,-72.924754,3141911,12/2/19,21:05:00,O,Property Damage Only,O,No Apparent Injury (O),2,State,6.67,10,CT-10,10-N,MAPLEWOOD TER NO 2,,,,,7,Snow,4,Dark-Lighted,3,Snow,32000,"Trafficway, On Road",12/2/19 21:05
7188,622558,1,41.341175,-72.950465,3140982,12/2/19,21:24:00,O,Property Damage Only,O,No Apparent Injury (O),2,Local,0.05,618,HIGH TOP CIR,HIGH TOP CIR WEST,,Hightop Circle East,1,TenthsofMile,S,7,Snow,4,Dark-Lighted,3,Snow,,"Trafficway, On Road",12/2/19 21:24
5684,622559,1,41.399732,-72.911029,3140983,12/2/19,21:32:00,O,Property Damage Only,O,No Apparent Injury (O),3,Local,0.39,626,ANNS FARM RD,ANNS FARM RD,,Knob Hill Drive,1,TenthsofMile,W,7,Snow,4,Dark-Lighted,3,Snow,,"Trafficway, On Road",12/2/19 21:32
8159,626448,1,41.337026,-72.901781,3144871,12/2/19,23:11:00,O,Property Damage Only,O,No Apparent Injury (O),2,Local,0.13,452,RIDGE RD,RIDGE RD,,Park rd,100,Feet,E,8,Blowing Snow,4,Dark-Lighted,5,Ice / Frost,9200,"Trafficway, On Road",12/2/19 23:11
2271,622560,1,41.385316,-72.901202,3140984,12/3/19,15:17:00,O,Property Damage Only,O,No Apparent Injury (O),2,State,8.94,10,CT-10,10-N,,School St.,300,Feet,N,1,Clear,1,Daylight,1,Dry,16800,"Trafficway, On Road",12/3/19 15:17
2501,622561,1,41.338345,-72.939228,3140985,12/3/19,16:27:00,O,Property Damage Only,O,No Apparent Injury (O),2,State,4.8,10,CT-10,10-N,BURKE ST,,,,,1,Clear,1,Daylight,1,Dry,12400,"Trafficway, On Road",12/3/19 16:27
9261,623618,1,41.345493,-72.941981,3142042,12/4/19,15:52:00,O,Property Damage Only,O,No Apparent Injury (O),2,Local,1.29,598,WOODIN ST,WOODIN ST,ROCHFORD AV,,,,,1,Clear,1,Daylight,1,Dry,5500,"Trafficway, On Road",12/4/19 15:52
970,622562,1,41.414327,-72.902235,3140986,12/4/19,17:34:00,A,"Injury of any type (Serious, Minor, Possible)",B,Suspected Minor Injury (B),2,State,11.02,10,CT-10,10-N,SHERMAN AV NO 1,,,,,1,Clear,4,Dark-Lighted,1,Dry,25200,"Trafficway, On Road",12/4/19 17:34
592,622563,1,41.346339,-72.933868,3140987,12/4/19,18:14:00,O,Property Damage Only,O,No Apparent Injury (O),2,State,5.56,10,CT-10,10-N,PUTNAM AV,,,,,1,Clear,4,Dark-Lighted,1,Dry,26600,"Trafficway, On Road",12/4/19 18:14
8046,622564,1,41.345639,-72.914828,3140988,12/4/19,20:21:00,O,Property Damage Only,O,No Apparent Injury (O),2,Local,0.12,439,PUTNAM AV,PUTNAM AV,GLENDALE ST,,,TenthsofMile,E,1,Clear,4,Dark-Lighted,1,Dry,10200,"Trafficway, On Road",12/4/19 20:21
6177,623619,1,41.364575,-72.936989,3142043,12/4/19,21:37:00,A,"Injury of any type (Serious, Minor, Possible)",B,Suspected Minor Injury (B),2,Local,0.1,99,CIRCULAR AV,CIRCULAR AV,URSINI DR,,,,,1,Clear,4,Dark-Lighted,1,Dry,1900,"Trafficway, On Road",12/4/19 21:37
4242,623699,1,41.36611972,-72.92165007,3142123,12/5/19,2:27:00,O,Property Damage Only,O,No Apparent Injury (O),1,State,0.18,15,15-S,15-S-119,,EXIT #60,3,TenthsofMile,S,1,Clear,5,Dark-Not Lighted,2,Wet,9500,"Trafficway, On Road",12/5/19 2:27
4243,624322,1,41.36625017,-72.92192095,3142746,12/5/19,4:43:00,A,"Injury of any type (Serious, Minor, Possible)",B,Suspected Minor Injury (B),2,State,0.16,15,15-S,15-S-119,,EXIT #60,3,TenthsofMile,S,1,Clear,5,Dark-Not Lighted,2,Wet,9500,"Trafficway, On Road",12/5/19 4:43
4057,624323,1,41.36611972,-72.92165007,3142747,12/5/19,4:53:00,A,"Injury of any type (Serious, Minor, Possible)",B,Suspected Minor Injury (B),2,State,50.25,15,15-S,15-S,,EXIT #60,3,TenthsofMile,S,1,Clear,5,Dark-Not Lighted,1,Dry,66200,"Trafficway, On Road",12/5/19 4:53
4056,623700,1,41.36611972,-72.92165007,3142124,12/5/19,5:01:00,O,Property Damage Only,O,No Apparent Injury (O),2,State,50.25,15,15-S,15-S,,Exit 60,5,TenthsofMile,S,1,Clear,5,Dark-Not Lighted,1,Dry,66200,"Trafficway, On Road",12/5/19 5:01
7228,620595,1,41.341587,-72.897651,3139019,12/5/19,7:12:00,O,Property Damage Only,O,No Apparent Injury (O),3,Local,0.26,275,HUBBARD RD,HUBBARD RD,,State St,1,TenthsofMile,W,1,Clear,6,Dark-Unknown Lighting,1,Dry,,"Trafficway, On Road",12/5/19 7:12
6026,624431,1,41.34184,-72.93911,3142855,12/5/19,7:17:00,O,Property Damage Only,O,No Apparent Injury (O),2,Local,0.24,71,BURKE ST,BURKE ST,,North St,25,Feet,S,1,Clear,1,Daylight,1,Dry,,"Trafficway, On Road",12/5/19 7:17
6100,623620,1,41.353102,-72.931387,3142044,12/5/19,11:05:00,O,Property Damage Only,O,No Apparent Injury (O),2,Local,0.06,97,CHURCH ST,CHURCH ST,,Dixwell Av,260,Feet,W,1,Clear,1,Daylight,1,Dry,,"Trafficway, On Road",12/5/19 11:05
3435,637180,1,41.37887,-72.903455,3155599,12/5/19,15:47:00,O,Property Damage Only,O,No Apparent Injury (O),2,State,0.21,15,15-N,15-N-124,707-N,,,,,1,Clear,1,Daylight,1,Dry,9500,"Trafficway, On Road",12/5/19 15:47
8761,623488,1,41.373,-72.9088,3141912,12/5/19,15:55:00,O,Property Damage Only,O,No Apparent Injury (O),2,,,,SKIFF ST,SKIFF ST,,Whitney Avenue,1,TenthsofMile,W,1,Clear,3,Dusk,1,Dry,,"Trafficway, Not on Road",12/5/19 15:55
4590,620925,1,41.39900735,-72.89250042,3139349,12/5/19,18:25:00,A,"Injury of any type (Serious, Minor, Possible)",C,Possible Injury (C),2,State,2.76,40,40-N,40-N,,Exit 1,300,Feet,S,1,Clear,4,Dark-Lighted,1,Dry,20600,"Trafficway, On Road",12/5/19 18:25
4591,631425,1,41.39900735,-72.89250042,3149847,12/5/19,18:37:00,A,"Injury of any type (Serious, Minor, Possible)",C,Possible Injury (C),2,State,2.76,40,40-N,40-N,,Exit 1,500,Feet,S,1,Clear,4,Dark-Lighted,1,Dry,20600,"Trafficway, On Road",12/5/19 18:37
549,623621,1,41.35903,-72.925794,3142045,12/5/19,19:14:00,O,Property Damage Only,O,No Apparent Injury (O),2,State,6.53,10,CT-10,10-N,,Mather St.,300,Feet,S,1,Clear,4,Dark-Lighted,2,Wet,27400,"Trafficway, On Road",12/5/19 19:14
1178,624370,1,41.339074,-72.935162,3142794,12/6/19,6:50:00,A,"Injury of any type (Serious, Minor, Possible)",B,Suspected Minor Injury (B),2,State,5.06,10,CT-10,10-N,,Arch St,300,Feet,N,1,Clear,1,Daylight,1,Dry,24000,"Trafficway, On Road",12/6/19 6:50
2020,623645,1,41.38179,-72.91129,3142069,12/6/19,9:38:00,O,Property Damage Only,O,No Apparent Injury (O),2,State,8.3,10,CT-10,10-N,,Westminster St,50,Feet,E,1,Clear,1,Daylight,1,Dry,18300,"Trafficway, On Road",12/6/19 9:38
5258,623647,1,41.362526,-72.90911,3142071,12/6/19,15:43:00,O,Property Damage Only,O,No Apparent Injury (O),2,State,2.13,707,WHITNEY AV,707-N,,Woodlawn Street,50,Feet,N,1,Clear,1,Daylight,1,Dry,11900,"Trafficway, On Road",12/6/19 15:43
5647,624432,1,41.375167,-72.915974,3142856,12/6/19,15:52:00,O,Property Damage Only,O,No Apparent Injury (O),2,State,0.13,753,CT-10,753-S,,Skiff St.,200,Feet,N,1,Clear,1,Daylight,1,Dry,13900,"Trafficway, On Road",12/6/19 15:52
4964,624433,1,41.380553,-72.902938,3142857,12/6/19,16:49:00,O,Property Damage Only,O,No Apparent Injury (O),2,State,3.42,707,WHITNEY AV,707-N,,Worth Ave.,65,Feet,S,1,Clear,4,Dark-Lighted,1,Dry,16800,"Trafficway, On Road",12/6/19 16:49
971,624457,1,41.410859,-72.900985,3142881,12/6/19,17:12:00,O,Property Damage Only,O,No Apparent Injury (O),2,State,10.78,10,CT-10,10-N,,Brown St.,200,Feet,S,1,Clear,4,Dark-Lighted,1,Dry,25200,"Trafficway, On Road",12/6/19 17:12
8827,624434,1,41.402318,-72.895611,3142858,12/6/19,23:50:00,O,Property Damage Only,O,No Apparent Injury (O),2,Local,0.35,498,SOUTH NEW RD,SOUTH NEW RD,,ives Street,414,Feet,S,1,Clear,4,Dark-Lighted,1,Dry,,"Trafficway, On Road",12/6/19 23:50
5648,624435,1,41.374487,-72.915926,3142859,12/7/19,0:34:00,O,Property Damage Only,O,No Apparent Injury (O),2,State,0.17,753,CT-10,753-S,SKIFF ST,,,,,1,Clear,5,Dark-Not Lighted,1,Dry,13900,"Trafficway, On Road",12/7/19 0:34
8651,624436,1,41.374487,-72.915926,3142860,12/7/19,12:45:00,O,Property Damage Only,O,No Apparent Injury (O),2,Local,0.54,494,SKIFF ST,SKIFF ST,DIXWELL AVENUE,,,,,1,Clear,1,Daylight,1,Dry,24500,"Trafficway, On Road",12/7/19 12:45
1319,626005,1,41.367507,-72.920384,3144428,12/7/19,13:13:00,O,Property Damage Only,O,No Apparent Injury (O),2,State,7.17,10,CT-10,10-N,,Connolly Pkwy,150,Feet,N,1,Clear,1,Daylight,1,Dry,23600,"Trafficway, On Road",12/7/19 13:13
1317,624437,1,41.368285,-72.919856,3142861,12/7/19,13:15:00,O,Property Damage Only,O,No Apparent Injury (O),2,State,7.23,10,CT-10,10-N,,CONNOLLY PARKWAY,1,TenthsofMile,S,1,Clear,1,Daylight,1,Dry,23600,"Trafficway, On Road",12/7/19 13:15
4244,624458,1,41.366114,-72.921631,3142882,12/7/19,13:51:00,O,Property Damage Only,O,No Apparent Injury (O),2,State,0.18,15,15-S,15-S-119,10-N,,,,,1,Clear,1,Daylight,1,Dry,9500,"Trafficway, On Road",12/7/19 13:51
3287,637188,1,41.37889299,-72.90352041,3155607,12/7/19,20:29:00,O,Property Damage Only,O,No Apparent Injury (O),1,State,51.59,15,15-N,15-N,,Exit 60,3,TenthsofMile,N,1,Clear,5,Dark-Not Lighted,1,Dry,68000,"Trafficway, On Road",12/7/19 20:29
6584,624460,1,41.343736,-72.912062,3142884,12/8/19,13:50:00,O,Property Damage Only,O,No Apparent Injury (O),2,Local,0.09,167,ELI RD,ELI RD,,Whitney Avenue,4,Feet,S,1,Clear,1,Daylight,1,Dry,3600,"Trafficway, On Road",12/8/19 13:50
972,627047,1,41.346909,-72.933576,3145470,12/8/19,16:21:00,O,Property Damage Only,O,No Apparent Injury (O),2,State,5.6,10,CT-10,10-N,,Putnam Ave,200,Feet,N,1,Clear,1,Daylight,1,Dry,25200,"Trafficway, Not on Road",12/8/19 16:21
8825,624461,1,41.409737,-72.90347,3142885,12/8/19,21:22:00,O,Property Damage Only,O,No Apparent Injury (O),2,Local,0.19,496,SLEEPING GIANT DR,SLEEPING GIANT DR,,Monterey Ave.,59,Feet,W,4,Rain,4,Dark-Lighted,2,Wet,,"Trafficway, On Road",12/8/19 21:22
8175,624587,1,41.34991,-72.902194,3143011,12/9/19,7:07:00,O,Property Damage Only,O,No Apparent Injury (O),2,Local,1.04,452,RIDGE RD,RIDGE RD,HARTFORD TPK,,,,,4,Rain,1,Daylight,2,Wet,6100,"Trafficway, On Road",12/9/19 7:07
2401,624532,1,41.395756,-72.896811,3142956,12/9/19,8:38:00,O,Property Damage Only,O,No Apparent Injury (O),2,State,9.71,10,CT-10,10-N,BRIARCLIFF RD,,,,,4,Rain,1,Daylight,2,Wet,14700,"Trafficway, On Road",12/9/19 8:38
2096,624588,1,41.427047,-72.906097,3143012,12/9/19,10:32:00,O,Property Damage Only,O,No Apparent Injury (O),2,State,11.92,10,CT-10,10-N,,Tuttle Ave.,1,TenthsofMile,S,4,Rain,1,Daylight,2,Wet,17500,"Trafficway, On Road",12/9/19 10:32
7151,624589,1,41.349753,-72.943949,3143013,12/9/19,15:02:00,O,Property Damage Only,O,No Apparent Injury (O),2,Local,0.55,251,HELEN ST,HELEN ST,,Pine Rock Ave,75,Feet,E,4,Rain,1,Daylight,2,Wet,3000,"Trafficway, On Road",12/9/19 15:02
7555,626037,1,41.337538,-72.93058,3144460,12/9/19,15:40:00,O,Property Damage Only,O,No Apparent Injury (O),2,Local,0.24,370,MORSE ST,MORSE ST,EDWARDS ST,,,,,4,Rain,1,Daylight,2,Wet,3200,"Trafficway, On Road",12/9/19 15:40
8823,624590,1,41.39102,-72.92898,3143014,12/10/19,8:23:00,O,Property Damage Only,O,No Apparent Injury (O),1,Local,0.36,641,SKYVIEW CIR,SKYVIEW CIR,HUME DR,,,,,3,"Fog, Smog, Smoke",1,Daylight,2,Wet,,"Trafficway, On Road",12/10/19 8:23
687,624591,1,41.420475,-72.904454,3143015,12/10/19,14:39:00,A,"Injury of any type (Serious, Minor, Possible)",C,Possible Injury (C),2,State,11.47,10,CT-10,10-N,,Mt Carmel Ave,55,Feet,S,4,Rain,1,Daylight,2,Wet,25700,"Trafficway, On Road",12/10/19 14:39
5156,624592,1,41.343627,-72.912105,3143016,12/10/19,16:32:00,A,"Injury of any type (Serious, Minor, Possible)",B,Suspected Minor Injury (B),2,State,0.77,707,WHITNEY AV,707-N,ELI RD,,,,,4,Rain,4,Dark-Lighted,2,Wet,13500,"Trafficway, On Road",12/10/19 16:32
8299,626038,1,41.385241,-72.906854,3144461,12/10/19,16:40:00,O,Property Damage Only,O,No Apparent Injury (O),2,Local,0,480,SCHOOL ST,SCHOOL ST,HAMDEN HILLS DR,,,,,4,Rain,4,Dark-Lighted,2,Wet,5300,"Trafficway, On Road",12/10/19 16:40
8652,626657,1,41.3742,-72.914841,3145080,12/11/19,5:05:00,O,Property Damage Only,O,No Apparent Injury (O),2,Local,0.48,494,SKIFF ST,SKIFF ST,,Dixwell Ave,200,Feet,E,8,Blowing Snow,4,Dark-Lighted,3,Snow,24500,"Trafficway, On Road",12/11/19 5:05
8783,636786,1,41.376453,-72.920222,3155205,12/11/19,5:09:00,O,Property Damage Only,O,No Apparent Injury (O),2,Local,0.26,495,SKIFF ST EXT,SKIFF ST EXT,,MIX AVE,40,Feet,E,7,Snow,4,Dark-Lighted,5,Ice / Frost,9400,"Trafficway, On Road",12/11/19 5:09
8300,626039,1,41.3852,-72.90682,3144462,12/11/19,10:53:00,O,Property Damage Only,O,No Apparent Injury (O),2,Local,0,480,SCHOOL ST,SCHOOL ST,HAMDEN HILLS DR,,,,,1,Clear,1,Daylight,1,Dry,5300,"Trafficway, On Road",12/11/19 10:53
7879,626040,1,41.398626,-72.899889,3144463,12/11/19,12:11:00,O,Property Damage Only,O,No Apparent Injury (O),2,Local,0.24,421,PELHAM AV,PELHAM AV,,Cannon St,500,Feet,N,1,Clear,1,Daylight,1,Dry,,"Trafficway, On Road",12/11/19 12:11
9263,627048,1,41.34511,-72.935703,3145471,12/11/19,17:53:00,O,Property Damage Only,O,No Apparent Injury (O),2,Local,1.63,598,WOODIN ST,WOODIN ST,NOTKINS ST,,,,,1,Clear,4,Dark-Lighted,1,Dry,5500,"Trafficway, On Road",12/11/19 17:53
8446,626042,1,41.400444,-72.924099,3144465,12/12/19,8:24:00,O,Property Damage Only,O,No Apparent Injury (O),2,Local,1.75,489,SHEPARD AV,SHEPARD AV,,West Shepard Av,324,Feet,S,1,Clear,1,Daylight,1,Dry,1400,"Trafficway, On Road",12/12/19 8:24