,CrashId,Fatal Case Status,lat,lon,DOT Case Number,Date Of Crash,Time of Crash,Crash Severity,Crash Severity Text Format,Most Severe Injury,Most Severe Injury Text Format,Number Of Motor Vehicles,Route Class Text Format,Milemarker,Road Number,Road Description,Roadway Name,Intersecting Roadway Name,Landmark Description,Distance From Nearest Landmark,Unit Of Measure From Nearest Landmark,Direction From Nearest Landmark,Weather Condition,Weather Condition Text Format,Light Condition,Light Condition Text Format,Road Surface Condition,Road Surface Condition Text Format,Average Daily Traffic,Trafficway Class Text Format,full_date
8447,626449,1,41.40158,-72.92404,3144872,12/12/19,8:53:00,O,Property Damage Only,O,No Apparent Injury (O),2,Local,1.84,489,SHEPARD AV,SHEPARD AV,,West shepard Av,50,Feet,N,1,Clear,1,Daylight,1,Dry,1400,"Trafficway, On Road",12/12/19 8:53
593,626450,1,41.34458,-72.934343,3144873,12/12/19,15:29:00,O,Property Damage Only,O,No Apparent Injury (O),2,State,5.43,10,CT-10,10-N,,Woodin Street,25,Feet,N,1,Clear,1,Daylight,1,Dry,26600,"Trafficway, On Road",12/12/19 15:29
6073,633419,1,41.33584,-72.939655,3151841,12/12/19,16:41:00,O,Property Damage Only,O,No Apparent Injury (O),1,Local,0.23,92,CHERRY ANN ST,CHERRY ANN ST,,SHERMAN PARKWAY,475,Feet,W,1,Clear,3,Dusk,3,Snow,,Non-trafficway,12/12/19 16:41
4052,624652,1,41.378127,-72.90532,3143076,12/12/19,18:40:00,O,Property Damage Only,O,No Apparent Injury (O),2,State,51.46,15,15-S,15-S,,Whitney Ave,400,Feet,S,1,Clear,5,Dark-Not Lighted,1,Dry,66400,"Trafficway, On Road",12/12/19 18:40
1321,626658,1,41.370396,-72.918609,3145081,12/12/19,19:29:00,O,Property Damage Only,O,No Apparent Injury (O),2,State,7.39,10,CT-10,10-N,,Skiff Street,1635,Feet,S,1,Clear,4,Dark-Lighted,1,Dry,23600,"Trafficway, On Road",12/12/19 19:29
2097,627164,1,41.43303097,-72.90768582,3145587,12/12/19,20:44:00,A,"Injury of any type (Serious, Minor, Possible)",C,Possible Injury (C),1,State,12.34,10,CT-10,10-N,,Lawrence Rd,1,TenthsofMile,N,1,Clear,4,Dark-Lighted,1,Dry,17500,"Trafficway, On Road",12/12/19 20:44
8866,626764,1,41.343942,-72.938244,3145187,12/12/19,21:07:00,O,Property Damage Only,O,No Apparent Injury (O),2,Local,0.07,518,THIRD ST,THIRD ST,,Warren Street,200,Feet,W,1,Clear,6,Dark-Unknown Lighting,1,Dry,,"Trafficway, On Road",12/12/19 21:07
1927,626783,1,41.42147,-72.90503,3145206,12/13/19,11:35:00,O,Property Damage Only,O,No Apparent Injury (O),2,State,11.54,10,CT-10,10-N,,West Woods Rd,250,Feet,N,1,Clear,1,Daylight,1,Dry,19000,"Trafficway, On Road",12/13/19 11:35
7911,626784,1,41.352005,-72.942928,3145207,12/13/19,12:25:00,O,Property Damage Only,O,No Apparent Injury (O),2,Local,0.42,429,PINE ROCK AV,PINE ROCK AV NO 1,,Brook St,500,Feet,N,1,Clear,1,Daylight,1,Dry,5600,"Trafficway, On Road",12/13/19 12:25
1417,626785,1,41.351682,-72.931074,3145208,12/13/19,15:22:00,A,"Injury of any type (Serious, Minor, Possible)",B,Suspected Minor Injury (B),2,State,5.95,10,CT-10,10-N,,Beacon St.,150,Feet,N,4,Rain,1,Daylight,2,Wet,23300,"Trafficway, On Road",12/13/19 15:22
5649,630837,1,41.375795,-72.915881,3149259,12/13/19,15:29:00,O,Property Damage Only,O,No Apparent Injury (O),2,State,0.09,753,CT-10,753-S,,skiff street,200,Feet,N,1,Clear,1,Daylight,2,Wet,13900,"Trafficway, On Road",12/13/19 15:29
53,627049,1,41.363794,-72.923236,3145472,12/13/19,17:05:00,O,Property Damage Only,O,No Apparent Injury (O),2,State,6.88,10,CT-10,10-N,PALMER AV,,,,,4,Rain,4,Dark-Lighted,2,Wet,41000,"Trafficway, On Road",12/13/19 17:05
4965,635675,1,41.379651,-72.903293,3154097,12/13/19,20:13:00,O,Property Damage Only,O,No Apparent Injury (O),2,State,3.36,707,WHITNEY AV,707-N,,Worth Avenue,380,Feet,S,1,Clear,4,Dark-Lighted,1,Dry,16800,"Trafficway, On Road",12/13/19 20:13
688,627050,1,41.417001,-72.90323,3145473,12/14/19,0:15:00,A,"Injury of any type (Serious, Minor, Possible)",B,Suspected Minor Injury (B),2,State,11.21,10,CT-10,10-N,,Sherman Ave,1000,Feet,N,4,Rain,4,Dark-Lighted,2,Wet,25700,"Trafficway, On Road",12/14/19 0:15
7669,628179,1,41.404175,-72.89571,3146602,12/14/19,12:25:00,O,Property Damage Only,O,No Apparent Injury (O),2,Local,0.04,382,NEW RD,NEW RD,,22-E,230,Feet,N,1,Clear,1,Daylight,1,Dry,,"Trafficway, On Road",12/14/19 12:25
3899,633778,1,41.378055,-72.905362,3152200,12/14/19,15:15:00,O,Property Damage Only,O,No Apparent Injury (O),2,State,51.45,15,15-S,15-S,,Route 15 South,10,Feet,W,4,Rain,1,Daylight,2,Wet,71500,"Trafficway, On Road",12/14/19 15:15
2098,627165,1,41.439994,-72.910421,3145588,12/14/19,15:32:00,A,"Injury of any type (Serious, Minor, Possible)",C,Possible Injury (C),1,State,12.85,10,CT-10,10-N,,RIVER RD,500,Feet,N,4,Rain,4,Dark-Lighted,2,Wet,17500,"Trafficway, Not on Road",12/14/19 15:32
2471,630838,1,41.375039,-72.91547,3149260,12/14/19,17:00:00,O,Property Damage Only,O,No Apparent Injury (O),2,Local,0.04,144,CT-10,DIXWELL AV NO 2 RT 10 NB,,Skiff Street,200,Feet,N,1,Clear,4,Dark-Lighted,1,Dry,12600,"Trafficway, On Road",12/14/19 17:00
287,628180,1,41.360095,-72.925486,3146603,12/14/19,17:27:00,O,Property Damage Only,O,No Apparent Injury (O),2,State,6.61,10,CT-10,10-N,RED ROCK TER,,,,,1,Clear,4,Dark-Lighted,1,Dry,32000,"Trafficway, On Road",12/14/19 17:27
2503,628181,1,41.338371,-72.937757,3146604,12/15/19,2:34:00,O,Property Damage Only,O,No Apparent Injury (O),2,State,4.88,10,CT-10,10-N,,Bowen St,30,Feet,E,1,Clear,5,Dark-Not Lighted,1,Dry,12400,"Trafficway, On Road",12/15/19 2:34
5777,627166,1,41.351579,-72.953882,3145589,12/15/19,21:35:00,O,Property Damage Only,O,No Apparent Injury (O),2,Local,0.1,,BELDEN RD,BELDEN RD,,Twin Brook Rd,230,Feet,N,99,Unknown,99,Unknown,99,Unknown,,"Trafficway, On Road",12/15/19 21:35
976,632066,1,41.347956,-72.933075,3150488,12/16/19,7:42:00,A,"Injury of any type (Serious, Minor, Possible)",B,Suspected Minor Injury (B),1,State,5.68,10,CT-10,10-N,,Scott St.,150,Feet,S,2,Cloudy,1,Daylight,1,Dry,25200,"Trafficway, On Road",12/16/19 7:42
7837,626043,1,41.329706,-72.898714,3144466,12/16/19,8:33:00,O,Property Damage Only,O,No Apparent Injury (O),2,Local,0,414,PARK RD,PARK RD,ARMSTRONG ST,,,,,2,Cloudy,1,Daylight,1,Dry,2800,"Trafficway, On Road",12/16/19 8:33
9119,626044,1,41.42079,-72.905506,3144467,12/16/19,13:30:00,O,Property Damage Only,O,No Apparent Injury (O),1,Local,0.92,575,WEST WOODS RD,WEST WOODS RD NO 1,,WHITNEY AVE,200,Feet,W,1,Clear,1,Daylight,1,Dry,3500,"Trafficway, On Road",12/16/19 13:30
2502,626045,1,41.338402,-72.939958,3144468,12/16/19,15:20:00,A,"Injury of any type (Serious, Minor, Possible)",B,Suspected Minor Injury (B),2,State,4.76,10,CT-10,10-N,WARNER ST,,,,,1,Clear,1,Daylight,1,Dry,12400,"Trafficway, On Road",12/16/19 15:20
550,626046,1,41.357742,-72.926733,3144469,12/16/19,15:46:00,O,Property Damage Only,O,No Apparent Injury (O),2,State,6.43,10,CT-10,10-N,,Mather St.,1,TenthsofMile,S,1,Clear,1,Daylight,1,Dry,27400,"Trafficway, On Road",12/16/19 15:46
288,630839,1,41.361611,-72.924376,3149261,12/16/19,15:58:00,O,Property Damage Only,O,No Apparent Injury (O),2,State,6.72,10,CT-10,10-N,,Robert St.,75,Feet,S,1,Clear,1,Daylight,1,Dry,32000,"Trafficway, On Road",12/16/19 15:58
551,627180,1,41.357325,-72.926986,3145603,12/16/19,16:12:00,O,Property Damage Only,O,No Apparent Injury (O),2,State,6.41,10,CT-10,10-N,HILLCREST AV,,,,,1,Clear,1,Daylight,1,Dry,27400,"Trafficway, On Road",12/16/19 16:12
5259,630840,1,41.358066,-72.910003,3149262,12/16/19,16:51:00,O,Property Damage Only,O,No Apparent Injury (O),2,State,1.82,707,WHITNEY AV,707-N,RUSSELL ST,,,,,1,Clear,4,Dark-Lighted,1,Dry,11900,"Trafficway, On Road",12/16/19 16:51
3449,627181,1,41.365239,-72.922167,3145604,12/16/19,17:28:00,O,Property Damage Only,O,No Apparent Injury (O),2,State,0,15,15-N,15-N-221,10-N,,,,,1,Clear,4,Dark-Lighted,1,Dry,9500,"Trafficway, On Road",12/16/19 17:28
290,635676,1,41.3607,-72.9245,3154098,12/16/19,17:50:00,O,Property Damage Only,O,No Apparent Injury (O),2,State,6.66,10,CT-10,10-N,,Lee Street,50,Feet,N,1,Clear,4,Dark-Lighted,1,Dry,32000,"Trafficway, On Road",12/16/19 17:50
6551,628089,1,41.367056,-72.950913,3146512,12/16/19,20:53:00,O,Property Damage Only,O,No Apparent Injury (O),2,Local,2.35,152,DUNBAR HILL RD,DUNBAR HILL RD,,Benham Street,500,Feet,S,1,Clear,5,Dark-Not Lighted,1,Dry,,"Trafficway, On Road",12/16/19 20:53
8448,628182,1,41.380445,-72.917521,3146605,12/17/19,10:28:00,O,Property Damage Only,O,No Apparent Injury (O),1,Local,0.3,489,SHEPARD AV,SHEPARD AV,MIX AV,,,,,2,Cloudy,1,Daylight,5,Ice / Frost,1400,Non-trafficway,12/17/19 10:28
5810,636522,1,41.365372,-72.934177,3154941,12/17/19,20:38:00,A,"Injury of any type (Serious, Minor, Possible)",C,Possible Injury (C),2,Local,0.57,42,BENHAM ST,BENHAM ST,CHERRY HILL RD,,,,,1,Clear,4,Dark-Lighted,5,Ice / Frost,12800,"Trafficway, On Road",12/17/19 20:38
6905,627182,1,41.335373,-72.930208,3145605,12/17/19,22:50:00,O,Property Damage Only,O,No Apparent Injury (O),2,Local,0.54,222,GOODRICH ST,GOODRICH ST,SHELTON AV,,,,,1,Clear,4,Dark-Lighted,1,Dry,3200,"Trafficway, On Road",12/17/19 22:50
5808,627051,1,41.364142,-72.927554,3145474,12/17/19,23:57:00,A,"Injury of any type (Serious, Minor, Possible)",B,Suspected Minor Injury (B),2,Local,0.22,42,BENHAM ST,BENHAM ST,GARFIELD ST,,,,,1,Clear,4,Dark-Lighted,2,Wet,12800,"Trafficway, On Road",12/17/19 23:57
554,633072,1,41.354431,-72.929357,3151494,12/18/19,11:24:00,O,Property Damage Only,O,No Apparent Injury (O),2,State,6.16,10,CT-10,10-N,,,,,,1,Clear,1,Daylight,1,Dry,27400,"Trafficway, On Road",12/18/19 11:24
189,627183,1,41.367112,-72.92075,3145606,12/18/19,13:16:00,A,"Injury of any type (Serious, Minor, Possible)",B,Suspected Minor Injury (B),2,State,7.14,10,CT-10,10-N,CONNOLLY PKWY,,,,,1,Clear,1,Daylight,1,Dry,33000,"Trafficway, On Road",12/18/19 13:16
5501,627204,1,41.383406,-72.901551,3145627,12/18/19,13:24:00,O,Property Damage Only,O,No Apparent Injury (O),3,State,0.02,717,DIXWELL AV,717-E,,Whitney Ave.,75,Feet,E,1,Clear,1,Daylight,1,Dry,15600,"Trafficway, On Road",12/18/19 13:24
6907,630842,1,41.33486,-72.924826,3149264,12/18/19,14:47:00,O,Property Damage Only,O,No Apparent Injury (O),2,Local,0.26,222,GOODRICH ST,GOODRICH ST,WINCHESTER AV,,,,,1,Clear,1,Daylight,1,Dry,3200,"Trafficway, On Road",12/18/19 14:47
4277,641410,1,41.378048,-72.905351,3159827,12/18/19,15:32:00,O,Property Damage Only,O,No Apparent Injury (O),2,State,0.19,15,15-S,15-S-122,15-S,,,,,1,Clear,1,Daylight,1,Dry,9500,"Trafficway, On Road",12/18/19 15:32
9171,633073,1,41.3413,-72.9361,3151495,12/19/19,0:02:00,O,Property Damage Only,O,No Apparent Injury (O),2,Local,0.1,579,WHITING ST,WHITING ST,,Dixwell Ave,50,Feet,S,1,Clear,99,Unknown,1,Dry,,"Trafficway, On Road",12/19/19 0:02
3901,643503,1,41.375887,-72.908217,3161920,12/19/19,6:52:00,O,Property Damage Only,O,No Apparent Injury (O),2,State,51.25,15,15-S,15-S,,#61,2,Feet,S,1,Clear,5,Dark-Not Lighted,1,Dry,71500,"Trafficway, On Road",12/19/19 6:52
6822,627205,1,41.441731,-72.94325,3145628,12/19/19,6:55:00,O,Property Damage Only,O,No Apparent Injury (O),2,Local,1.31,208,GAYLORD MOUNTAIN RD,GAYLORD MOUNTAIN RD,,Broken Arrow Rd.,150,Feet,N,1,Clear,1,Daylight,1,Dry,,"Trafficway, On Road",12/19/19 6:55
552,627206,1,41.358833,-72.925897,3145629,12/19/19,7:16:00,O,Property Damage Only,O,No Apparent Injury (O),2,State,6.53,10,CT-10,10-N,MATHER ST,,,,,1,Clear,1,Daylight,5,Ice / Frost,27400,"Trafficway, On Road",12/19/19 7:16
8653,627207,1,41.371207,-72.906804,3145630,12/19/19,8:02:00,O,Property Damage Only,O,No Apparent Injury (O),2,Local,0.03,494,SKIFF ST,SKIFF ST,,Whitney Av,100,Feet,W,1,Clear,1,Daylight,1,Dry,24500,"Trafficway, On Road",12/19/19 8:02
190,627208,1,41.367111,-72.920737,3145631,12/19/19,8:58:00,O,Property Damage Only,O,No Apparent Injury (O),2,State,7.14,10,CT-10,10-N,CONNOLLY PKWY,,,,,1,Clear,1,Daylight,1,Dry,33000,"Trafficway, On Road",12/19/19 8:58
9009,633074,1,41.345069,-72.937457,3151496,12/19/19,13:29:00,O,Property Damage Only,O,No Apparent Injury (O),2,Local,0.22,553,WARREN ST,WARREN ST,,Woodin St,136,Feet,S,1,Clear,1,Daylight,1,Dry,,"Trafficway, On Road",12/19/19 13:29
2472,630844,1,41.374547,-72.915762,3149266,12/19/19,16:18:00,A,"Injury of any type (Serious, Minor, Possible)",B,Suspected Minor Injury (B),2,Local,0,144,CT-10,DIXWELL AV NO 2 RT 10 NB,SKIFF ST,,,,,1,Clear,4,Dark-Lighted,1,Dry,12600,"Trafficway, On Road",12/19/19 16:18
553,627209,1,41.356301,-72.927874,3145632,12/19/19,18:04:00,A,"Injury of any type (Serious, Minor, Possible)",C,Possible Injury (C),2,State,6.31,10,CT-10,10-N,,FOCH ST,20,Feet,N,1,Clear,4,Dark-Lighted,1,Dry,27400,"Trafficway, On Road",12/19/19 18:04
3151,643511,1,41.363781,-72.929363,3161928,12/19/19,21:19:00,O,Property Damage Only,O,No Apparent Injury (O),1,State,49.78,15,15-N,15-N,,Exit 60,0.200000003,TenthsofMile,S,1,Clear,5,Dark-Not Lighted,1,Dry,78600,"Trafficway, On Road",12/19/19 21:19
3363,635729,1,41.380596,-72.900742,3154151,12/20/19,10:05:00,O,Property Damage Only,O,No Apparent Injury (O),2,State,51.76,15,15-N,15-N,,Route 15,20,Feet,S,1,Clear,1,Daylight,1,Dry,63800,"Trafficway, On Road",12/20/19 10:05
594,630845,1,41.344623,-72.934295,3149267,12/20/19,11:15:00,O,Property Damage Only,O,No Apparent Injury (O),2,State,5.43,10,CT-10,10-N,,Woodin St,50,Feet,N,1,Clear,1,Daylight,1,Dry,26600,"Trafficway, On Road",12/20/19 11:15
2547,633075,1,41.377017,-72.915083,3151497,12/20/19,15:39:00,O,Property Damage Only,O,No Apparent Injury (O),2,State,7.89,10,CT-10,10-N,,Shepard Avenue,321,Feet,N,1,Clear,1,Daylight,1,Dry,11200,"Trafficway, On Road",12/20/19 15:39
7308,633999,1,41.352743,-72.922867,3152421,12/20/19,16:01:00,O,Property Damage Only,O,No Apparent Injury (O),2,Local,0.9,317,LEEDER HILL DR,LEEDER HILL DR,TREADWELL ST,,,,,1,Clear,1,Daylight,1,Dry,,"Trafficway, On Road",12/20/19 16:01
6823,628183,1,41.446354,-72.956679,3146606,12/20/19,19:18:00,O,Property Damage Only,O,No Apparent Injury (O),1,Local,2.14,208,GAYLORD MOUNTAIN RD,GAYLORD MOUNTAIN RD,,Handy Road,1,TenthsofMile,N,1,Clear,4,Dark-Lighted,1,Dry,,"Trafficway, On Road",12/20/19 19:18
8161,641564,1,41.336178,-72.900837,3159981,12/20/19,23:22:00,O,Property Damage Only,O,No Apparent Injury (O),1,Local,0.05,452,RIDGE RD,RIDGE RD,,Park Road,1,TenthsofMile,E,1,Clear,4,Dark-Lighted,1,Dry,9200,"Trafficway, On Road",12/20/19 23:22
1180,633076,1,41.344515,-72.934474,3151498,12/21/19,1:30:00,O,Property Damage Only,O,No Apparent Injury (O),1,State,5.42,10,CT-10,10-N,WOODIN ST,,,,,1,Clear,4,Dark-Lighted,1,Dry,24000,"Trafficway, On Road",12/21/19 1:30
689,628184,1,41.414821,-72.902488,3146607,12/21/19,9:52:00,O,Property Damage Only,O,No Apparent Injury (O),2,State,11.06,10,CT-10,10-N,,SHERMAN AVENUE,125,Feet,N,1,Clear,1,Daylight,1,Dry,25700,"Trafficway, On Road",12/21/19 9:52
690,628185,1,41.417734,-72.903568,3146608,12/21/19,14:36:00,O,Property Damage Only,O,No Apparent Injury (O),2,State,11.27,10,CT-10,10-N,,WEST WOODS ROAD,1,TenthsofMile,S,1,Clear,1,Daylight,1,Dry,25700,"Trafficway, On Road",12/21/19 14:36
6677,628186,1,41.343303,-72.941097,3146609,12/21/19,15:11:00,A,"Injury of any type (Serious, Minor, Possible)",B,Suspected Minor Injury (B),2,Local,0.35,176,FAIRVIEW AV,FAIRVIEW AV,JONES RD,,,,,1,Clear,1,Daylight,1,Dry,4800,"Trafficway, On Road",12/21/19 15:11
5158,630846,1,41.341357,-72.91285,3149268,12/21/19,17:06:00,O,Property Damage Only,O,No Apparent Injury (O),2,State,0.6,707,WHITNEY AV,707-N,,Davis St,50,Feet,S,1,Clear,4,Dark-Lighted,1,Dry,13500,"Trafficway, On Road",12/21/19 17:06
7626,628187,1,41.422661,-72.891241,3146610,12/21/19,17:09:00,O,Property Damage Only,O,No Apparent Injury (O),1,Local,0.19,375,MOUNT CARMEL AV,MOUNT CARMEL AV,,HOGAN ROAD,20,Feet,E,1,Clear,5,Dark-Not Lighted,1,Dry,2100,"Trafficway, On Road",12/21/19 17:09
5157,628188,1,41.343619,-72.912011,3146611,12/21/19,18:22:00,O,Property Damage Only,O,No Apparent Injury (O),2,State,0.77,707,WHITNEY AV,707-N,ELI RD,,,,,1,Clear,4,Dark-Lighted,1,Dry,13500,"Trafficway, On Road",12/21/19 18:22
7152,634000,1,41.347792,-72.938444,3152422,12/22/19,0:50:00,O,Property Damage Only,O,No Apparent Injury (O),3,Local,0.24,251,HELEN ST,HELEN ST,,Alenier Street,12,Feet,W,1,Clear,4,Dark-Lighted,1,Dry,3000,"Trafficway, On Road",12/22/19 0:50
5809,628189,1,41.364946,-72.932315,3146612,12/22/19,6:28:00,O,Property Damage Only,O,No Apparent Injury (O),2,Local,0.47,42,BENHAM ST,BENHAM ST,,Cherry Hill Rd,1,TenthsofMile,E,1,Clear,4,Dark-Lighted,1,Dry,12800,"Trafficway, On Road",12/22/19 6:28
6273,630927,1,41.382945,-72.909371,3149349,12/22/19,18:36:00,O,Property Damage Only,O,No Apparent Injury (O),2,Local,0.02,108,COLONY ST,COLONY ST,,Dixwell Avenue,100,Feet,N,1,Clear,5,Dark-Not Lighted,1,Dry,,"Trafficway, On Road",12/22/19 18:36
6380,634001,1,41.4039,-72.8993,3152423,12/22/19,20:04:00,O,Property Damage Only,O,No Apparent Injury (O),2,Local,0.25,140,DICKERMAN ST,DICKERMAN ST,,Tabor Rd,161,Feet,W,1,Clear,4,Dark-Lighted,1,Dry,,"Trafficway, On Road",12/22/19 20:04
6908,630928,1,41.334732,-72.923617,3149350,12/23/19,1:16:00,O,Property Damage Only,O,No Apparent Injury (O),2,Local,0.19,222,GOODRICH ST,GOODRICH ST,99 Goodrich Street,,,,E,1,Clear,5,Dark-Not Lighted,1,Dry,3200,"Trafficway, On Road",12/23/19 1:16
5502,628190,1,41.383156,-72.899128,3146613,12/23/19,9:14:00,A,"Injury of any type (Serious, Minor, Possible)",C,Possible Injury (C),2,State,0.14,717,DIXWELL AV,717-E,WASHINGTON AV,,,,,1,Clear,1,Daylight,1,Dry,15600,"Trafficway, On Road",12/23/19 9:14
8655,634002,1,41.374518,-72.915795,3152424,12/23/19,11:55:00,A,"Injury of any type (Serious, Minor, Possible)",B,Suspected Minor Injury (B),2,Local,0.54,494,SKIFF ST,SKIFF ST,,DIXWELL AVE,50,Feet,W,1,Clear,1,Daylight,1,Dry,24500,"Trafficway, On Road",12/23/19 11:55
2473,632067,1,41.37452,-72.91582,3150489,12/23/19,12:57:00,O,Property Damage Only,O,No Apparent Injury (O),2,Local,0,144,CT-10,DIXWELL AV NO 2 RT 10 NB,SKIFF ST,,,,,1,Clear,1,Daylight,1,Dry,12600,"Trafficway, On Road",12/23/19 12:57
2273,631701,1,41.385783,-72.901037,3150123,12/23/19,13:00:00,O,Property Damage Only,O,No Apparent Injury (O),2,State,8.98,10,CT-10,10-N,,COLONIAL DRIVE,125,Feet,S,1,Clear,1,Daylight,1,Dry,16800,"Trafficway, On Road",12/23/19 13:00
3436,643516,1,41.378836,-72.903385,3161933,12/23/19,13:47:00,A,"Injury of any type (Serious, Minor, Possible)",B,Suspected Minor Injury (B),2,State,0.2,15,15-N,15-N-124,,ROUTE 15 NORTH,25,Feet,E,1,Clear,1,Daylight,1,Dry,9500,"Trafficway, On Road",12/23/19 13:47
2328,632068,1,41.384651,-72.901426,3150490,12/23/19,13:48:00,O,Property Damage Only,O,No Apparent Injury (O),2,State,8.88,10,CT-10,10-N,SCHOOL ST,,,,,1,Clear,1,Daylight,1,Dry,16400,"Trafficway, On Road",12/23/19 13:48
8160,634003,1,41.336689,-72.901415,3152425,12/23/19,14:11:00,O,Property Damage Only,O,No Apparent Injury (O),2,Local,0.1,452,RIDGE RD,RIDGE RD,,State Street,1,TenthsofMile,W,1,Clear,1,Daylight,1,Dry,9200,"Trafficway, On Road",12/23/19 14:11
555,636078,1,41.35903,-72.925794,3154499,12/23/19,22:26:00,O,Property Damage Only,O,No Apparent Injury (O),2,State,6.53,10,CT-10,10-N,MATHER ST,,,,,1,Clear,4,Dark-Lighted,1,Dry,27400,"Trafficway, On Road",12/23/19 22:26
6993,630932,1,41.349893,-72.941267,3149354,12/24/19,5:56:00,O,Property Damage Only,O,No Apparent Injury (O),2,Local,0.14,226,GORHAM AV,GORHAM AV,,langer st,355,Feet,W,1,Clear,5,Dark-Not Lighted,1,Dry,1600,"Trafficway, On Road",12/24/19 5:56
8561,632100,1,41.335316,-72.92793,3150522,12/24/19,12:03:00,O,Property Damage Only,O,No Apparent Injury (O),2,Local,0.07,490,SHEPARD ST,SHEPARD ST,,GOODRICH ST,30,Feet,N,1,Clear,1,Daylight,1,Dry,,"Trafficway, On Road",12/24/19 12:03
9264,630933,1,41.344513,-72.934565,3149355,12/24/19,12:26:00,A,"Injury of any type (Serious, Minor, Possible)",B,Suspected Minor Injury (B),2,Local,1.68,598,WOODIN ST,WOODIN ST,,Dixwell Ave.,50,Feet,W,1,Clear,1,Daylight,1,Dry,5500,"Trafficway, On Road",12/24/19 12:26
289,631725,1,41.360439,-72.92498,3150147,12/24/19,14:16:00,O,Property Damage Only,O,No Apparent Injury (O),3,State,6.63,10,CT-10,10-N,LEE ST,,,,,1,Clear,1,Daylight,1,Dry,32000,"Trafficway, On Road",12/24/19 14:16
5159,630934,1,41.337165,-72.911748,3149356,12/24/19,15:14:00,O,Property Damage Only,O,No Apparent Injury (O),2,State,0.3,707,WHITNEY AV,707-N,,Armory St,200,Feet,N,1,Clear,1,Daylight,1,Dry,13500,"Trafficway, On Road",12/24/19 15:14
7556,633119,1,41.337381,-72.929149,3151541,12/24/19,15:29:00,O,Property Damage Only,O,No Apparent Injury (O),2,Local,0.31,370,MORSE ST,MORSE ST,,Shelton Ave,98,Feet,E,1,Clear,1,Daylight,1,Dry,3200,"Trafficway, On Road",12/24/19 15:29
1322,630935,1,41.369969,-72.918764,3149357,12/24/19,17:13:00,O,Property Damage Only,O,No Apparent Injury (O),2,State,7.36,10,CT-10,10-N,,Connolly Pkwy,2,TenthsofMile,N,1,Clear,4,Dark-Lighted,1,Dry,23600,"Trafficway, On Road",12/24/19 17:13
1323,630936,1,41.369435,-72.919131,3149358,12/24/19,17:38:00,O,Property Damage Only,O,No Apparent Injury (O),2,State,7.32,10,CT-10,10-N,,Connolly Pkwy,2,TenthsofMile,N,1,Clear,4,Dark-Lighted,1,Dry,23600,"Trafficway, On Road",12/24/19 17:38
2504,630937,1,41.338467,-72.938365,3149359,12/25/19,1:24:00,O,Property Damage Only,O,No Apparent Injury (O),1,State,4.85,10,CT-10,10-N,DIX ST,,,,,1,Clear,5,Dark-Not Lighted,2,Wet,12400,"Trafficway, On Road",12/25/19 1:24
6906,630819,1,41.335272,-72.92902,3149241,12/25/19,13:18:00,O,Property Damage Only,O,No Apparent Injury (O),2,Local,0.48,222,GOODRICH ST,GOODRICH ST,BUTLER ST,,,,,1,Clear,1,Daylight,1,Dry,3200,"Trafficway, On Road",12/25/19 13:18
191,630938,1,41.367013,-72.920899,3149360,12/25/19,15:38:00,A,"Injury of any type (Serious, Minor, Possible)",B,Suspected Minor Injury (B),2,State,7.14,10,CT-10,10-N,CONNOLLY PKWY,,,,,1,Clear,1,Daylight,1,Dry,33000,"Trafficway, On Road",12/25/19 15:38
5650,630962,1,41.374487,-72.915926,3149384,12/26/19,18:09:00,O,Property Damage Only,O,No Apparent Injury (O),2,State,0.17,753,CT-10,753-S,SKIFF ST,,,,,1,Clear,4,Dark-Lighted,1,Dry,13900,"Trafficway, On Road",12/26/19 18:09
4284,643524,1,41.378721,-72.904192,3161941,12/27/19,7:48:00,O,Property Damage Only,O,No Apparent Injury (O),2,State,0,15,15-S,15-S-123,,ex 61,10,Feet,S,2,Cloudy,1,Daylight,1,Dry,9500,"Trafficway, On Road",12/27/19 7:48
3999,643926,1,41.381793,-72.899343,3162343,12/27/19,16:28:00,O,Property Damage Only,O,No Apparent Injury (O),3,State,51.9,15,15-S,15-S,,Exit 62,1,TenthsofMile,N,1,Clear,1,Daylight,1,Dry,67600,"Trafficway, On Road",12/27/19 16:28
2274,631714,1,41.389096,-72.899515,3150136,12/27/19,18:00:00,O,Property Damage Only,O,No Apparent Injury (O),2,State,9.22,10,CT-10,10-N,,Lincoln St,300,Feet,N,1,Clear,4,Dark-Lighted,1,Dry,16800,"Trafficway, On Road",12/27/19 18:00
4232,631994,1,41.366247,-72.92151,3150416,12/27/19,21:42:00,O,Property Damage Only,O,No Apparent Injury (O),2,State,0,15,15-S,15-S-118,10-N,,,,,1,Clear,4,Dark-Lighted,1,Dry,9500,"Trafficway, On Road",12/27/19 21:42
1418,635677,1,41.349719,-72.932066,3154099,12/27/19,22:12:00,O,Property Damage Only,O,No Apparent Injury (O),2,State,5.8,10,CT-10,10-N,COLLINS ST,,,,,1,Clear,4,Dark-Lighted,1,Dry,23300,"Trafficway, On Road",12/27/19 22:12
6184,631726,1,41.352246,-72.935849,3150148,12/27/19,23:23:00,O,Property Damage Only,O,No Apparent Injury (O),2,Local,0.96,99,CIRCULAR AV,CIRCULAR AV,BEACON ST,,,,,1,Clear,4,Dark-Lighted,2,Wet,,"Trafficway, On Road",12/27/19 23:23