,CrashId,Fatal Case Status,lat,lon,DOT Case Number,Date Of Crash,Time of Crash,Crash Severity,Crash Severity Text Format,Most Severe Injury,Most Severe Injury Text Format,Number Of Motor Vehicles,Route Class Text Format,Milemarker,Road Number,Road Description,Roadway Name,Intersecting Roadway Name,Landmark Description,Distance From Nearest Landmark,Unit Of Measure From Nearest Landmark,Direction From Nearest Landmark,Weather Condition,Weather Condition Text Format,Light Condition,Light Condition Text Format,Road Surface Condition,Road Surface Condition Text Format,Average Daily Traffic,Trafficway Class Text Format,full_date
595,634004,1,41.346275,-72.93386,3152426,12/27/19,23:44:00,O,Property Damage Only,O,No Apparent Injury (O),2,State,5.56,10,CT-10,10-N,CIRCULAR AV,,,,,1,Clear,4,Dark-Lighted,1,Dry,26600,"Trafficway, On Road",12/27/19 23:44
3922,633895,1,41.36561,-72.925901,3152317,12/28/19,0:49:00,O,Property Damage Only,O,No Apparent Injury (O),1,State,50.01,15,15-S,15-S,,EXIT #60,3,TenthsofMile,S,1,Clear,5,Dark-Not Lighted,1,Dry,70400,"Trafficway, On Road",12/28/19 0:49
2427,633120,1,41.337987,-72.941347,3151542,12/28/19,0:59:00,O,Property Damage Only,O,No Apparent Injury (O),2,State,4.67,10,CT-10,10-N,,Arch Street,128,Feet,S,1,Clear,4,Dark-Lighted,2,Wet,13800,"Trafficway, On Road",12/28/19 0:59
8252,631727,1,41.362991,-72.928515,3150149,12/28/19,10:13:00,O,Property Damage Only,O,No Apparent Injury (O),2,Local,0.05,466,ROOSEVELT ST,ROOSEVELT ST,,GARFIELD STREET,40,Feet,W,1,Clear,1,Daylight,1,Dry,,"Trafficway, On Road",12/28/19 10:13
6909,631728,1,41.335791,-72.935071,3150150,12/28/19,12:01:00,O,Property Damage Only,O,No Apparent Injury (O),2,Local,0.8,222,GOODRICH ST,GOODRICH ST,,Dixwell Ave,9,Feet,E,1,Clear,1,Daylight,1,Dry,3200,"Trafficway, On Road",12/28/19 12:01
3149,632086,1,41.357527,-72.943094,3150508,12/28/19,12:13:00,O,Property Damage Only,O,No Apparent Injury (O),2,State,48.94,15,15-N,15-N,,Exit 60,10,TenthsofMile,S,1,Clear,1,Daylight,1,Dry,78600,"Trafficway, On Road",12/28/19 12:13
5160,633121,1,41.345831,-72.912412,3151543,12/28/19,12:26:00,O,Property Damage Only,O,No Apparent Injury (O),2,State,0.93,707,WHITNEY AV,707-N,,Putnam Ave.,40,Feet,S,1,Clear,1,Daylight,1,Dry,13500,"Trafficway, On Road",12/28/19 12:26
974,631966,1,41.409539,-72.900451,3150388,12/28/19,12:37:00,O,Property Damage Only,O,No Apparent Injury (O),2,State,10.69,10,CT-10,10-N,,EVERGREEN AVENUE,75,Feet,S,1,Clear,1,Daylight,1,Dry,25200,"Trafficway, On Road",12/28/19 12:37
9265,631729,1,41.345536,-72.942051,3150151,12/28/19,14:08:00,O,Property Damage Only,O,No Apparent Injury (O),2,Local,1.29,598,WOODIN ST,WOODIN ST,ROCHFORD AV,,,,,1,Clear,1,Daylight,1,Dry,5500,"Trafficway, On Road",12/28/19 14:08
8914,633122,1,41.350709,-72.920061,3151544,12/28/19,17:51:00,O,Property Damage Only,O,No Apparent Injury (O),2,Local,0.59,527,TREADWELL ST,TREADWELL ST,,Manor St,174,Feet,E,1,Clear,4,Dark-Lighted,1,Dry,5100,"Trafficway, On Road",12/28/19 17:51
8449,631730,1,41.380662,-72.917697,3150152,12/29/19,10:07:00,O,Property Damage Only,O,No Apparent Injury (O),2,Local,0.31,489,SHEPARD AV,SHEPARD AV,,Mix Ave,25,Feet,N,1,Clear,1,Daylight,1,Dry,1400,"Trafficway, On Road",12/29/19 10:07
3441,631578,1,41.380259,-72.900651,3150000,12/29/19,12:03:00,A,"Injury of any type (Serious, Minor, Possible)",C,Possible Injury (C),2,State,0.2,15,15-N,15-N-125,,Route 15 Northbound,10,Feet,S,1,Clear,1,Daylight,1,Dry,9500,"Trafficway, On Road",12/29/19 12:03
5693,640172,1,41.340623,-72.945302,3158589,12/29/19,17:45:00,A,"Injury of any type (Serious, Minor, Possible)",C,Possible Injury (C),2,Local,0.28,14,ARCH ST,ARCH ST,PINE ROCK AV NO 2,,,,,4,Rain,4,Dark-Lighted,2,Wet,2200,"Trafficway, On Road",12/29/19 17:45
3671,633912,1,41.360883,-72.935192,3152334,12/30/19,6:19:00,O,Property Damage Only,O,No Apparent Injury (O),2,State,49.43,15,15-S,15-S,,Exit 60,7,TenthsofMile,S,4,Rain,5,Dark-Not Lighted,2,Wet,78600,"Trafficway, On Road",12/30/19 6:19
3898,632167,1,41.377986,-72.90538,3150589,12/30/19,10:27:00,O,Property Damage Only,O,No Apparent Injury (O),2,State,51.45,15,15-S,15-S,,Route 15 Northbound,10,Feet,S,4,Rain,1,Daylight,2,Wet,71500,"Trafficway, On Road",12/30/19 10:27
1324,633123,1,41.373904,-72.916124,3151545,12/30/19,14:00:00,O,Property Damage Only,O,No Apparent Injury (O),2,State,7.67,10,CT-10,10-N,,Skiff St,200,Feet,S,4,Rain,1,Daylight,2,Wet,23600,"Trafficway, On Road",12/30/19 14:00
975,631967,1,41.408389,-72.900046,3150389,12/30/19,17:11:00,O,Property Damage Only,O,No Apparent Injury (O),2,State,10.6,10,CT-10,10-N,,EVERGREEN AVE,500,Feet,S,4,Rain,4,Dark-Lighted,2,Wet,25200,"Trafficway, On Road",12/30/19 17:11
3902,643933,1,41.378042,-72.905362,3162350,12/30/19,17:27:00,O,Property Damage Only,O,No Apparent Injury (O),2,State,51.45,15,15-S,15-S,15-S-122,,,,,4,Rain,5,Dark-Not Lighted,2,Wet,71500,"Trafficway, On Road",12/30/19 17:27
8654,633124,1,41.371297,-72.906702,3151546,12/30/19,18:21:00,A,"Injury of any type (Serious, Minor, Possible)",C,Possible Injury (C),2,Local,0.03,494,SKIFF ST,SKIFF ST,,WHITNEY AVE,100,Feet,W,4,Rain,4,Dark-Lighted,2,Wet,24500,"Trafficway, On Road",12/30/19 18:21
9120,635678,1,41.421855,-72.910713,3154100,12/31/19,2:50:00,O,Property Damage Only,O,No Apparent Injury (O),1,Local,0.63,575,WEST WOODS RD,WEST WOODS RD NO 1,,KIMBERLY AVE,500,Feet,W,4,Rain,4,Dark-Lighted,2,Wet,3500,"Trafficway, On Road",12/31/19 2:50
8166,635679,1,41.3374,-72.90201,3154101,1/2/20,7:23:00,O,Property Damage Only,O,No Apparent Injury (O),5,Local,0.16,452,RIDGE RD,RIDGE RD,,PARK RD,25,Feet,N,1,Clear,1,Daylight,1,Dry,8800,"Trafficway, On Road",1/2/20 7:23
1777,635713,1,41.346457,-72.933872,3154135,1/2/20,11:13:00,O,Property Damage Only,O,No Apparent Injury (O),3,State,5.56,10,CT-10,10-N,CIRCULAR AV,,,,,1,Clear,1,Daylight,1,Dry,21100,"Trafficway, On Road",1/2/20 11:13
5811,636523,1,41.364491,-72.929247,3154942,1/2/20,11:50:00,O,Property Damage Only,O,No Apparent Injury (O),2,Local,0.3,42,BENHAM ST,BENHAM ST,MIX AV,,,,,1,Clear,1,Daylight,1,Dry,12800,"Trafficway, On Road",1/2/20 11:50
1654,634164,1,41.369591,-72.91899,3152586,1/2/20,12:48:00,O,Property Damage Only,O,No Apparent Injury (O),2,State,7.51,10,CT-10,10-N,,Connolly Pkwy,2,TenthsofMile,N,1,Clear,1,Daylight,1,Dry,22000,"Trafficway, On Road",1/2/20 12:48
2358,633125,1,41.397564,-72.897185,3151547,1/2/20,15:12:00,O,Property Damage Only,O,No Apparent Injury (O),2,State,10.01,10,CT-10,10-N,,Old Cannon,65,Feet,N,1,Clear,1,Daylight,1,Dry,14800,"Trafficway, On Road",1/2/20 15:12
7800,633077,1,41.399674,-72.932203,3151499,1/2/20,16:31:00,O,Property Damage Only,,,1,Local,0.01,611,PARADISE AV,PARADISE AV NO 4,,West Shepard Ave,50,Feet,S,1,Clear,1,Daylight,1,Dry,,Non-trafficway,1/2/20 16:31
3512,633957,1,41.380699,-72.90072,3152379,1/3/20,6:44:00,O,Property Damage Only,O,No Apparent Injury (O),2,State,0.23,15,15-N,15-N-125,,Rt 15 N,27,Feet,S,4,Rain,1,Daylight,2,Wet,2300,"Trafficway, On Road",1/3/20 6:44
5561,634005,1,41.37638,-72.91551,3152427,1/3/20,14:58:00,O,Property Damage Only,O,No Apparent Injury (O),2,State,0.03,753,CT-10,753-S,SHEPARD AV,,,,,2,Cloudy,1,Daylight,2,Wet,15700,"Trafficway, On Road",1/3/20 14:58
2344,633451,1,41.446143,-72.910381,3151873,1/3/20,16:17:00,O,Property Damage Only,O,No Apparent Injury (O),2,State,13.27,10,CT-10,10-N,WILLOW ST,,,,,2,Cloudy,3,Dusk,2,Wet,15400,"Trafficway, On Road",1/3/20 16:17
1783,642952,1,41.346341,-72.933894,3161369,1/3/20,16:38:00,O,Property Damage Only,O,No Apparent Injury (O),2,State,5.56,10,CT-10,10-N,CIRCULAR AV,,,,,1,Clear,3,Dusk,1,Dry,21100,"Trafficway, On Road",1/3/20 16:38
2448,636079,1,41.40412019,-72.8980499,3154500,1/3/20,16:42:00,O,Property Damage Only,O,No Apparent Injury (O),2,State,10.27,10,CT-10,10-N,DICKERMAN ST,,,,,1,Clear,3,Dusk,1,Dry,12900,"Trafficway, On Road",1/3/20 16:42
1776,634006,1,41.34463,-72.93401,3152428,1/3/20,19:27:00,A,"Injury of any type (Serious, Minor, Possible)",C,Possible Injury (C),2,State,5.42,10,CT-10,10-N,WOODIN ST,,,,,1,Clear,4,Dark-Lighted,2,Wet,21100,"Trafficway, On Road",1/3/20 19:27
1653,634007,1,41.374487,-72.915926,3152429,1/3/20,21:38:00,O,Property Damage Only,O,No Apparent Injury (O),2,State,7.89,10,CT-10,10-N,,SKIFF ST,20,Feet,N,1,Clear,4,Dark-Lighted,2,Wet,22000,"Trafficway, On Road",1/3/20 21:38
7474,635689,1,41.376328,-72.920303,3154111,1/4/20,0:24:00,O,Property Damage Only,O,No Apparent Injury (O),2,Local,0.95,366,MIX AV,MIX AV,SKIFF ST EXT,,,,,4,Rain,4,Dark-Lighted,2,Wet,4000,"Trafficway, On Road",1/4/20 0:24
7475,635690,1,41.365102,-72.928387,3154112,1/4/20,11:53:00,O,Property Damage Only,O,No Apparent Injury (O),2,Local,0.06,366,MIX AV,MIX AV,,BENHAM ST,300,Feet,N,4,Rain,1,Daylight,2,Wet,4000,"Trafficway, On Road",1/4/20 11:53
8301,635691,1,41.384534,-72.901934,3154113,1/4/20,14:23:00,O,Property Damage Only,O,No Apparent Injury (O),2,Local,0.26,480,SCHOOL ST,SCHOOL ST,,Whitney Ave,100,Feet,W,1,Clear,1,Daylight,1,Dry,5300,"Trafficway, On Road",1/4/20 14:23
8450,634008,1,41.383049,-72.920933,3152430,1/5/20,1:00:00,O,Property Damage Only,O,No Apparent Injury (O),2,Local,0.55,489,SHEPARD AV,SHEPARD AV,,Howard Ave.,500,Feet,N,4,Rain,4,Dark-Lighted,2,Wet,1400,"Trafficway, Not on Road",1/5/20 1:00
7794,634165,1,41.376286,-72.93766,3152587,1/5/20,7:09:00,O,Property Damage Only,O,No Apparent Injury (O),1,Local,0.69,411,PARADISE AV,PARADISE AV NO 5,,Howard Drive,1910,Feet,S,1,Clear,2,Dawn,2,Wet,3800,"Trafficway, On Road",1/5/20 7:09
3198,635648,1,41.370018,-72.914183,3154070,1/5/20,18:01:00,O,Property Damage Only,O,No Apparent Injury (O),1,State,50.74,15,15-N,15-N,,Entrance 60,4,TenthsofMile,N,1,Clear,5,Dark-Not Lighted,1,Dry,72100,"Trafficway, On Road",1/5/20 18:01
5503,636524,1,41.383395,-72.90099,3154943,1/5/20,18:03:00,O,Property Damage Only,O,No Apparent Injury (O),2,State,0.04,717,DIXWELL AV,717-E,,Whitney Ave,213,Feet,E,1,Clear,4,Dark-Lighted,1,Dry,15600,"Trafficway, On Road",1/5/20 18:03
4385,663259,1,41.378891,-72.903449,3181670,1/6/20,9:50:00,O,Property Damage Only,O,No Apparent Injury (O),2,State,0.18,15,15-S,15-S-123,,,,,,1,Clear,1,Daylight,2,Wet,9300,"Trafficway, On Road",1/6/20 9:50
7766,635692,1,41.383563,-72.904866,3154114,1/6/20,14:41:00,O,Property Damage Only,O,No Apparent Injury (O),2,Local,0.04,143,OLD DIXWELL AV,OLD DIXWELL AV,,Evergreen Ave,791,Feet,E,1,Clear,1,Daylight,1,Dry,,"Trafficway, On Road",1/6/20 14:41
649,635693,1,41.414796,-72.902392,3154115,1/6/20,15:51:00,O,Property Damage Only,O,No Apparent Injury (O),2,State,11.23,10,CT-10,10-N,,SHERMAN AVE,178,Feet,N,1,Clear,1,Daylight,1,Dry,25800,"Trafficway, On Road",1/6/20 15:51
5303,635714,1,41.357393,-72.910249,3154136,1/6/20,17:32:00,O,Property Damage Only,O,No Apparent Injury (O),2,State,1.78,707,WHITNEY AV,707-N,,Athol Pl.,20,Feet,S,1,Clear,4,Dark-Lighted,1,Dry,11700,"Trafficway, On Road",1/6/20 17:32
7052,635715,1,41.389461,-72.913115,3154137,1/6/20,18:03:00,O,Property Damage Only,O,No Apparent Injury (O),2,Local,0.13,713,HAMDEN HILLS DR,HAMDEN HILLS DR,,GLEN RIDGE RD,200,Feet,E,1,Clear,4,Dark-Lighted,1,Dry,8500,"Trafficway, On Road",1/6/20 18:03
4005,644218,1,41.378672,-72.904212,3162635,1/7/20,13:05:00,O,Property Damage Only,O,No Apparent Injury (O),2,State,51.56,15,15-S,15-S,Exit 61,,,,S,1,Clear,1,Daylight,1,Dry,66900,"Trafficway, On Road",1/7/20 13:05
322,635827,1,41.36376,-72.923235,3154249,1/7/20,13:09:00,O,Property Damage Only,O,No Apparent Injury (O),2,State,6.88,10,CT-10,10-N,WHEELER ST,,,,,1,Clear,1,Daylight,1,Dry,31800,"Trafficway, On Road",1/7/20 13:09
8658,641565,1,41.374627,-72.916354,3159982,1/7/20,17:46:00,O,Property Damage Only,O,No Apparent Injury (O),2,Local,0.55,494,SKIFF ST,SKIFF ST,,Dixwell Ave.,0.200000003,TenthsofMile,W,1,Clear,3,Dusk,1,Dry,24400,"Trafficway, On Road",1/7/20 17:46
2220,635716,1,41.385911,-72.900985,3154138,1/8/20,4:53:00,O,Property Damage Only,O,No Apparent Injury (O),1,State,9.16,10,CT-10,10-N,,School St.,1,TenthsofMile,N,1,Clear,4,Dark-Lighted,2,Wet,16900,"Trafficway, Not on Road",1/8/20 4:53
7368,635828,1,41.35076,-72.95043,3154250,1/8/20,7:49:00,O,Property Damage Only,O,No Apparent Injury (O),2,Local,0.15,608,MARYKNOLL RD,MARYKNOLL RD,,Woodin St,1,TenthsofMile,N,1,Clear,1,Daylight,5,Ice / Frost,,"Trafficway, On Road",1/8/20 7:49
5021,636080,1,41.34375,-72.91201,3154501,1/8/20,9:33:00,O,Property Damage Only,O,No Apparent Injury (O),1,State,0.77,707,WHITNEY AV,707-N,ELI RD,,,,,1,Clear,1,Daylight,5,Ice / Frost,14300,"Trafficway, On Road",1/8/20 9:33
2633,637691,1,41.3383081,-72.9410615,3156110,1/8/20,14:52:00,O,Property Damage Only,O,No Apparent Injury (O),2,State,4.7,10,CT-10,10-N,ARCH ST,,,,,1,Clear,1,Daylight,1,Dry,,"Trafficway, On Road",1/8/20 14:52
7795,644094,1,41.37006,-72.941422,3162511,1/8/20,17:01:00,O,Property Damage Only,O,No Apparent Injury (O),1,Local,0.22,411,PARADISE AV,PARADISE AV NO 5,,Cooper Lane,600,Feet,N,1,Clear,5,Dark-Not Lighted,1,Dry,3800,"Trafficway, On Road",1/8/20 17:01
1028,636081,1,41.346275,-72.93386,3154502,1/8/20,17:05:00,O,Property Damage Only,O,No Apparent Injury (O),2,State,5.74,10,CT-10,10-N,PUTNAM AVE.,,,,,1,Clear,4,Dark-Lighted,1,Dry,24700,"Trafficway, On Road",1/8/20 17:05
2619,636525,1,41.338347,-72.939954,3154944,1/8/20,17:19:00,O,Property Damage Only,O,No Apparent Injury (O),2,State,4.76,10,CT-10,10-N,WARNER ST,,,,,1,Clear,4,Dark-Lighted,1,Dry,10600,"Trafficway, On Road",1/8/20 17:19
8656,636526,1,41.373018,-72.911853,3154945,1/8/20,18:18:00,O,Property Damage Only,O,No Apparent Injury (O),2,Local,0.31,494,SKIFF ST,SKIFF ST,,10-N,1200,Feet,E,1,Clear,4,Dark-Lighted,1,Dry,24400,"Trafficway, On Road",1/8/20 18:18
7476,636082,1,41.367121,-72.926555,3154503,1/8/20,23:53:00,O,Property Damage Only,O,No Apparent Injury (O),1,Local,0,366,MIX AV,MIX AV,PROMENADE DR,,,,,1,Clear,4,Dark-Lighted,1,Dry,4000,"Trafficway, Not on Road",1/8/20 23:53
6376,636527,1,41.35637,-72.904163,3154946,1/9/20,15:56:00,O,Property Damage Only,O,No Apparent Injury (O),1,Local,0.27,137,DESSA DR,DESSA DR,,ORCHARD CT.,75,Feet,E,1,Clear,1,Daylight,1,Dry,,"Trafficway, On Road",1/9/20 15:56
6178,638100,1,41.357383,-72.937068,3156518,1/9/20,17:13:00,O,Property Damage Only,O,No Apparent Injury (O),2,Local,0.61,99,CIRCULAR AV,CIRCULAR AV,,GILBERT AVE,50,Feet,N,1,Clear,4,Dark-Lighted,1,Dry,1900,"Trafficway, On Road",1/9/20 17:13
8657,636528,1,41.374496,-72.916,3154947,1/9/20,17:23:00,O,Property Damage Only,O,No Apparent Injury (O),2,Local,0.55,494,SKIFF ST,SKIFF ST,,Dixwell Ave,10,Feet,W,1,Clear,4,Dark-Lighted,1,Dry,24400,"Trafficway, On Road",1/9/20 17:23
9134,638512,1,41.420642,-72.934112,3156930,1/10/20,7:18:00,A,"Injury of any type (Serious, Minor, Possible)",B,Suspected Minor Injury (B),2,Local,1.18,655,WEST WOODS RD,WEST WOODS RD NO 2,,Still Hill Rd.,1,TenthsofMile,W,2,Cloudy,1,Daylight,2,Wet,1700,"Trafficway, On Road",1/10/20 7:18
7219,641918,1,41.381184,-72.934536,3160335,1/10/20,10:41:00,O,Property Damage Only,O,No Apparent Injury (O),2,Local,0.85,273,HOWARD DR,HOWARD DR,PARADISE AV NO 5,,,,,2,Cloudy,1,Daylight,2,Wet,3100,"Trafficway, On Road",1/10/20 10:41
2402,637476,1,41.396897,-72.897022,3155895,1/10/20,11:34:00,O,Property Damage Only,O,No Apparent Injury (O),2,State,9.78,10,CT-10,10-N,CANNON ST,,,,S,1,Clear,1,Daylight,1,Dry,14700,"Trafficway, On Road",1/10/20 11:34
7767,641578,1,41.384016,-72.906509,3159995,1/10/20,12:05:00,O,Property Damage Only,O,No Apparent Injury (O),2,Local,0.12,143,OLD DIXWELL AV,OLD DIXWELL AV,,EVERGREEN AVE,100,Feet,E,1,Clear,1,Daylight,1,Dry,,"Trafficway, On Road",1/10/20 12:05
1778,637477,1,41.341937,-72.93498,3155896,1/10/20,15:37:00,A,"Injury of any type (Serious, Minor, Possible)",C,Possible Injury (C),1,State,5.43,10,CT-10,10-N,,North Street,15,Feet,N,1,Clear,1,Daylight,1,Dry,21100,"Trafficway, On Road",1/10/20 15:37
7573,637457,1,41.336806,-72.924765,3155876,1/10/20,16:06:00,O,Property Damage Only,O,No Apparent Injury (O),2,Local,0.54,370,MORSE ST,MORSE ST,WINCHESTER AV,,,,,1,Clear,1,Daylight,1,Dry,3100,"Trafficway, On Road",1/10/20 16:06
4539,640249,1,41.403543,-72.89568,3158666,1/10/20,18:28:00,A,"Injury of any type (Serious, Minor, Possible)",C,Possible Injury (C),2,State,0.14,22,CT-22,22-E,NEW RD,,,,,1,Clear,4,Dark-Lighted,1,Dry,5600,"Trafficway, On Road",1/10/20 18:28
1784,642953,1,41.34638,-72.933953,3161370,1/10/20,20:47:00,A,"Injury of any type (Serious, Minor, Possible)",B,Suspected Minor Injury (B),1,State,5.56,10,CT-10,10-N,CIRCULAR AV,,,,,1,Clear,4,Dark-Lighted,1,Dry,21100,"Trafficway, On Road",1/10/20 20:47
851,642954,1,41.406287,-72.899241,3161371,1/10/20,20:59:00,O,Property Damage Only,O,No Apparent Injury (O),2,State,10.46,10,CT-10,10-N,HOME PL,,,,,1,Clear,4,Dark-Lighted,1,Dry,25300,"Trafficway, On Road",1/10/20 20:59
8262,643568,1,41.336068,-72.932078,3161985,1/10/20,21:58:00,O,Property Damage Only,O,No Apparent Injury (O),2,Local,0.03,473,SAINT MARY ST,SAINT MARY ST,ALLING ST,,,,,1,Clear,4,Dark-Lighted,1,Dry,,"Trafficway, On Road",1/10/20 21:58
1470,643569,1,41.353447,-72.930066,3161986,1/11/20,18:48:00,O,Property Damage Only,O,No Apparent Injury (O),2,State,6.27,10,CT-10,10-N,,Treadwell Street,200,Feet,S,1,Clear,4,Dark-Lighted,1,Dry,22600,"Trafficway, Not on Road",1/11/20 18:48
7369,645164,1,41.351302,-72.91664,3163581,1/12/20,1:21:00,O,Property Damage Only,O,No Apparent Injury (O),2,Local,0.28,352,MATHER ST,MATHER ST,,Clifford Street,300,Feet,W,1,Clear,4,Dark-Lighted,1,Dry,5800,"Trafficway, On Road",1/12/20 1:21
2221,640278,1,41.38836,-72.899964,3158695,1/12/20,10:10:00,O,Property Damage Only,O,No Apparent Injury (O),2,State,9.16,10,CT-10,10-N,LINCOLN ST,,,,,1,Clear,1,Daylight,1,Dry,16900,"Trafficway, On Road",1/12/20 10:10
7928,643570,1,41.349278,-72.944544,3161987,1/13/20,8:31:00,A,"Injury of any type (Serious, Minor, Possible)",C,Possible Injury (C),3,Local,0.22,429,PINE ROCK AV,PINE ROCK AV NO 1,WILMOT RD,,,,,2,Cloudy,1,Daylight,1,Dry,5500,"Trafficway, On Road",1/13/20 8:31
5751,640402,1,41.355499,-72.935521,3158819,1/13/20,9:12:00,O,Property Damage Only,O,No Apparent Injury (O),2,Local,0.07,27,BANK ST,BANK ST,,TAFT STREET,100,Feet,S,1,Clear,1,Daylight,1,Dry,,"Trafficway, On Road",1/13/20 9:12
1781,638513,1,41.339493,-72.935151,3156931,1/13/20,9:34:00,O,Property Damage Only,O,No Apparent Injury (O),2,State,5.26,10,CT-10,10-N,,Pine St,25,Feet,S,1,Clear,1,Daylight,1,Dry,21100,"Trafficway, On Road",1/13/20 9:34
1468,638532,1,41.351791,-72.931016,3156950,1/13/20,12:32:00,O,Property Damage Only,O,No Apparent Injury (O),2,State,6.14,10,CT-10,10-N,,Concord St.,100,Feet,S,2,Cloudy,1,Daylight,1,Dry,22600,"Trafficway, On Road",1/13/20 12:32
1779,638101,1,41.339167,-72.935165,3156519,1/13/20,17:04:00,O,Property Damage Only,O,No Apparent Injury (O),2,State,5.24,10,CT-10,10-N,,Pine St,144,Feet,S,1,Clear,4,Dark-Lighted,1,Dry,21100,"Trafficway, On Road",1/13/20 17:04
2063,638102,1,41.442632,-72.910803,3156520,1/13/20,18:41:00,A,"Injury of any type (Serious, Minor, Possible)",C,Possible Injury (C),2,State,13.03,10,CT-10,10-N,BROOKSVALE AV,,,,,1,Clear,4,Dark-Lighted,1,Dry,17600,"Trafficway, On Road",1/13/20 18:41
6727,639167,1,41.331243,-72.908463,3157584,1/13/20,19:37:00,A,"Injury of any type (Serious, Minor, Possible)",C,Possible Injury (C),1,,,,FARNAM DR,FARNUM DR,,EAST ROCK RD,300,Feet,N,1,Clear,5,Dark-Not Lighted,1,Dry,,"Trafficway, On Road",1/13/20 19:37
6343,640403,1,41.339991,-72.902446,3158820,1/14/20,13:38:00,A,"Injury of any type (Serious, Minor, Possible)",C,Possible Injury (C),2,Local,0.23,128,DAVIS ST,DAVIS ST,RIDGE RD,,,,,1,Clear,1,Daylight,1,Dry,8900,"Trafficway, On Road",1/14/20 13:38
147,643645,1,41.365939,-72.921669,3162062,1/14/20,13:55:00,A,"Injury of any type (Serious, Minor, Possible)",C,Possible Injury (C),2,State,7.22,10,CT-10,10-N,,Connolly Pkwy,1,TenthsofMile,S,1,Clear,1,Daylight,1,Dry,33500,"Trafficway, On Road",1/14/20 13:55
1780,638112,1,41.344394,-72.934272,3156530,1/14/20,14:34:00,O,Property Damage Only,O,No Apparent Injury (O),2,State,5.42,10,CT-10,10-N,WOODIN ST,,,,,1,Clear,1,Daylight,1,Dry,21100,"Trafficway, On Road",1/14/20 14:34
6590,640404,1,41.343736,-72.912062,3158821,1/14/20,14:48:00,O,Property Damage Only,O,No Apparent Injury (O),2,Local,0.09,167,ELI RD,ELI RD,WHITNEY AVE,,,,,1,Clear,1,Daylight,1,Dry,3300,"Trafficway, On Road",1/14/20 14:48
8659,642982,1,41.371213,-72.906806,3161399,1/14/20,17:34:00,O,Property Damage Only,O,No Apparent Injury (O),2,Local,0.03,494,SKIFF ST,SKIFF ST,,WHITNEY AVE.,100,Feet,W,4,Rain,4,Dark-Lighted,2,Wet,24400,"Trafficway, On Road",1/14/20 17:34
4348,644235,1,41.378127,-72.905314,3162652,1/15/20,17:02:00,O,Property Damage Only,O,No Apparent Injury (O),2,State,0.18,15,15-S,15-S-122,,#61,2,Feet,S,1,Clear,5,Dark-Not Lighted,1,Dry,9300,"Trafficway, On Road",1/15/20 17:02
2222,640405,1,41.384941,-72.901365,3158822,1/15/20,18:58:00,A,"Injury of any type (Serious, Minor, Possible)",C,Possible Injury (C),2,State,9.09,10,CT-10,10-N,,School St,150,Feet,N,1,Clear,4,Dark-Lighted,1,Dry,16900,"Trafficway, On Road",1/15/20 18:58
3756,639993,1,41.370701,-72.913714,3158410,1/15/20,21:05:00,O,Property Damage Only,O,No Apparent Injury (O),2,State,50.8,15,15-S,15-S,,Exit #60,6,TenthsofMile,N,1,Clear,5,Dark-Not Lighted,1,Dry,72100,"Trafficway, On Road",1/15/20 21:05
1782,640406,1,41.343827,-72.934455,3158823,1/16/20,11:44:00,O,Property Damage Only,O,No Apparent Injury (O),2,State,5.57,10,CT-10,10-N,THIRD ST,,,,,1,Clear,1,Daylight,1,Dry,21100,"Trafficway, On Road",1/16/20 11:44
8247,641579,1,41.406965,-72.921366,3159996,1/16/20,14:07:00,O,Property Damage Only,O,No Apparent Injury (O),1,Local,0.08,461,ROCKY TOP RD,ROCKY TOP RD,,Shepard Ave.,400,Feet,E,2,Cloudy,1,Daylight,1,Dry,,"Trafficway, On Road",1/16/20 14:07
4632,641503,1,41.399866,-72.897581,3159920,1/16/20,14:28:00,O,Property Damage Only,O,No Apparent Injury (O),2,State,0,40,40-S,40-S-6,10-N,,,,,1,Clear,1,Daylight,1,Dry,1800,"Trafficway, On Road",1/16/20 14:28
3066,644243,1,41.364778,-72.92775,3162660,1/16/20,19:11:00,O,Property Damage Only,O,No Apparent Injury (O),2,State,49.89,15,15-N,15-N,,EXIT 60,1,TenthsofMile,S,1,Clear,5,Dark-Not Lighted,1,Dry,79200,"Trafficway, On Road",1/16/20 19:11
4360,681400,1,41.378144,-72.905301,3199807,1/17/20,7:52:00,O,Property Damage Only,O,No Apparent Injury (O),2,State,0.18,15,15-S,15-S-122,,Route 15,10,Feet,S,1,Clear,1,Daylight,1,Dry,9300,"Trafficway, On Road",1/17/20 7:52
3958,669355,1,41.379645,-72.902666,3187765,1/17/20,8:37:00,O,Property Damage Only,O,No Apparent Injury (O),2,State,51.67,15,15-S,15-S,,Exit 61,1,TenthsofMile,N,1,Clear,1,Daylight,1,Dry,68600,"Trafficway, On Road",1/17/20 8:37
4358,669356,1,41.378039,-72.90534,3187766,1/17/20,11:26:00,O,Property Damage Only,O,No Apparent Injury (O),2,State,0.19,15,15-S,15-S-122,Rt 15 sb,,,,,1,Clear,1,Daylight,1,Dry,9300,"Trafficway, On Road",1/17/20 11:26
6260,641580,1,41.418647,-72.940253,3159997,1/17/20,11:37:00,O,Property Damage Only,O,No Apparent Injury (O),2,Local,0.04,734,COBBLESTONE DR,COBBLESTONE DR,,Joyce Rd,200,Feet,S,1,Clear,1,Daylight,1,Dry,,"Trafficway, On Road",1/17/20 11:37