,CrashId,Fatal Case Status,lat,lon,DOT Case Number,Date Of Crash,Time of Crash,Crash Severity,Crash Severity Text Format,Most Severe Injury,Most Severe Injury Text Format,Number Of Motor Vehicles,Route Class Text Format,Milemarker,Road Number,Road Description,Roadway Name,Intersecting Roadway Name,Landmark Description,Distance From Nearest Landmark,Unit Of Measure From Nearest Landmark,Direction From Nearest Landmark,Weather Condition,Weather Condition Text Format,Light Condition,Light Condition Text Format,Road Surface Condition,Road Surface Condition Text Format,Average Daily Traffic,Trafficway Class Text Format,full_date
1469,641581,1,41.349761,-72.932083,3159998,1/17/20,12:51:00,O,Property Damage Only,O,No Apparent Injury (O),2,State,5.99,10,CT-10,10-N,,Collins Street,15,Feet,N,1,Clear,1,Daylight,1,Dry,22600,"Trafficway, On Road",1/17/20 12:51
1655,642983,1,41.373584,-72.916363,3161400,1/17/20,14:13:00,O,Property Damage Only,O,No Apparent Injury (O),2,State,7.82,10,CT-10,10-N,,Skiff St,320,Feet,S,1,Clear,1,Daylight,1,Dry,22000,"Trafficway, On Road",1/17/20 14:13
6027,642984,1,41.341577,-72.939076,3161401,1/17/20,18:19:00,O,Property Damage Only,O,No Apparent Injury (O),2,Local,0.22,71,BURKE ST,BURKE ST,,North St,100,Feet,S,1,Clear,4,Dark-Lighted,1,Dry,,"Trafficway, On Road",1/17/20 18:19
2223,643646,1,41.388488,-72.899925,3162063,1/17/20,20:55:00,A,"Injury of any type (Serious, Minor, Possible)",C,Possible Injury (C),2,State,9.35,10,CT-10,10-N,,LINCOLN ST,54,Feet,N,1,Clear,4,Dark-Lighted,1,Dry,16900,"Trafficway, On Road",1/17/20 20:55
7838,641582,1,41.329834,-72.898822,3159999,1/17/20,21:08:00,O,Property Damage Only,O,No Apparent Injury (O),2,Local,0,414,PARK RD,PARK RD,ARMSTRONG ST,,,,,1,Clear,4,Dark-Lighted,1,Dry,1500,"Trafficway, On Road",1/17/20 21:08
3242,641433,1,41.365631,-72.925353,3159850,1/18/20,14:44:00,A,"Injury of any type (Serious, Minor, Possible)",B,Suspected Minor Injury (B),1,State,50.03,15,15-N,15-N,,EXIT 60,165,Feet,N,7,Snow,1,Daylight,3,Snow,70900,"Trafficway, On Road",1/18/20 14:44
8451,641615,1,41.380558,-72.917528,3160032,1/18/20,14:49:00,O,Property Damage Only,O,No Apparent Injury (O),2,Local,0.3,489,SHEPARD AV,SHEPARD AV,MIX AV,,,,,7,Snow,1,Daylight,3,Snow,1400,"Trafficway, On Road",1/18/20 14:49
8879,642985,1,41.383333,-72.911052,3161402,1/18/20,14:59:00,O,Property Damage Only,O,No Apparent Injury (O),2,Local,0.08,520,THOMPSON ST,THOMPSON ST,,Dixwell Avenue,387,Feet,N,8,Blowing Snow,1,Daylight,3,Snow,,"Trafficway, On Road",1/18/20 14:59
6179,643647,1,41.357209,-72.937167,3162064,1/18/20,15:00:00,O,Property Damage Only,O,No Apparent Injury (O),2,Local,0.62,99,CIRCULAR AV,CIRCULAR AV,GILBERT AV,,,,,7,Snow,1,Daylight,3,Snow,1900,"Trafficway, On Road",1/18/20 15:00
8626,641919,1,41.389726,-72.916551,3160336,1/18/20,15:00:00,A,"Injury of any type (Serious, Minor, Possible)",C,Possible Injury (C),1,Local,0.29,640,SHERMAN LA,SHERMAN LA,,Glen Ridge Rd,1,TenthsofMile,W,7,Snow,1,Daylight,3,Snow,5100,"Trafficway, On Road",1/18/20 15:00
6180,644095,1,41.357182,-72.936969,3162512,1/18/20,15:02:00,O,Property Damage Only,O,No Apparent Injury (O),1,Local,0.62,99,CIRCULAR AV,CIRCULAR AV,GILBERT AVE,,,,,7,Snow,1,Daylight,3,Snow,1900,"Trafficway, On Road",1/18/20 15:02
4921,641920,1,41.383446,-72.901857,3160337,1/18/20,15:06:00,O,Property Damage Only,O,No Apparent Injury (O),2,State,3.62,707,WHITNEY AV,707-N,10-N,,,,,7,Snow,1,Daylight,4,Slush,16900,"Trafficway, On Road",1/18/20 15:06
8167,641616,1,41.338662,-72.901955,3160033,1/18/20,15:08:00,A,"Injury of any type (Serious, Minor, Possible)",C,Possible Injury (C),2,Local,0.24,452,RIDGE RD,RIDGE RD,,DAVIS ST,500,Feet,S,7,Snow,1,Daylight,4,Slush,8800,"Trafficway, On Road",1/18/20 15:08
3065,642740,1,41.365317,-72.92632,3161157,1/18/20,15:09:00,O,Property Damage Only,O,No Apparent Injury (O),2,State,49.97,15,15-N,15-N,,Exit 60,100,Feet,S,7,Snow,1,Daylight,3,Snow,79200,"Trafficway, On Road",1/18/20 15:09
5813,645165,1,41.36454,-72.929437,3163582,1/18/20,15:10:00,O,Property Damage Only,O,No Apparent Injury (O),1,Local,0.31,42,BENHAM ST,BENHAM ST,,Benham Street,15,Feet,N,7,Snow,1,Daylight,3,Snow,12800,"Trafficway, Not on Road",1/18/20 15:10
8453,642986,1,41.380596,-72.917514,3161403,1/18/20,15:13:00,O,Property Damage Only,O,No Apparent Injury (O),1,Local,0.3,489,SHEPARD AV,SHEPARD AV,MIX AV,,,,,8,Blowing Snow,1,Daylight,3,Snow,1400,"Trafficway, On Road",1/18/20 15:13
3067,644247,1,41.36211,-72.932049,3162664,1/18/20,15:15:00,O,Property Damage Only,O,No Apparent Injury (O),2,State,49.6,15,15-N,15-N,,Exit #60,4,TenthsofMile,S,7,Snow,1,Daylight,3,Snow,79200,"Trafficway, On Road",1/18/20 15:15
8452,641946,1,41.380528,-72.917515,3160363,1/18/20,15:15:00,O,Property Damage Only,O,No Apparent Injury (O),2,Local,0.3,489,SHEPARD AV,SHEPARD AV,MIX AV,,,,,8,Blowing Snow,1,Daylight,3,Snow,1400,"Trafficway, On Road",1/18/20 15:15
9292,641947,1,41.345506,-72.940774,3160364,1/18/20,15:15:00,A,"Injury of any type (Serious, Minor, Possible)",B,Suspected Minor Injury (B),2,Local,1.36,598,WOODIN ST,WOODIN ST,FAIRVIEW AV,,,,,7,Snow,1,Daylight,3,Snow,,"Trafficway, On Road",1/18/20 15:15
8230,641948,1,41.439783,-72.91486,3160365,1/18/20,15:20:00,O,Property Damage Only,O,No Apparent Injury (O),1,Local,0,454,RIVER RD,RIVER RD NO 1,STILL HILL RD,,,,,7,Snow,1,Daylight,3,Snow,1100,"Trafficway, On Road",1/18/20 15:20
2359,641950,1,41.397947,-72.897253,3160367,1/18/20,15:22:00,O,Property Damage Only,O,No Apparent Injury (O),1,State,10.04,10,CT-10,10-N,,Old Cannon St,200,Feet,N,7,Snow,1,Daylight,3,Snow,14800,"Trafficway, On Road",1/18/20 15:22
7089,641949,1,41.44513,-72.955219,3160366,1/18/20,15:22:00,O,Property Damage Only,O,No Apparent Injury (O),1,Local,0,237,HANDY RD,HANDY RD,GAYLORD MOUNTAIN RD,,,,,8,Blowing Snow,4,Dark-Lighted,3,Snow,,"Trafficway, On Road",1/18/20 15:22
5812,642987,1,41.365061,-72.928334,3161404,1/18/20,15:48:00,O,Property Damage Only,O,No Apparent Injury (O),2,Local,0.3,42,BENHAM ST,BENHAM ST,MIX AV,,,,,7,Snow,1,Daylight,3,Snow,12800,"Trafficway, On Road",1/18/20 15:48
8150,645166,1,41.360216,-72.925852,3163583,1/18/20,15:49:00,O,Property Damage Only,O,No Apparent Injury (O),2,Local,0.07,444,RED ROCK TER,RED ROCK TER,,Dixwell Avenue,100,Feet,W,1,Clear,1,Daylight,3,Snow,,"Trafficway, On Road",1/18/20 15:49
4670,642988,1,41.328432,-72.897902,3161405,1/18/20,17:24:00,O,Property Damage Only,O,No Apparent Injury (O),2,USRoute,1.03,5,US-5,5-N,,ARMSTRONG ST,500,Feet,S,7,Snow,4,Dark-Lighted,3,Snow,17300,"Trafficway, On Road",1/18/20 17:24
8278,642989,1,41.356437,-72.929042,3161406,1/18/20,17:31:00,O,Property Damage Only,O,No Apparent Injury (O),2,Local,0,479,SAVOY ST,SAVOY ST,SAINT JAMES ST,,,,,7,Snow,4,Dark-Lighted,3,Snow,,"Trafficway, On Road",1/18/20 17:31
2064,642990,1,41.442632,-72.910803,3161407,1/18/20,22:33:00,O,Property Damage Only,O,No Apparent Injury (O),2,State,13.03,10,CT-10,10-N,BROOKSVALE AV,,,,,7,Snow,4,Dark-Lighted,3,Snow,17600,"Trafficway, On Road",1/18/20 22:33
9066,642991,1,41.400418,-72.937908,3161408,1/19/20,9:23:00,O,Property Damage Only,O,No Apparent Injury (O),1,Local,0.81,570,WEST SHEPARD AV,WEST SHEPARD AV,,Hill St,1,TenthsofMile,E,1,Clear,1,Daylight,4,Slush,750,"Trafficway, On Road",1/19/20 9:23
6762,642992,1,41.3959,-72.91,3161409,1/19/20,11:07:00,O,Property Damage Only,O,No Apparent Injury (O),2,Local,0.75,196,FOREST ST,FOREST ST,,Forest Ct N,50,Feet,S,7,Snow,1,Daylight,2,Wet,650,"Trafficway, On Road",1/19/20 11:07
2224,643648,1,41.391913,-72.897737,3162065,1/19/20,13:33:00,O,Property Damage Only,O,No Apparent Injury (O),2,State,9.62,10,CT-10,10-N,,James St,110,Feet,S,1,Clear,1,Daylight,1,Dry,16900,"Trafficway, On Road",1/19/20 13:33
7477,642994,1,41.372073,-72.923269,3161411,1/19/20,13:58:00,O,Property Damage Only,O,No Apparent Injury (O),2,Local,0.62,366,MIX AV,MIX AV,,Plaza Entrance,200,Feet,N,1,Clear,1,Daylight,1,Dry,4000,"Trafficway, On Road",1/19/20 13:58
4886,643010,1,41.34656,-72.91263,3161427,1/20/20,1:27:00,A,"Injury of any type (Serious, Minor, Possible)",C,Possible Injury (C),1,State,0.98,707,WHITNEY AV,707-N,,Ralston Street,50,Feet,S,1,Clear,4,Dark-Lighted,1,Dry,17000,"Trafficway, On Road",1/20/20 1:27
650,643011,1,41.420775,-72.904582,3161428,1/20/20,6:46:00,O,Property Damage Only,O,No Apparent Injury (O),2,State,11.48,10,CT-10,10-N,WEST WOODS RD NO 1,,,,,1,Clear,2,Dawn,1,Dry,25800,"Trafficway, On Road",1/20/20 6:46
6254,643012,1,41.34545,-72.916566,3161429,1/20/20,7:53:00,O,Property Damage Only,O,No Apparent Injury (O),2,Local,0.38,102,CLIFFORD ST,CLIFFORD ST,,Putnam Av,25,Feet,N,1,Clear,1,Daylight,1,Dry,1400,"Trafficway, On Road",1/20/20 7:53
4610,642761,1,41.401516,-72.897543,3161178,1/20/20,12:17:00,O,Property Damage Only,O,No Apparent Injury (O),2,State,3.07,40,40-N,40-N,,Whitney Ave,40,Feet,E,1,Clear,1,Daylight,1,Dry,18500,"Trafficway, On Road",1/20/20 12:17
2548,643013,1,41.377114,-72.915035,3161430,1/20/20,14:47:00,A,"Injury of any type (Serious, Minor, Possible)",C,Possible Injury (C),3,State,8.07,10,CT-10,10-N,,SHEPARD AVENUE,200,Feet,N,1,Clear,1,Daylight,1,Dry,11200,"Trafficway, On Road",1/20/20 14:47
3068,644252,1,41.361435,-72.933468,3162669,1/20/20,14:50:00,O,Property Damage Only,O,No Apparent Injury (O),2,State,49.51,15,15-N,15-N,,60,5,TenthsofMile,S,1,Clear,1,Daylight,1,Dry,79200,"Trafficway, On Road",1/20/20 14:50
2403,643014,1,41.396898,-72.897022,3161431,1/20/20,17:29:00,O,Property Damage Only,O,No Apparent Injury (O),2,State,9.78,10,CT-10,10-N,CANNON ST,,,,,1,Clear,4,Dark-Lighted,1,Dry,14700,"Trafficway, On Road",1/20/20 17:29
1656,643015,1,41.369655,-72.918928,3161432,1/21/20,13:11:00,A,"Injury of any type (Serious, Minor, Possible)",C,Possible Injury (C),2,State,7.52,10,CT-10,10-N,,Connolly Pkwy,2,TenthsofMile,N,1,Clear,1,Daylight,1,Dry,22000,"Trafficway, On Road",1/21/20 13:11
4651,643016,1,41.4207,-72.90366,3161433,1/21/20,14:12:00,O,Property Damage Only,O,No Apparent Injury (O),2,State,0.05,453,MOUNT CARMEL AV,453-E,,Whitney Av,220,Feet,E,1,Clear,1,Daylight,1,Dry,,"Trafficway, On Road",1/21/20 14:12
4922,643585,1,41.381502,-72.902541,3162002,1/21/20,16:33:00,O,Property Damage Only,O,No Apparent Injury (O),2,State,3.49,707,WHITNEY AV,707-N,,Worth Ave,266,Feet,N,1,Clear,1,Daylight,1,Dry,16900,"Trafficway, On Road",1/21/20 16:33
8197,643017,1,41.3487,-72.9016,3161434,1/21/20,17:34:00,O,Property Damage Only,O,No Apparent Injury (O),1,Local,0.95,452,RIDGE RD,RIDGE RD,,Pickwick Rd.,200,Feet,S,1,Clear,4,Dark-Lighted,1,Dry,4800,"Trafficway, On Road",1/21/20 17:34
8234,643028,1,41.438631,-72.909096,3161445,1/22/20,7:22:00,O,Property Damage Only,O,No Apparent Injury (O),2,Local,0.03,665,RIVER RD,RIVER RD NO 2,,WHITNEY AVE,150,Feet,E,1,Clear,1,Daylight,1,Dry,,"Trafficway, On Road",1/22/20 7:22
8998,643029,1,41.336919,-72.939949,3161446,1/22/20,7:25:00,O,Property Damage Only,O,No Apparent Injury (O),2,Local,0.29,552,WARNER ST,WARNER ST,,Arch St.,1,TenthsofMile,S,1,Clear,1,Daylight,1,Dry,,"Trafficway, On Road",1/22/20 7:25
1657,643030,1,41.373606,-72.916425,3161447,1/22/20,9:30:00,O,Property Damage Only,O,No Apparent Injury (O),2,State,7.82,10,CT-10,10-N,,SKIFF STREET,300,Feet,S,1,Clear,1,Daylight,1,Dry,22000,"Trafficway, On Road",1/22/20 9:30
5666,643586,1,41.38081,-72.92772,3162003,1/22/20,11:29:00,O,Property Damage Only,O,No Apparent Injury (O),2,Local,0.03,615,ADLA DR,ADLA DR,,Howard Ave.,20,Feet,N,1,Clear,1,Daylight,1,Dry,200,"Trafficway, On Road",1/22/20 11:29
6926,643031,1,41.334809,-72.924851,3161448,1/22/20,15:12:00,O,Property Damage Only,O,No Apparent Injury (O),2,Local,0.26,222,GOODRICH ST,GOODRICH ST,WINCHESTER AV,,,,,1,Clear,1,Daylight,1,Dry,3100,"Trafficway, On Road",1/22/20 15:12
651,643050,1,41.414892,-72.902438,3161467,1/22/20,17:03:00,O,Property Damage Only,O,No Apparent Injury (O),2,State,11.24,10,CT-10,10-N,,SHERMAN AVE.,200,Feet,N,1,Clear,4,Dark-Lighted,1,Dry,25800,"Trafficway, On Road",1/22/20 17:03
8241,643587,1,41.344241,-72.944666,3162004,1/22/20,18:23:00,O,Property Damage Only,O,No Apparent Injury (O),2,Local,0.04,459,ROCKVIEW RD,ROCKVIEW RD,,Thayer St.,75,Feet,N,1,Clear,4,Dark-Lighted,1,Dry,,"Trafficway, On Road",1/22/20 18:23
8828,643052,1,41.40203,-72.895565,3161469,1/22/20,19:08:00,O,Property Damage Only,O,No Apparent Injury (O),2,Local,0.34,498,SOUTH NEW RD,SOUTH NEW RD,,IVES ST,1,TenthsofMile,S,1,Clear,4,Dark-Lighted,1,Dry,,"Trafficway, On Road",1/22/20 19:08
7927,643053,1,41.349847,-72.944202,3161470,1/22/20,19:31:00,O,Property Damage Only,O,No Apparent Injury (O),1,Local,0.26,429,PINE ROCK AV,PINE ROCK AV NO 1,,Helen Street,10,Feet,N,1,Clear,4,Dark-Lighted,1,Dry,5500,Unknown,1/22/20 19:31
6532,643054,1,41.382471,-72.913706,3161471,1/22/20,21:56:00,O,Property Damage Only,O,No Apparent Injury (O),2,Local,0.1,147,DORRANCE ST,DORRANCE ST,,SANFORD ST,1,TenthsofMile,N,1,Clear,4,Dark-Lighted,1,Dry,,"Trafficway, On Road",1/22/20 21:56
4671,643588,1,41.328629,-72.89796,3162005,1/22/20,22:23:00,A,"Injury of any type (Serious, Minor, Possible)",C,Possible Injury (C),2,USRoute,1.05,5,US-5,5-N,,Park Rd,500,Feet,S,1,Clear,4,Dark-Lighted,1,Dry,17300,"Trafficway, On Road",1/22/20 22:23
7344,643649,1,41.377644,-72.954953,3162066,1/23/20,6:48:00,O,Property Damage Only,O,No Apparent Injury (O),1,Local,0.79,340,MAIN ST,MAIN ST,,Mountain Rd.,1,TenthsofMile,S,2,Cloudy,1,Daylight,1,Dry,,"Trafficway, On Road",1/23/20 6:48
6927,643650,1,41.335391,-72.930278,3162067,1/23/20,8:04:00,A,"Injury of any type (Serious, Minor, Possible)",B,Suspected Minor Injury (B),2,Local,0.54,222,GOODRICH ST,GOODRICH ST,SHELTON AV,,,,,1,Clear,1,Daylight,1,Dry,3100,"Trafficway, On Road",1/23/20 8:04
8269,647127,1,41.381235,-72.912925,3165543,1/23/20,8:22:00,O,Property Damage Only,O,No Apparent Injury (O),2,Local,0.02,477,SANFORD ST,SANFORD ST,,DIXWELL AVENUE,90,Feet,W,1,Clear,1,Daylight,1,Dry,5200,"Trafficway, On Road",1/23/20 8:22
5216,643651,1,41.371798,-72.906129,3162068,1/23/20,8:45:00,O,Property Damage Only,O,No Apparent Injury (O),2,State,2.79,707,WHITNEY AV,707-N,,SKIFF ST,230,Feet,N,1,Clear,1,Daylight,1,Dry,12500,"Trafficway, On Road",1/23/20 8:45
6062,643652,1,41.352233,-72.89857,3162069,1/23/20,15:03:00,O,Property Damage Only,O,No Apparent Injury (O),2,Local,0.04,84,CARROLL RD,CARROLL RD,,SMITH ST,200,Feet,S,1,Clear,1,Daylight,1,Dry,,"Trafficway, On Road",1/23/20 15:03
6678,643653,1,41.338929,-72.941025,3162070,1/23/20,16:32:00,O,Property Damage Only,O,No Apparent Injury (O),1,Local,0.04,176,FAIRVIEW AV,FAIRVIEW AV,,Arch St,207,Feet,N,1,Clear,4,Dark-Lighted,1,Dry,3800,"Trafficway, On Road",1/23/20 16:32
6763,644096,1,41.39676,-72.910244,3162513,1/23/20,23:16:00,O,Property Damage Only,O,No Apparent Injury (O),2,Local,0.76,196,FOREST ST,FOREST ST,KNOB HILL DR,,,,N,1,Clear,4,Dark-Lighted,1,Dry,650,"Trafficway, On Road",1/23/20 23:16
8342,663611,1,41.335082,-72.930332,3182022,1/24/20,2:02:00,A,"Injury of any type (Serious, Minor, Possible)",C,Possible Injury (C),2,Local,0.17,488,SHELTON AV,SHELTON AV,,Goodrich,100,Feet,S,1,Clear,4,Dark-Lighted,1,Dry,2400,"Trafficway, On Road",1/24/20 2:02
8992,645167,1,41.365437,-72.911168,3163584,1/24/20,6:23:00,O,Property Damage Only,O,No Apparent Injury (O),2,Local,0.17,549,WAKEFIELD ST,WAKEFIELD ST,,Wakefield Street,50,Feet,S,1,Clear,4,Dark-Lighted,1,Dry,,"Trafficway, On Road",1/24/20 6:23
8305,727411,1,41.384547,-72.90189,3245812,1/24/20,12:26:00,O,Property Damage Only,O,No Apparent Injury (O),2,Local,0.26,480,SCHOOL ST,SCHOOL ST,,Whitney Ave.,100,Feet,N,1,Clear,1,Daylight,1,Dry,,"Trafficway, On Road",1/24/20 12:26
1658,647128,1,41.372891,-72.916869,3165544,1/24/20,14:41:00,O,Property Damage Only,O,No Apparent Injury (O),2,State,7.77,10,CT-10,10-N,,Skiff St,615,Feet,S,1,Clear,1,Daylight,1,Dry,22000,"Trafficway, On Road",1/24/20 14:41
1659,647232,1,41.370279,-72.918712,3165646,1/24/20,14:55:00,O,Property Damage Only,O,No Apparent Injury (O),2,State,7.56,10,CT-10,10-N,,SKIFF ST.,2,TenthsofMile,S,1,Clear,1,Daylight,1,Dry,22000,"Trafficway, On Road",1/24/20 14:55
6112,643803,1,41.347609,-72.934499,3162220,1/24/20,16:24:00,O,Property Damage Only,O,No Apparent Injury (O),2,Local,1.29,99,CIRCULAR AV,CIRCULAR AV,,GORHAM AVE,15,Feet,S,1,Clear,1,Daylight,1,Dry,7700,"Trafficway, On Road",1/24/20 16:24
9179,643804,1,41.4145,-72.9029,3162221,1/24/20,18:20:00,O,Property Damage Only,O,No Apparent Injury (O),2,,,,WHITNEY AV,WHITNEY AVE,,SHERMAN AVE.,1,TenthsofMile,N,1,Clear,4,Dark-Lighted,1,Dry,,"Trafficway, On Road",1/24/20 18:20
6003,647233,1,41.356211,-72.943405,3165647,1/25/20,1:50:00,O,Property Damage Only,O,No Apparent Injury (O),1,Local,0.07,63,BROOK ST,BROOK ST,,wintergreen ave ,500,Feet,N,1,Clear,4,Dark-Lighted,1,Dry,5200,"Trafficway, On Road",1/25/20 1:50
323,647234,1,41.359184,-72.925695,3165648,1/25/20,4:57:00,O,Property Damage Only,O,No Apparent Injury (O),1,State,6.72,10,CT-10,10-N,,Mather St,50,Feet,N,1,Clear,4,Dark-Lighted,1,Dry,31800,"Trafficway, On Road",1/25/20 4:57
5504,647235,1,41.383139,-72.899029,3165649,1/25/20,8:25:00,A,"Injury of any type (Serious, Minor, Possible)",C,Possible Injury (C),2,State,0.14,717,DIXWELL AV,717-E,WASHINGTON AV,,,,,2,Cloudy,1,Daylight,2,Wet,15600,"Trafficway, On Road",1/25/20 8:25
3467,648813,1,41.365338,-72.922299,3167226,1/25/20,15:46:00,O,Property Damage Only,O,No Apparent Injury (O),2,State,0.17,15,15-N,15-N-220,,,,,,4,Rain,1,Daylight,2,Wet,9300,"Trafficway, On Road",1/25/20 15:46
1471,643654,1,41.352055,-72.930859,3162071,1/25/20,16:01:00,O,Property Damage Only,O,No Apparent Injury (O),2,State,5.97,10,CT-10,10-N,OREGON AV,,,,,4,Rain,3,Dusk,2,Wet,22600,"Trafficway, On Road",1/25/20 16:01
8660,643806,1,41.37431,-72.915202,3162223,1/25/20,17:14:00,O,Property Damage Only,O,No Apparent Injury (O),2,Local,0.5,494,SKIFF ST,SKIFF ST,,Dixwell Avenue,200,Feet,E,4,Rain,4,Dark-Lighted,2,Wet,24400,"Trafficway, On Road",1/25/20 17:14
7839,647317,1,41.331279,-72.901441,3165731,1/25/20,20:22:00,A,"Injury of any type (Serious, Minor, Possible)",B,Suspected Minor Injury (B),3,Local,0.21,414,PARK RD,PARK RD,,Hyde Street,1,TenthsofMile,S,1,Clear,4,Dark-Lighted,2,Wet,1500,"Trafficway, On Road",1/25/20 20:22
6533,643769,1,41.385948,-72.913977,3162186,1/26/20,2:53:00,O,Property Damage Only,O,No Apparent Injury (O),2,Local,0.35,147,DORRANCE ST,DORRANCE ST,,Dorrance PL,450,Feet,S,1,Clear,4,Dark-Lighted,2,Wet,,"Trafficway, On Road",1/26/20 2:53
1472,647236,1,41.353888,-72.92976,3165650,1/26/20,11:08:00,O,Property Damage Only,O,No Apparent Injury (O),2,State,6.3,10,CT-10,10-N,,Treadwell Street,30,Feet,S,1,Clear,1,Daylight,1,Dry,22600,"Trafficway, On Road",1/26/20 11:08
324,647237,1,41.362661,-72.9238,3165651,1/26/20,11:35:00,O,Property Damage Only,O,No Apparent Injury (O),2,State,6.98,10,CT-10,10-N,,,,,,1,Clear,1,Daylight,1,Dry,31800,"Trafficway, On Road",1/26/20 11:35
3513,648814,1,41.3806,-72.900765,3167227,1/26/20,13:21:00,O,Property Damage Only,O,No Apparent Injury (O),2,State,0.22,15,15-N,15-N-125,15-N,,,,,1,Clear,1,Daylight,1,Dry,2300,"Trafficway, On Road",1/26/20 13:21
7153,647238,1,41.348932,-72.941548,3165652,1/26/20,18:25:00,O,Property Damage Only,O,No Apparent Injury (O),2,Local,0.42,251,HELEN ST,HELEN ST,GLENBROOK AV,,,,,1,Clear,4,Dark-Lighted,1,Dry,2600,"Trafficway, On Road",1/26/20 18:25
1473,647319,1,41.352472,-72.930666,3165733,1/27/20,13:37:00,O,Property Damage Only,O,No Apparent Injury (O),2,State,6.19,10,CT-10,10-N,,CHURCH ST,130,Feet,S,1,Clear,1,Daylight,1,Dry,22600,"Trafficway, On Road",1/27/20 13:37
8661,647320,1,41.371487,-72.907328,3165734,1/27/20,14:40:00,O,Property Damage Only,O,No Apparent Injury (O),2,Local,0.06,494,SKIFF ST,SKIFF ST,,Whitney Ave.,300,Feet,W,1,Clear,1,Daylight,1,Dry,24400,"Trafficway, On Road",1/27/20 14:40
4644,643770,1,41.420436,-72.899998,3162187,1/27/20,16:34:00,O,Property Damage Only,O,No Apparent Injury (O),2,State,0.24,453,MOUNT CARMEL AV,453-E,NEW RD,,,,,1,Clear,1,Daylight,1,Dry,8700,"Trafficway, On Road",1/27/20 16:34
6439,643655,1,41.337081,-72.935248,3162072,1/28/20,13:11:00,O,Property Damage Only,O,No Apparent Injury (O),2,Local,0.12,142,DIXWELL AV,DIXWELL AV NO 1,DUDLEY ST,,,,,1,Clear,1,Daylight,1,Dry,14600,"Trafficway, On Road",1/28/20 13:11
852,647321,1,41.41397214,-72.90229681,3165735,1/28/20,19:54:00,O,Property Damage Only,O,No Apparent Injury (O),2,State,11.18,10,CT-10,10-N,,Sherman Ave.,150,Feet,S,1,Clear,4,Dark-Lighted,1,Dry,25300,"Trafficway, On Road",1/28/20 19:54
6440,647322,1,41.33599505,-72.9356731,3165736,1/28/20,20:45:00,O,Property Damage Only,O,No Apparent Injury (O),2,Local,0.04,142,DIXWELL AV,DIXWELL AV NO 1,,Goodrich St,200,Feet,N,1,Clear,4,Dark-Lighted,1,Dry,14600,"Trafficway, On Road",1/28/20 20:45
7670,647323,1,41.407132,-72.895722,3165737,1/28/20,21:24:00,O,Property Damage Only,O,No Apparent Injury (O),2,Local,0.25,382,NEW RD,NEW RD,,Lucien Dr.,250,Feet,N,1,Clear,4,Dark-Lighted,1,Dry,,"Trafficway, On Road",1/28/20 21:24
2225,647324,1,41.391909,-72.897726,3165738,1/29/20,9:34:00,O,Property Damage Only,O,No Apparent Injury (O),2,State,9.43,10,CT-10,10-N,ELM ST,,,,,1,Clear,1,Daylight,1,Dry,16900,"Trafficway, On Road",1/29/20 9:34
9224,647325,1,41.350643,-72.965733,3165739,1/29/20,16:38:00,O,Property Damage Only,O,No Apparent Injury (O),1,Local,1.8,594,WINTERGREEN AV,WINTERGREEN AV,,Woodin St,1,TenthsofMile,S,1,Clear,1,Daylight,1,Dry,1100,"Trafficway, On Road",1/29/20 16:38
5710,647326,1,41.336586,-72.911722,3165740,1/29/20,20:18:00,O,Property Damage Only,O,No Apparent Injury (O),2,Local,0.01,17,ARMORY ST,ARMORY ST,,WHITNEY AVE,50,Feet,W,1,Clear,4,Dark-Lighted,1,Dry,3100,"Trafficway, On Road",1/29/20 20:18
1988,647327,1,41.401894,-72.897743,3165741,1/29/20,21:03:00,O,Property Damage Only,O,No Apparent Injury (O),1,State,10.31,10,CT-10,10-N,,40-N,150,Feet,N,1,Clear,4,Dark-Lighted,1,Dry,18400,"Trafficway, On Road",1/29/20 21:03
9029,647328,1,41.389967,-72.897743,3165742,1/29/20,23:15:00,O,Property Damage Only,O,No Apparent Injury (O),2,Local,0.47,554,WASHINGTON AV,WASHINGTON AV,,WHITNEY AVE.,764,Feet,S,1,Clear,5,Dark-Not Lighted,1,Dry,2700,"Trafficway, On Road",1/29/20 23:15
853,647329,1,41.406375,-72.899329,3165743,1/30/20,8:49:00,O,Property Damage Only,O,No Apparent Injury (O),2,State,10.46,10,CT-10,10-N,HOME PL,,,,,1,Clear,1,Daylight,1,Dry,25300,"Trafficway, On Road",1/30/20 8:49
3263,669364,1,41.379133,-72.903294,3187774,1/30/20,9:34:00,O,Property Damage Only,O,No Apparent Injury (O),2,State,51.61,15,15-N,15-N,,Exit 61,1,TenthsofMile,S,1,Clear,1,Daylight,1,Dry,68600,"Trafficway, On Road",1/30/20 9:34
5815,663612,1,41.36541,-72.934217,3182023,1/30/20,14:57:00,A,"Injury of any type (Serious, Minor, Possible)",B,Suspected Minor Injury (B),2,Local,0.57,42,BENHAM ST,BENHAM ST,CHERRY HILL RD,,,,,1,Clear,1,Daylight,1,Dry,12800,"Trafficway, On Road",1/30/20 14:57
6081,647330,1,41.361499,-72.936778,3165744,1/30/20,16:01:00,O,Property Damage Only,O,No Apparent Injury (O),2,Local,0.02,93,CHERRY HILL RD,CHERRY HILL RD,,CIRCULAR AVE.,35,Feet,E,1,Clear,1,Daylight,1,Dry,,"Trafficway, On Road",1/30/20 16:01
4384,644292,1,41.379357,-72.903542,3162709,1/30/20,22:13:00,A,"Injury of any type (Serious, Minor, Possible)",B,Suspected Minor Injury (B),2,State,0.17,15,15-S,15-S-123,,Whitney,18,Feet,W,1,Clear,5,Dark-Not Lighted,1,Dry,9300,"Trafficway, On Road",1/30/20 22:13