,CrashId,Fatal Case Status,lat,lon,DOT Case Number,Date Of Crash,Time of Crash,Crash Severity,Crash Severity Text Format,Most Severe Injury,Most Severe Injury Text Format,Number Of Motor Vehicles,Route Class Text Format,Milemarker,Road Number,Road Description,Roadway Name,Intersecting Roadway Name,Landmark Description,Distance From Nearest Landmark,Unit Of Measure From Nearest Landmark,Direction From Nearest Landmark,Weather Condition,Weather Condition Text Format,Light Condition,Light Condition Text Format,Road Surface Condition,Road Surface Condition Text Format,Average Daily Traffic,Trafficway Class Text Format,full_date
7574,647331,1,41.337939,-72.933596,3165745,1/31/20,0:20:00,O,Property Damage Only,O,No Apparent Injury (O),1,Local,0.08,370,MORSE ST,MORSE ST,COLUMBUS ST,,,,,1,Clear,5,Dark-Not Lighted,1,Dry,3100,"Trafficway, On Road",1/31/20 0:20
4007,666103,1,41.378536,-72.904537,3184513,1/31/20,7:37:00,O,Property Damage Only,O,No Apparent Injury (O),2,State,51.53,15,15-S,15-S,,Exit 61,5,Feet,S,1,Clear,1,Daylight,1,Dry,66900,"Trafficway, On Road",1/31/20 7:37
5814,647332,1,41.36541,-72.934217,3165746,1/31/20,7:40:00,A,"Injury of any type (Serious, Minor, Possible)",C,Possible Injury (C),2,Local,0.57,42,BENHAM ST,BENHAM ST,,CHERRY HILL STREET,400,Feet,W,1,Clear,1,Daylight,1,Dry,12800,"Trafficway, On Road",1/31/20 7:40
9135,647333,1,41.42068,-72.93021,3165747,1/31/20,8:50:00,O,Property Damage Only,O,No Apparent Injury (O),2,Local,1.4,655,WEST WOODS RD,WEST WOODS RD NO 2,,Choate Av,10,Feet,W,1,Clear,1,Daylight,1,Dry,1700,"Trafficway, On Road",1/31/20 8:50
3759,669367,1,41.377925,-72.905555,3187777,1/31/20,11:31:00,O,Property Damage Only,O,No Apparent Injury (O),2,State,51.44,15,15-S,15-S,,Exit 61,5,Feet,S,1,Clear,1,Daylight,1,Dry,72100,"Trafficway, On Road",1/31/20 11:31
1029,647334,1,41.34489,-72.93423,3165748,1/31/20,12:01:00,O,Property Damage Only,O,No Apparent Injury (O),2,State,5.63,10,CT-10,10-N,,Putnam Av,200,Feet,S,1,Clear,1,Daylight,1,Dry,24700,"Trafficway, On Road",1/31/20 12:01
8784,647335,1,41.376453,-72.920222,3165749,1/31/20,15:37:00,O,Property Damage Only,O,No Apparent Injury (O),2,Local,0.26,495,SKIFF ST EXT,SKIFF ST EXT,,Mix Av,100,Feet,E,1,Clear,1,Daylight,1,Dry,9000,"Trafficway, On Road",1/31/20 15:37
5991,647336,1,41.349825,-72.938275,3165750,1/31/20,22:17:00,O,Property Damage Only,O,No Apparent Injury (O),2,Local,0.22,54,BRADLEY AV,BRADLEY AV,,Dallas Street,100,Feet,E,4,Rain,5,Dark-Not Lighted,2,Wet,,"Trafficway, On Road",1/31/20 22:17
7305,647887,1,41.349755,-72.921357,3166300,2/1/20,13:56:00,A,"Injury of any type (Serious, Minor, Possible)",C,Possible Injury (C),2,Local,0.67,317,LEEDER HILL DR,LEEDER HILL DR,,200 Leeder Hill Drive,100,Feet,S,2,Cloudy,1,Daylight,1,Dry,3200,"Trafficway, On Road",2/1/20 13:56
8905,647845,1,41.390579,-72.914642,3166259,2/1/20,20:29:00,O,Property Damage Only,O,No Apparent Injury (O),2,,,,TOWN WALK DR,TOWN WALK DR,,,,,,6,Freezing Rain or Freezing Drizzle,4,Dark-Lighted,2,Wet,,"Trafficway, On Road",2/1/20 20:29
4711,647846,1,41.32971,-72.898666,3166260,2/2/20,17:39:00,O,Property Damage Only,O,No Apparent Injury (O),2,USRoute,1.13,5,US-5,5-N,PARK RD,,,,,1,Clear,3,Dusk,1,Dry,14300,"Trafficway, On Road",2/2/20 17:39
6442,647894,1,41.337854,-72.9351,3166307,2/2/20,18:56:00,O,Property Damage Only,O,No Apparent Injury (O),2,Local,0.17,142,DIXWELL AV,DIXWELL AV NO 1,,Arch St,20,Feet,S,1,Clear,4,Dark-Lighted,1,Dry,14600,"Trafficway, On Road",2/2/20 18:56
3071,648821,1,41.360636,-72.935525,3167234,2/2/20,20:51:00,O,Property Damage Only,O,No Apparent Injury (O),2,State,49.39,15,15-N,15-N,,Exit 60,6,TenthsofMile,S,1,Clear,5,Dark-Not Lighted,2,Wet,79200,"Trafficway, On Road",2/2/20 20:51
3072,648822,1,41.359876,-72.937302,3167235,2/2/20,21:35:00,O,Property Damage Only,O,No Apparent Injury (O),3,State,49.28,15,15-N,15-N,,Exit 60,7,TenthsofMile,S,1,Clear,5,Dark-Not Lighted,2,Wet,79200,"Trafficway, On Road",2/2/20 21:35
3515,672021,1,41.3805775,-72.90076912,3190431,2/3/20,8:13:00,O,Property Damage Only,O,No Apparent Injury (O),2,State,0.22,15,15-N,15-N-125,,Exit 61,5,Feet,N,1,Clear,1,Daylight,1,Dry,2300,"Trafficway, On Road",2/3/20 8:13
8953,647895,1,41.36351,-72.92222,3166308,2/3/20,12:00:00,O,Property Damage Only,O,No Apparent Injury (O),2,Local,0,538,VICTOR ST,VICTOR ST,WHEELER ST,,,,,1,Clear,1,Daylight,1,Dry,,"Trafficway, On Road",2/3/20 12:00
3456,645496,1,41.37882535,-72.90309956,3163913,2/3/20,15:34:00,A,"Injury of any type (Serious, Minor, Possible)",C,Possible Injury (C),5,State,0.19,15,15-N,15-N-124,,Exit 61,1,TenthsofMile,S,1,Clear,1,Daylight,1,Dry,9300,"Trafficway, On Road",2/3/20 15:34
3466,645340,1,41.36552,-72.92323,3163757,2/3/20,15:46:00,O,Property Damage Only,O,No Apparent Injury (O),2,State,0.13,15,15-N,15-N-220,,Exit 60,1,TenthsofMile,S,1,Clear,1,Daylight,1,Dry,9300,"Trafficway, On Road",2/3/20 15:46
3069,645341,1,41.347526,-72.96723,3163758,2/3/20,16:06:00,O,Property Damage Only,O,No Apparent Injury (O),2,State,47.47,15,15-N,15-N,,Exit 59,9,TenthsofMile,N,1,Clear,1,Daylight,1,Dry,79200,"Trafficway, On Road",2/3/20 16:06
1474,647896,1,41.355156,-72.928756,3166309,2/3/20,16:24:00,O,Property Damage Only,O,No Apparent Injury (O),2,State,6.22,10,CT-10,10-N,PERSHING ST,,,,,1,Clear,1,Daylight,1,Dry,22600,"Trafficway, On Road",2/3/20 16:24
3070,645498,1,41.364793,-72.927696,3163915,2/3/20,17:42:00,O,Property Damage Only,O,No Apparent Injury (O),2,State,49.89,15,15-N,15-N,,Exit 60,1,TenthsofMile,S,1,Clear,5,Dark-Not Lighted,1,Dry,79200,"Trafficway, On Road",2/3/20 17:42
5265,647897,1,41.353136,-72.913112,3166310,2/4/20,7:28:00,O,Property Damage Only,O,No Apparent Injury (O),1,State,1.43,707,WHITNEY AV,707-N,SERVOSS ST,,,,,2,Cloudy,1,Daylight,1,Dry,11800,"Trafficway, On Road",2/4/20 7:28
1785,647898,1,41.33895,-72.935139,3166311,2/4/20,13:40:00,O,Property Damage Only,O,No Apparent Injury (O),2,State,5.23,10,CT-10,10-N,,ARCH ST,250,Feet,N,1,Clear,1,Daylight,1,Dry,21100,"Trafficway, On Road",2/4/20 13:40
6994,647900,1,41.3499,-72.9401,3166313,2/4/20,17:22:00,O,Property Damage Only,O,No Apparent Injury (O),2,Local,0.19,226,GORHAM AV,GORHAM AV,,Langer Street,50,Feet,W,1,Clear,3,Dusk,1,Dry,1600,"Trafficway, On Road",2/4/20 17:22
5943,647901,1,41.4502,-72.9099,3166314,2/4/20,18:57:00,O,Property Damage Only,O,No Apparent Injury (O),2,Local,0.02,680,BITTERSWEET LA,BITTERSWEET LA,,Whitney Ave,50,Feet,W,1,Clear,4,Dark-Lighted,1,Dry,,"Trafficway, On Road",2/4/20 18:57
854,647902,1,41.4068,-72.8998,3166315,2/4/20,22:44:00,A,"Injury of any type (Serious, Minor, Possible)",C,Possible Injury (C),2,State,10.68,10,CT-10,10-N,,Home Pl,200,Feet,N,4,Rain,4,Dark-Lighted,2,Wet,25300,"Trafficway, On Road",2/4/20 22:44
6441,647569,1,41.335956,-72.935213,3165983,2/5/20,16:27:00,O,Property Damage Only,O,No Apparent Injury (O),2,Local,0.03,142,DIXWELL AV,DIXWELL AV NO 1,,Goodrich St,50,Feet,N,2,Cloudy,1,Daylight,1,Dry,14600,"Trafficway, On Road",2/5/20 16:27
9160,647860,1,41.383085,-72.912498,3166273,2/5/20,18:20:00,O,Property Damage Only,O,No Apparent Injury (O),2,Local,0.1,569,WESTMINISTER ST,WESTMINISTER ST,,Dixwell Ave,1,TenthsofMile,N,1,Clear,99,Unknown,1,Dry,,"Trafficway, On Road",2/5/20 18:20
5264,647861,1,41.354189,-72.913083,3166274,2/5/20,19:06:00,O,Property Damage Only,O,No Apparent Injury (O),1,State,1.5,707,WHITNEY AV,707-N,,NORTH LAKE DR,100,Feet,N,1,Clear,4,Dark-Lighted,1,Dry,11800,"Trafficway, On Road",2/5/20 19:06
1475,663613,1,41.351116,-72.931367,3182024,2/6/20,6:00:00,A,"Injury of any type (Serious, Minor, Possible)",B,Suspected Minor Injury (B),2,State,6.1,10,CT-10,10-N,,Beacon St,60,Feet,S,4,Rain,4,Dark-Lighted,2,Wet,22600,"Trafficway, On Road",2/6/20 6:00
4006,656985,1,41.378045,-72.905308,3175397,2/6/20,7:35:00,O,Property Damage Only,O,No Apparent Injury (O),2,State,51.46,15,15-S,15-S,,Exit 60,10,TenthsofMile,N,4,Rain,1,Daylight,2,Wet,66900,"Trafficway, On Road",2/6/20 7:35
1564,647942,1,41.34684,-72.93371,3166355,2/6/20,10:26:00,O,Property Damage Only,O,No Apparent Injury (O),2,State,5.78,10,CT-10,10-N,,CIRCULAR AVE.,30,Feet,N,2,Cloudy,1,Daylight,1,Dry,22400,"Trafficway, On Road",2/6/20 10:26
1912,647862,1,41.421211,-72.904781,3166275,2/6/20,11:22:00,O,Property Damage Only,O,No Apparent Injury (O),2,State,11.7,10,CT-10,10-N,,WEST WOODS RD,75,Feet,N,1,Clear,1,Daylight,2,Wet,19100,"Trafficway, On Road",2/6/20 11:22
855,663614,1,41.413842,-72.902048,3182025,2/6/20,14:04:00,O,Property Damage Only,O,No Apparent Injury (O),2,State,10.99,10,CT-10,10-N,SHERMAN AV NO 2,,,,,2,Cloudy,1,Daylight,2,Wet,25300,"Trafficway, On Road",2/6/20 14:04
8454,647863,1,41.38478,-72.921376,3166276,2/6/20,16:26:00,O,Property Damage Only,O,No Apparent Injury (O),2,Local,0.67,489,SHEPARD AV,SHEPARD AV,FOUR ROD RD,,,,,4,Rain,1,Daylight,2,Wet,1400,"Trafficway, On Road",2/6/20 16:26
3458,672024,1,41.38011769,-72.90080128,3190434,2/7/20,11:14:00,O,Property Damage Only,O,No Apparent Injury (O),2,State,0.05,15,15-N,15-N-124,EXIT 61,,,,,1,Clear,1,Daylight,1,Dry,9300,"Trafficway, On Road",2/7/20 11:14
3758,663271,1,41.369608,-72.914818,3181682,2/7/20,11:33:00,A,"Injury of any type (Serious, Minor, Possible)",B,Suspected Minor Injury (B),1,State,50.7,15,15-S,15-S,,Exit 60,5,TenthsofMile,S,1,Clear,1,Daylight,2,Wet,72100,"Trafficway, On Road",2/7/20 11:33
87,647943,1,41.363231,-72.923357,3166356,2/7/20,11:57:00,O,Property Damage Only,O,No Apparent Injury (O),2,State,7.02,10,CT-10,10-N,,BENHAM ST,200,Feet,N,6,Freezing Rain or Freezing Drizzle,1,Daylight,2,Wet,38300,"Trafficway, On Road",2/7/20 11:57
6928,663615,1,41.335654,-72.933776,3182026,2/7/20,13:12:00,O,Property Damage Only,O,No Apparent Injury (O),2,Local,0.73,222,GOODRICH ST,GOODRICH ST,GEM ST,,,,,2,Cloudy,1,Daylight,1,Dry,3100,"Trafficway, On Road",2/7/20 13:12
2226,663616,1,41.385926,-72.900984,3182027,2/7/20,13:18:00,O,Property Damage Only,O,No Apparent Injury (O),2,State,9.17,10,CT-10,10-N,,School St.,1,TenthsofMile,N,1,Clear,1,Daylight,2,Wet,16900,"Trafficway, On Road",2/7/20 13:18
1786,663617,1,41.339036,-72.93516,3182028,2/7/20,17:20:00,A,"Injury of any type (Serious, Minor, Possible)",C,Possible Injury (C),2,State,5.23,10,CT-10,10-N,,PINE STREET,200,Feet,S,1,Clear,4,Dark-Lighted,1,Dry,21100,"Trafficway, On Road",2/7/20 17:20
1787,663618,1,41.346275,-72.93386,3182029,2/7/20,17:59:00,O,Property Damage Only,O,No Apparent Injury (O),2,State,5.56,10,CT-10,10-N,CIRCULAR AV,,,,,1,Clear,4,Dark-Lighted,1,Dry,21100,"Trafficway, On Road",2/7/20 17:59
5022,663619,1,41.339357,-72.912767,3182030,2/8/20,2:32:00,A,"Injury of any type (Serious, Minor, Possible)",C,Possible Injury (C),2,State,0.47,707,WHITNEY AV,707-N,,,,,,4,Rain,5,Dark-Not Lighted,2,Wet,14300,"Trafficway, On Road",2/8/20 2:32
8455,663620,1,41.39344,-72.923077,3182031,2/8/20,10:22:00,O,Property Damage Only,O,No Apparent Injury (O),2,Local,1.27,489,SHEPARD AV,SHEPARD AV,Bear Path Road,,,,,1,Clear,1,Daylight,1,Dry,1400,"Trafficway, On Road",2/8/20 10:22
8456,663621,1,41.423614,-72.91894,3182032,2/8/20,17:27:00,O,Property Damage Only,O,No Apparent Injury (O),1,Local,3.42,489,SHEPARD AV,SHEPARD AV,,TODD ST,3,TenthsofMile,S,1,Clear,4,Dark-Lighted,1,Dry,1400,"Trafficway, On Road",2/8/20 17:27
4887,663622,1,41.346809,-72.912768,3182033,2/8/20,18:27:00,O,Property Damage Only,O,No Apparent Injury (O),2,State,1,707,WHITNEY AV,707-N,,RALSTON STREET ,20,Feet,N,1,Clear,4,Dark-Lighted,1,Dry,17000,"Trafficway, On Road",2/8/20 18:27
1486,692256,1,41.354015,-72.929695,3210659,2/9/20,13:11:00,A,"Injury of any type (Serious, Minor, Possible)",C,Possible Injury (C),2,State,6.31,10,CT-10,10-N,,treadwell street,25,Feet,N,1,Clear,1,Daylight,1,Dry,22600,"Trafficway, On Road",2/9/20 13:11
4349,648841,1,41.376715,-72.907342,3167254,2/9/20,20:02:00,O,Property Damage Only,O,No Apparent Injury (O),2,State,0.15,15,15-S,15-S-122,,Exit #61,2,Feet,S,1,Clear,5,Dark-Not Lighted,1,Dry,9300,"Trafficway, On Road",2/9/20 20:02
7963,663624,1,41.33803538,-72.94732376,3182035,2/9/20,21:40:00,O,Property Damage Only,O,No Apparent Injury (O),2,,,,PINE ROCK AV,PINE ROCK AV NO 2,PINE ROCK AV,,,,,1,Clear,4,Dark-Lighted,1,Dry,,"Trafficway, On Road",2/9/20 21:40
7727,663626,1,41.349517,-72.934107,3182037,2/10/20,0:32:00,O,Property Damage Only,O,No Apparent Injury (O),4,Local,0.05,386,NEWTON ST,NEWTON ST,,Dixwell Ave,475,Feet,W,1,Clear,4,Dark-Lighted,1,Dry,,"Trafficway, On Road",2/10/20 0:32
2582,663628,1,41.3382,-72.9404,3182039,2/10/20,14:28:00,O,Property Damage Only,O,No Apparent Injury (O),1,State,4.91,10,CT-10,10-N,,Fitch St.,75,Feet,E,1,Clear,1,Daylight,1,Dry,11100,"Trafficway, On Road",2/10/20 14:28
1989,663629,1,41.382696,-72.908904,3182040,2/10/20,16:19:00,O,Property Damage Only,O,No Apparent Injury (O),2,State,8.62,10,CT-10,10-N,,Evergreen Ave,300,Feet,W,4,Rain,1,Daylight,2,Wet,18400,"Trafficway, On Road",2/10/20 16:19
197,663630,1,41.366631,-72.921104,3182041,2/10/20,16:54:00,A,"Injury of any type (Serious, Minor, Possible)",C,Possible Injury (C),2,State,7.28,10,CT-10,10-N,,Connolly Parkway,1,TenthsofMile,S,4,Rain,4,Dark-Lighted,2,Wet,32700,"Trafficway, On Road",2/10/20 16:54
4350,652157,1,41.378035,-72.905342,3170570,2/10/20,20:04:00,O,Property Damage Only,O,No Apparent Injury (O),2,State,0.19,15,15-S,15-S-122,Rt 15,,,,,2,Cloudy,5,Dark-Not Lighted,2,Wet,9300,"Trafficway, On Road",2/10/20 20:04
1566,663631,1,41.347492,-72.933346,3182042,2/11/20,8:29:00,O,Property Damage Only,O,No Apparent Injury (O),2,State,5.82,10,CT-10,10-N,,Circular Av,425,Feet,N,1,Clear,1,Daylight,1,Dry,22400,"Trafficway, On Road",2/11/20 8:29
6181,663632,1,41.360488,-72.936868,3182043,2/11/20,10:49:00,O,Property Damage Only,O,No Apparent Injury (O),1,Local,0.38,99,CIRCULAR AV,CIRCULAR AV,,CHERRY HILL RD,250,Feet,S,4,Rain,1,Daylight,2,Wet,1900,"Trafficway, Not on Road",2/11/20 10:49
2227,663633,1,41.384999,-72.901377,3182044,2/11/20,16:42:00,O,Property Damage Only,O,No Apparent Injury (O),2,State,9.1,10,CT-10,10-N,,SCHOOL ST,173,Feet,N,4,Rain,1,Daylight,2,Wet,16900,"Trafficway, On Road",2/11/20 16:42
1035,674778,1,41.344674,-72.934462,920026,2/12/20,4:56:00,K,Fatal (Kill),K,Fatal Injury (K),1,State,5.61,10,CT-10,10-N,,WOODIN ST,40,Feet,N,1,Clear,4,Dark-Lighted,1,Dry,24700,"Trafficway, On Road",2/12/20 4:56
8457,663634,1,41.38052,-72.91751,3182045,2/12/20,8:52:00,A,"Injury of any type (Serious, Minor, Possible)",C,Possible Injury (C),2,Local,0.3,489,SHEPARD AV,SHEPARD AV,MIX AV,,,,,1,Clear,1,Daylight,1,Dry,1400,"Trafficway, On Road",2/12/20 8:52
3514,652924,1,41.38064,-72.900761,3171337,2/12/20,14:21:00,A,"Injury of any type (Serious, Minor, Possible)",B,Suspected Minor Injury (B),2,State,0.22,15,15-N,15-N-125,,RT 15 NORTHBOUND,10,Feet,S,1,Clear,1,Daylight,1,Dry,2300,"Trafficway, On Road",2/12/20 14:21
5193,663636,1,41.365685,-72.908272,3182047,2/12/20,14:33:00,O,Property Damage Only,O,No Apparent Injury (O),2,State,2.36,707,WHITNEY AV,707-N,,Thornton street ,100,Feet,S,1,Clear,1,Daylight,1,Dry,13300,"Trafficway, On Road",2/12/20 14:33
6605,663637,1,41.385212,-72.90686,3182048,2/12/20,17:25:00,O,Property Damage Only,O,No Apparent Injury (O),2,Local,0.16,174,EVERGREEN AV,EVERGREEN AV,HAMDEN HILLS DR,,,,,8,Blowing Snow,4,Dark-Lighted,99,Unknown,8500,"Trafficway, On Road",2/12/20 17:25
5505,663638,1,41.382902,-72.899444,3182049,2/12/20,17:48:00,O,Property Damage Only,O,No Apparent Injury (O),1,State,0.13,717,DIXWELL AV,717-E,,WASHINGTON AVE,100,Feet,W,1,Clear,4,Dark-Lighted,1,Dry,15600,"Trafficway, On Road",2/12/20 17:48
8993,663639,1,41.365817,-72.912209,3182050,2/13/20,7:36:00,O,Property Damage Only,O,No Apparent Injury (O),2,Local,0.11,549,WAKEFIELD ST,WAKEFIELD ST,,Bedford Ave,300,Feet,W,2,Cloudy,1,Daylight,2,Wet,,"Trafficway, On Road",2/13/20 7:36
9175,663640,1,41.3704,-72.9079,3182051,2/13/20,14:38:00,O,Property Damage Only,O,No Apparent Injury (O),1,,,,WHITNEY AV,1970 WHITNEY AVENUE,,SKIFF STREET,200,Feet,S,1,Clear,1,Daylight,1,Dry,,"Trafficway, On Road",2/13/20 14:38
9236,663641,1,41.345512,-72.939937,3182052,2/13/20,16:19:00,O,Property Damage Only,O,No Apparent Injury (O),2,Local,1.41,598,WOODIN ST,WOODIN ST,,Beaver Street,100,Feet,W,4,Rain,1,Daylight,2,Wet,6000,"Trafficway, On Road",2/13/20 16:19
7840,663642,1,41.334044,-72.901999,3182053,2/13/20,16:59:00,O,Property Damage Only,O,No Apparent Injury (O),2,Local,0.41,414,PARK RD,PARK RD,,DAVIS ST,2,TenthsofMile,S,1,Clear,1,Daylight,2,Wet,1500,"Trafficway, On Road",2/13/20 16:59
4351,652192,1,41.378194,-72.905303,3170605,2/13/20,17:21:00,A,"Injury of any type (Serious, Minor, Possible)",C,Possible Injury (C),2,State,0.18,15,15-S,15-S-122,,Route 15,62,Feet,N,2,Cloudy,3,Dusk,1,Dry,9300,"Trafficway, On Road",2/13/20 17:21
88,663643,1,41.364447,-72.922688,3182054,2/13/20,20:12:00,O,Property Damage Only,O,No Apparent Injury (O),2,State,7.12,10,CT-10,10-N,,DEWEY ST.,75,Feet,S,1,Clear,4,Dark-Lighted,1,Dry,38300,"Trafficway, On Road",2/13/20 20:12
1788,663645,1,41.34374,-72.93445,3182056,2/14/20,9:33:00,O,Property Damage Only,O,No Apparent Injury (O),2,State,5.39,10,CT-10,10-N,THIRD ST,,,,,1,Clear,1,Daylight,1,Dry,21100,"Trafficway, On Road",2/14/20 9:33
4712,663644,1,41.33428,-72.900663,3182055,2/14/20,9:33:00,O,Property Damage Only,O,No Apparent Injury (O),2,USRoute,1.47,5,US-5,5-N,FARM RD,,,,,1,Clear,1,Daylight,1,Dry,14300,"Trafficway, On Road",2/14/20 9:33
5964,663646,1,41.336547,-72.937915,3182057,2/14/20,11:28:00,O,Property Damage Only,O,No Apparent Injury (O),1,Local,0.07,52,BOWEN ST,BOWEN ST,,WEST EASTON ST,50,Feet,S,1,Clear,1,Daylight,1,Dry,4500,"Trafficway, On Road",2/14/20 11:28
5675,663647,1,41.33749,-72.936434,3182058,2/14/20,11:50:00,O,Property Damage Only,O,No Apparent Injury (O),2,Local,0.13,8,ALSTRUM ST,ALSTRUM ST,,Easton St.,150,Feet,N,1,Clear,1,Daylight,1,Dry,,"Trafficway, On Road",2/14/20 11:50
4359,669498,1,41.378088,-72.905311,3187908,2/14/20,12:32:00,O,Property Damage Only,O,No Apparent Injury (O),2,State,0.18,15,15-S,15-S-122,,Route 15,10,Feet,N,1,Clear,1,Daylight,1,Dry,9300,"Trafficway, On Road",2/14/20 12:32
8458,663648,1,41.418737,-72.922099,3182059,2/14/20,15:44:00,O,Property Damage Only,O,No Apparent Injury (O),2,Local,3.06,489,SHEPARD AV,SHEPARD AV,,West Woods Rd,150,Feet,S,1,Clear,1,Daylight,1,Dry,1400,"Trafficway, On Road",2/14/20 15:44
5782,663649,1,41.36713,-72.9589,3182060,2/14/20,16:24:00,O,Property Damage Only,O,No Apparent Injury (O),1,Local,0.21,719,BENHAM HILL PL,BENHAM HILL PL,,Benham Street,1000,Feet,S,1,Clear,1,Daylight,1,Dry,,"Trafficway, On Road",2/14/20 16:24
2167,663650,1,41.38451,-72.901478,3182061,2/14/20,19:07:00,O,Property Damage Only,O,No Apparent Injury (O),2,State,8.88,10,CT-10,10-N,SCHOOL ST,,,,,1,Clear,4,Dark-Lighted,1,Dry,17000,"Trafficway, On Road",2/14/20 19:07
5816,663651,1,41.362661,-72.9238,3182062,2/14/20,19:17:00,O,Property Damage Only,O,No Apparent Injury (O),2,Local,0,42,BENHAM ST,BENHAM ST,DIXWELL AVE,,,,,1,Clear,4,Dark-Lighted,1,Dry,12800,"Trafficway, On Road",2/14/20 19:17
8577,663652,1,41.414212,-72.902622,3182063,2/14/20,21:15:00,O,Property Damage Only,O,No Apparent Injury (O),2,Local,2.1,491,SHERMAN AV,SHERMAN AV NO 1,,Whitney Avenue,80,Feet,W,1,Clear,4,Dark-Lighted,1,Dry,5700,"Trafficway, On Road",2/14/20 21:15
5694,663653,1,41.338205,-72.941745,3182064,2/15/20,3:53:00,O,Property Damage Only,O,No Apparent Injury (O),1,Local,0.02,14,ARCH ST,ARCH ST,,Fitch St,134,Feet,W,1,Clear,4,Dark-Lighted,1,Dry,2200,"Trafficway, Not on Road",2/15/20 3:53
7367,663654,1,41.35269,-72.921445,3182065,2/15/20,4:30:00,O,Property Damage Only,O,No Apparent Injury (O),2,Local,0.04,351,MARTIN TER,MARTIN TER,,Treadwell St,200,Feet,N,1,Clear,5,Dark-Not Lighted,1,Dry,,"Trafficway, On Road",2/15/20 4:30
8073,663655,1,41.344217,-72.9232,3182066,2/15/20,8:11:00,A,"Injury of any type (Serious, Minor, Possible)",C,Possible Injury (C),3,Local,0.57,439,PUTNAM AV,PUTNAM AV,,Winnett Street,150,Feet,W,1,Clear,1,Daylight,1,Dry,9100,"Trafficway, On Road",2/15/20 8:11
91,664682,1,41.364508,-72.922672,3183092,2/15/20,18:57:00,O,Property Damage Only,O,No Apparent Injury (O),2,State,7.12,10,CT-10,10-N,,Weybosset Street,50,Feet,N,1,Clear,4,Dark-Lighted,1,Dry,38300,"Trafficway, On Road",2/15/20 18:57
6391,663656,1,41.341058,-72.938199,3182067,2/15/20,22:18:00,O,Property Damage Only,O,No Apparent Injury (O),2,Local,0.19,141,DIX ST,DIX ST,WHITING ST,,,,,1,Clear,4,Dark-Lighted,1,Dry,,"Trafficway, On Road",2/15/20 22:18
8785,663657,1,41.376453,-72.920222,3182068,2/16/20,12:52:00,O,Property Damage Only,O,No Apparent Injury (O),2,Local,0.26,495,SKIFF ST EXT,SKIFF ST EXT,MIX AV,,,,,1,Clear,1,Daylight,1,Dry,9000,"Trafficway, On Road",2/16/20 12:52
5023,663658,1,41.346024,-72.912455,3182069,2/16/20,15:25:00,O,Property Damage Only,O,No Apparent Injury (O),2,State,0.94,707,WHITNEY AV,707-N,LAKE RD,,,,,1,Clear,1,Daylight,1,Dry,14300,"Trafficway, On Road",2/16/20 15:25
6745,663660,1,41.34263,-72.94027,3182071,2/16/20,21:35:00,O,Property Damage Only,O,No Apparent Injury (O),2,Local,0.28,190,FIRST ST,FIRST ST,,Fairview Avenue,250,Feet,E,1,Clear,4,Dark-Lighted,1,Dry,,"Trafficway, On Road",2/16/20 21:35
7201,663661,1,41.358126,-72.928436,3182072,2/17/20,5:34:00,O,Property Damage Only,O,No Apparent Injury (O),2,Local,0.1,262,HILLCREST AV,HILLCREST AV,,Lakeview Avenue,20,Feet,E,1,Clear,4,Dark-Lighted,1,Dry,,"Trafficway, On Road",2/17/20 5:34
89,663662,1,41.366113,-72.921603,3182073,2/17/20,8:51:00,O,Property Damage Only,O,No Apparent Injury (O),2,State,7.1,10,CT-10,10-N,MARIETTA ST,,,,,1,Clear,1,Daylight,1,Dry,38300,"Trafficway, On Road",2/17/20 8:51
1660,663663,1,41.374205,-72.915953,3182074,2/17/20,13:32:00,O,Property Damage Only,O,No Apparent Injury (O),2,State,7.87,10,CT-10,10-N,,Skiff St.,50,Feet,S,1,Clear,1,Daylight,1,Dry,22000,"Trafficway, On Road",2/17/20 13:32
4031,658403,1,41.380589,-72.901174,3176815,2/17/20,15:18:00,O,Property Damage Only,O,No Apparent Injury (O),2,State,51.79,15,15-S,15-S,,EXIT 61,1000,Feet,N,1,Clear,1,Daylight,1,Dry,66500,"Trafficway, On Road",2/17/20 15:18
4080,664590,1,41.380387,-72.90149,3183000,2/17/20,15:18:00,O,Property Damage Only,O,No Apparent Injury (O),3,State,51.76,15,15-S,15-S,,EXIT 61,1000,Feet,N,1,Clear,1,Daylight,1,Dry,64300,"Trafficway, On Road",2/17/20 15:18
3757,655957,1,41.377636,-72.906006,3174369,2/17/20,18:22:00,O,Property Damage Only,O,No Apparent Injury (O),2,State,51.41,15,15-S,15-S,,Whitney Ave,200,Feet,S,1,Clear,5,Dark-Not Lighted,1,Dry,72100,"Trafficway, On Road",2/17/20 18:22
1476,663664,1,41.35283,-72.930454,3182075,2/17/20,22:58:00,O,Property Damage Only,O,No Apparent Injury (O),2,State,6.04,10,CT-10,10-N,CHURCH ST,,,,,1,Clear,4,Dark-Lighted,1,Dry,22600,"Trafficway, On Road",2/17/20 22:58
3613,655961,1,41.36008722,-72.93703807,3174373,2/18/20,17:22:00,O,Property Damage Only,O,No Apparent Injury (O),2,State,49.31,15,15-S,15-S,,Exit 59,6,TenthsofMile,N,4,Rain,5,Dark-Not Lighted,2,Wet,79200,"Trafficway, On Road",2/18/20 17:22
8885,663666,1,41.366017,-72.908532,3182077,2/18/20,20:48:00,O,Property Damage Only,O,No Apparent Injury (O),2,Local,0.63,521,THORNTON ST,THORNTON ST,,WHITNEY AVE,60,Feet,W,1,Clear,4,Dark-Lighted,1,Dry,,"Trafficway, On Road",2/18/20 20:48