,CrashId,Fatal Case Status,lat,lon,DOT Case Number,Date Of Crash,Time of Crash,Crash Severity,Crash Severity Text Format,Most Severe Injury,Most Severe Injury Text Format,Number Of Motor Vehicles,Route Class Text Format,Milemarker,Road Number,Road Description,Roadway Name,Intersecting Roadway Name,Landmark Description,Distance From Nearest Landmark,Unit Of Measure From Nearest Landmark,Direction From Nearest Landmark,Weather Condition,Weather Condition Text Format,Light Condition,Light Condition Text Format,Road Surface Condition,Road Surface Condition Text Format,Average Daily Traffic,Trafficway Class Text Format,full_date
6600,663667,1,41.361508,-72.909914,3182078,2/19/20,7:42:00,O,Property Damage Only,O,No Apparent Injury (O),2,Local,0.14,168,ELIHU ST,ELIHU ST,,WHITNEY AVE,150,Feet,W,1,Clear,1,Daylight,1,Dry,,"Trafficway, On Road",2/19/20 7:42
4540,663669,1,41.403509,-72.895716,3182080,2/19/20,15:49:00,A,"Injury of any type (Serious, Minor, Possible)",C,Possible Injury (C),2,State,0.14,22,CT-22,22-E,NEW RD,,,,,1,Clear,1,Daylight,1,Dry,5600,"Trafficway, On Road",2/19/20 15:49
4352,655970,1,41.378194,-72.905288,3174382,2/19/20,16:22:00,O,Property Damage Only,O,No Apparent Injury (O),2,State,0.18,15,15-S,15-S-122,15-S,,,,,1,Clear,1,Daylight,1,Dry,9300,"Trafficway, On Road",2/19/20 16:22
856,663670,1,41.414326,-72.902326,3182081,2/19/20,17:05:00,A,"Injury of any type (Serious, Minor, Possible)",C,Possible Injury (C),3,State,11.02,10,CT-10,10-N,SHERMAN AV NO 1,,,,,1,Clear,1,Daylight,1,Dry,25300,"Trafficway, On Road",2/19/20 17:05
4079,656647,1,41.380335,-72.901662,3175059,2/19/20,17:52:00,O,Property Damage Only,O,No Apparent Injury (O),2,State,51.75,15,15-S,15-S,,Exit 62,150,Feet,S,1,Clear,3,Dusk,1,Dry,64300,"Trafficway, On Road",2/19/20 17:52
7796,663672,1,41.380655,-72.934995,3182083,2/19/20,18:22:00,O,Property Damage Only,O,No Apparent Injury (O),1,Local,1.03,411,PARADISE AV,PARADISE AV NO 5,,HOWARD AVE,150,Feet,W,1,Clear,4,Dark-Lighted,1,Dry,3800,"Trafficway, On Road",2/19/20 18:22
652,663673,1,41.420386,-72.904351,3182084,2/19/20,22:13:00,O,Property Damage Only,O,No Apparent Injury (O),2,State,11.64,10,CT-10,10-N,,MT CARMEL RD,85,Feet,S,1,Clear,4,Dark-Lighted,1,Dry,25800,"Trafficway, On Road",2/19/20 22:13
8898,667830,1,41.42467,-72.906783,3186240,2/20/20,1:23:00,O,Property Damage Only,O,No Apparent Injury (O),1,Local,0.56,525,TODD ST,TODD ST,,whitney Ave,300,Feet,W,1,Clear,4,Dark-Lighted,1,Dry,1800,"Trafficway, On Road",2/20/20 1:23
7478,663674,1,41.376453,-72.920222,3182085,2/20/20,10:43:00,O,Property Damage Only,O,No Apparent Injury (O),2,Local,0.96,366,MIX AV,MIX AV,,,,,,1,Clear,1,Daylight,1,Dry,4000,"Trafficway, On Road",2/20/20 10:43
653,663675,1,41.417767,-72.903546,3182086,2/20/20,11:36:00,O,Property Damage Only,O,No Apparent Injury (O),2,State,11.45,10,CT-10,10-N,,Sherman Ave.,2,TenthsofMile,N,1,Clear,1,Daylight,1,Dry,25800,"Trafficway, On Road",2/20/20 11:36
5563,663676,1,41.374487,-72.915926,3182087,2/20/20,21:42:00,A,"Injury of any type (Serious, Minor, Possible)",B,Suspected Minor Injury (B),2,State,0.17,753,CT-10,753-S,SKIFF ST,,,,,1,Clear,4,Dark-Lighted,1,Dry,15700,"Trafficway, On Road",2/20/20 21:42
5024,663677,1,41.341945,-72.912726,3182088,2/21/20,7:49:00,O,Property Damage Only,O,No Apparent Injury (O),2,State,0.64,707,WHITNEY AV,707-N,,DAVIS ST,75,Feet,N,1,Clear,1,Daylight,1,Dry,14300,"Trafficway, On Road",2/21/20 7:49
654,663678,1,41.415845,-72.90277,3182089,2/21/20,9:09:00,O,Property Damage Only,O,No Apparent Injury (O),2,State,11.31,10,CT-10,10-N,,Sherman Ave.,1,TenthsofMile,N,1,Clear,1,Daylight,1,Dry,25800,"Trafficway, On Road",2/21/20 9:09
9237,663679,1,41.346612,-72.946325,3182090,2/21/20,10:37:00,A,"Injury of any type (Serious, Minor, Possible)",B,Suspected Minor Injury (B),1,Local,1.05,598,WOODIN ST,WOODIN ST,,PINE ROCK AVE,75,Feet,W,1,Clear,1,Daylight,1,Dry,6000,"Trafficway, On Road",2/21/20 10:37
198,663680,1,41.367111,-72.920729,3182091,2/21/20,12:22:00,O,Property Damage Only,O,No Apparent Injury (O),2,State,7.32,10,CT-10,10-N,,CONNOLLY PKWY,10,Feet,N,1,Clear,1,Daylight,1,Dry,32700,"Trafficway, On Road",2/21/20 12:22
6929,663681,1,41.335504,-72.931875,3182092,2/21/20,12:37:00,O,Property Damage Only,O,No Apparent Injury (O),2,Local,0.63,222,GOODRICH ST,GOODRICH ST,,St Mary St,50,Feet,E,1,Clear,1,Daylight,1,Dry,3100,"Trafficway, On Road",2/21/20 12:37
6606,663683,1,41.38382,-72.90744,3182094,2/21/20,14:41:00,O,Property Damage Only,O,No Apparent Injury (O),2,Local,0.06,174,EVERGREEN AV,EVERGREEN AV,,OLD DIXWELL AVE,20,Feet,S,1,Clear,1,Daylight,1,Dry,8500,"Trafficway, On Road",2/21/20 14:41
1661,663684,1,41.374242,-72.916066,3182095,2/21/20,19:51:00,O,Property Damage Only,O,No Apparent Injury (O),2,State,7.87,10,CT-10,10-N,,Skiff Street,0.100000001,TenthsofMile,S,1,Clear,4,Dark-Lighted,1,Dry,22000,"Trafficway, On Road",2/21/20 19:51
5304,663685,1,41.360635,-72.909436,3182096,2/21/20,20:59:00,O,Property Damage Only,O,No Apparent Injury (O),2,State,2.01,707,WHITNEY AV,707-N,HARMON ST,,,,,1,Clear,4,Dark-Lighted,1,Dry,11700,"Trafficway, On Road",2/21/20 20:59
8662,663686,1,41.374242,-72.916066,3182097,2/21/20,23:49:00,A,"Injury of any type (Serious, Minor, Possible)",B,Suspected Minor Injury (B),4,Local,0.54,494,SKIFF ST,SKIFF ST,,St. Mary St.,80,Feet,E,1,Clear,4,Dark-Lighted,1,Dry,24400,"Trafficway, On Road",2/21/20 23:49
1793,664683,1,41.338516,-72.93525,3183093,2/22/20,1:54:00,O,Property Damage Only,O,No Apparent Injury (O),2,State,5.2,10,CT-10,10-N,,Arch Street,60,Feet,N,1,Clear,4,Dark-Lighted,1,Dry,21100,"Trafficway, On Road",2/22/20 1:54
8936,663687,1,41.435571,-72.895524,3182098,2/22/20,11:22:00,O,Property Damage Only,O,No Apparent Injury (O),2,Local,0.76,530,TUTTLE AV,TUTTLE AV NO 1,RIVER RD NO 2,,,,,1,Clear,1,Daylight,1,Dry,,"Trafficway, On Road",2/22/20 11:22
1477,663688,1,41.355172,-72.928745,3182099,2/22/20,16:58:00,O,Property Damage Only,O,No Apparent Injury (O),2,State,6.22,10,CT-10,10-N,PERSHING ST,,,,,1,Clear,1,Daylight,1,Dry,22600,"Trafficway, On Road",2/22/20 16:58
5025,663689,1,41.340767,-72.912923,3182100,2/22/20,22:25:00,A,"Injury of any type (Serious, Minor, Possible)",C,Possible Injury (C),1,State,0.56,707,WHITNEY AV,707-N,,Blake Road,200,Feet,N,1,Clear,4,Dark-Lighted,1,Dry,14300,"Trafficway, On Road",2/22/20 22:25
5817,663690,1,41.365404,-72.934035,3182101,2/23/20,1:01:00,O,Property Damage Only,O,No Apparent Injury (O),2,Local,0.57,42,BENHAM ST,BENHAM ST,CHERRY HILL RD,,,,,1,Clear,4,Dark-Lighted,1,Dry,12800,"Trafficway, On Road",2/23/20 1:01
8663,663691,1,41.374226,-72.914891,3182102,2/23/20,11:31:00,O,Property Damage Only,O,No Apparent Injury (O),2,Local,0.49,494,SKIFF ST,SKIFF ST,,Dixwell Avenue,250,Feet,E,1,Clear,1,Daylight,1,Dry,24400,"Trafficway, On Road",2/23/20 11:31
8966,663692,1,41.354348,-72.906513,3182103,2/23/20,12:02:00,A,"Injury of any type (Serious, Minor, Possible)",C,Possible Injury (C),1,Local,0.36,548,WAITE ST,WAITE ST,,Ridge Road,2,TenthsofMile,W,1,Clear,1,Daylight,1,Dry,2800,"Trafficway, On Road",2/23/20 12:02
7695,663693,1,41.336145,-72.926662,3182104,2/23/20,13:10:00,O,Property Damage Only,O,No Apparent Injury (O),2,Local,0.52,385,NEWHALL ST,NEWHALL ST,MARLBORO ST,,,,,1,Clear,1,Daylight,1,Dry,7100,"Trafficway, On Road",2/23/20 13:10
6344,663694,1,41.340357,-72.905245,3182105,2/23/20,16:42:00,O,Property Damage Only,O,No Apparent Injury (O),2,Local,0.41,128,DAVIS ST,DAVIS ST,ROGERS RD,,,,,1,Clear,1,Daylight,1,Dry,8900,"Trafficway, On Road",2/23/20 16:42
7099,663695,1,41.357153,-72.897807,3182106,2/23/20,22:16:00,O,Property Damage Only,O,No Apparent Injury (O),1,Local,1.4,242,HARTFORD TPK,HARTFORD TPK,,High Meadow Rd,200,Feet,S,1,Clear,4,Dark-Lighted,1,Dry,3200,"Trafficway, On Road",2/23/20 22:16
5026,663696,1,41.340212,-72.912991,3182107,2/24/20,6:57:00,O,Property Damage Only,O,No Apparent Injury (O),3,State,0.52,707,WHITNEY AV,707-N,BLAKE RD,,,,,1,Clear,1,Daylight,5,Ice / Frost,14300,"Trafficway, On Road",2/24/20 6:57
5027,663697,1,41.340496,-72.912967,3182108,2/24/20,7:13:00,A,"Injury of any type (Serious, Minor, Possible)",B,Suspected Minor Injury (B),1,State,0.54,707,WHITNEY AV,707-N,,Blake Rd,100,Feet,N,1,Clear,1,Daylight,5,Ice / Frost,14300,"Trafficway, Not on Road",2/24/20 7:13
5080,664745,1,41.336292,-72.91141,3183155,2/24/20,7:24:00,A,"Injury of any type (Serious, Minor, Possible)",C,Possible Injury (C),1,State,0.24,707,WHITNEY AV,707-N,,Armory Street,100,Feet,S,1,Clear,1,Daylight,5,Ice / Frost,14200,"Trafficway, On Road",2/24/20 7:24
5028,663698,1,41.340466,-72.912878,3182109,2/24/20,7:26:00,O,Property Damage Only,O,No Apparent Injury (O),1,State,0.54,707,WHITNEY AV,707-N,,Blake Rd,100,Feet,N,1,Clear,1,Daylight,5,Ice / Frost,14300,"Trafficway, Not on Road",2/24/20 7:26
5506,663699,1,41.383353,-72.900709,3182110,2/24/20,9:53:00,O,Property Damage Only,O,No Apparent Injury (O),2,State,0.06,717,DIXWELL AV,717-E,,WHITNEY AVE,300,Feet,E,1,Clear,1,Daylight,1,Dry,15600,"Trafficway, On Road",2/24/20 9:53
4923,658418,1,41.379704,-72.903291,3176830,2/24/20,15:57:00,O,Property Damage Only,O,No Apparent Injury (O),2,State,3.36,707,WHITNEY AV,707-N,,Route 15 Southbound,10,Feet,N,1,Clear,1,Daylight,1,Dry,16900,"Trafficway, On Road",2/24/20 15:57
4353,660295,1,41.378039,-72.905339,3178707,2/24/20,17:07:00,O,Property Damage Only,O,No Apparent Injury (O),2,State,0.19,15,15-S,15-S-122,Route 15 Southbound,,,,,1,Clear,3,Dusk,1,Dry,9300,"Trafficway, On Road",2/24/20 17:07
9345,663700,1,41.362307,-72.909091,3182111,2/24/20,18:20:00,O,Property Damage Only,O,No Apparent Injury (O),2,Local,0.32,600,WOODLAWN ST,WOODLAWN ST,WHITNEY AVE,,,,,1,Clear,4,Dark-Lighted,1,Dry,,"Trafficway, On Road",2/24/20 18:20
2583,663701,1,41.338401,-72.936809,3182112,2/24/20,20:47:00,A,"Injury of any type (Serious, Minor, Possible)",C,Possible Injury (C),1,State,5.1,10,CT-10,10-N,,ALSTRUM ST,100,Feet,S,1,Clear,5,Dark-Not Lighted,1,Dry,11100,"Trafficway, On Road",2/24/20 20:47
2404,663702,1,41.394608,-72.896768,3182113,2/25/20,15:33:00,O,Property Damage Only,O,No Apparent Injury (O),2,State,9.63,10,CT-10,10-N,GLENHAM RD,,,,,1,Clear,1,Daylight,1,Dry,14700,"Trafficway, On Road",2/25/20 15:33
7100,663703,1,41.351611,-72.901152,3182114,2/25/20,16:46:00,O,Property Damage Only,O,No Apparent Injury (O),2,Local,0.97,242,HARTFORD TPK,HARTFORD TPK,FOOTE ST,,,,,4,Rain,1,Daylight,2,Wet,3200,"Trafficway, On Road",2/25/20 16:46
4355,664199,1,41.378201,-72.905303,3182610,2/25/20,16:50:00,O,Property Damage Only,O,No Apparent Injury (O),2,State,0.17,15,15-S,15-S-122,15-S,,,,,2,Cloudy,3,Dusk,2,Wet,9300,"Trafficway, On Road",2/25/20 16:50
857,663704,1,41.409731,-72.900507,3182115,2/25/20,18:28:00,O,Property Damage Only,O,No Apparent Injury (O),2,State,10.7,10,CT-10,10-N,EVERGREEN AV,,,,,4,Rain,4,Dark-Lighted,2,Wet,25300,"Trafficway, On Road",2/25/20 18:28
1789,663705,1,41.346341,-72.933953,3182116,2/25/20,19:45:00,O,Property Damage Only,O,No Apparent Injury (O),2,State,5.56,10,CT-10,10-N,CIRCULAR AV,,,,,4,Rain,4,Dark-Lighted,2,Wet,21100,"Trafficway, On Road",2/25/20 19:45
2309,663706,1,41.386109,-72.900887,3182117,2/26/20,8:34:00,O,Property Damage Only,O,No Apparent Injury (O),2,State,9,10,CT-10,10-N,COLONIAL DR,,,,,2,Cloudy,1,Daylight,2,Wet,16500,"Trafficway, On Road",2/26/20 8:34
6746,663707,1,41.342513,-72.937526,3182118,2/26/20,12:07:00,O,Property Damage Only,O,No Apparent Injury (O),2,Local,0.14,190,FIRST ST,FIRST ST,WARREN ST,,,,,1,Clear,1,Daylight,2,Wet,,"Trafficway, On Road",2/26/20 12:07
7306,663708,1,41.345166,-72.92677,3182119,2/26/20,16:07:00,A,"Injury of any type (Serious, Minor, Possible)",C,Possible Injury (C),1,Local,0.1,317,LEEDER HILL DR,LEEDER HILL DR,,PUTNAM AVE,1,TenthsofMile,N,1,Clear,1,Daylight,1,Dry,3200,"Trafficway, On Road",2/26/20 16:07
7479,663709,1,41.371459,-72.923667,3182120,2/27/20,5:57:00,O,Property Damage Only,O,No Apparent Injury (O),2,Local,0.57,366,MIX AV,MIX AV,,Skiff Street,1,TenthsofMile,S,1,Clear,4,Dark-Lighted,1,Dry,4000,"Trafficway, On Road",2/27/20 5:57
3614,672042,1,41.36529,-72.927047,3190452,2/27/20,7:56:00,O,Property Damage Only,O,No Apparent Injury (O),1,State,49.95,15,15-S,15-S,,Exit 60,1,TenthsofMile,S,1,Clear,1,Daylight,1,Dry,79200,"Trafficway, On Road",2/27/20 7:56
4386,672043,1,41.378609,-72.904579,3190453,2/27/20,8:02:00,O,Property Damage Only,O,No Apparent Injury (O),2,State,0.02,15,15-S,15-S-123,,Route 15,10,Feet,S,1,Clear,1,Daylight,1,Dry,9300,"Trafficway, On Road",2/27/20 8:02
148,663710,1,41.36599,-72.92152,3182121,2/27/20,8:44:00,O,Property Damage Only,O,No Apparent Injury (O),2,State,7.23,10,CT-10,10-N,RT 15,,,,,1,Clear,1,Daylight,1,Dry,33500,"Trafficway, On Road",2/27/20 8:44
8664,663719,1,41.371843,-72.908049,3182130,2/27/20,9:34:00,O,Property Damage Only,O,No Apparent Injury (O),2,Local,0.1,494,SKIFF ST,SKIFF ST,,WHITNEY AVE,1,TenthsofMile,W,1,Clear,1,Daylight,1,Dry,24400,"Trafficway, On Road",2/27/20 9:34
149,663720,1,41.365732,-72.92184,3182131,2/27/20,10:59:00,A,"Injury of any type (Serious, Minor, Possible)",B,Suspected Minor Injury (B),3,State,7.21,10,CT-10,10-N,RT 15,,,,,1,Clear,1,Daylight,1,Dry,33500,"Trafficway, On Road",2/27/20 10:59
2584,663721,1,41.338341,-72.93614,3182132,2/27/20,12:21:00,O,Property Damage Only,O,No Apparent Injury (O),2,State,5.13,10,CT-10,10-N,,Allstrum St,50,Feet,N,1,Clear,1,Daylight,1,Dry,11100,"Trafficway, On Road",2/27/20 12:21
7998,663722,1,41.343609,-72.926794,3182133,2/27/20,13:11:00,O,Property Damage Only,O,No Apparent Injury (O),2,Local,0.76,439,PUTNAM AV,PUTNAM AV,,NEWHALL ST,100,Feet,W,1,Clear,1,Daylight,1,Dry,12400,"Trafficway, On Road",2/27/20 13:11
858,663723,1,41.406545,-72.899344,3182134,2/27/20,20:09:00,O,Property Damage Only,O,No Apparent Injury (O),2,State,10.65,10,CT-10,10-N,,HOME ST.,0.100000001,TenthsofMile,N,1,Clear,4,Dark-Lighted,1,Dry,25300,"Trafficway, On Road",2/27/20 20:09
1478,663724,1,41.350077,-72.931943,3182135,2/27/20,20:44:00,O,Property Damage Only,O,No Apparent Injury (O),2,State,6.01,10,CT-10,10-N,,Collins St,144,Feet,N,1,Clear,4,Dark-Lighted,1,Dry,22600,"Trafficway, On Road",2/27/20 20:44
2621,664746,1,41.338236,-72.941677,3183156,2/27/20,22:32:00,A,"Injury of any type (Serious, Minor, Possible)",C,Possible Injury (C),2,State,4.7,10,CT-10,10-N,ARCH ST,,,,,1,Clear,4,Dark-Lighted,1,Dry,10600,"Trafficway, On Road",2/27/20 22:32
90,663725,1,41.364423,-72.922783,3182136,2/28/20,10:09:00,O,Property Damage Only,O,No Apparent Injury (O),2,State,7.11,10,CT-10,10-N,,weybosset st,50,Feet,N,1,Clear,1,Daylight,1,Dry,38300,"Trafficway, On Road",2/28/20 10:09
4354,663298,1,41.378109,-72.905315,3181709,2/28/20,13:43:00,O,Property Damage Only,O,No Apparent Injury (O),2,State,0.18,15,15-S,15-S-122,,Route 15,10,Feet,W,1,Clear,1,Daylight,1,Dry,9300,"Trafficway, On Road",2/28/20 13:43
8459,663726,1,41.376715,-72.915532,3182137,2/28/20,14:24:00,O,Property Damage Only,O,No Apparent Injury (O),2,Local,0.01,489,SHEPARD AV,SHEPARD AV,,Dixwell Avenue,20,Feet,W,1,Clear,1,Daylight,1,Dry,1400,"Trafficway, On Road",2/28/20 14:24
7370,663727,1,41.352668,-72.917832,3182138,2/28/20,16:03:00,O,Property Damage Only,O,No Apparent Injury (O),2,Local,0.39,352,MATHER ST,MATHER ST,SERVOSS ST,,,,,1,Clear,1,Daylight,1,Dry,5800,"Trafficway, On Road",2/28/20 16:03
7371,663728,1,41.3491,-72.9149,3182139,2/28/20,16:59:00,O,Property Damage Only,O,No Apparent Injury (O),2,Local,0.1,352,MATHER ST,MATHER ST,,Belmont Street,50,Feet,E,1,Clear,1,Daylight,1,Dry,5800,"Trafficway, On Road",2/28/20 16:59
6861,663730,1,41.366676,-72.948699,3182141,2/29/20,2:02:00,O,Property Damage Only,O,No Apparent Injury (O),2,Local,1.17,212,GILBERT AV,GILBERT AV,,Benham St,1,TenthsofMile,S,1,Clear,4,Dark-Lighted,1,Dry,5100,"Trafficway, On Road",2/29/20 2:02
7841,663731,1,41.334195,-72.902005,3182142,2/29/20,8:53:00,O,Property Damage Only,O,No Apparent Injury (O),2,Local,0.42,414,PARK RD,PARK RD,FARM RD,,,,,1,Clear,1,Daylight,1,Dry,1500,"Trafficway, On Road",2/29/20 8:53
8948,663732,1,41.364586,-72.930537,3182143,2/29/20,9:42:00,O,Property Damage Only,O,No Apparent Injury (O),2,Local,0.36,535,VANTAGE RD,VANTAGE RD,,benham st,44,Feet,S,1,Clear,1,Daylight,1,Dry,,"Trafficway, On Road",2/29/20 9:42
420,663733,1,41.357358,-72.926977,3182144,2/29/20,12:00:00,O,Property Damage Only,O,No Apparent Injury (O),3,State,6.4,10,CT-10,10-N,HAIG ST,,,,,1,Clear,1,Daylight,1,Dry,27700,"Trafficway, On Road",2/29/20 12:00
8460,663734,1,41.40121,-72.923991,3182145,2/29/20,17:23:00,O,Property Damage Only,O,No Apparent Injury (O),2,Local,1.82,489,SHEPARD AV,SHEPARD AV,WEST SHEPARD AV,,,,,1,Clear,3,Dusk,1,Dry,1400,"Trafficway, On Road",2/29/20 17:23
1790,663736,1,41.344259,-72.93437,3182147,2/29/20,21:41:00,O,Property Damage Only,O,No Apparent Injury (O),2,State,5.59,10,CT-10,10-N,,WOODIN ST,50,Feet,S,1,Clear,4,Dark-Lighted,1,Dry,21100,"Trafficway, On Road",2/29/20 21:41
9238,663737,1,41.350519,-72.956785,3182148,3/1/20,14:45:00,O,Property Damage Only,O,No Apparent Injury (O),2,Local,0.44,598,WOODIN ST,WOODIN ST,ELLIOT ST,,,,,1,Clear,1,Daylight,1,Dry,6000,"Trafficway, On Road",3/1/20 14:45
4081,665638,1,41.365731,-72.922996,3184048,3/1/20,17:47:00,A,"Injury of any type (Serious, Minor, Possible)",B,Suspected Minor Injury (B),2,State,50.18,15,15-S,15-S,,Exit 60,1,TenthsofMile,N,1,Clear,1,Daylight,1,Dry,61700,"Trafficway, On Road",3/1/20 17:47
6443,663738,1,41.335843,-72.935221,3182149,3/1/20,18:24:00,A,"Injury of any type (Serious, Minor, Possible)",B,Suspected Minor Injury (B),1,Local,0.02,142,DIXWELL AV,DIXWELL AV NO 1,GOODRICH ST,,,,,1,Clear,4,Dark-Lighted,1,Dry,14600,"Trafficway, On Road",3/1/20 18:24
7341,665006,1,41.369614,-72.96087,3183416,3/1/20,22:28:00,O,Property Damage Only,O,No Apparent Injury (O),1,Local,1.43,340,MAIN ST,MAIN ST,,Benham ST,1,TenthsofMile,S,1,Clear,4,Dark-Lighted,1,Dry,550,"Trafficway, On Road",3/1/20 22:28
4792,663739,1,41.344199,-72.894993,3182150,3/2/20,12:24:00,O,Property Damage Only,O,No Apparent Injury (O),2,USRoute,2.22,5,US-5,5-N,,Fernwood Rd.,30,Feet,S,1,Clear,1,Daylight,1,Dry,10000,"Trafficway, On Road",3/2/20 12:24
5564,663740,1,41.37512,-72.915984,3182151,3/2/20,12:34:00,O,Property Damage Only,O,No Apparent Injury (O),2,State,0.13,753,CT-10,753-S,,SKIFF ST,150,Feet,N,1,Clear,1,Daylight,1,Dry,15700,"Trafficway, On Road",3/2/20 12:34
1791,663741,1,41.346605,-72.93378,3182152,3/2/20,14:28:00,O,Property Damage Only,O,No Apparent Injury (O),2,State,5.56,10,CT-10,10-N,CIRCULAR AV,,,,,1,Clear,1,Daylight,1,Dry,21100,"Trafficway, On Road",3/2/20 14:28
3457,662074,1,41.37882535,-72.90309956,3180486,3/2/20,15:10:00,O,Property Damage Only,O,No Apparent Injury (O),2,State,0.19,15,15-N,15-N-124,,Exit 61,200,Feet,S,1,Clear,1,Daylight,1,Dry,9300,"Trafficway, On Road",3/2/20 15:10
1479,663742,1,41.354158,-72.929682,3182153,3/2/20,17:00:00,A,"Injury of any type (Serious, Minor, Possible)",C,Possible Injury (C),3,State,6.13,10,CT-10,10-N,TREADWELL ST,,,,,1,Clear,1,Daylight,1,Dry,22600,"Trafficway, On Road",3/2/20 17:00
1990,665007,1,41.38291,-72.907843,3183417,3/2/20,17:07:00,O,Property Damage Only,O,No Apparent Injury (O),2,State,8.49,10,CT-10,10-N,EVERGREEN AV,,,,,1,Clear,1,Daylight,1,Dry,18400,"Trafficway, On Road",3/2/20 17:07
2634,663743,1,41.342424,-72.934807,3182154,3/2/20,19:46:00,A,"Injury of any type (Serious, Minor, Possible)",C,Possible Injury (C),2,State,5.29,10,CT-10,10-N,FIRST ST,,,,,4,Rain,4,Dark-Lighted,2,Wet,,"Trafficway, On Road",3/2/20 19:46
4924,663744,1,41.38345,-72.902136,3182155,3/2/20,21:47:00,O,Property Damage Only,O,No Apparent Injury (O),2,State,3.62,707,WHITNEY AV,707-N,10-N,,,,,4,Rain,4,Dark-Lighted,2,Wet,16900,"Trafficway, On Road",3/2/20 21:47
4611,672065,1,41.401478,-72.897516,3190475,3/3/20,7:32:00,O,Property Damage Only,O,No Apparent Injury (O),2,State,3.08,40,40-N,40-N,10-N,,,,,1,Clear,1,Daylight,1,Dry,18500,"Trafficway, On Road",3/3/20 7:32
1032,666028,1,41.346275,-72.93386,3184438,3/3/20,11:23:00,O,Property Damage Only,O,No Apparent Injury (O),2,State,5.74,10,CT-10,10-N,,Circular Avenue,30,Feet,N,1,Clear,1,Daylight,1,Dry,24700,"Trafficway, On Road",3/3/20 11:23
1480,663745,1,41.351881,-72.931042,3182156,3/3/20,13:09:00,A,"Injury of any type (Serious, Minor, Possible)",B,Suspected Minor Injury (B),2,State,6.14,10,CT-10,10-N,,Concord St,60,Feet,S,2,Cloudy,1,Daylight,1,Dry,22600,"Trafficway, On Road",3/3/20 13:09
6281,663746,1,41.352375,-72.931986,3182157,3/3/20,13:55:00,O,Property Damage Only,O,No Apparent Injury (O),2,Local,0.16,110,CONCORD ST,CONCORD ST,,Dixwell Ave,300,Feet,W,2,Cloudy,1,Daylight,1,Dry,,"Trafficway, On Road",3/3/20 13:55
1662,663747,1,41.371734,-72.917638,3182158,3/3/20,15:47:00,O,Property Damage Only,O,No Apparent Injury (O),2,State,7.68,10,CT-10,10-N,,Skiff St.,2,TenthsofMile,S,1,Clear,1,Daylight,1,Dry,22000,"Trafficway, On Road",3/3/20 15:47
1663,663748,1,41.36763,-72.920338,3182159,3/3/20,20:00:00,O,Property Damage Only,O,No Apparent Injury (O),2,State,7.36,10,CT-10,10-N,,Connolly Pkwy,200,Feet,N,2,Cloudy,4,Dark-Lighted,2,Wet,22000,"Trafficway, On Road",3/3/20 20:00
8886,663749,1,41.366342,-72.909916,3182160,3/4/20,1:30:00,A,"Injury of any type (Serious, Minor, Possible)",B,Suspected Minor Injury (B),1,Local,0.56,521,THORNTON ST,THORNTON ST,,Bedford Ave,200,Feet,E,4,Rain,4,Dark-Lighted,2,Wet,,"Trafficway, On Road",3/4/20 1:30
2620,663750,1,41.336892,-72.942211,3182161,3/4/20,11:31:00,O,Property Damage Only,O,No Apparent Injury (O),2,State,4.77,10,CT-10,10-N,,ARCH ST,1,TenthsofMile,S,1,Clear,1,Daylight,1,Dry,10600,"Trafficway, On Road",3/4/20 11:31
5818,663751,1,41.362943,-72.924551,3182162,3/4/20,14:39:00,A,"Injury of any type (Serious, Minor, Possible)",C,Possible Injury (C),2,Local,0.04,42,BENHAM ST,BENHAM ST,,Dixwell Ave.,200,Feet,W,1,Clear,1,Daylight,1,Dry,12800,"Trafficway, On Road",3/4/20 14:39
325,663752,1,41.359279,-72.925732,3182163,3/4/20,16:21:00,O,Property Damage Only,O,No Apparent Injury (O),2,State,6.73,10,CT-10,10-N,,MATHER ST,75,Feet,N,1,Clear,1,Daylight,1,Dry,31800,"Trafficway, On Road",3/4/20 16:21
8461,663753,1,41.391482,-72.922668,3182164,3/4/20,17:15:00,O,Property Damage Only,O,No Apparent Injury (O),2,Local,1.13,489,SHEPARD AV,SHEPARD AV,SHERMAN AV EXT,,,,,1,Clear,1,Daylight,1,Dry,1400,"Trafficway, On Road",3/4/20 17:15
1567,663754,1,41.347263,-72.933442,3182165,3/4/20,18:46:00,A,"Injury of any type (Serious, Minor, Possible)",C,Possible Injury (C),2,State,5.81,10,CT-10,10-N,,CIRCULAR AVE,300,Feet,N,1,Clear,4,Dark-Lighted,1,Dry,22400,"Trafficway, On Road",3/4/20 18:46
1664,663755,1,41.371827,-72.9176,3182166,3/4/20,19:35:00,O,Property Damage Only,O,No Apparent Injury (O),2,State,7.69,10,CT-10,10-N,,Skiff St,2,TenthsofMile,S,1,Clear,4,Dark-Lighted,1,Dry,22000,"Trafficway, On Road",3/4/20 19:35
1792,663756,1,41.341588,-72.935029,3182167,3/4/20,22:34:00,O,Property Damage Only,O,No Apparent Injury (O),2,State,5.41,10,CT-10,10-N,,North St.,50,Feet,S,1,Clear,4,Dark-Lighted,1,Dry,21100,"Trafficway, On Road",3/4/20 22:34
7696,665138,1,41.33621,-72.92673,3183548,3/5/20,10:05:00,O,Property Damage Only,O,No Apparent Injury (O),2,Local,0.52,385,NEWHALL ST,NEWHALL ST,MARLBORO ST,,,,,1,Clear,1,Daylight,1,Dry,7100,"Trafficway, On Road",3/5/20 10:05