,CrashId,Fatal Case Status,lat,lon,DOT Case Number,Date Of Crash,Time of Crash,Crash Severity,Crash Severity Text Format,Most Severe Injury,Most Severe Injury Text Format,Number Of Motor Vehicles,Route Class Text Format,Milemarker,Road Number,Road Description,Roadway Name,Intersecting Roadway Name,Landmark Description,Distance From Nearest Landmark,Unit Of Measure From Nearest Landmark,Direction From Nearest Landmark,Weather Condition,Weather Condition Text Format,Light Condition,Light Condition Text Format,Road Surface Condition,Road Surface Condition Text Format,Average Daily Traffic,Trafficway Class Text Format,full_date
92,665139,1,41.367099,-72.920768,3183549,3/5/20,14:55:00,O,Property Damage Only,O,No Apparent Injury (O),2,State,7.14,10,CT-10,10-N,CONNOLLY PKWY,,,,,1,Clear,1,Daylight,1,Dry,38300,"Trafficway, On Road",3/5/20 14:55
859,663757,1,41.409586,-72.900518,3182168,3/5/20,17:09:00,O,Property Damage Only,O,No Apparent Injury (O),2,State,10.87,10,CT-10,10-N,,EVERGREEN AVE,50,Feet,S,1,Clear,1,Daylight,1,Dry,25300,"Trafficway, On Road",3/5/20 17:09
7906,663758,1,41.338044,-72.946442,3182169,3/5/20,18:12:00,O,Property Damage Only,O,No Apparent Injury (O),2,Local,0.11,664,PINE ROCK AV,PINE ROCK AV NO 2,,Fitch St.,2,TenthsofMile,E,1,Clear,4,Dark-Lighted,1,Dry,5800,"Trafficway, On Road",3/5/20 18:12
3275,664631,1,41.382678,-72.89769,3183041,3/5/20,19:22:00,A,"Injury of any type (Serious, Minor, Possible)",C,Possible Injury (C),2,State,51.97,15,15-N,15-N,,Exit #62,2,Feet,N,1,Clear,5,Dark-Not Lighted,1,Dry,68200,"Trafficway, On Road",3/5/20 19:22
2228,665140,1,41.384733,-72.90144,3183550,3/6/20,11:21:00,O,Property Damage Only,O,No Apparent Injury (O),2,State,9.08,10,CT-10,10-N,,School St,25,Feet,N,1,Clear,1,Daylight,1,Dry,16900,"Trafficway, On Road",3/6/20 11:21
5669,665141,1,41.35279,-72.946757,3183551,3/6/20,18:06:00,O,Property Damage Only,O,No Apparent Injury (O),1,Local,0.16,3,ALBERT RD,ALBERT RD,WEST SIDE DR,,,,,1,Clear,4,Dark-Lighted,1,Dry,,"Trafficway, On Road",3/6/20 18:06
8578,665142,1,41.391469,-72.9207,3183552,3/7/20,9:50:00,O,Property Damage Only,O,No Apparent Injury (O),2,Local,0.1,491,SHERMAN AV,SHERMAN AV NO 1,SHERMAN LA,,,,,1,Clear,1,Daylight,1,Dry,5700,"Trafficway, On Road",3/7/20 9:50
8665,668599,1,41.374318,-72.915154,3187009,3/7/20,13:56:00,O,Property Damage Only,O,No Apparent Injury (O),2,Local,0.5,494,SKIFF ST,SKIFF ST,,dixwell ave,200,Feet,E,1,Clear,1,Daylight,1,Dry,24400,"Trafficway, On Road",3/7/20 13:56
4356,664215,1,41.37815,-72.905319,3182626,3/7/20,15:09:00,O,Property Damage Only,O,No Apparent Injury (O),2,State,0.18,15,15-S,15-S-122,,Route 15 South,20,Feet,N,1,Clear,1,Daylight,1,Dry,9300,"Trafficway, On Road",3/7/20 15:09
5305,665143,1,41.360635,-72.909436,3183553,3/7/20,19:25:00,O,Property Damage Only,O,No Apparent Injury (O),2,State,2.01,707,WHITNEY AV,707-N,,Harmon Street,20,Feet,S,1,Clear,4,Dark-Lighted,1,Dry,11700,"Trafficway, On Road",3/7/20 19:25
6995,667859,1,41.350276,-72.942531,3186269,3/8/20,4:18:00,O,Property Damage Only,O,No Apparent Injury (O),2,Local,0.06,226,GORHAM AV,GORHAM AV,,,,,,1,Clear,4,Dark-Lighted,1,Dry,1600,"Trafficway, On Road",3/8/20 4:18
1913,665145,1,41.424312,-72.905741,3183555,3/8/20,17:39:00,O,Property Damage Only,O,No Apparent Injury (O),2,State,11.73,10,CT-10,10-N,TODD ST,,,,,1,Clear,1,Daylight,1,Dry,19100,"Trafficway, Not on Road",3/8/20 17:39
655,665146,1,41.419198,-72.903981,3183556,3/9/20,8:37:00,A,"Injury of any type (Serious, Minor, Possible)",C,Possible Injury (C),2,State,11.55,10,CT-10,10-N,,WEST WOODS RD,1,TenthsofMile,S,1,Clear,1,Daylight,1,Dry,25800,"Trafficway, On Road",3/9/20 8:37
1481,665148,1,41.353749,-72.929963,3183558,3/9/20,15:39:00,O,Property Damage Only,O,No Apparent Injury (O),2,State,6.11,10,CT-10,10-N,MILLIS ST,,,,,1,Clear,1,Daylight,1,Dry,22600,"Trafficway, On Road",3/9/20 15:39
656,665149,1,41.420963,-72.904746,3183559,3/9/20,19:49:00,O,Property Damage Only,O,No Apparent Injury (O),2,State,11.48,10,CT-10,10-N,WEST WOODS RD NO 1,,,,N,1,Clear,1,Daylight,1,Dry,25800,"Trafficway, On Road",3/9/20 19:49
1991,665150,1,41.405399,-72.898903,3183560,3/10/20,8:01:00,A,"Injury of any type (Serious, Minor, Possible)",B,Suspected Minor Injury (B),2,State,10.38,10,CT-10,10-N,WOODRUFF ST,,,,,1,Clear,1,Daylight,1,Dry,18400,"Trafficway, On Road",3/10/20 8:01
3302,672070,1,41.38086171,-72.90055701,3190480,3/10/20,8:23:00,O,Property Damage Only,O,No Apparent Injury (O),2,State,51.77,15,15-N,15-N,,Route 15,50,Feet,S,1,Clear,1,Daylight,1,Dry,66500,"Trafficway, On Road",3/10/20 8:23
7361,671902,1,41.33655,-72.92927,3190312,3/10/20,8:24:00,O,Property Damage Only,O,No Apparent Injury (O),2,Local,0.03,349,MARLBORO ST,MARLBORO ST,SHELTON AVE,,,,,1,Clear,1,Daylight,1,Dry,,"Trafficway, On Road",3/10/20 8:24
6930,665151,1,41.33526,-72.929011,3183561,3/10/20,9:44:00,O,Property Damage Only,O,No Apparent Injury (O),2,Local,0.48,222,GOODRICH ST,GOODRICH ST,BUTLER ST,,,,,1,Clear,1,Daylight,1,Dry,3100,"Trafficway, On Road",3/10/20 9:44
4541,665152,1,41.403496,-72.895602,3183562,3/10/20,19:00:00,O,Property Damage Only,O,No Apparent Injury (O),2,State,0.14,22,CT-22,22-E,NEW RD,,,,,1,Clear,3,Dusk,1,Dry,5600,"Trafficway, On Road",3/10/20 19:00
7154,669748,1,41.34703,-72.93619,3188158,3/11/20,8:56:00,O,Property Damage Only,O,No Apparent Injury (O),2,Local,0.11,251,HELEN ST,HELEN ST,MURRAY ST,,,,,1,Clear,1,Daylight,1,Dry,2600,"Trafficway, On Road",3/11/20 8:56
8168,665153,1,41.3386,-72.9016,3183563,3/11/20,12:54:00,O,Property Damage Only,O,No Apparent Injury (O),2,Local,0.24,452,RIDGE RD,RIDGE RD,,PARK RD.,100,Feet,N,1,Clear,1,Daylight,1,Dry,8800,"Trafficway, On Road",3/11/20 12:54
1030,665154,1,41.346106,-72.934006,3183564,3/11/20,20:00:00,O,Property Damage Only,O,No Apparent Injury (O),2,State,5.72,10,CT-10,10-N,,PUTNAM AVE.,75,Feet,S,1,Clear,4,Dark-Lighted,1,Dry,24700,"Trafficway, On Road",3/11/20 20:00
1482,667861,1,41.354015,-72.929695,3186271,3/12/20,13:34:00,O,Property Damage Only,O,No Apparent Injury (O),2,State,6.13,10,CT-10,10-N,TREADWELL ST,,,,S,1,Clear,1,Daylight,1,Dry,22600,"Trafficway, On Road",3/12/20 13:34
1031,665155,1,41.346275,-72.93386,3183565,3/12/20,15:34:00,O,Property Damage Only,O,No Apparent Injury (O),2,State,5.74,10,CT-10,10-N,,PUTNAM AVE,10,Feet,N,1,Clear,1,Daylight,1,Dry,24700,"Trafficway, On Road",3/12/20 15:34
2585,665156,1,41.339541,-72.935205,3183566,3/12/20,18:46:00,O,Property Damage Only,O,No Apparent Injury (O),2,State,5.09,10,CT-10,10-N,PINE ST,,,,,1,Clear,3,Dusk,1,Dry,11100,"Trafficway, On Road",3/12/20 18:46
3479,667950,1,41.365269,-72.922269,3186360,3/13/20,15:14:00,O,Property Damage Only,O,No Apparent Injury (O),2,State,0,15,15-N,15-N-221,10-N,,,,,1,Clear,1,Daylight,1,Dry,9300,"Trafficway, On Road",3/13/20 15:14
7999,665157,1,41.344536,-72.930295,3183567,3/13/20,17:39:00,A,"Injury of any type (Serious, Minor, Possible)",C,Possible Injury (C),1,Local,0.96,439,PUTNAM AV,PUTNAM AV,,Gallagher Rd.,75,Feet,E,1,Clear,1,Daylight,1,Dry,12400,"Trafficway, On Road",3/13/20 17:39
6444,669476,1,41.337996,-72.93516,3187886,3/13/20,23:56:00,O,Property Damage Only,O,No Apparent Injury (O),2,Local,0.18,142,DIXWELL AV,DIXWELL AV NO 1,,ARCH ST,30,Feet,S,1,Clear,4,Dark-Lighted,1,Dry,14600,"Trafficway, On Road",3/13/20 23:56
6873,670926,1,41.347622,-72.938549,3189336,3/14/20,0:20:00,O,Property Damage Only,O,No Apparent Injury (O),2,Local,0.15,215,GLEMBY ST,GLEMBY ST,,Helen street,50,Feet,S,1,Clear,4,Dark-Lighted,1,Dry,,"Trafficway, On Road",3/14/20 0:20
3341,675043,1,41.38061,-72.90076,3193452,3/14/20,9:50:00,O,Property Damage Only,O,No Apparent Injury (O),2,State,51.76,15,15-N,15-N,EXIT 61,,,,,1,Clear,1,Daylight,1,Dry,64300,"Trafficway, On Road",3/14/20 9:50
5507,665158,1,41.383422,-72.901659,3183568,3/14/20,13:14:00,O,Property Damage Only,O,No Apparent Injury (O),2,State,0.01,717,DIXWELL AV,717-E,,Whitney Ave.,30,Feet,E,1,Clear,1,Daylight,1,Dry,15600,"Trafficway, On Road",3/14/20 13:14
4793,669477,1,41.345154,-72.894624,3187887,3/15/20,3:41:00,O,Property Damage Only,O,No Apparent Injury (O),1,USRoute,2.29,5,US-5,5-N,,Fernwood,300,Feet,N,1,Clear,4,Dark-Lighted,1,Dry,10000,"Trafficway, On Road",3/15/20 3:41
1794,668756,1,41.346615,-72.933798,3187166,3/16/20,14:55:00,A,"Injury of any type (Serious, Minor, Possible)",C,Possible Injury (C),2,State,5.56,10,CT-10,10-N,CIRCULAR AV,,,,,1,Clear,1,Daylight,1,Dry,21100,"Trafficway, On Road",3/16/20 14:55
1569,667863,1,41.34815,-72.932972,3186273,3/16/20,19:05:00,O,Property Damage Only,O,No Apparent Injury (O),2,State,5.87,10,CT-10,10-N,,SCOTT ST,75,Feet,S,1,Clear,4,Dark-Lighted,1,Dry,22400,"Trafficway, On Road",3/16/20 19:05
4357,667483,1,41.379496,-72.904525,3185893,3/17/20,5:48:00,O,Property Damage Only,O,No Apparent Injury (O),1,State,0.06,15,15-S,15-S-122,,Whitney Ave,200,Feet,S,4,Rain,5,Dark-Not Lighted,2,Wet,9300,"Trafficway, On Road",3/17/20 5:48
6723,667864,1,41.334265,-72.900609,3186274,3/17/20,15:40:00,O,Property Damage Only,O,No Apparent Injury (O),2,Local,0.07,179,FARM RD,FARM RD,STATE  ST,,,,,1,Clear,1,Daylight,1,Dry,,"Trafficway, On Road",3/17/20 15:40
5565,667865,1,41.374487,-72.915926,3186275,3/17/20,18:41:00,O,Property Damage Only,O,No Apparent Injury (O),2,State,0.17,753,CT-10,753-S,SKIFF ST,,,,,1,Clear,1,Daylight,1,Dry,15700,"Trafficway, On Road",3/17/20 18:41
6255,668607,1,41.346057,-72.916735,3187017,3/18/20,12:40:00,O,Property Damage Only,O,No Apparent Injury (O),2,Local,0.34,102,CLIFFORD ST,CLIFFORD ST,RALSTON AV,,,,,1,Clear,1,Daylight,1,Dry,1400,"Trafficway, On Road",3/18/20 12:40
9121,667866,1,41.419832,-72.917093,3186276,3/18/20,15:16:00,O,Property Damage Only,O,No Apparent Injury (O),2,Local,0.24,575,WEST WOODS RD,WEST WOODS RD NO 1,,Eramo Terr,250,Feet,E,1,Clear,1,Daylight,1,Dry,3500,"Trafficway, On Road",3/18/20 15:16
3468,667867,1,41.36531,-72.922242,3186277,3/18/20,16:05:00,A,"Injury of any type (Serious, Minor, Possible)",C,Possible Injury (C),1,State,0.18,15,15-N,15-N-220,DIXWELL AVE,,,,,1,Clear,1,Daylight,1,Dry,9300,"Trafficway, On Road",3/18/20 16:05
93,667868,1,41.36359,-72.923363,3186278,3/18/20,17:38:00,O,Property Damage Only,O,No Apparent Injury (O),2,State,7.05,10,CT-10,10-N,,Palmer Av,50,Feet,S,1,Clear,1,Daylight,1,Dry,38300,"Trafficway, On Road",3/18/20 17:38
7842,667869,1,41.329721,-72.898647,3186279,3/19/20,16:50:00,A,"Injury of any type (Serious, Minor, Possible)",C,Possible Injury (C),2,Local,0,414,PARK RD,PARK RD,ARMSTRONG ST,,,,,1,Clear,1,Daylight,1,Dry,1500,"Trafficway, On Road",3/19/20 16:50
6057,667870,1,41.34552,-72.91536,3186280,3/20/20,11:53:00,O,Property Damage Only,O,No Apparent Injury (O),2,Local,0,78,CARLETON ST,CARLETON ST,,,,,,4,Rain,1,Daylight,2,Wet,,"Trafficway, On Road",3/20/20 11:53
5819,668283,1,41.363503,-72.925421,3186693,3/20/20,18:32:00,A,"Injury of any type (Serious, Minor, Possible)",B,Suspected Minor Injury (B),2,Local,0.1,42,BENHAM ST,BENHAM ST,LAKEVIEW AV,,,,,1,Clear,1,Daylight,1,Dry,12800,"Trafficway, On Road",3/20/20 18:32
3199,668971,1,41.373034,-72.910922,3187381,3/21/20,3:31:00,O,Property Damage Only,O,No Apparent Injury (O),1,State,51.01,15,15-N,15-N,,Exit 60,10,TenthsofMile,N,1,Clear,5,Dark-Not Lighted,1,Dry,72100,"Trafficway, On Road",3/21/20 3:31
7294,667951,1,41.360301,-72.924523,3186361,3/21/20,8:56:00,O,Property Damage Only,O,No Apparent Injury (O),2,Local,0.03,316,LEE ST,LEE ST,,Dixwell Avenue,150,Feet,E,1,Clear,1,Daylight,1,Dry,,"Trafficway, On Road",3/21/20 8:56
5729,667952,1,41.342267,-72.922934,3186362,3/21/20,14:47:00,O,Property Damage Only,O,No Apparent Injury (O),2,Local,0.57,21,AUGUR ST,AUGUR ST,BARRACLOUGH AV,,,,,1,Clear,1,Daylight,1,Dry,,"Trafficway, On Road",3/21/20 14:47
9239,668757,1,41.345552,-72.942482,3187167,3/23/20,14:20:00,A,"Injury of any type (Serious, Minor, Possible)",C,Possible Injury (C),2,Local,1.27,598,WOODIN ST,WOODIN ST,,Glenbrook Ave.,100,Feet,E,4,Rain,1,Daylight,2,Wet,6000,"Trafficway, Not on Road",3/23/20 14:20
3364,668588,1,41.365736,-72.924129,3186998,3/24/20,5:46:00,O,Property Damage Only,O,No Apparent Injury (O),1,State,50.09,15,15-N,15-N,,Exit 60,1,TenthsofMile,N,1,Clear,5,Dark-Not Lighted,5,Ice / Frost,61700,"Trafficway, On Road",3/24/20 5:46
4633,668590,1,41.40019,-72.897307,3187000,3/24/20,6:08:00,O,Property Damage Only,O,No Apparent Injury (O),1,State,0.02,40,40-S,40-S-6,,Whitney Ave.,50,Feet,E,1,Clear,1,Daylight,5,Ice / Frost,1800,"Trafficway, On Road",3/24/20 6:08
3299,668591,1,41.365851,-72.92019,3187001,3/24/20,6:30:00,O,Property Damage Only,O,No Apparent Injury (O),2,State,50.3,15,15-N,15-N,,Exit 60,3,TenthsofMile,N,1,Clear,5,Dark-Not Lighted,5,Ice / Frost,66700,"Trafficway, On Road",3/24/20 6:30
5678,668608,1,41.422468,-72.93427,3187018,3/24/20,13:50:00,O,Property Damage Only,O,No Apparent Injury (O),1,Local,0.01,11,ANDOVER RD,ANDOVER RD,,CHOATE AVE,40,Feet,N,1,Clear,1,Daylight,1,Dry,,"Trafficway, On Road",3/24/20 13:50
1570,668609,1,41.34716,-72.933461,3187019,3/24/20,17:40:00,O,Property Damage Only,O,No Apparent Injury (O),2,State,5.8,10,CT-10,10-N,,Scott St.,465,Feet,S,1,Clear,1,Daylight,1,Dry,22400,"Trafficway, On Road",3/24/20 17:40
2168,668759,1,41.383552,-72.902434,3187169,3/25/20,12:04:00,O,Property Damage Only,O,No Apparent Injury (O),2,State,8.95,10,CT-10,10-N,,WHITNEY AVE,125,Feet,W,1,Clear,1,Daylight,1,Dry,17000,"Trafficway, On Road",3/25/20 12:04
9201,669092,1,41.342375,-72.921966,3187502,3/25/20,15:29:00,O,Property Damage Only,O,No Apparent Injury (O),2,Local,0,593,WINNETT ST,WINNETT ST,AUGUR ST,,,,,1,Clear,1,Daylight,1,Dry,,"Trafficway, On Road",3/25/20 15:29
8887,669458,1,41.365552,-72.915935,3187868,3/26/20,5:16:00,O,Property Damage Only,O,No Apparent Injury (O),3,Local,0.22,521,THORNTON ST,THORNTON ST,,Connolly Parkway,100,Feet,N,1,Clear,4,Dark-Lighted,1,Dry,,"Trafficway, On Road",3/26/20 5:16
1666,669065,1,41.373118,-72.916698,3187475,3/26/20,10:55:00,O,Property Damage Only,O,No Apparent Injury (O),2,State,7.79,10,CT-10,10-N,,SKIFF ST,1,TenthsofMile,S,1,Clear,1,Daylight,1,Dry,22000,"Trafficway, On Road",3/26/20 10:55
6624,669066,1,41.397439,-72.903776,3187476,3/26/20,11:04:00,A,"Injury of any type (Serious, Minor, Possible)",C,Possible Injury (C),1,Local,1.03,174,EVERGREEN AV,EVERGREEN AV,,Cannon St.,100,Feet,S,1,Clear,1,Daylight,1,Dry,4200,"Trafficway, On Road",3/26/20 11:04
8198,669093,1,41.349912,-72.902186,3187503,3/26/20,13:35:00,O,Property Damage Only,O,No Apparent Injury (O),2,Local,1.04,452,RIDGE RD,RIDGE RD,HARTFORD TPK,,,Feet,,1,Clear,1,Daylight,1,Dry,4800,"Trafficway, On Road",3/26/20 13:35
8579,669067,1,41.405266,-72.914396,3187477,3/26/20,13:38:00,O,Property Damage Only,O,No Apparent Injury (O),2,Local,1.2,491,SHERMAN AV,SHERMAN AV NO 1,,CORPORATE RIDGE RD,1,TenthsofMile,S,1,Clear,1,Daylight,1,Dry,5700,"Trafficway, On Road",3/26/20 13:38
5266,670927,1,41.355938,-72.911824,3189337,3/27/20,3:51:00,O,Property Damage Only,O,No Apparent Injury (O),1,State,1.65,707,WHITNEY AV,707-N,WAITE ST,,,,,1,Clear,4,Dark-Lighted,1,Dry,11800,"Trafficway, On Road",3/27/20 3:51
5706,675543,1,41.360277,-72.935111,3193952,3/27/20,5:23:00,O,Property Damage Only,O,No Apparent Injury (O),1,Local,0.12,16,ARENTS RD,ARENTS RD,,Acadia,50,Feet,E,1,Clear,4,Dark-Lighted,1,Dry,,"Trafficway, Not on Road",3/27/20 5:23
7234,675544,1,41.403417,-72.894029,3193953,3/27/20,14:09:00,O,Property Damage Only,O,No Apparent Injury (O),2,Local,0.01,281,IVES ST,IVES ST,,Broadway St,50,Feet,E,1,Clear,1,Daylight,1,Dry,400,"Trafficway, On Road",3/27/20 14:09
1795,669459,1,41.343828,-72.934485,3187869,3/27/20,20:17:00,O,Property Damage Only,O,No Apparent Injury (O),2,State,5.39,10,CT-10,10-N,THIRD ST,,,,,1,Clear,4,Dark-Lighted,1,Dry,21100,"Trafficway, On Road",3/27/20 20:17
6718,674594,1,41.418373,-72.927286,3193004,3/28/20,0:55:00,O,Property Damage Only,O,No Apparent Injury (O),1,Local,0.33,178,FANS ROCK RD,FANS ROCK RD,PARADISE AV NO 1,,,,,1,Clear,4,Dark-Lighted,1,Dry,1600,"Trafficway, On Road",3/28/20 0:55
6113,669460,1,41.352277,-72.935896,3187870,3/28/20,17:30:00,A,"Injury of any type (Serious, Minor, Possible)",B,Suspected Minor Injury (B),2,Local,0.96,99,CIRCULAR AV,CIRCULAR AV,BEACON ST,,,,,4,Rain,1,Daylight,2,Wet,7700,"Trafficway, On Road",3/28/20 17:30
7131,669733,1,41.365282,-72.942455,3188143,3/29/20,14:23:00,A,"Injury of any type (Serious, Minor, Possible)",C,Possible Injury (C),1,Local,0.33,249,HEARN LA,HEARN LA,SANDQUIST CIR,,,,,4,Rain,1,Daylight,2,Wet,400,"Trafficway, On Road",3/29/20 14:23
5854,669694,1,41.366222,-72.937746,3188104,3/30/20,6:20:00,O,Property Damage Only,O,No Apparent Injury (O),1,Local,0.77,42,BENHAM ST,BENHAM ST,,Denslow Hill Road,1,TenthsofMile,W,1,Clear,1,Daylight,1,Dry,12600,"Trafficway, On Road",3/30/20 6:20
860,669695,1,41.409152,-72.900325,3188105,3/30/20,7:52:00,O,Property Damage Only,O,No Apparent Injury (O),2,State,10.84,10,CT-10,10-N,,Evergreen Av,200,Feet,N,1,Clear,1,Daylight,1,Dry,25300,"Trafficway, On Road",3/30/20 7:52
421,669749,1,41.354232,-72.929542,3188159,3/30/20,12:02:00,O,Property Damage Only,O,No Apparent Injury (O),2,State,6.33,10,CT-10,10-N,,TREADWELL ST,75,Feet,N,2,Cloudy,1,Daylight,1,Dry,27700,"Trafficway, On Road",3/30/20 12:02
6067,669501,1,41.360157,-72.913368,3187911,3/30/20,12:39:00,O,Property Damage Only,O,No Apparent Injury (O),2,Local,0.19,87,CENTRAL AV,CENTRAL AV,,WEATON ST,150,Feet,E,1,Clear,1,Daylight,1,Dry,,"Trafficway, On Road",3/30/20 12:39
3073,671039,1,41.362952,-72.930659,3189449,3/31/20,2:48:00,O,Property Damage Only,O,No Apparent Injury (O),1,State,49.69,15,15-N,15-N,,EXIT #60,3,TenthsofMile,S,4,Rain,5,Dark-Not Lighted,2,Wet,79200,"Trafficway, On Road",3/31/20 2:48
8169,669736,1,41.337181,-72.902018,3188146,3/31/20,7:16:00,A,"Injury of any type (Serious, Minor, Possible)",C,Possible Injury (C),1,Local,0.14,452,RIDGE RD,RIDGE RD,,,,,,2,Cloudy,1,Daylight,1,Dry,8800,"Trafficway, On Road",3/31/20 7:16
326,671087,1,41.364367,-72.922849,3189497,4/1/20,12:46:00,O,Property Damage Only,O,No Apparent Injury (O),2,State,6.93,10,CT-10,10-N,WEYBOSSET ST,,,,,1,Clear,1,Daylight,1,Dry,31800,"Trafficway, On Road",4/1/20 12:46
5566,671711,1,41.376486,-72.915547,3190121,4/2/20,20:58:00,O,Property Damage Only,O,No Apparent Injury (O),2,State,0.04,753,CT-10,753-S,,Shepard Ave,25,Feet,S,4,Rain,4,Dark-Lighted,2,Wet,15700,"Trafficway, On Road",4/2/20 20:58
4612,672075,1,41.401443,-72.8975,3190485,4/3/20,7:25:00,O,Property Damage Only,O,No Apparent Injury (O),1,State,3.07,40,40-N,40-N,,Route 10,5,Feet,E,4,Rain,1,Daylight,2,Wet,18500,"Trafficway, On Road",4/3/20 7:25
1571,671712,1,41.346921,-72.933543,3190122,4/3/20,16:58:00,A,"Injury of any type (Serious, Minor, Possible)",C,Possible Injury (C),2,State,5.78,10,CT-10,10-N,,Circular Ave.,150,Feet,N,1,Clear,1,Daylight,1,Dry,22400,"Trafficway, On Road",4/3/20 16:58
7768,671779,1,41.383785,-72.904857,3190189,4/3/20,23:55:00,O,Property Damage Only,O,No Apparent Injury (O),1,Local,0.04,143,OLD DIXWELL AV,OLD DIXWELL AV,,DIXWELL AVE,65,Feet,N,1,Clear,4,Dark-Lighted,1,Dry,,"Trafficway, On Road",4/3/20 23:55
8084,671713,1,41.345143,-72.917456,3190123,4/4/20,9:17:00,O,Property Damage Only,O,No Apparent Injury (O),2,Local,0.27,439,PUTNAM AV,PUTNAM AV,LILAC AV,,,,,1,Clear,1,Daylight,1,Dry,,"Trafficway, On Road",4/4/20 9:17
1483,671912,1,41.35275,-72.93045,3190322,4/6/20,11:46:00,O,Property Damage Only,O,No Apparent Injury (O),2,State,6.04,10,CT-10,10-N,CHURCH ST,,,,,1,Clear,1,Daylight,1,Dry,22600,"Trafficway, On Road",4/6/20 11:46
7245,671820,1,41.419739,-72.909851,3190230,4/7/20,12:22:00,O,Property Damage Only,O,No Apparent Injury (O),2,Local,0.16,298,KIMBERLY RD,KIMBERLY RD,EXIT 44,,,,,1,Clear,1,Daylight,1,Dry,,"Trafficway, On Road",4/7/20 12:22
327,671981,1,41.362702,-72.923876,3190391,4/7/20,17:35:00,O,Property Damage Only,O,No Apparent Injury (O),1,State,6.8,10,CT-10,10-N,BENHAM ST,,,,,1,Clear,1,Daylight,1,Dry,31800,"Trafficway, On Road",4/7/20 17:35
9196,672428,1,41.335844,-72.924804,3190838,4/7/20,21:17:00,A,"Injury of any type (Serious, Minor, Possible)",C,Possible Injury (C),3,Local,0.25,591,WINCHESTER AV,WINCHESTER AV,,Marlboro St,10,Feet,S,1,Clear,4,Dark-Lighted,1,Dry,1300,"Trafficway, On Road",4/7/20 21:17
2549,671982,1,41.382377,-72.910169,3190392,4/8/20,16:48:00,O,Property Damage Only,O,No Apparent Injury (O),2,State,8.37,10,CT-10,10-N,THOMPSON ST,,,,,1,Clear,1,Daylight,1,Dry,11200,"Trafficway, On Road",4/8/20 16:48
1033,672429,1,41.344557,-72.93438,3190839,4/8/20,20:02:00,O,Property Damage Only,O,No Apparent Injury (O),2,State,5.61,10,CT-10,10-N,,WOODIN ST,20,Feet,N,1,Clear,1,Daylight,1,Dry,24700,"Trafficway, On Road",4/8/20 20:02
1796,672430,1,41.344461,-72.934372,3190840,4/8/20,20:46:00,O,Property Damage Only,O,No Apparent Injury (O),2,State,5.42,10,CT-10,10-N,WOODIN ST,,,,,1,Clear,4,Dark-Lighted,1,Dry,21100,"Trafficway, On Road",4/8/20 20:46
7750,674595,1,41.345572,-72.935511,3193005,4/9/20,6:33:00,O,Property Damage Only,O,No Apparent Injury (O),2,Local,0.03,396,NOTKINS ST,NOTKINS ST,,HELEN ST,440,Feet,S,1,Clear,1,Daylight,1,Dry,,"Trafficway, On Road",4/9/20 6:33
1667,672431,1,41.369208,-72.919151,3190841,4/9/20,15:19:00,O,Property Damage Only,O,No Apparent Injury (O),2,State,7.49,10,CT-10,10-N,,Connolly Pkwy,820,Feet,N,4,Rain,1,Daylight,2,Wet,22000,"Trafficway, On Road",4/9/20 15:19
6114,672432,1,41.352287,-72.935826,3190842,4/9/20,16:12:00,A,"Injury of any type (Serious, Minor, Possible)",C,Possible Injury (C),2,Local,0.96,99,CIRCULAR AV,CIRCULAR AV,BEACON ST,,,,,1,Clear,1,Daylight,2,Wet,7700,"Trafficway, On Road",4/9/20 16:12
1034,672433,1,41.345828,-72.934002,3190843,4/9/20,16:32:00,O,Property Damage Only,O,No Apparent Injury (O),2,State,5.7,10,CT-10,10-N,,PUTNAM AVE,20,Feet,S,1,Clear,1,Daylight,2,Wet,24700,"Trafficway, On Road",4/9/20 16:32
6794,672434,1,41.338316,-72.898798,3190844,4/10/20,10:52:00,O,Property Damage Only,O,No Apparent Injury (O),2,Local,0.18,200,FRANKLIN RD,FRANKLIN RD,POTTER PL,,,,,1,Clear,1,Daylight,1,Dry,,"Trafficway, On Road",4/10/20 10:52
7658,672435,1,41.388992,-72.949463,3190845,4/12/20,3:28:00,A,"Injury of any type (Serious, Minor, Possible)",B,Suspected Minor Injury (B),1,Local,0.1,373,MOUNTAIN RD,MOUNTAIN RD,,Main Street ,5,TenthsofMile,N,1,Clear,4,Dark-Lighted,1,Dry,,"Trafficway, On Road",4/12/20 3:28
7345,672436,1,41.359327,-72.963403,3190846,4/12/20,9:37:00,O,Property Damage Only,O,No Apparent Injury (O),2,Local,2.19,340,MAIN ST,MAIN ST,,WINTERGREEN AVE,400,Feet,W,1,Clear,1,Daylight,1,Dry,,"Trafficway, Not on Road",4/12/20 9:37
6345,674596,1,41.340103,-72.903285,3193006,4/12/20,15:44:00,O,Property Damage Only,O,No Apparent Injury (O),1,Local,0.27,128,DAVIS ST,DAVIS ST,,Ridge Rd,200,Feet,W,1,Clear,1,Daylight,1,Dry,8900,"Trafficway, Not on Road",4/12/20 15:44
9057,674079,1,41.336696,-72.939955,3192489,4/14/20,19:08:00,O,Property Damage Only,O,No Apparent Injury (O),2,Local,0,564,WEST EASTON ST,WEST EASTON ST,WARNER ST,,,,,1,Clear,1,Daylight,1,Dry,,"Trafficway, On Road",4/14/20 19:08
8074,674080,1,41.344858,-72.919371,3192490,4/15/20,10:30:00,O,Property Damage Only,O,No Apparent Injury (O),2,Local,0.37,439,PUTNAM AV,PUTNAM AV,,FRANCIS AVE,50,Feet,W,1,Clear,1,Daylight,1,Dry,9100,"Trafficway, On Road",4/15/20 10:30