,CrashId,Fatal Case Status,lat,lon,DOT Case Number,Date Of Crash,Time of Crash,Crash Severity,Crash Severity Text Format,Most Severe Injury,Most Severe Injury Text Format,Number Of Motor Vehicles,Route Class Text Format,Milemarker,Road Number,Road Description,Roadway Name,Intersecting Roadway Name,Landmark Description,Distance From Nearest Landmark,Unit Of Measure From Nearest Landmark,Direction From Nearest Landmark,Weather Condition,Weather Condition Text Format,Light Condition,Light Condition Text Format,Road Surface Condition,Road Surface Condition Text Format,Average Daily Traffic,Trafficway Class Text Format,full_date
328,675197,1,41.362661,-72.9238,3193606,4/15/20,14:59:00,O,Property Damage Only,O,No Apparent Injury (O),2,State,6.98,10,CT-10,10-N,,,,,,1,Clear,1,Daylight,1,Dry,31800,"Trafficway, On Road",4/15/20 14:59
1797,674597,1,41.338495,-72.935245,3193007,4/16/20,20:18:00,O,Property Damage Only,O,No Apparent Injury (O),2,State,5.2,10,CT-10,10-N,,arch street,25,Feet,N,4,Rain,4,Dark-Lighted,2,Wet,21100,"Trafficway, On Road",4/16/20 20:18
4008,674598,1,41.378359,-72.904843,3193008,4/17/20,22:33:00,O,Property Damage Only,O,No Apparent Injury (O),2,State,51.5,15,15-S,15-S,,Rt.15 connector,40,Feet,S,4,Rain,4,Dark-Lighted,2,Wet,66900,"Trafficway, On Road",4/17/20 22:33
1573,675560,1,41.347753,-72.93317,3193969,4/18/20,12:48:00,A,"Injury of any type (Serious, Minor, Possible)",B,Suspected Minor Injury (B),2,State,5.84,10,CT-10,10-N,,scott st,208,Feet,S,1,Clear,1,Daylight,1,Dry,22400,"Trafficway, On Road",4/18/20 12:48
1572,674749,1,41.34792,-72.93298,3193159,4/19/20,12:44:00,O,Property Damage Only,O,No Apparent Injury (O),2,State,5.86,10,CT-10,10-N,,Scott Street,200,Feet,S,1,Clear,1,Daylight,1,Dry,22400,"Trafficway, On Road",4/19/20 12:44
7482,680430,1,41.36949,-72.92497,3198837,4/19/20,13:33:00,O,Property Damage Only,O,No Apparent Injury (O),1,Local,0.42,366,MIX AV,MIX AV,,MIX AVENUE,50,Feet,E,1,Clear,1,Daylight,1,Dry,4000,"Trafficway, On Road",4/19/20 13:33
5081,675074,1,41.335196,-72.911593,3193483,4/19/20,14:01:00,O,Property Damage Only,O,No Apparent Injury (O),2,State,0.16,707,WHITNEY AV,707-N,,Armory Street,500,Feet,S,1,Clear,1,Daylight,1,Dry,14200,"Trafficway, On Road",4/19/20 14:01
8000,675075,1,41.3441,-72.9281,3193484,4/19/20,16:12:00,O,Property Damage Only,O,No Apparent Injury (O),2,Local,0.85,439,PUTNAM AV,PUTNAM AV,,Newhall St,1,TenthsofMile,W,1,Clear,1,Daylight,1,Dry,12400,"Trafficway, On Road",4/19/20 16:12
422,675198,1,41.35903,-72.925794,3193607,4/19/20,20:16:00,O,Property Damage Only,O,No Apparent Injury (O),2,State,6.53,10,CT-10,10-N,MATHER ST,,,,,1,Clear,4,Dark-Lighted,1,Dry,27700,"Trafficway, On Road",4/19/20 20:16
150,674751,1,41.36567,-72.92197,3193161,4/20/20,18:34:00,O,Property Damage Only,O,No Apparent Injury (O),2,State,7.21,10,CT-10,10-N,,Dewey St,300,Feet,N,1,Clear,1,Daylight,1,Dry,33500,"Trafficway, On Road",4/20/20 18:34
4596,675483,1,41.39893087,-72.89230988,3193892,4/21/20,15:43:00,A,"Injury of any type (Serious, Minor, Possible)",C,Possible Injury (C),1,State,2.75,40,40-N,40-N,,Exit1,0.25,TenthsofMile,W,4,Rain,1,Daylight,2,Wet,20300,"Trafficway, On Road",4/21/20 15:43
6346,675077,1,41.340977,-72.906895,3193486,4/22/20,10:11:00,A,"Injury of any type (Serious, Minor, Possible)",C,Possible Injury (C),2,Local,0.47,128,DAVIS ST,DAVIS ST,,Hartford Tpke,200,Feet,E,1,Clear,1,Daylight,1,Dry,8900,"Trafficway, On Road",4/22/20 10:11
9010,675679,1,41.342638,-72.937579,3194088,4/22/20,12:34:00,O,Property Damage Only,O,No Apparent Injury (O),2,Local,0.06,553,WARREN ST,WARREN ST,,FIRST ST,20,Feet,N,1,Clear,1,Daylight,1,Dry,,"Trafficway, On Road",4/22/20 12:34
7480,675680,1,41.364606,-72.929245,3194089,4/22/20,14:12:00,O,Property Damage Only,O,No Apparent Injury (O),2,Local,0.01,366,MIX AV,MIX AV,,Benham St,10,Feet,N,1,Clear,1,Daylight,1,Dry,4000,"Trafficway, On Road",4/22/20 14:12
8462,675082,1,41.382517,-72.920458,3193491,4/22/20,16:45:00,O,Property Damage Only,O,No Apparent Injury (O),2,Local,0.5,489,SHEPARD AV,SHEPARD AV,HOWARD DR,,,,,1,Clear,1,Daylight,1,Dry,1400,"Trafficway, On Road",4/22/20 16:45
7843,675681,1,41.335717,-72.902042,3194090,4/23/20,13:36:00,O,Property Damage Only,O,No Apparent Injury (O),2,Local,0.52,414,PARK RD,PARK RD,,Farm Rd.,1,TenthsofMile,N,2,Cloudy,1,Daylight,1,Dry,1500,"Trafficway, On Road",4/23/20 13:36
2360,675199,1,41.399932,-72.897606,3193608,4/23/20,14:02:00,O,Property Damage Only,O,No Apparent Injury (O),2,State,10.18,10,CT-10,10-N,,Charlton Hill Rd.,150,Feet,S,2,Cloudy,1,Daylight,1,Dry,14800,"Trafficway, On Road",4/23/20 14:02
6182,675682,1,41.365926,-72.936724,3194091,4/23/20,15:45:00,O,Property Damage Only,O,No Apparent Injury (O),2,Local,0,99,CIRCULAR AV,CIRCULAR AV,BENHAM ST,,,,,1,Clear,1,Daylight,1,Dry,1900,"Trafficway, On Road",4/23/20 15:45
6452,681024,1,41.36935,-72.92461,3199431,4/24/20,6:14:00,O,Property Damage Only,O,No Apparent Injury (O),2,,,,DIXWELL AV,2100 dixwell ave,West plaza access rd,Mix Ave,50,Feet,E,4,Rain,1,Daylight,2,Wet,,"Trafficway, On Road",4/24/20 6:14
2449,675200,1,41.403869,-72.898338,3193609,4/24/20,8:52:00,A,"Injury of any type (Serious, Minor, Possible)",B,Suspected Minor Injury (B),2,State,10.27,10,CT-10,10-N,DICKERMAN ST,,,,,4,Rain,1,Daylight,2,Wet,12900,"Trafficway, On Road",4/24/20 8:52
1036,678028,1,41.345705,-72.933998,3196435,4/24/20,11:31:00,A,"Injury of any type (Serious, Minor, Possible)",B,Suspected Minor Injury (B),2,State,5.69,10,CT-10,10-N,,PUTNAM AVE,30,Feet,S,4,Rain,1,Daylight,2,Wet,24700,"Trafficway, On Road",4/24/20 11:31
6591,675561,1,41.343607,-72.911995,3193970,4/24/20,16:50:00,O,Property Damage Only,O,No Apparent Injury (O),2,Local,0.09,167,ELI RD,ELI RD,,WHITNEY AVE,10,Feet,E,4,Rain,1,Daylight,2,Wet,3300,"Trafficway, On Road",4/24/20 16:50
4009,677305,1,41.378113,-72.905315,3195712,4/25/20,13:08:00,A,"Injury of any type (Serious, Minor, Possible)",B,Suspected Minor Injury (B),2,State,51.46,15,15-S,15-S,EXIT 61,,,,,1,Clear,1,Daylight,1,Dry,66900,"Trafficway, On Road",4/25/20 13:08
6311,678241,1,41.368962,-72.942954,3196648,4/25/20,13:57:00,A,"Injury of any type (Serious, Minor, Possible)",B,Suspected Minor Injury (B),1,Local,0.41,114,COOPER LA,COOPER LA,,Cooper Lane,0.400000006,TenthsofMile,N,1,Clear,1,Daylight,1,Dry,800,"Trafficway, On Road",4/25/20 13:57
1668,675683,1,41.368419,-72.919773,3194092,4/25/20,19:57:00,A,"Injury of any type (Serious, Minor, Possible)",B,Suspected Minor Injury (B),2,State,7.42,10,CT-10,10-N,,Connolly Parkway,1,TenthsofMile,N,1,Clear,4,Dark-Lighted,1,Dry,22000,"Trafficway, On Road",4/25/20 19:57
2587,678704,1,41.338268,-72.935163,3197111,4/26/20,15:59:00,O,Property Damage Only,O,No Apparent Injury (O),2,State,5,10,CT-10,10-N,DIXWELL AV NO 1,,,,,1,Clear,1,Daylight,1,Dry,11100,"Trafficway, On Road",4/26/20 15:59
8147,675684,1,41.358148,-72.904581,3194093,4/27/20,7:20:00,O,Property Damage Only,O,No Apparent Injury (O),2,Local,0.02,443,RANCH RD,RANCH RD,,West Slope Ln,150,Feet,W,2,Cloudy,1,Daylight,2,Wet,,"Trafficway, On Road",4/27/20 7:20
7844,677742,1,41.334205,-72.90207,3196149,4/27/20,11:57:00,O,Property Damage Only,O,No Apparent Injury (O),2,Local,0.42,414,PARK RD,PARK RD,FARM RD,,,,,2,Cloudy,1,Daylight,1,Dry,1500,"Trafficway, On Road",4/27/20 11:57
2586,675685,1,41.339546,-72.935154,3194094,4/27/20,14:06:00,O,Property Damage Only,O,No Apparent Injury (O),2,State,5.09,10,CT-10,10-N,PINE ST,,,,,4,Rain,1,Daylight,2,Wet,11100,"Trafficway, On Road",4/27/20 14:06
7481,677335,1,41.375606,-72.920846,3195742,4/27/20,21:36:00,O,Property Damage Only,O,No Apparent Injury (O),1,Local,0.89,366,MIX AV,MIX AV,,SKIFF ST.,300,Feet,S,4,Rain,4,Dark-Lighted,2,Wet,4000,"Trafficway, On Road",4/27/20 21:36
8302,677160,1,41.385215,-72.906859,3195567,4/28/20,10:31:00,O,Property Damage Only,O,No Apparent Injury (O),2,Local,0,480,SCHOOL ST,SCHOOL ST,EVERGREEN AV,,,,,1,Clear,1,Daylight,1,Dry,5300,"Trafficway, On Road",4/28/20 10:31
7346,677161,1,41.37215,-72.958781,3195568,4/29/20,11:33:00,O,Property Damage Only,O,No Apparent Injury (O),2,Local,1.23,340,MAIN ST,MAIN ST,,Benham St.,1,TenthsofMile,N,2,Cloudy,1,Daylight,1,Dry,,"Trafficway, On Road",4/29/20 11:33
6607,678081,1,41.385048,-72.906875,3196488,4/30/20,0:42:00,O,Property Damage Only,O,No Apparent Injury (O),1,Local,0.15,174,EVERGREEN AV,EVERGREEN AV,,School Street,50,Feet,W,4,Rain,4,Dark-Lighted,2,Wet,8500,"Trafficway, On Road",4/30/20 0:42
8235,677743,1,41.362386,-72.926057,3196150,4/30/20,10:54:00,O,Property Damage Only,O,No Apparent Injury (O),2,Local,0.01,456,ROBERT ST,ROBERT ST,,Lakeview Ave,50,Feet,E,4,Rain,1,Daylight,2,Wet,,"Trafficway, On Road",4/30/20 10:54
6101,677744,1,41.353696,-72.93324,3196151,5/1/20,9:33:00,A,"Injury of any type (Serious, Minor, Possible)",C,Possible Injury (C),4,Local,0.16,97,CHURCH ST,CHURCH ST,,Garden St.,140,Feet,W,2,Cloudy,1,Daylight,2,Wet,,"Trafficway, On Road",5/1/20 9:33
8076,678242,1,41.343682,-72.926341,3196649,5/1/20,21:57:00,A,"Injury of any type (Serious, Minor, Possible)",C,Possible Injury (C),2,Local,0.74,439,PUTNAM AV,PUTNAM AV,LEEDER HILL DR,,,,,1,Clear,4,Dark-Lighted,1,Dry,9100,"Trafficway, On Road",5/1/20 21:57
329,680621,1,41.362661,-72.9238,3199028,5/2/20,16:01:00,O,Property Damage Only,O,No Apparent Injury (O),2,State,6.8,10,CT-10,10-N,BENHAM ST,,,,E,1,Clear,1,Daylight,1,Dry,31800,"Trafficway, On Road",5/2/20 16:01
8464,678723,1,41.384,-72.9209,3197130,5/2/20,19:31:00,A,"Injury of any type (Serious, Minor, Possible)",B,Suspected Minor Injury (B),2,Local,0.61,489,SHEPARD AV,SHEPARD AV,,Howard Dr,1,TenthsofMile,N,1,Clear,1,Daylight,1,Dry,1400,"Trafficway, On Road",5/2/20 19:31
7751,678082,1,41.346424,-72.935213,3196489,5/3/20,14:36:00,A,"Injury of any type (Serious, Minor, Possible)",C,Possible Injury (C),2,Local,0.09,396,NOTKINS ST,NOTKINS ST,,Helen St,100,Feet,S,1,Clear,1,Daylight,1,Dry,,"Trafficway, On Road",5/3/20 14:36
2065,678250,1,41.428221,-72.906235,3196657,5/4/20,14:42:00,A,"Injury of any type (Serious, Minor, Possible)",C,Possible Injury (C),2,State,12.18,10,CT-10,10-N,,TUTTLE AVENUE,100,Feet,S,1,Clear,1,Daylight,1,Dry,17600,"Trafficway, On Road",5/4/20 14:42
6931,678083,1,41.335185,-72.927892,3196490,5/4/20,16:22:00,O,Property Damage Only,O,No Apparent Injury (O),2,Local,0.42,222,GOODRICH ST,GOODRICH ST,SHEPARD ST,,,,,1,Clear,1,Daylight,1,Dry,3100,"Trafficway, On Road",5/4/20 16:22
2345,677965,1,41.455502,-72.908419,3196372,5/4/20,17:34:00,A,"Injury of any type (Serious, Minor, Possible)",C,Possible Injury (C),2,State,14.1,10,CT-10,10-N,,Mount Sanford Road,1,TenthsofMile,S,1,Clear,1,Daylight,1,Dry,15400,"Trafficway, On Road",5/4/20 17:34
6795,678084,1,41.336406,-72.900535,3196491,5/4/20,19:42:00,O,Property Damage Only,O,No Apparent Injury (O),2,Local,0.02,200,FRANKLIN RD,FRANKLIN RD,,Ridge Rd.,75,Feet,N,1,Clear,1,Daylight,1,Dry,,"Trafficway, On Road",5/4/20 19:42
8075,678085,1,41.343723,-72.926268,3196492,5/5/20,13:28:00,O,Property Damage Only,O,No Apparent Injury (O),2,Local,0.74,439,PUTNAM AV,PUTNAM AV,LEEDER HILL DR,,,,,1,Clear,1,Daylight,1,Dry,9100,"Trafficway, On Road",5/5/20 13:28
8463,678251,1,41.377153,-72.915942,3196658,5/5/20,14:13:00,O,Property Damage Only,O,No Apparent Injury (O),2,Local,0.05,489,SHEPARD AV,SHEPARD AV,,DIXWELL AVE,200,Feet,N,1,Clear,1,Daylight,1,Dry,1400,"Trafficway, On Road",5/5/20 14:13
6010,678922,1,41.350697,-72.94373,3197329,5/5/20,16:27:00,O,Property Damage Only,O,No Apparent Injury (O),2,Local,0.51,63,BROOK ST,BROOK ST,GORHAM AV,,,,,1,Clear,1,Daylight,1,Dry,3000,"Trafficway, On Road",5/5/20 16:27
6737,678086,1,41.351744,-72.919406,3196493,5/6/20,9:13:00,O,Property Damage Only,O,No Apparent Injury (O),2,Local,0.01,186,FERN ST,FERN ST,,Manor St.,50,Feet,E,2,Cloudy,1,Daylight,1,Dry,,"Trafficway, On Road",5/6/20 9:13
6467,678302,1,41.33577155,-72.93520189,3196709,5/6/20,16:18:00,A,"Injury of any type (Serious, Minor, Possible)",C,Possible Injury (C),2,Local,0.02,142,DIXWELL AV,DIXWELL AV NO 1,GOODRICH ST,,,,,1,Clear,1,Daylight,1,Dry,,"Trafficway, On Road",5/6/20 16:18
1037,681419,1,41.345447,-72.933983,3199826,5/6/20,23:18:00,A,"Injury of any type (Serious, Minor, Possible)",C,Possible Injury (C),1,State,5.68,10,CT-10,10-N,,putnam ave,200,Feet,S,1,Clear,4,Dark-Lighted,1,Dry,24700,"Trafficway, Not on Road",5/6/20 23:18
7929,680435,1,41.35076,-72.943643,3198842,5/7/20,3:15:00,O,Property Damage Only,O,No Apparent Injury (O),2,Local,0.33,429,PINE ROCK AV,PINE ROCK AV NO 1,,Gorham Ave,15,Feet,N,1,Clear,4,Dark-Lighted,1,Dry,5500,"Trafficway, On Road",5/7/20 3:15
8270,681764,1,41.381104,-72.912599,3200171,5/7/20,6:40:00,O,Property Damage Only,O,No Apparent Injury (O),2,Local,0,477,SANFORD ST,SANFORD ST,,dixwell ave,50,Feet,N,1,Clear,1,Daylight,1,Dry,5200,"Trafficway, On Road",5/7/20 6:40
5368,680445,1,41.355994,-72.911728,3198852,5/7/20,10:08:00,A,"Injury of any type (Serious, Minor, Possible)",C,Possible Injury (C),3,State,1.65,707,WHITNEY AV,707-N,WAITE ST,,,,,1,Clear,1,Daylight,1,Dry,,"Trafficway, On Road",5/7/20 10:08
4794,678724,1,41.356207,-72.890651,3197131,5/7/20,10:14:00,A,"Injury of any type (Serious, Minor, Possible)",C,Possible Injury (C),3,USRoute,3.08,5,US-5,5-N,,Daniel Road,1,TenthsofMile,S,1,Clear,1,Daylight,1,Dry,10000,"Trafficway, On Road",5/7/20 10:14
8974,680505,1,41.356635,-72.914247,3198912,5/8/20,14:05:00,O,Property Damage Only,O,No Apparent Injury (O),1,Local,0.8,548,WAITE ST,WAITE ST,,Mather St,2,TenthsofMile,N,4,Rain,1,Daylight,2,Wet,2200,"Trafficway, On Road",5/8/20 14:05
1674,694073,1,41.368216,-72.919864,3212476,5/8/20,14:16:00,A,"Injury of any type (Serious, Minor, Possible)",C,Possible Injury (C),2,State,7.41,10,CT-10,10-N,,connolly parkway,320,Feet,N,4,Rain,1,Daylight,2,Wet,22000,"Trafficway, On Road",5/8/20 14:16
5029,678725,1,41.34353,-72.912145,3197132,5/8/20,16:08:00,O,Property Damage Only,O,No Apparent Injury (O),2,State,0.77,707,WHITNEY AV,707-N,ELI RD,,,,S,2,Cloudy,1,Daylight,1,Dry,14300,"Trafficway, On Road",5/8/20 16:08
3200,678676,1,41.375107,-72.908787,3197083,5/8/20,18:55:00,O,Property Damage Only,O,No Apparent Injury (O),1,State,51.2,15,15-N,15-N,,Exit 61,5,TenthsofMile,S,4,Rain,1,Daylight,2,Wet,72100,"Trafficway, On Road",5/8/20 18:55
7483,681093,1,41.364718,-72.928988,3199500,5/8/20,21:10:00,A,"Injury of any type (Serious, Minor, Possible)",C,Possible Injury (C),2,Local,0.02,366,MIX AV,MIX AV,,Benham Street,80,Feet,N,4,Rain,4,Dark-Lighted,2,Wet,4000,"Trafficway, On Road",5/8/20 21:10
8666,681420,1,41.371875,-72.908089,3199827,5/8/20,21:14:00,O,Property Damage Only,O,No Apparent Injury (O),2,Local,0.11,494,SKIFF ST,SKIFF ST,,Whitney Ave,1,TenthsofMile,W,4,Rain,5,Dark-Not Lighted,2,Wet,24400,"Trafficway, On Road",5/8/20 21:14
6579,682381,1,41.365071,-72.915306,3200788,5/9/20,10:52:00,O,Property Damage Only,O,No Apparent Injury (O),2,Local,0.06,166,ELGIN ST,ELGIN ST,,Greenway St,120,Feet,W,1,Clear,1,Daylight,1,Dry,4000,"Trafficway, On Road",5/9/20 10:52
2067,680446,1,41.442234,-72.910881,3198853,5/9/20,22:14:00,O,Property Damage Only,O,No Apparent Injury (O),1,State,13.18,10,CT-10,10-N,,Brooksvale Rd,150,TenthsofMile,S,1,Clear,4,Dark-Lighted,1,Dry,17600,"Trafficway, Not on Road",5/9/20 22:14
2066,678923,1,41.441251,-72.910694,3197330,5/10/20,12:49:00,A,"Injury of any type (Serious, Minor, Possible)",B,Suspected Minor Injury (B),2,State,13.11,10,CT-10,10-N,,Brooksvale Ave,525,Feet,S,1,Clear,1,Daylight,1,Dry,17600,"Trafficway, On Road",5/10/20 12:49
1574,678706,1,41.34839,-72.93276,3197113,5/10/20,16:56:00,O,Property Damage Only,O,No Apparent Injury (O),2,State,5.89,10,CT-10,10-N,,Scott Street,25,Feet,S,1,Clear,1,Daylight,1,Dry,22400,"Trafficway, On Road",5/10/20 16:56
1992,680462,1,41.382587,-72.909298,3198869,5/11/20,16:24:00,O,Property Damage Only,O,No Apparent Injury (O),2,State,8.42,10,CT-10,10-N,COLONY ST,,,,,1,Clear,1,Daylight,2,Wet,18400,"Trafficway, On Road",5/11/20 16:24
1575,680463,1,41.347183,-72.933465,3198870,5/11/20,16:41:00,O,Property Damage Only,O,No Apparent Injury (O),2,State,5.8,10,CT-10,10-N,,Circular Ave.,250,Feet,N,1,Clear,1,Daylight,1,Dry,22400,"Trafficway, On Road",5/11/20 16:41
2550,681126,1,41.380675,-72.912847,3199533,5/12/20,12:51:00,O,Property Damage Only,O,No Apparent Injury (O),2,State,8.36,10,CT-10,10-N,,SANFORD ST,150,Feet,W,1,Clear,1,Daylight,1,Dry,11200,"Trafficway, On Road",5/12/20 12:51
1576,680464,1,41.346684,-72.933745,3198871,5/12/20,12:56:00,O,Property Damage Only,O,No Apparent Injury (O),2,State,5.77,10,CT-10,10-N,,Circular Ave,100,Feet,N,1,Clear,1,Daylight,1,Dry,22400,"Trafficway, On Road",5/12/20 12:56
9240,680465,1,41.345084,-72.935626,3198872,5/12/20,13:59:00,O,Property Damage Only,O,No Apparent Injury (O),1,Local,1.63,598,WOODIN ST,WOODIN ST,,NOTKINS STREET,60,Feet,E,1,Clear,1,Daylight,1,Dry,6000,"Trafficway, On Road",5/12/20 13:59
8077,680466,1,41.345549,-72.915086,3198873,5/12/20,16:33:00,O,Property Damage Only,O,No Apparent Injury (O),2,Local,0.14,439,PUTNAM AV,PUTNAM AV,,Carleton St.,25,Feet,E,1,Clear,1,Daylight,1,Dry,9100,"Trafficway, On Road",5/12/20 16:33
8900,771016,1,41.424782,-72.907062,3275126,5/12/20,18:02:00,A,"Injury of any type (Serious, Minor, Possible)",C,Possible Injury (C),1,Local,0.54,525,TODD ST,TODD ST,,Whitney Ave.,250,Feet,W,1,Clear,1,Daylight,1,Dry,1800,"Trafficway, On Road",5/12/20 18:02
7282,680622,1,41.357036,-72.94241,3199029,5/13/20,11:43:00,O,Property Damage Only,O,No Apparent Injury (O),2,Local,0.68,309,LANE ST,LANE ST,BROOK ST,,,,,1,Clear,1,Daylight,1,Dry,5300,"Trafficway, On Road",5/13/20 11:43
657,681765,1,41.4203,-72.90435,3200172,5/13/20,12:42:00,O,Property Damage Only,O,No Apparent Injury (O),3,State,11.63,10,CT-10,10-N,,West Woods Rd,25,Feet,S,1,Clear,1,Daylight,1,Dry,25800,"Trafficway, On Road",5/13/20 12:42
5306,681127,1,41.359846,-72.909713,3199534,5/14/20,12:37:00,O,Property Damage Only,O,No Apparent Injury (O),2,State,1.95,707,WHITNEY AV,707-N,,Hawthorne Av,32,Feet,S,1,Clear,1,Daylight,1,Dry,11700,"Trafficway, On Road",5/14/20 12:37
6534,694570,1,41.387064,-72.913783,3212973,5/14/20,22:41:00,O,Property Damage Only,O,No Apparent Injury (O),1,Local,0.43,147,DORRANCE ST,DORRANCE ST,,DORRANCE PL,25,Feet,W,1,Clear,5,Dark-Not Lighted,1,Dry,,"Trafficway, On Road",5/14/20 22:41
9030,681128,1,41.386496,-72.898291,3199535,5/15/20,9:41:00,O,Property Damage Only,O,No Apparent Injury (O),2,Local,0.23,554,WASHINGTON AV,WASHINGTON AV,DAY SPRING AV,,,,,1,Clear,1,Daylight,1,Dry,2700,"Trafficway, On Road",5/15/20 9:41
3459,685715,1,41.37882535,-72.90309956,3204119,5/15/20,19:13:00,O,Property Damage Only,O,No Apparent Injury (O),2,State,0.19,15,15-N,15-N-124,,EXIT 62,1,TenthsofMile,S,1,Clear,1,Daylight,1,Dry,9300,"Trafficway, On Road",5/15/20 19:13
8837,681423,1,41.443103,-72.913953,3199830,5/16/20,10:57:00,O,Property Damage Only,O,No Apparent Injury (O),2,Local,2.15,507,STILL HILL RD,STILL HILL RD,BROOKSVALE AV,,,,,1,Clear,1,Daylight,1,Dry,1600,"Trafficway, On Road",5/16/20 10:57
5966,682382,1,41.338322,-72.937911,3200789,5/16/20,12:09:00,O,Property Damage Only,O,No Apparent Injury (O),2,Local,0.18,52,BOWEN ST,BOWEN ST,10-N,,,,,1,Clear,1,Daylight,1,Dry,4500,"Trafficway, On Road",5/16/20 12:09
4361,682326,1,41.378118,-72.905309,3200733,5/16/20,13:49:00,O,Property Damage Only,O,No Apparent Injury (O),2,State,0.18,15,15-S,15-S-122,,Exit 62,0.100000001,TenthsofMile,S,1,Clear,1,Daylight,1,Dry,9300,"Trafficway, On Road",5/16/20 13:49
8303,681446,1,41.385144,-72.906875,3199853,5/16/20,19:00:00,O,Property Damage Only,O,No Apparent Injury (O),2,Local,0,480,SCHOOL ST,SCHOOL ST,HAMDEN HILLS DR,,,,,1,Clear,1,Daylight,1,Dry,5300,"Trafficway, On Road",5/16/20 19:00
7845,681766,1,41.329721,-72.898647,3200173,5/16/20,23:51:00,O,Property Damage Only,O,No Apparent Injury (O),2,Local,0,414,PARK RD,PARK RD,ARMSTRONG ST,,,,,1,Clear,4,Dark-Lighted,1,Dry,1500,"Trafficway, On Road",5/16/20 23:51
4010,681743,1,41.378487,-72.904585,3200150,5/17/20,16:22:00,O,Property Damage Only,O,No Apparent Injury (O),2,State,51.53,15,15-S,15-S,,Route 15 South,0.100000001,Feet,S,1,Clear,1,Daylight,1,Dry,66900,"Trafficway, On Road",5/17/20 16:22
6347,682384,1,41.341766,-72.909368,3200791,5/17/20,16:43:00,A,"Injury of any type (Serious, Minor, Possible)",C,Possible Injury (C),3,Local,0.62,128,DAVIS ST,DAVIS ST,,HARTFORD TURNPIKE,500,Feet,W,1,Clear,1,Daylight,9,Oil,8900,"Trafficway, On Road",5/17/20 16:43
1815,718656,1,41.3388,-72.935163,3237058,5/17/20,18:30:00,A,"Injury of any type (Serious, Minor, Possible)",B,Suspected Minor Injury (B),2,State,5.22,10,CT-10,10-N,,arch st,200,Feet,N,1,Clear,1,Daylight,1,Dry,21100,"Trafficway, On Road",5/17/20 18:30
7413,681767,1,41.347331,-72.948675,3200174,5/18/20,13:08:00,O,Property Damage Only,O,No Apparent Injury (O),2,Local,0.25,361,MICHAEL RD,MICHAEL RD,THOMAS ST,,,,,2,Cloudy,1,Daylight,1,Dry,,"Trafficway, On Road",5/18/20 13:08
1798,681768,1,41.342499,-72.934725,3200175,5/18/20,15:56:00,A,"Injury of any type (Serious, Minor, Possible)",C,Possible Injury (C),2,State,5.48,10,CT-10,10-N,,FIRST ST.,15,Feet,N,1,Clear,1,Daylight,1,Dry,21100,"Trafficway, On Road",5/18/20 15:56
658,681773,1,41.41740626,-72.90367739,3200180,5/18/20,21:01:00,O,Property Damage Only,O,No Apparent Injury (O),2,State,11.43,10,CT-10,10-N,,W WOODS RD,1200,Feet,S,1,Clear,4,Dark-Lighted,1,Dry,25800,"Trafficway, On Road",5/18/20 21:01
6608,684680,1,41.385188,-72.906816,3203086,5/19/20,13:19:00,O,Property Damage Only,O,No Apparent Injury (O),2,Local,0.16,174,EVERGREEN AV,EVERGREEN AV,School Street,,,,,1,Clear,1,Daylight,1,Dry,8500,"Trafficway, On Road",5/19/20 13:19
5965,681447,1,41.338394,-72.937888,3199854,5/19/20,15:01:00,A,"Injury of any type (Serious, Minor, Possible)",C,Possible Injury (C),1,Local,0.18,52,BOWEN ST,BOWEN ST,10-N,,,,,1,Clear,1,Daylight,1,Dry,4500,"Trafficway, On Road",5/19/20 15:01
3959,681519,1,41.379591,-72.903323,3199926,5/20/20,5:58:00,O,Property Damage Only,O,No Apparent Injury (O),2,State,51.64,15,15-S,15-S,,ENT 61,5,Feet,S,1,Clear,1,Daylight,1,Dry,68600,"Trafficway, On Road",5/20/20 5:58
8580,685606,1,41.397685,-72.91983,3204010,5/20/20,7:05:00,O,Property Damage Only,O,No Apparent Injury (O),1,Local,0.53,491,SHERMAN AV,SHERMAN AV NO 1,,Hamden Hills Dr.,1,TenthsofMile,N,99,Unknown,99,Unknown,99,Unknown,5700,"Trafficway, On Road",5/20/20 7:05
4925,681774,1,41.38016,-72.903099,3200181,5/20/20,12:13:00,O,Property Damage Only,O,No Apparent Injury (O),2,State,3.39,707,WHITNEY AV,707-N,,Worth Ave.,200,Feet,S,1,Clear,1,Daylight,1,Dry,16900,"Trafficway, On Road",5/20/20 12:13
4387,681751,1,41.379383,-72.903602,3200158,5/20/20,16:09:00,O,Property Damage Only,O,No Apparent Injury (O),2,State,0.18,15,15-S,15-S-123,707-N,,,,,1,Clear,1,Daylight,1,Dry,9300,"Trafficway, On Road",5/20/20 16:09
94,684086,1,41.364627,-72.922618,3202492,5/20/20,19:59:00,O,Property Damage Only,O,No Apparent Injury (O),2,State,7.13,10,CT-10,10-N,,Dewey St.,25,Feet,S,1,Clear,1,Daylight,1,Dry,38300,"Trafficway, On Road",5/20/20 19:59
7575,689204,1,41.3377,-72.9298,3207607,5/21/20,2:37:00,A,"Injury of any type (Serious, Minor, Possible)",C,Possible Injury (C),2,Local,0.28,370,MORSE ST,MORSE ST,,Shelton Ave,100,Feet,W,1,Clear,4,Dark-Lighted,1,Dry,3100,"Trafficway, On Road",5/21/20 2:37