,CrashId,Fatal Case Status,lat,lon,DOT Case Number,Date Of Crash,Time of Crash,Crash Severity,Crash Severity Text Format,Most Severe Injury,Most Severe Injury Text Format,Number Of Motor Vehicles,Route Class Text Format,Milemarker,Road Number,Road Description,Roadway Name,Intersecting Roadway Name,Landmark Description,Distance From Nearest Landmark,Unit Of Measure From Nearest Landmark,Direction From Nearest Landmark,Weather Condition,Weather Condition Text Format,Light Condition,Light Condition Text Format,Road Surface Condition,Road Surface Condition Text Format,Average Daily Traffic,Trafficway Class Text Format,full_date
1800,684095,1,41.346437,-72.933898,3202501,5/21/20,10:51:00,O,Property Damage Only,O,No Apparent Injury (O),2,State,5.56,10,CT-10,10-N,CIRCULAR AV,,,,N,1,Clear,1,Daylight,1,Dry,21100,"Trafficway, On Road",5/21/20 10:51
6446,681775,1,41.337208,-72.935118,3200182,5/21/20,12:12:00,O,Property Damage Only,O,No Apparent Injury (O),2,Local,0.12,142,DIXWELL AV,DIXWELL AV NO 1,DUDLEY ST,,,,,1,Clear,1,Daylight,1,Dry,14600,"Trafficway, On Road",5/21/20 12:12
1799,681776,1,41.338503,-72.935224,3200183,5/21/20,12:13:00,O,Property Damage Only,O,No Apparent Injury (O),2,State,5.2,10,CT-10,10-N,,Arch St,60,Feet,N,1,Clear,1,Daylight,1,Dry,21100,"Trafficway, On Road",5/21/20 12:13
8899,681769,1,41.424533,-72.90649,3200176,5/21/20,15:44:00,O,Property Damage Only,O,No Apparent Injury (O),2,Local,0.57,525,TODD ST,TODD ST,,WHITNEY AVE,200,Feet,W,1,Clear,1,Daylight,1,Dry,1800,"Trafficway, On Road",5/21/20 15:44
1484,682385,1,41.353205,-72.93036,3200792,5/21/20,16:06:00,O,Property Damage Only,O,No Apparent Injury (O),2,State,6.25,10,CT-10,10-N,,Millis St.,200,Feet,S,1,Clear,1,Daylight,1,Dry,22600,"Trafficway, On Road",5/21/20 16:06
2169,684096,1,41.38451,-72.901478,3202502,5/21/20,17:16:00,O,Property Damage Only,O,No Apparent Injury (O),2,State,8.88,10,CT-10,10-N,SCHOOL ST,,,,,1,Clear,1,Daylight,1,Dry,17000,"Trafficway, On Road",5/21/20 17:16
8942,682386,1,41.362382,-72.901028,3200793,5/22/20,8:32:00,O,Property Damage Only,O,No Apparent Injury (O),2,Local,0.09,614,UNDERHILL RD,UNDERHILL RD NO 2,,Fennbrook Rd.,200,Feet,S,1,Clear,1,Daylight,1,Dry,,"Trafficway, On Road",5/22/20 8:32
1577,682387,1,41.346759,-72.933625,3200794,5/22/20,12:27:00,O,Property Damage Only,O,No Apparent Injury (O),2,State,5.77,10,CT-10,10-N,,Circular Ave.,150,Feet,N,1,Clear,1,Daylight,1,Dry,22400,"Trafficway, On Road",5/22/20 12:27
659,684087,1,41.414848,-72.902511,3202493,5/22/20,13:17:00,O,Property Damage Only,O,No Apparent Injury (O),2,State,11.24,10,CT-10,10-N,,Sherman Ave.,75,Feet,N,1,Clear,1,Daylight,1,Dry,25800,"Trafficway, On Road",5/22/20 13:17
1485,684681,1,41.352925,-72.93047,3203087,5/22/20,15:17:00,O,Property Damage Only,O,No Apparent Injury (O),2,State,6.23,10,CT-10,10-N,,Church St,30,Feet,N,1,Clear,1,Daylight,1,Dry,22600,"Trafficway, On Road",5/22/20 15:17
5567,685438,1,41.376063,-72.915696,3203843,5/23/20,11:36:00,O,Property Damage Only,O,No Apparent Injury (O),2,State,0.07,753,CT-10,753-S,,SHEPARD AVE,50,Feet,S,4,Rain,1,Daylight,2,Wet,15700,"Trafficway, On Road",5/23/20 11:36
1801,684259,1,41.344467,-72.934387,3202665,5/23/20,14:39:00,O,Property Damage Only,O,No Apparent Injury (O),2,State,5.42,10,CT-10,10-N,WOODIN ST,,,,,1,Clear,1,Daylight,1,Dry,21100,"Trafficway, On Road",5/23/20 14:39
9122,682388,1,41.419797,-72.921257,3200795,5/23/20,18:54:00,O,Property Damage Only,O,No Apparent Injury (O),2,Local,0,575,WEST WOODS RD,WEST WOODS RD NO 1,SHEPARD AV,,,,,1,Clear,1,Daylight,1,Dry,3500,"Trafficway, On Road",5/23/20 18:54
7203,684088,1,41.430265,-72.919561,3202494,5/24/20,19:52:00,O,Property Damage Only,O,No Apparent Injury (O),2,Local,0.89,263,HILLFIELD RD,HILLFIELD RD,,West Todd Street,100,Feet,S,1,Clear,4,Dark-Lighted,1,Dry,,"Trafficway, On Road",5/24/20 19:52
3264,684234,1,41.37889299,-72.90352041,3202640,5/25/20,0:01:00,O,Property Damage Only,O,No Apparent Injury (O),2,State,51.59,15,15-N,15-N,,Exit 61,0.100000001,TenthsofMile,S,1,Clear,5,Dark-Not Lighted,1,Dry,68600,"Trafficway, On Road",5/25/20 0:01
6049,693317,1,41.397156,-72.899505,3211720,5/25/20,13:33:00,A,"Injury of any type (Serious, Minor, Possible)",B,Suspected Minor Injury (B),1,Local,0.22,74,CANNON ST,CANNON ST,SUNNYSIDE AV,,,,,1,Clear,1,Daylight,1,Dry,,Unknown,5/25/20 13:33
4926,687967,1,41.381461,-72.902612,3206371,5/25/20,17:20:00,A,"Injury of any type (Serious, Minor, Possible)",B,Suspected Minor Injury (B),1,State,3.49,707,WHITNEY AV,707-N,,Worth Ave.,250,Feet,N,1,Clear,1,Daylight,1,Dry,16900,"Trafficway, On Road",5/25/20 17:20
7907,684097,1,41.342719,-72.945623,3202503,5/26/20,19:03:00,A,"Injury of any type (Serious, Minor, Possible)",C,Possible Injury (C),2,Local,0.46,664,PINE ROCK AV,PINE ROCK AV NO 2,HIGH TOP CIR,,,,,1,Clear,1,Daylight,1,Dry,5800,"Trafficway, On Road",5/26/20 19:03
6730,684098,1,41.34197,-72.92311,3202504,5/26/20,20:08:00,O,Property Damage Only,O,No Apparent Injury (O),2,Local,0.02,181,FARNSWORTH ST,FARNSWORTH ST,,AUGUR ST.,50,Feet,S,1,Clear,1,Daylight,1,Dry,,"Trafficway, On Road",5/26/20 20:08
5030,685439,1,41.342244,-72.912674,3203844,5/27/20,12:48:00,O,Property Damage Only,O,No Apparent Injury (O),2,State,0.67,707,WHITNEY AV,707-N,,DAVIS ST,200,Feet,N,1,Clear,1,Daylight,1,Dry,14300,"Trafficway, On Road",5/27/20 12:48
5730,684260,1,41.342749,-72.919974,3202666,5/27/20,22:53:00,O,Property Damage Only,O,No Apparent Injury (O),1,Local,0.42,21,AUGUR ST,AUGUR ST,,Paramount Ave,100,Feet,E,1,Clear,4,Dark-Lighted,1,Dry,,"Trafficway, On Road",5/27/20 22:53
6282,685440,1,41.352149,-72.931076,3203845,5/28/20,11:40:00,O,Property Damage Only,O,No Apparent Injury (O),2,Local,0.21,110,CONCORD ST,CONCORD ST,,DIXWELL AVE,25,Feet,W,1,Clear,1,Daylight,1,Dry,,"Trafficway, On Road",5/28/20 11:40
330,684261,1,41.359335,-72.92574,3202667,5/28/20,15:04:00,O,Property Damage Only,O,No Apparent Injury (O),2,State,6.73,10,CT-10,10-N,,MATHER ST,106,Feet,N,1,Clear,1,Daylight,1,Dry,31800,"Trafficway, On Road",5/28/20 15:04
3074,692645,1,41.363903,-72.929107,3211048,5/29/20,6:20:00,O,Property Damage Only,O,No Apparent Injury (O),1,State,49.8,15,15-N,15-N,,Exit 60,2,TenthsofMile,S,2,Cloudy,1,Daylight,2,Wet,79200,"Trafficway, On Road",5/29/20 6:20
9123,694571,1,41.419761,-72.921097,3212974,5/29/20,16:51:00,A,"Injury of any type (Serious, Minor, Possible)",C,Possible Injury (C),2,Local,0.01,575,WEST WOODS RD,WEST WOODS RD NO 1,,SHEPARD RD,30,Feet,E,1,Clear,1,Daylight,1,Dry,3500,"Trafficway, On Road",5/29/20 16:51
5820,686450,1,41.362744,-72.924121,3204854,5/30/20,11:38:00,O,Property Damage Only,O,No Apparent Injury (O),2,Local,0.01,42,BENHAM ST,BENHAM ST,,DIXWELL AVE,45,Feet,W,1,Clear,1,Daylight,1,Dry,12800,"Trafficway, On Road",5/30/20 11:38
660,687968,1,41.418715,-72.903864,3206372,5/30/20,17:27:00,A,"Injury of any type (Serious, Minor, Possible)",B,Suspected Minor Injury (B),2,State,11.52,10,CT-10,10-N,,West Woods Rd.,2,TenthsofMile,S,1,Clear,1,Daylight,1,Dry,25800,"Trafficway, On Road",5/30/20 17:27
4362,684652,1,41.378175,-72.905328,3203058,5/30/20,18:46:00,A,"Injury of any type (Serious, Minor, Possible)",B,Suspected Minor Injury (B),1,State,0.18,15,15-S,15-S-122,,Rt 15,61,Feet,N,1,Clear,1,Daylight,1,Dry,9300,"Trafficway, On Road",5/30/20 18:46
425,687969,1,41.355032,-72.928873,3206373,5/31/20,0:12:00,O,Property Damage Only,O,No Apparent Injury (O),1,State,6.39,10,CT-10,10-N,,Pershing Street,15,Feet,S,1,Clear,4,Dark-Lighted,1,Dry,27700,"Trafficway, On Road",5/31/20 0:12
7728,686507,1,41.34921,-72.933194,3204911,5/31/20,12:45:00,O,Property Damage Only,O,No Apparent Injury (O),4,Local,0.1,386,NEWTON ST,NEWTON ST,,Dixwell Ave,175,Feet,W,1,Clear,1,Daylight,1,Dry,,"Trafficway, On Road",5/31/20 12:45
4613,701578,1,41.401546,-72.897622,3219980,5/31/20,13:37:00,O,Property Damage Only,O,No Apparent Injury (O),2,State,3.08,40,40-N,40-N,10-N,,,,,1,Clear,1,Daylight,1,Dry,18500,"Trafficway, On Road",5/31/20 13:37
5434,685441,1,41.383113,-72.898444,3203846,5/31/20,15:44:00,A,"Injury of any type (Serious, Minor, Possible)",B,Suspected Minor Injury (B),2,State,0.18,717,DIXWELL AV,717-E,,WASHINGTON AVE,160,Feet,E,1,Clear,1,Daylight,1,Dry,18900,"Trafficway, On Road",5/31/20 15:44
7155,685442,1,41.347256,-72.93695,3203847,5/31/20,15:55:00,O,Property Damage Only,O,No Apparent Injury (O),2,Local,0.15,251,HELEN ST,HELEN ST,,ALENIER ST,150,Feet,E,1,Clear,1,Daylight,1,Dry,2600,"Trafficway, On Road",5/31/20 15:55
1670,685443,1,41.367413,-72.920639,3203848,6/1/20,13:27:00,O,Property Damage Only,O,No Apparent Injury (O),2,State,7.34,10,CT-10,10-N,,Connolly Pkwy,25,Feet,N,1,Clear,1,Daylight,1,Dry,22000,"Trafficway, On Road",6/1/20 13:27
424,685607,1,41.36,-72.92523,3204011,6/1/20,14:00:00,O,Property Damage Only,O,No Apparent Injury (O),2,State,6.61,10,CT-10,10-N,RED ROCK TER,,,,,1,Clear,1,Daylight,1,Dry,27700,"Trafficway, On Road",6/1/20 14:00
5031,685444,1,41.336945,-72.911645,3203849,6/1/20,15:52:00,O,Property Damage Only,O,No Apparent Injury (O),2,State,0.29,707,WHITNEY AV,707-N,,ARMORY ST,100,Feet,N,1,Clear,1,Daylight,1,Dry,14300,"Trafficway, On Road",6/1/20 15:52
6932,685445,1,41.335023,-72.925499,3203850,6/1/20,16:47:00,O,Property Damage Only,O,No Apparent Injury (O),1,Local,0.29,222,GOODRICH ST,GOODRICH ST,,WINCHESTER AVE,150,Feet,W,1,Clear,1,Daylight,1,Dry,3100,"Trafficway, On Road",6/1/20 16:47
423,685446,1,41.35903,-72.925794,3203851,6/1/20,17:46:00,A,"Injury of any type (Serious, Minor, Possible)",C,Possible Injury (C),1,State,6.53,10,CT-10,10-N,MATHER ST,,,,,1,Clear,1,Daylight,1,Dry,27700,"Trafficway, On Road",6/1/20 17:46
6735,685447,1,41.34046,-72.900627,3203852,6/1/20,19:13:00,O,Property Damage Only,O,No Apparent Injury (O),2,Local,0.08,185,FENWAY DR,FENWAY DR,,WINDSOR RD,500,Feet,S,1,Clear,1,Daylight,1,Dry,,"Trafficway, On Road",6/1/20 19:13
6796,685448,1,41.33641,-72.900508,3203853,6/1/20,20:22:00,O,Property Damage Only,O,No Apparent Injury (O),2,Local,0.02,200,FRANKLIN RD,FRANKLIN RD,,Ridge Rd.,75,Feet,N,1,Clear,1,Daylight,1,Dry,,"Trafficway, On Road",6/1/20 20:22
8465,686451,1,41.428674,-72.915945,3204855,6/1/20,20:40:00,A,"Injury of any type (Serious, Minor, Possible)",C,Possible Injury (C),2,Local,3.82,489,SHEPARD AV,SHEPARD AV,,WEST TODD ST,10,Feet,S,1,Clear,4,Dark-Lighted,1,Dry,1400,"Trafficway, On Road",6/1/20 20:40
5568,692252,1,41.374722,-72.916044,3210655,6/2/20,10:32:00,O,Property Damage Only,O,No Apparent Injury (O),3,State,0.17,753,CT-10,753-S,SKIFF ST,,,,,1,Clear,1,Daylight,1,Dry,15700,"Trafficway, On Road",6/2/20 10:32
5307,686508,1,41.358924,-72.909934,3204912,6/2/20,12:00:00,O,Property Damage Only,O,No Apparent Injury (O),2,State,1.89,707,WHITNEY AV,707-N,,Park Ave,86,Feet,N,1,Clear,1,Daylight,1,Dry,11700,"Trafficway, On Road",6/2/20 12:00
2170,689205,1,41.38451,-72.901478,3207608,6/3/20,14:53:00,O,Property Damage Only,O,No Apparent Injury (O),2,State,8.88,10,CT-10,10-N,SCHOOL ST,,,,,1,Clear,1,Daylight,1,Dry,17000,"Trafficway, On Road",6/3/20 14:53
4634,688451,1,41.400725,-72.897609,3206854,6/3/20,21:25:00,O,Property Damage Only,O,No Apparent Injury (O),2,State,0,40,40-S,40-S-6,10-N,,,,,4,Rain,4,Dark-Lighted,2,Wet,1800,"Trafficway, On Road",6/3/20 21:25
8170,687970,1,41.33566,-72.90038,3206374,6/4/20,7:56:00,O,Property Damage Only,O,No Apparent Injury (O),2,Local,0.02,452,RIDGE RD,RIDGE RD,,State St,25,Feet,W,1,Clear,1,Daylight,1,Dry,8800,"Trafficway, On Road",6/4/20 7:56
8079,688199,1,41.34372,-72.92624,3206603,6/4/20,11:47:00,A,"Injury of any type (Serious, Minor, Possible)",A,Suspected Serious Injury (A),3,Local,0.74,439,PUTNAM AV,PUTNAM AV,LEEDER HILL DR,,,,,1,Clear,1,Daylight,1,Dry,9100,"Trafficway, On Road",6/4/20 11:47
8667,688452,1,41.37377,-72.91372,3206855,6/4/20,12:45:00,O,Property Damage Only,O,No Apparent Injury (O),2,Local,0.42,494,SKIFF ST,SKIFF ST,,DIXWELL AVE,150,Feet,E,1,Clear,1,Daylight,1,Dry,24400,"Trafficway, On Road",6/4/20 12:45
5773,686509,1,41.358691,-72.935127,3204913,6/4/20,17:05:00,O,Property Damage Only,O,No Apparent Injury (O),2,Local,0.04,37,BEECHWOOD AV,BEECHWOOD AV,,Battis Rd.,198,Feet,N,1,Clear,1,Daylight,1,Dry,,"Trafficway, On Road",6/4/20 17:05
7885,686516,1,41.355095,-72.92881,3204920,6/4/20,21:33:00,O,Property Damage Only,O,No Apparent Injury (O),2,Local,0.06,425,PERSHING ST,PERSHING ST,,,,,,1,Clear,4,Dark-Lighted,1,Dry,,"Trafficway, On Road",6/4/20 21:33
5765,687971,1,41.352355,-72.935227,3206375,6/5/20,2:28:00,O,Property Damage Only,O,No Apparent Injury (O),2,Local,0.03,33,BEACON ST,BEACON ST,,Circular Avenue,1,TenthsofMile,E,4,Rain,4,Dark-Lighted,2,Wet,,"Trafficway, On Road",6/5/20 2:28
8867,689282,1,41.343966,-72.939558,3207685,6/5/20,10:32:00,O,Property Damage Only,O,No Apparent Injury (O),2,Local,0,518,THIRD ST,THIRD ST,,Beaver St,100,Feet,W,1,Clear,1,Daylight,1,Dry,,"Trafficway, On Road",6/5/20 10:32
8078,686532,1,41.345345,-72.916526,3204936,6/5/20,13:43:00,A,"Injury of any type (Serious, Minor, Possible)",C,Possible Injury (C),2,Local,0.22,439,PUTNAM AV,PUTNAM AV,CLIFFORD ST,,,,,2,Cloudy,1,Daylight,1,Dry,9100,"Trafficway, On Road",6/5/20 13:43
2588,689284,1,41.338322,-72.937911,3207687,6/5/20,22:33:00,A,"Injury of any type (Serious, Minor, Possible)",B,Suspected Minor Injury (B),2,State,5.05,10,CT-10,10-N,,Bowen St,3,Feet,E,1,Clear,4,Dark-Lighted,1,Dry,11100,"Trafficway, On Road",6/5/20 22:33
6788,689446,1,41.344405,-72.934296,3207849,6/6/20,12:52:00,O,Property Damage Only,O,No Apparent Injury (O),5,Local,0,198,FOURTH ST,FOURTH ST,,Dixwell Ave,100,Feet,W,1,Clear,1,Daylight,1,Dry,,"Trafficway, On Road",6/6/20 12:52
331,689447,1,41.364729,-72.922541,3207850,6/7/20,11:37:00,O,Property Damage Only,O,No Apparent Injury (O),2,State,6.96,10,CT-10,10-N,DEWEY ST,,,,,1,Clear,1,Daylight,1,Dry,31800,"Trafficway, On Road",6/7/20 11:37
1914,692253,1,41.42176,-72.90508,3210656,6/7/20,15:35:00,O,Property Damage Only,O,No Apparent Injury (O),2,State,11.74,10,CT-10,10-N,,West Woods Road,1,TenthsofMile,N,1,Clear,1,Daylight,1,Dry,19100,"Trafficway, On Road",6/7/20 15:35
1578,687985,1,41.346807,-72.933635,3206389,6/7/20,16:45:00,O,Property Damage Only,O,No Apparent Injury (O),2,State,5.78,10,CT-10,10-N,,CIRCULAR AVENUE,150,Feet,N,1,Clear,1,Daylight,1,Dry,22400,"Trafficway, On Road",6/7/20 16:45
5309,692254,1,41.358647,-72.909868,3210657,6/7/20,17:03:00,O,Property Damage Only,O,No Apparent Injury (O),1,State,1.87,707,WHITNEY AV,707-N,,Gillies Rd,30,Feet,N,1,Clear,1,Daylight,1,Dry,11700,"Trafficway, On Road",6/7/20 17:03
1038,689448,1,41.344798,-72.934268,3207851,6/7/20,17:22:00,A,"Injury of any type (Serious, Minor, Possible)",C,Possible Injury (C),2,State,5.62,10,CT-10,10-N,,Woodin Street,100,Feet,N,1,Clear,1,Daylight,1,Dry,24700,"Trafficway, On Road",6/7/20 17:22
5753,689449,1,41.342345,-72.922981,3207852,6/8/20,11:14:00,A,"Injury of any type (Serious, Minor, Possible)",B,Suspected Minor Injury (B),2,Local,0.2,29,BARRACLOUGH AV,BARRACLOUGH AV,,Augur St,18,Feet,N,1,Clear,1,Daylight,1,Dry,,"Trafficway, On Road",6/8/20 11:14
9241,687986,1,41.345525,-72.942076,3206390,6/8/20,16:44:00,O,Property Damage Only,O,No Apparent Injury (O),2,Local,1.29,598,WOODIN ST,WOODIN ST,ROCHFORD AV,,,,,1,Clear,1,Daylight,1,Dry,6000,"Trafficway, On Road",6/8/20 16:44
5674,687987,1,41.33614,-72.93247,3206391,6/8/20,20:25:00,O,Property Damage Only,O,No Apparent Injury (O),2,Local,0.02,7,ALLING ST,ALLING ST,,ST MARY ST,50,Feet,W,1,Clear,4,Dark-Lighted,1,Dry,350,"Trafficway, On Road",6/8/20 20:25
9188,697122,1,41.3395,-72.9074,3215525,6/9/20,8:03:00,O,Property Damage Only,O,No Apparent Injury (O),2,Local,0.06,590,WILTON RD,WILTON RD,,Rogers Rd,200,Feet,W,1,Clear,1,Daylight,1,Dry,,"Trafficway, On Road",6/9/20 8:03
8668,692255,1,41.372813,-72.911392,3210658,6/9/20,12:49:00,O,Property Damage Only,O,No Apparent Injury (O),2,Local,0.29,494,SKIFF ST,SKIFF ST,,DIXWELL AVE,500,Feet,E,1,Clear,1,Daylight,1,Dry,24400,"Trafficway, On Road",6/9/20 12:49
95,689901,1,41.364216,-72.922911,3208304,6/9/20,14:04:00,O,Property Damage Only,O,No Apparent Injury (O),2,State,7.1,10,CT-10,10-N,,Weybosset St,50,Feet,S,1,Clear,1,Daylight,1,Dry,38300,"Trafficway, On Road",6/9/20 14:04
6265,688200,1,41.349869,-72.932618,3206604,6/9/20,17:22:00,O,Property Damage Only,O,No Apparent Injury (O),2,Local,0.03,106,COLLINS ST,COLLINS ST,,Dixwell Ave.,75,Feet,W,1,Clear,1,Daylight,1,Dry,,"Trafficway, On Road",6/9/20 17:22
6447,696873,1,41.335893,-72.935166,3215276,6/9/20,20:55:00,O,Property Damage Only,O,No Apparent Injury (O),2,Local,0.03,142,DIXWELL AV,DIXWELL AV NO 1,,GOODRICH STREET,50,Feet,N,1,Clear,4,Dark-Lighted,1,Dry,14600,"Trafficway, On Road",6/9/20 20:55
151,688201,1,41.365732,-72.92184,3206605,6/9/20,21:30:00,A,"Injury of any type (Serious, Minor, Possible)",C,Possible Injury (C),2,State,7.21,10,CT-10,10-N,,RT 15 ,15,Feet,S,1,Clear,4,Dark-Lighted,1,Dry,33500,"Trafficway, On Road",6/9/20 21:30
5308,688453,1,41.36243,-72.90911,3206856,6/10/20,11:25:00,O,Property Damage Only,O,No Apparent Injury (O),2,State,2.12,707,WHITNEY AV,707-N,WOODLAWN ST,,,,,1,Clear,1,Daylight,1,Dry,11700,"Trafficway, On Road",6/10/20 11:25
862,692279,1,41.405146,-72.898857,3210682,6/10/20,12:46:00,O,Property Damage Only,O,No Apparent Injury (O),2,State,10.54,10,CT-10,10-N,,Dickerman ,500,Feet,N,1,Clear,1,Daylight,1,Dry,25300,"Trafficway, On Road",6/10/20 12:46
6787,688202,1,41.344621,-72.937401,3206606,6/10/20,18:07:00,O,Property Damage Only,O,No Apparent Injury (O),2,Local,0.14,198,FOURTH ST,FOURTH ST,WARREN ST,,,,,1,Clear,1,Daylight,1,Dry,,"Trafficway, On Road",6/10/20 18:07
1806,693264,1,41.339268,-72.935125,3211667,6/11/20,10:16:00,O,Property Damage Only,O,No Apparent Injury (O),2,State,5.25,10,CT-10,10-N,,Morse St,364,Feet,N,1,Clear,1,Daylight,1,Dry,21100,"Trafficway, On Road",6/11/20 10:16
6115,689451,1,41.346664,-72.934202,3207854,6/11/20,12:09:00,O,Property Damage Only,O,No Apparent Injury (O),2,Local,1.35,99,CIRCULAR AV,CIRCULAR AV,,HELEN ST,50,Feet,N,1,Clear,1,Daylight,1,Dry,7700,"Trafficway, On Road",6/11/20 12:09
8001,688454,1,41.34362,-72.926619,3206857,6/11/20,17:22:00,O,Property Damage Only,O,No Apparent Injury (O),2,Local,0.75,439,PUTNAM AV,PUTNAM AV,,NEWHALL ST,40,Feet,W,4,Rain,1,Daylight,2,Wet,12400,"Trafficway, On Road",6/11/20 17:22
6074,694989,1,41.335861,-72.939285,3213392,6/11/20,23:02:00,O,Property Damage Only,O,No Apparent Injury (O),1,Local,0.21,92,CHERRY ANN ST,CHERRY ANN ST,,BOWEN ST,370,Feet,W,1,Clear,4,Dark-Lighted,1,Dry,,"Trafficway, On Road",6/11/20 23:02
3615,688862,1,41.364618,-72.928255,3207265,6/12/20,5:25:00,A,"Injury of any type (Serious, Minor, Possible)",B,Suspected Minor Injury (B),2,State,49.87,15,15-S,15-S,,EXIT #60,3,TenthsofMile,S,1,Clear,2,Dawn,2,Wet,79200,"Trafficway, On Road",6/12/20 5:25
6651,718657,1,41.421181,-72.936448,3237059,6/12/20,10:52:00,O,Property Damage Only,O,No Apparent Injury (O),2,Local,0.04,175,EXETER RD,EXETER RD,,West Woods Rdf,1,TenthsofMile,N,1,Clear,1,Daylight,1,Dry,,"Trafficway, On Road",6/12/20 10:52
5967,693265,1,41.336723,-72.937924,3211668,6/12/20,11:47:00,O,Property Damage Only,O,No Apparent Injury (O),2,Local,0.08,52,BOWEN ST,BOWEN ST,WEST EASTON ST,,,,,1,Clear,1,Daylight,1,Dry,4500,"Trafficway, On Road",6/12/20 11:47
8002,689452,1,41.344529,-72.930408,3207855,6/12/20,16:40:00,A,"Injury of any type (Serious, Minor, Possible)",C,Possible Injury (C),2,Local,0.97,439,PUTNAM AV,PUTNAM AV,,GALLAGHER RD,35,Feet,E,1,Clear,1,Daylight,1,Dry,12400,"Trafficway, On Road",6/12/20 16:40
6684,771017,1,41.345506,-72.940774,3275127,6/13/20,11:55:00,A,"Injury of any type (Serious, Minor, Possible)",B,Suspected Minor Injury (B),1,Local,0.5,176,FAIRVIEW AV,FAIRVIEW AV,WOODIN ST,,,,,1,Clear,1,Daylight,1,Dry,,"Trafficway, On Road",6/13/20 11:55
661,689453,1,41.415771,-72.902771,3207856,6/13/20,15:22:00,O,Property Damage Only,O,No Apparent Injury (O),2,State,11.3,10,CT-10,10-N,,Sherman Avenue,1,TenthsofMile,N,1,Clear,1,Daylight,1,Dry,25800,"Trafficway, On Road",6/13/20 15:22
2405,694074,1,41.397175,-72.897072,3212477,6/13/20,16:00:00,O,Property Damage Only,O,No Apparent Injury (O),2,State,9.81,10,CT-10,10-N,RIVERSIDE DR,,,,,1,Clear,1,Daylight,1,Dry,14700,"Trafficway, On Road",6/13/20 16:00
5821,692280,1,41.36539,-72.934227,3210683,6/13/20,16:23:00,O,Property Damage Only,O,No Apparent Injury (O),2,Local,0.57,42,BENHAM ST,BENHAM ST,CHERRY HILL RD,,,,,1,Clear,1,Daylight,1,Dry,12800,"Trafficway, On Road",6/13/20 16:23
1802,689902,1,41.341688,-72.934945,3208305,6/13/20,23:46:00,O,Property Damage Only,O,No Apparent Injury (O),2,State,5.41,10,CT-10,10-N,,North Street,20,Feet,S,1,Clear,4,Dark-Lighted,1,Dry,21100,"Trafficway, On Road",6/13/20 23:46
3616,692665,1,41.36536,-72.926161,3211068,6/14/20,6:54:00,O,Property Damage Only,O,No Apparent Injury (O),1,State,50,15,15-S,15-S,,exit 60,50,Feet,S,1,Clear,1,Daylight,1,Dry,79200,"Trafficway, On Road",6/14/20 6:54
4025,704106,1,41.365837,-72.921922,3222508,6/14/20,9:33:00,O,Property Damage Only,O,No Apparent Injury (O),2,State,50.24,15,15-S,15-S,,Exit 60,200,Feet,N,1,Clear,1,Daylight,1,Dry,66700,"Trafficway, On Road",6/14/20 9:33
861,689459,1,41.413826,-72.902035,3207862,6/14/20,11:01:00,A,"Injury of any type (Serious, Minor, Possible)",C,Possible Injury (C),2,State,10.99,10,CT-10,10-N,SHERMAN AV NO 2,,,,,1,Clear,1,Daylight,1,Dry,25300,"Trafficway, On Road",6/14/20 11:01
8200,694572,1,41.358787,-72.900572,3212975,6/14/20,13:11:00,O,Property Damage Only,O,No Apparent Injury (O),2,Local,1.68,452,RIDGE RD,RIDGE RD,HAVERFORD ST,,,,,1,Clear,1,Daylight,1,Dry,4400,"Trafficway, On Road",6/14/20 13:11
7661,692281,1,41.3511,-72.9552,3210684,6/14/20,23:09:00,O,Property Damage Only,O,No Apparent Injury (O),2,Local,0.05,377,MUELLER DR,MUELLER DR,,Woodin St,100,Feet,S,1,Clear,4,Dark-Lighted,1,Dry,,"Trafficway, On Road",6/14/20 23:09
7236,689461,1,41.391837,-72.894428,3207864,6/15/20,7:28:00,A,"Injury of any type (Serious, Minor, Possible)",C,Possible Injury (C),2,Local,0.16,284,JAMES ST,JAMES ST,,Vincent Street,25,Feet,E,1,Clear,2,Dawn,1,Dry,,"Trafficway, On Road",6/15/20 7:28
9051,694990,1,41.332799,-72.89769,3213393,6/15/20,7:41:00,O,Property Damage Only,O,No Apparent Injury (O),2,Local,0.18,562,WELTON ST,WELTON ST,,Cook Street,150,Feet,S,1,Clear,1,Daylight,1,Dry,,"Trafficway, On Road",6/15/20 7:41
1580,689950,1,41.350477,-72.931749,3208353,6/15/20,12:29:00,O,Property Damage Only,O,No Apparent Injury (O),2,State,5.87,10,CT-10,10-N,LEXINGTON ST,,,,,1,Clear,1,Daylight,1,Dry,22400,"Trafficway, On Road",6/15/20 12:29
2068,693340,1,41.436924,-72.908952,3211743,6/15/20,13:47:00,A,"Injury of any type (Serious, Minor, Possible)",A,Suspected Serious Injury (A),2,State,12.62,10,CT-10,10-N,SHEPARD AV,,,,,1,Clear,1,Daylight,1,Dry,17600,"Trafficway, On Road",6/15/20 13:47
1579,689903,1,41.347789,-72.933088,3208306,6/15/20,17:38:00,O,Property Damage Only,O,No Apparent Injury (O),2,State,5.85,10,CT-10,10-N,,CIRCULAR AVE,1,TenthsofMile,N,1,Clear,1,Daylight,1,Dry,22400,"Trafficway, On Road",6/15/20 17:38
7846,693341,1,41.329721,-72.898647,3211744,6/16/20,8:23:00,O,Property Damage Only,O,No Apparent Injury (O),2,Local,0,414,PARK RD,PARK RD,ARMSTRONG ST,,,,,1,Clear,1,Daylight,1,Dry,1500,"Trafficway, On Road",6/16/20 8:23