,CrashId,Fatal Case Status,lat,lon,DOT Case Number,Date Of Crash,Time of Crash,Crash Severity,Crash Severity Text Format,Most Severe Injury,Most Severe Injury Text Format,Number Of Motor Vehicles,Route Class Text Format,Milemarker,Road Number,Road Description,Roadway Name,Intersecting Roadway Name,Landmark Description,Distance From Nearest Landmark,Unit Of Measure From Nearest Landmark,Direction From Nearest Landmark,Weather Condition,Weather Condition Text Format,Light Condition,Light Condition Text Format,Road Surface Condition,Road Surface Condition Text Format,Average Daily Traffic,Trafficway Class Text Format,full_date
5194,689478,1,41.371231,-72.906349,3207881,6/16/20,8:53:00,O,Property Damage Only,O,No Apparent Injury (O),2,State,2.74,707,WHITNEY AV,707-N,SKIFF ST,,,,,1,Clear,1,Daylight,1,Dry,13300,"Trafficway, On Road",6/16/20 8:53
4721,771018,1,41.330234,-72.899174,3275128,6/16/20,11:59:00,O,Property Damage Only,O,No Apparent Injury (O),2,USRoute,1.18,5,US-5,5-N,,Atlas Street,50,Feet,S,1,Clear,1,Daylight,1,Dry,14300,"Trafficway, On Road",6/16/20 11:59
2551,693266,1,41.379818,-72.913786,3211669,6/17/20,10:17:00,O,Property Damage Only,O,No Apparent Injury (O),2,State,8.28,10,CT-10,10-N,,Sanford St,1,TenthsofMile,S,1,Clear,1,Daylight,1,Dry,11200,"Trafficway, On Road",6/17/20 10:17
1804,692282,1,41.339677,-72.935143,3210685,6/17/20,14:03:00,O,Property Damage Only,O,No Apparent Injury (O),2,State,5.28,10,CT-10,10-N,,Arch St,500,Feet,N,1,Clear,1,Daylight,1,Dry,21100,"Trafficway, On Road",6/17/20 14:03
1805,692283,1,41.338316,-72.935167,3210686,6/17/20,15:37:00,O,Property Damage Only,O,No Apparent Injury (O),2,State,5.19,10,CT-10,10-N,ARCH ST,,,,,1,Clear,1,Daylight,1,Dry,21100,"Trafficway, On Road",6/17/20 15:37
1671,689904,1,41.368491,-72.919727,3208307,6/17/20,16:55:00,O,Property Damage Only,O,No Apparent Injury (O),3,State,7.43,10,CT-10,10-N,,Connolly Pkwy,1,TenthsofMile,N,1,Clear,1,Daylight,1,Dry,22000,"Trafficway, On Road",6/17/20 16:55
8080,697438,1,41.343682,-72.926341,3215841,6/17/20,17:15:00,O,Property Damage Only,O,No Apparent Injury (O),2,Local,0.74,439,PUTNAM AV,PUTNAM AV,LEEDER HILL DR,,,,,1,Clear,1,Daylight,1,Dry,9100,"Trafficway, On Road",6/17/20 17:15
6256,689905,1,41.345463,-72.916558,3208308,6/17/20,18:21:00,O,Property Damage Only,O,No Apparent Injury (O),2,Local,0.38,102,CLIFFORD ST,CLIFFORD ST,,PUTNAM AVE,27,Feet,N,1,Clear,1,Daylight,1,Dry,1400,"Trafficway, On Road",6/17/20 18:21
7974,695333,1,41.35844,-72.93812,3213736,6/18/20,11:56:00,O,Property Damage Only,O,No Apparent Injury (O),2,Local,0.08,432,PLAINS RD,PLAINS RD,,Glibert Av,500,Feet,N,1,Clear,1,Daylight,1,Dry,,"Trafficway, On Road",6/18/20 11:56
332,692302,1,41.36254,-72.923832,3210705,6/18/20,14:57:00,O,Property Damage Only,O,No Apparent Injury (O),2,State,6.97,10,CT-10,10-N,,Benham Street,50,Feet,S,1,Clear,1,Daylight,1,Dry,31800,"Trafficway, On Road",6/18/20 14:57
5032,689906,1,41.341518,-72.912839,3208309,6/18/20,15:27:00,O,Property Damage Only,O,No Apparent Injury (O),2,State,0.62,707,WHITNEY AV,707-N,DAVIS ST,,,,,1,Clear,1,Daylight,1,Dry,14300,"Trafficway, On Road",6/18/20 15:27
1803,689907,1,41.343895,-72.934474,3208310,6/18/20,18:20:00,O,Property Damage Only,O,No Apparent Injury (O),2,State,5.57,10,CT-10,10-N,,THIRD ST,25,Feet,N,1,Clear,1,Daylight,1,Dry,21100,"Trafficway, On Road",6/18/20 18:20
333,693342,1,41.364717,-72.922586,3211745,6/20/20,12:14:00,O,Property Damage Only,O,No Apparent Injury (O),2,State,6.96,10,CT-10,10-N,DEWEY ST,,,,,1,Clear,1,Daylight,1,Dry,31800,"Trafficway, On Road",6/20/20 12:14
335,697439,1,41.362661,-72.9238,3215842,6/20/20,13:13:00,O,Property Damage Only,O,No Apparent Injury (O),2,State,6.98,10,CT-10,10-N,,Maplewood Terrace,50,Feet,N,1,Clear,1,Daylight,1,Dry,31800,"Trafficway, On Road",6/20/20 13:13
3961,719816,1,41.379654,-72.902654,3238218,6/20/20,17:46:00,O,Property Damage Only,O,No Apparent Injury (O),2,State,51.68,15,15-S,15-S,,EXIT 61,1,TenthsofMile,N,1,Clear,1,Daylight,1,Dry,68600,"Trafficway, On Road",6/20/20 17:46
3618,697839,1,41.365029,-72.927658,3216242,6/21/20,7:41:00,A,"Injury of any type (Serious, Minor, Possible)",B,Suspected Minor Injury (B),1,State,49.91,15,15-S,15-S,,Exit 60,12,TenthsofMile,S,1,Clear,1,Daylight,1,Dry,79200,"Trafficway, On Road",6/21/20 7:41
1581,693343,1,41.348015,-72.933033,3211746,6/21/20,10:09:00,O,Property Damage Only,O,No Apparent Injury (O),2,State,5.86,10,CT-10,10-N,,Scott St,110,Feet,S,1,Clear,1,Daylight,1,Dry,22400,"Trafficway, On Road",6/21/20 10:09
9242,693344,1,41.344743,-72.935065,3211747,6/21/20,20:18:00,O,Property Damage Only,O,No Apparent Injury (O),2,Local,1.66,598,WOODIN ST,WOODIN ST,,Notkins St,213,Feet,W,1,Clear,4,Dark-Lighted,1,Dry,6000,"Trafficway, On Road",6/21/20 20:18
6933,697123,1,41.334302,-72.920532,3215526,6/22/20,14:08:00,O,Property Damage Only,O,No Apparent Injury (O),1,Local,0.03,222,GOODRICH ST,GOODRICH ST,,Prospect St,168,Feet,W,1,Clear,1,Daylight,1,Dry,3100,Non-trafficway,6/22/20 14:08
6289,693621,1,41.366664,-72.918385,3212024,6/22/20,16:21:00,A,"Injury of any type (Serious, Minor, Possible)",C,Possible Injury (C),2,Local,0.14,111,CONNOLLY PKWY,CONNOLLY PKWY,,Dixwell Avenue,665,Feet,E,1,Clear,1,Daylight,1,Dry,8700,"Trafficway, On Road",6/22/20 16:21
6543,735107,1,41.337066,-72.934068,3253507,6/22/20,16:39:00,O,Property Damage Only,O,No Apparent Injury (O),2,Local,0.06,150,DUDLEY ST,DUDLEY ST,,Dixwell avenue,300,Feet,E,1,Clear,1,Daylight,1,Dry,,"Trafficway, On Road",6/22/20 16:39
6996,693622,1,41.349449,-72.940047,3212025,6/23/20,3:55:00,O,Property Damage Only,O,No Apparent Injury (O),2,Local,0.21,226,GORHAM AV,GORHAM AV,LANGER ST,,,,,1,Clear,5,Dark-Not Lighted,1,Dry,1600,"Trafficway, On Road",6/23/20 3:55
6116,694331,1,41.354073,-72.936409,3212734,6/23/20,10:38:00,O,Property Damage Only,O,No Apparent Injury (O),2,Local,0.84,99,CIRCULAR AV,CIRCULAR AV,,Church St,260,Feet,S,1,Clear,1,Daylight,1,Dry,7700,"Trafficway, On Road",6/23/20 10:38
334,693628,1,41.36269,-72.92382,3212031,6/23/20,13:17:00,A,"Injury of any type (Serious, Minor, Possible)",C,Possible Injury (C),2,State,6.8,10,CT-10,10-N,BENHAM ST,,,,,1,Clear,1,Daylight,1,Dry,31800,"Trafficway, On Road",6/23/20 13:17
4713,692305,1,41.329712,-72.898648,3210708,6/23/20,14:44:00,O,Property Damage Only,O,No Apparent Injury (O),2,USRoute,1.13,5,US-5,5-N,Armstrong St.,,,,,1,Clear,1,Daylight,1,Dry,14300,"Trafficway, On Road",6/23/20 14:44
4011,692210,1,41.37829,-72.905319,3210613,6/23/20,15:15:00,A,"Injury of any type (Serious, Minor, Possible)",B,Suspected Minor Injury (B),2,State,51.47,15,15-S,15-S,ENTRANCE RAMP 61,,,,,1,Clear,1,Daylight,1,Dry,66900,"Trafficway, On Road",6/23/20 15:15
1672,692306,1,41.371907,-72.917571,3210709,6/23/20,15:51:00,O,Property Damage Only,O,No Apparent Injury (O),2,State,7.69,10,CT-10,10-N,,Skiff St,1,TenthsofMile,S,1,Clear,1,Daylight,1,Dry,22000,"Trafficway, On Road",6/23/20 15:51
6739,697124,1,41.345617,-72.901131,3215527,6/24/20,7:46:00,O,Property Damage Only,O,No Apparent Injury (O),2,Local,0.06,187,FERNWOOD DR,FERNWOOD DR,,Ridge Rd,300,Feet,W,1,Clear,1,Daylight,1,Dry,,"Trafficway, On Road",6/24/20 7:46
1810,698003,1,41.34635,-72.93388,3216406,6/24/20,14:29:00,O,Property Damage Only,O,No Apparent Injury (O),2,State,5.56,10,CT-10,10-N,CIRCULAR AV,,,,,1,Clear,1,Daylight,1,Dry,21100,"Trafficway, On Road",6/24/20 14:29
662,693629,1,41.415194,-72.902593,3212032,6/24/20,14:32:00,O,Property Damage Only,O,No Apparent Injury (O),2,State,11.26,10,CT-10,10-N,,Sherman Ave,300,Feet,N,1,Clear,1,Daylight,1,Dry,25800,"Trafficway, On Road",6/24/20 14:32
8466,693345,1,41.427533,-72.916455,3211748,6/24/20,16:14:00,O,Property Damage Only,O,No Apparent Injury (O),2,Local,3.73,489,SHEPARD AV,SHEPARD AV,TODD ST,,,,,1,Clear,1,Daylight,1,Dry,1400,"Trafficway, On Road",6/24/20 16:14
863,693346,1,41.413826,-72.902035,3211749,6/24/20,16:23:00,O,Property Damage Only,O,No Apparent Injury (O),2,State,10.99,10,CT-10,10-N,SHERMAN AV NO 2,,,,,1,Clear,1,Daylight,1,Dry,25300,"Trafficway, On Road",6/24/20 16:23
2310,693859,1,41.38384,-72.901696,3212262,6/24/20,17:10:00,O,Property Damage Only,O,No Apparent Injury (O),2,State,9.01,10,CT-10,10-N,,Dixwell Avenue,100,Feet,N,1,Clear,1,Daylight,1,Dry,16500,"Trafficway, On Road",6/24/20 17:10
8949,693351,1,41.3644,-72.9303,3211754,6/25/20,1:22:00,A,"Injury of any type (Serious, Minor, Possible)",B,Suspected Minor Injury (B),3,Local,0.35,535,VANTAGE RD,VANTAGE RD,,Benham Street,75,Feet,S,1,Clear,4,Dark-Lighted,1,Dry,,Non-trafficway,6/25/20 1:22
2229,694075,1,41.388054,-72.900124,3212478,6/25/20,7:44:00,O,Property Damage Only,O,No Apparent Injury (O),2,State,9.32,10,CT-10,10-N,,LINCOLN ST,50,Feet,S,1,Clear,1,Daylight,1,Dry,16900,"Trafficway, On Road",6/25/20 7:44
5711,694332,1,41.336603,-72.911501,3212735,6/25/20,12:26:00,A,"Injury of any type (Serious, Minor, Possible)",C,Possible Injury (C),2,Local,0,17,ARMORY ST,ARMORY ST,WITNEY AVE,,,,,1,Clear,1,Daylight,1,Dry,3100,"Trafficway, On Road",6/25/20 12:26
1040,693352,1,41.3450139,-72.93444548,3211755,6/25/20,16:04:00,O,Property Damage Only,O,No Apparent Injury (O),2,State,5.64,10,CT-10,10-N,,Woodin St.,75,Feet,N,1,Clear,1,Daylight,1,Dry,24700,"Trafficway, On Road",6/25/20 16:04
427,697440,1,41.358627,-72.926069,3215843,6/26/20,7:28:00,O,Property Damage Only,O,No Apparent Injury (O),2,State,6.68,10,CT-10,10-N,,MATHER ST,100,Feet,S,1,Clear,1,Daylight,1,Dry,27700,"Trafficway, On Road",6/26/20 7:28
8171,694076,1,41.337,-72.90168,3212479,6/26/20,7:40:00,A,"Injury of any type (Serious, Minor, Possible)",C,Possible Injury (C),2,Local,0.12,452,RIDGE RD,RIDGE RD,,PARK RD,30,Feet,E,1,Clear,1,Daylight,1,Dry,8800,"Trafficway, On Road",6/26/20 7:40
2171,693353,1,41.383442,-72.902013,3211756,6/26/20,15:30:00,O,Property Damage Only,O,No Apparent Injury (O),2,State,8.97,10,CT-10,10-N,,Whitney Ave.,30,Feet,N,1,Clear,1,Daylight,1,Dry,17000,"Trafficway, On Road",6/26/20 15:30
5822,693416,1,41.364491,-72.929247,3211819,6/27/20,10:47:00,O,Property Damage Only,O,No Apparent Injury (O),2,Local,0.3,42,BENHAM ST,BENHAM ST,MIX AV,,,,,1,Clear,1,Daylight,1,Dry,12800,"Trafficway, On Road",6/27/20 10:47
1673,693390,1,41.369892,-72.918724,3211793,6/27/20,12:29:00,A,"Injury of any type (Serious, Minor, Possible)",B,Suspected Minor Injury (B),2,State,7.54,10,CT-10,10-N,,Connolly Pkwy,2,TenthsofMile,N,1,Clear,1,Daylight,1,Dry,22000,"Trafficway, On Road",6/27/20 12:29
5823,694992,1,41.364158,-72.927592,3213395,6/27/20,16:29:00,O,Property Damage Only,O,No Apparent Injury (O),2,Local,0.22,42,BENHAM ST,BENHAM ST,GARFIELD ST,,,,,4,Rain,1,Daylight,2,Wet,12800,"Trafficway, On Road",6/27/20 16:29
1807,697134,1,41.346275,-72.93386,3215537,6/27/20,20:11:00,O,Property Damage Only,O,No Apparent Injury (O),2,State,5.56,10,CT-10,10-N,CIRCULAR AV,,,,N,1,Clear,1,Daylight,1,Dry,21100,"Trafficway, On Road",6/27/20 20:11
7053,693391,1,41.389272,-72.913873,3211794,6/27/20,21:51:00,A,"Injury of any type (Serious, Minor, Possible)",C,Possible Injury (C),2,Local,0.09,713,HAMDEN HILLS DR,HAMDEN HILLS DR,GLEN RIDGE RD,,,,N,1,Clear,4,Dark-Lighted,1,Dry,8500,"Trafficway, On Road",6/27/20 21:51
7086,697135,1,41.412191,-72.900095,3215538,6/29/20,9:01:00,O,Property Damage Only,O,No Apparent Injury (O),2,Local,0.04,235,HAMPSHIRE DR,HAMPSHIRE DR,,Renshaw Rd,200,Feet,N,1,Clear,1,Daylight,1,Dry,,"Trafficway, On Road",6/29/20 9:01
6348,718658,1,41.341307,-72.907539,3237060,6/29/20,10:49:00,A,"Injury of any type (Serious, Minor, Possible)",C,Possible Injury (C),2,Local,0.52,128,DAVIS ST,DAVIS ST,HARTFORD TPK,,,,,1,Clear,1,Daylight,1,Dry,8900,"Trafficway, On Road",6/29/20 10:49
4928,694077,1,41.378963,-72.903459,3212480,6/29/20,14:23:00,O,Property Damage Only,O,No Apparent Injury (O),2,State,3.31,707,WHITNEY AV,707-N,,Route 15,70,Feet,S,1,Clear,1,Daylight,1,Dry,16900,"Trafficway, On Road",6/29/20 14:23
4927,694016,1,41.383446,-72.901857,3212419,6/30/20,6:24:00,O,Property Damage Only,O,No Apparent Injury (O),2,State,3.62,707,WHITNEY AV,707-N,10-N,,,,,1,Clear,1,Daylight,1,Dry,16900,"Trafficway, On Road",6/30/20 6:24
4888,694333,1,41.347877,-72.913149,3212736,6/30/20,14:45:00,O,Property Damage Only,O,No Apparent Injury (O),2,State,1.08,707,WHITNEY AV,707-N,,Treadwell St,5,Feet,S,2,Cloudy,1,Daylight,2,Wet,17000,"Trafficway, On Road",6/30/20 14:45
9093,697441,1,41.43182,-72.92361,3215844,7/1/20,9:11:00,A,"Injury of any type (Serious, Minor, Possible)",C,Possible Injury (C),1,Local,0.99,573,WEST TODD ST,WEST TODD ST,,Misty Meadow Ln,100,Feet,W,1,Clear,1,Daylight,1,Dry,,"Trafficway, Not on Road",7/1/20 9:11
5310,694573,1,41.3586,-72.90991,3212976,7/1/20,10:51:00,A,"Injury of any type (Serious, Minor, Possible)",B,Suspected Minor Injury (B),3,State,1.87,707,WHITNEY AV,707-N,GILLIES RD,,,,,1,Clear,1,Daylight,1,Dry,11700,"Trafficway, On Road",7/1/20 10:51
5033,694334,1,41.346024,-72.912455,3212737,7/1/20,14:57:00,O,Property Damage Only,O,No Apparent Injury (O),2,State,0.94,707,WHITNEY AV,707-N,,PUTNAM AVE,50,Feet,N,4,Rain,1,Daylight,2,Wet,14300,"Trafficway, On Road",7/1/20 14:57
4795,694586,1,41.346446,-72.894071,920132,7/1/20,17:36:00,K,Fatal (Kill),K,Fatal Injury (K),2,USRoute,2.39,5,US-5,5-N,,Fernwood Rd.,800,Feet,N,1,Clear,1,Daylight,1,Dry,10000,"Trafficway, On Road",7/1/20 17:36
6082,694587,1,41.361199,-72.936936,3212990,7/1/20,21:13:00,O,Property Damage Only,O,No Apparent Injury (O),2,Local,0,93,CHERRY HILL RD,CHERRY HILL RD,CIRCULAR AV,,,,,4,Rain,4,Dark-Lighted,2,Wet,,"Trafficway, On Road",7/1/20 21:13
4714,694335,1,41.333395,-72.900623,3212738,7/1/20,23:12:00,O,Property Damage Only,O,No Apparent Injury (O),2,USRoute,1.41,5,US-5,5-N,,Farm Rd.,300,Feet,S,1,Clear,4,Dark-Lighted,1,Dry,14300,"Trafficway, On Road",7/1/20 23:12
8199,694336,1,41.349912,-72.902186,3212739,7/2/20,2:11:00,O,Property Damage Only,O,No Apparent Injury (O),1,Local,1.04,452,RIDGE RD,RIDGE RD,HARTFORD TPK,,,,,1,Clear,4,Dark-Lighted,1,Dry,4800,"Trafficway, On Road",7/2/20 2:11
1812,699468,1,41.341977,-72.934917,3217871,7/2/20,5:27:00,A,"Injury of any type (Serious, Minor, Possible)",C,Possible Injury (C),2,State,5.44,10,CT-10,10-N,,North st,50,Feet,N,1,Clear,1,Daylight,1,Dry,21100,"Trafficway, On Road",7/2/20 5:27
5267,697442,1,41.35577,-72.91202,3215845,7/2/20,7:27:00,A,"Injury of any type (Serious, Minor, Possible)",C,Possible Injury (C),2,State,1.65,707,WHITNEY AV,707-N,WAITE ST,,,,,1,Clear,1,Daylight,1,Dry,11800,"Trafficway, On Road",7/2/20 7:27
7484,694993,1,41.36702,-72.92676,3213396,7/2/20,9:34:00,O,Property Damage Only,O,No Apparent Injury (O),2,Local,0.22,366,MIX AV,MIX AV,,BENHAM ST,200,Feet,N,1,Clear,1,Daylight,1,Dry,4000,"Trafficway, On Road",7/2/20 9:34
4365,730195,1,41.378151,-72.90531,3248595,7/2/20,19:11:00,O,Property Damage Only,O,No Apparent Injury (O),2,State,0.18,15,15-S,15-S-122,,Route 15 South,0.200000003,TenthsofMile,N,1,Clear,1,Daylight,1,Dry,9300,"Trafficway, On Road",7/2/20 19:11
9243,697152,1,41.350161,-72.954339,3215555,7/3/20,19:05:00,O,Property Damage Only,O,No Apparent Injury (O),3,Local,0.56,598,WOODIN ST,WOODIN ST,,BELDEN RD,100,Feet,E,4,Rain,4,Dark-Lighted,6,Moving Water,6000,"Trafficway, On Road",7/3/20 19:05
8467,698004,1,41.389172,-72.922174,3216407,7/4/20,14:23:00,O,Property Damage Only,O,No Apparent Injury (O),2,Local,0.97,489,SHEPARD AV,SHEPARD AV,,Shepard Hill Rd.,100,Feet,N,1,Clear,1,Daylight,1,Dry,1400,"Trafficway, On Road",7/4/20 14:23
2589,697443,1,41.339541,-72.935205,3215846,7/4/20,15:47:00,A,"Injury of any type (Serious, Minor, Possible)",B,Suspected Minor Injury (B),2,State,5.09,10,CT-10,10-N,PINE ST,,,,,1,Clear,1,Daylight,1,Dry,11100,"Trafficway, On Road",7/4/20 15:47
3617,696793,1,41.362825,-72.930807,3215196,7/4/20,23:13:00,A,"Injury of any type (Serious, Minor, Possible)",B,Suspected Minor Injury (B),1,State,49.69,15,15-S,15-S,,EXIT #60,3,TenthsofMile,S,1,Clear,5,Dark-Not Lighted,1,Dry,79200,"Trafficway, On Road",7/4/20 23:13
7351,697444,1,41.353262,-72.928178,3215847,7/5/20,15:20:00,O,Property Damage Only,O,No Apparent Injury (O),2,Local,0,342,MANILA AV,MANILA AV,,Treadwell St,20,Feet,S,1,Clear,1,Daylight,1,Dry,,"Trafficway, On Road",7/5/20 15:20
7781,698462,1,41.387696,-72.931478,3216865,7/5/20,19:24:00,O,Property Damage Only,O,No Apparent Injury (O),2,Local,0.01,651,OXFORD RD,OXFORD RD,,PARADISE AVE,50,Feet,E,1,Clear,3,Dusk,1,Dry,,"Trafficway, On Road",7/5/20 19:24
4929,698005,1,41.383446,-72.901857,3216408,7/5/20,21:40:00,O,Property Damage Only,O,No Apparent Injury (O),2,State,3.62,707,WHITNEY AV,707-N,10-N,,,,,1,Clear,4,Dark-Lighted,1,Dry,16900,"Trafficway, On Road",7/5/20 21:40
4366,730203,1,41.378131,-72.905327,3248603,7/6/20,16:27:00,A,"Injury of any type (Serious, Minor, Possible)",B,Suspected Minor Injury (B),2,State,0.18,15,15-S,15-S-122,,Route 15 South,15,Feet,W,1,Clear,1,Daylight,1,Dry,9300,"Trafficway, On Road",7/6/20 16:27
3960,708757,1,41.379349,-72.903153,3227159,7/6/20,16:36:00,A,"Injury of any type (Serious, Minor, Possible)",B,Suspected Minor Injury (B),3,State,51.64,15,15-S,15-S,,Exit 61,300,Feet,N,1,Clear,1,Daylight,1,Dry,68600,"Trafficway, On Road",7/6/20 16:36
5268,698467,1,41.353136,-72.913112,3216870,7/6/20,21:39:00,A,"Injury of any type (Serious, Minor, Possible)",C,Possible Injury (C),1,State,1.43,707,WHITNEY AV,707-N,SERVOSS ST,,,,,1,Clear,4,Dark-Lighted,1,Dry,11800,"Trafficway, On Road",7/6/20 21:39
5992,697452,1,41.350934,-72.94175,3215855,7/7/20,1:30:00,O,Property Damage Only,O,No Apparent Injury (O),2,Local,0.03,54,BRADLEY AV,BRADLEY AV,,William St,100,Feet,E,1,Clear,5,Dark-Not Lighted,1,Dry,,"Trafficway, On Road",7/7/20 1:30
8857,697153,1,41.396968,-72.907959,3215556,7/7/20,4:57:00,O,Property Damage Only,O,No Apparent Injury (O),1,Local,0.22,668,TANGLEWOOD DR,TANGLEWOOD DR,,Evergreen Av,2,TenthsofMile,W,1,Clear,4,Dark-Lighted,1,Dry,,"Trafficway, Not on Road",7/7/20 4:57
1675,697154,1,41.368477,-72.919689,3215557,7/7/20,8:43:00,O,Property Damage Only,O,No Apparent Injury (O),2,State,7.43,10,CT-10,10-N,,Connolly Pkwy,1,TenthsofMile,N,1,Clear,1,Daylight,1,Dry,22000,"Trafficway, On Road",7/7/20 8:43
1808,697155,1,41.344264,-72.934455,3215558,7/7/20,9:51:00,A,"Injury of any type (Serious, Minor, Possible)",C,Possible Injury (C),2,State,5.59,10,CT-10,10-N,,Woodin St,50,Feet,S,1,Clear,1,Daylight,1,Dry,21100,"Trafficway, On Road",7/7/20 9:51
3963,730206,1,41.379144,-72.903511,3248606,7/7/20,17:12:00,O,Property Damage Only,O,No Apparent Injury (O),2,State,51.61,15,15-S,15-S,,Exit 61,1,TenthsofMile,N,1,Clear,1,Daylight,1,Dry,68600,"Trafficway, On Road",7/7/20 17:12
6183,698468,1,41.357182,-72.936969,3216871,7/7/20,23:06:00,A,"Injury of any type (Serious, Minor, Possible)",B,Suspected Minor Injury (B),2,Local,0.62,99,CIRCULAR AV,CIRCULAR AV,GILBERT AV,,,,,4,Rain,4,Dark-Lighted,2,Wet,1900,"Trafficway, On Road",7/7/20 23:06
3075,698623,1,41.367291,-72.917163,3217026,7/8/20,4:47:00,O,Property Damage Only,O,No Apparent Injury (O),1,State,49.96,15,15-N,15-N,,Exit 60,5,TenthsofMile,N,1,Clear,4,Dark-Lighted,1,Dry,79200,"Trafficway, On Road",7/8/20 4:47
2622,697445,1,41.33766,-72.94166,3215848,7/8/20,13:33:00,O,Property Damage Only,O,No Apparent Injury (O),2,State,4.7,10,CT-10,10-N,ARCH ST,,,,,97,Other,1,Daylight,1,Dry,10600,"Trafficway, On Road",7/8/20 13:33
428,698015,1,41.358929,-72.926015,3216418,7/8/20,14:12:00,O,Property Damage Only,O,No Apparent Injury (O),2,State,6.7,10,CT-10,10-N,Mather St,,,,,2,Cloudy,1,Daylight,1,Dry,27700,"Trafficway, On Road",7/8/20 14:12
3076,699332,1,41.361256,-72.933857,3217735,7/8/20,16:45:00,O,Property Damage Only,O,No Apparent Injury (O),2,State,49.49,15,15-N,15-N,,Exit 60,5,TenthsofMile,S,4,Rain,1,Daylight,2,Wet,79200,"Trafficway, On Road",7/8/20 16:45
3276,730207,1,41.383621,-72.896076,3248607,7/8/20,20:40:00,A,"Injury of any type (Serious, Minor, Possible)",B,Suspected Minor Injury (B),2,State,52.08,15,15-N,15-N,,EXIT 62,1,TenthsofMile,S,1,Clear,5,Dark-Not Lighted,1,Dry,68200,"Trafficway, On Road",7/8/20 20:40
1809,697446,1,41.342407,-72.934774,3215849,7/9/20,14:49:00,O,Property Damage Only,O,No Apparent Injury (O),2,State,5.47,10,CT-10,10-N,,,,,,1,Clear,1,Daylight,1,Dry,21100,"Trafficway, On Road",7/9/20 14:49
96,697453,1,41.365341,-72.9222,3215856,7/9/20,17:29:00,O,Property Damage Only,O,No Apparent Injury (O),3,State,7.05,10,CT-10,10-N,15-S-119,,,,,1,Clear,1,Daylight,1,Dry,38300,"Trafficway, On Road",7/9/20 17:29
1811,698016,1,41.346423,-72.933898,3216419,7/9/20,20:43:00,O,Property Damage Only,O,No Apparent Injury (O),2,State,5.56,10,CT-10,10-N,CIRCULAR AV,,,,,1,Clear,4,Dark-Lighted,1,Dry,21100,"Trafficway, On Road",7/9/20 20:43
8468,698017,1,41.382262,-72.920155,3216420,7/9/20,21:53:00,O,Property Damage Only,O,No Apparent Injury (O),2,Local,0.48,489,SHEPARD AV,SHEPARD AV,Sanford St,,,,,1,Clear,4,Dark-Lighted,1,Dry,1400,"Trafficway, On Road",7/9/20 21:53
7627,698018,1,41.422634,-72.89126,3216421,7/10/20,6:36:00,O,Property Damage Only,O,No Apparent Injury (O),1,Local,0.19,375,MOUNT CARMEL AV,MOUNT CARMEL AV,,HOGAN RD,50,Feet,E,2,Cloudy,1,Daylight,1,Dry,2100,"Trafficway, On Road",7/10/20 6:36
1816,718659,1,41.338334,-72.935152,3237061,7/10/20,12:05:00,O,Property Damage Only,O,No Apparent Injury (O),2,State,5.19,10,CT-10,10-N,,Morse St,30,Feet,N,1,Clear,1,Daylight,1,Dry,21100,"Trafficway, On Road",7/10/20 12:05
7576,698872,1,41.336815,-72.924998,3217275,7/10/20,13:06:00,O,Property Damage Only,O,No Apparent Injury (O),2,Local,0.54,370,MORSE ST,MORSE ST,WINCHESTER AV,,,,,2,Cloudy,1,Daylight,2,Wet,3100,"Trafficway, On Road",7/10/20 13:06
9187,698504,1,41.349435,-72.944989,3216907,7/10/20,14:13:00,O,Property Damage Only,O,No Apparent Injury (O),2,Local,0.38,588,WILMOT RD,WILMOT RD,,PINE ROCK AVE,100,Feet,W,2,Cloudy,1,Daylight,2,Wet,,"Trafficway, On Road",7/10/20 14:13
7025,704235,1,41.353531,-72.932544,3222637,7/10/20,15:49:00,O,Property Damage Only,O,No Apparent Injury (O),2,Local,0,230,GRANDVIEW AV,GRANDVIEW AV,CHURCH ST,,,,,1,Clear,1,Daylight,1,Dry,,"Trafficway, On Road",7/10/20 15:49
9225,698006,1,41.35037,-72.96869,3216409,7/10/20,17:35:00,O,Property Damage Only,O,No Apparent Injury (O),1,Local,1.95,594,WINTERGREEN AV,WINTERGREEN AV,,CARBONELLA DR,1,TenthsofMile,W,4,Rain,1,Daylight,2,Wet,1100,"Trafficway, On Road",7/10/20 17:35
1814,702717,1,41.346381,-72.933953,3221119,7/11/20,7:20:00,O,Property Damage Only,O,No Apparent Injury (O),2,State,5.56,10,CT-10,10-N,CIRCULAR AV,,,,,1,Clear,1,Daylight,1,Dry,21100,"Trafficway, On Road",7/11/20 7:20
6448,702658,1,41.338195,-72.935221,3221060,7/11/20,11:45:00,O,Property Damage Only,O,No Apparent Injury (O),2,Local,0.2,142,DIXWELL AV,DIXWELL AV NO 1,MORSE ST,,,,,1,Clear,1,Daylight,1,Dry,14600,"Trafficway, On Road",7/11/20 11:45
5766,699469,1,41.35171,-72.93275,3217872,7/11/20,18:55:00,O,Property Damage Only,O,No Apparent Injury (O),2,Local,0.16,33,BEACON ST,BEACON ST,,Dixwell Ave,1,TenthsofMile,E,1,Clear,1,Daylight,1,Dry,,"Trafficway, On Road",7/11/20 18:55
5034,701579,1,41.343679,-72.91209,3219981,7/11/20,22:01:00,O,Property Damage Only,O,No Apparent Injury (O),1,State,0.77,707,WHITNEY AV,707-N,ELI RD,,,,,4,Rain,4,Dark-Lighted,2,Wet,14300,"Trafficway, On Road",7/11/20 22:01