,CrashId,Fatal Case Status,lat,lon,DOT Case Number,Date Of Crash,Time of Crash,Crash Severity,Crash Severity Text Format,Most Severe Injury,Most Severe Injury Text Format,Number Of Motor Vehicles,Route Class Text Format,Milemarker,Road Number,Road Description,Roadway Name,Intersecting Roadway Name,Landmark Description,Distance From Nearest Landmark,Unit Of Measure From Nearest Landmark,Direction From Nearest Landmark,Weather Condition,Weather Condition Text Format,Light Condition,Light Condition Text Format,Road Surface Condition,Road Surface Condition Text Format,Average Daily Traffic,Trafficway Class Text Format,full_date
8259,698007,1,41.35625,-72.928679,3216410,7/12/20,1:31:00,O,Property Damage Only,O,No Apparent Injury (O),2,Local,0.03,472,SAINT JAMES ST,SAINT JAMES ST,,Dixwell Ave,50,Feet,W,99,Unknown,6,Dark-Unknown Lighting,99,Unknown,,"Trafficway, On Road",7/12/20 1:31
5948,698008,1,41.358171,-72.931806,3216411,7/12/20,18:30:00,O,Property Damage Only,O,No Apparent Injury (O),2,Local,0.19,50,BLUE HILLS AV,BLUE HILLS AV,,Claire Terr.,65,Feet,N,1,Clear,1,Daylight,1,Dry,,"Trafficway, On Road",7/12/20 18:30
7183,698873,1,41.342768,-72.945886,3217276,7/13/20,12:54:00,A,"Injury of any type (Serious, Minor, Possible)",C,Possible Injury (C),2,Local,0.02,607,HIGH TOP CIR,HIGH TOP CIR,,PINE ROCK AVE,60,Feet,W,1,Clear,1,Daylight,1,Dry,,"Trafficway, On Road",7/13/20 12:54
6934,698874,1,41.335091,-72.926906,3217277,7/13/20,17:56:00,O,Property Damage Only,O,No Apparent Injury (O),2,Local,0.36,222,GOODRICH ST,GOODRICH ST,NEWHALL ST,,,,,1,Clear,1,Daylight,1,Dry,3100,"Trafficway, On Road",7/13/20 17:56
3300,698628,1,41.366466,-72.918224,3217031,7/13/20,23:49:00,O,Property Damage Only,O,No Apparent Injury (O),2,State,50.24,15,15-N,15-N,,Exit 60,7,TenthsofMile,N,1,Clear,4,Dark-Lighted,1,Dry,66700,"Trafficway, On Road",7/13/20 23:49
5824,701580,1,41.36365,-72.925656,3219982,7/14/20,12:08:00,A,"Injury of any type (Serious, Minor, Possible)",C,Possible Injury (C),1,Local,0.11,42,BENHAM ST,BENHAM ST,,Lakeview Ave,75,Feet,W,1,Clear,1,Daylight,1,Dry,12800,"Trafficway, Not on Road",7/14/20 12:08
3521,730217,1,41.36141921,-72.93348025,3248617,7/14/20,16:13:00,O,Property Damage Only,O,No Apparent Injury (O),2,State,49.51,15,15-N,15-N,,EXIT 60,5,TenthsofMile,S,1,Clear,1,Daylight,1,Dry,,"Trafficway, On Road",7/14/20 16:13
1813,701581,1,41.3394,-72.93524,3219983,7/15/20,10:21:00,O,Property Damage Only,O,No Apparent Injury (O),2,State,5.26,10,CT-10,10-N,,PINE ST,50,Feet,S,1,Clear,1,Daylight,1,Dry,21100,"Trafficway, On Road",7/15/20 10:21
8669,698875,1,41.374487,-72.915926,3217278,7/15/20,10:53:00,A,"Injury of any type (Serious, Minor, Possible)",C,Possible Injury (C),2,Local,0.54,494,SKIFF ST,SKIFF ST,ROUTE 10,,,,,1,Clear,1,Daylight,1,Dry,24400,"Trafficway, On Road",7/15/20 10:53
8581,701582,1,41.39446,-72.920222,3219984,7/15/20,11:02:00,O,Property Damage Only,O,No Apparent Injury (O),1,Local,0.3,491,SHERMAN AV,SHERMAN AV NO 1,ROSSOTTO DR,,,,,2,Cloudy,1,Daylight,1,Dry,5700,"Trafficway, On Road",7/15/20 11:02
429,698876,1,41.356666,-72.92768,3217279,7/15/20,16:15:00,O,Property Damage Only,O,No Apparent Injury (O),2,State,6.34,10,CT-10,10-N,HOMESTEAD AV,,,,,1,Clear,1,Daylight,1,Dry,27700,"Trafficway, On Road",7/15/20 16:15
336,698877,1,41.362568,-72.923968,3217280,7/15/20,20:26:00,O,Property Damage Only,O,No Apparent Injury (O),2,State,6.8,10,CT-10,10-N,BENHAM ST,,,,,1,Clear,4,Dark-Lighted,1,Dry,31800,"Trafficway, On Road",7/15/20 20:26
2591,718660,1,41.338209,-72.935158,3237062,7/15/20,22:17:00,A,"Injury of any type (Serious, Minor, Possible)",C,Possible Injury (C),2,State,5,10,CT-10,10-N,MORSE AVE,,,,,1,Clear,4,Dark-Lighted,1,Dry,11100,"Trafficway, On Road",7/15/20 22:17
5082,701996,1,41.333944,-72.912122,3220398,7/16/20,0:35:00,O,Property Damage Only,O,No Apparent Injury (O),1,State,0.08,707,WHITNEY AV,707-N,,East Rock Road ,50,Feet,N,1,Clear,4,Dark-Lighted,1,Dry,14200,"Trafficway, On Road",7/16/20 0:35
8201,701997,1,41.357681,-72.900844,3220399,7/16/20,11:53:00,O,Property Damage Only,O,No Apparent Injury (O),2,Local,1.6,452,RIDGE RD,RIDGE RD,,CARMALT RD,100,Feet,S,1,Clear,1,Daylight,1,Dry,4400,"Trafficway, On Road",7/16/20 11:53
6268,701788,1,41.386325,-72.90234,3220190,7/16/20,16:07:00,O,Property Damage Only,O,No Apparent Injury (O),3,Local,0.22,107,COLONIAL DR,COLONIAL DR,,WHITNEY AVE,1,TenthsofMile,W,1,Clear,1,Daylight,1,Dry,,"Trafficway, On Road",7/16/20 16:07
5195,701789,1,41.363407,-72.908907,3220191,7/17/20,8:17:00,A,"Injury of any type (Serious, Minor, Possible)",C,Possible Injury (C),2,State,2.2,707,WHITNEY AV,707-N,SANTA FE AV,,,,,2,Cloudy,1,Daylight,1,Dry,13300,"Trafficway, On Road",7/17/20 8:17
2623,718661,1,41.338316,-72.941045,3237063,7/17/20,12:05:00,A,"Injury of any type (Serious, Minor, Possible)",C,Possible Injury (C),2,State,4.88,10,CT-10,10-N,,,,,,1,Clear,1,Daylight,1,Dry,10600,"Trafficway, On Road",7/17/20 12:05
4715,703251,1,41.330835,-72.899727,3221653,7/17/20,12:46:00,O,Property Damage Only,O,No Apparent Injury (O),2,USRoute,1.23,5,US-5,5-N,BENTON ST,,,,,4,Rain,1,Daylight,2,Wet,14300,"Trafficway, On Road",7/17/20 12:46
8999,701790,1,41.336916,-72.939987,3220192,7/17/20,15:21:00,O,Property Damage Only,O,No Apparent Injury (O),1,Local,0.29,552,WARNER ST,WARNER ST,,west easton,74,Feet,N,1,Clear,1,Daylight,1,Dry,,"Trafficway, On Road",7/17/20 15:21
1817,718662,1,41.34076412,-72.93511138,3237064,7/18/20,13:09:00,O,Property Damage Only,O,No Apparent Injury (O),2,State,5.35,10,CT-10,10-N,,whiting street,50,Feet,S,1,Clear,1,Daylight,1,Dry,21100,"Trafficway, On Road",7/18/20 13:09
7697,701791,1,41.338595,-72.926471,3220193,7/18/20,17:59:00,O,Property Damage Only,O,No Apparent Injury (O),1,Local,0.35,385,NEWHALL ST,NEWHALL ST,,NEWBERRY ST,150,Feet,N,1,Clear,1,Daylight,1,Dry,7100,Non-trafficway,7/18/20 17:59
8469,701998,1,41.411772,-72.921815,3220400,7/19/20,3:51:00,A,"Injury of any type (Serious, Minor, Possible)",A,Suspected Serious Injury (A),1,Local,2.56,489,SHEPARD AV,SHEPARD AV,,Gate Way,50,Feet,S,1,Clear,4,Dark-Lighted,1,Dry,1400,"Trafficway, Not on Road",7/19/20 3:51
7416,704377,1,41.341635,-72.94864,3222779,7/19/20,10:32:00,O,Property Damage Only,O,No Apparent Injury (O),2,Local,0.04,699,MIDHILL DR,MIDHILL DR,,Hill Top Circle,175,Feet,S,1,Clear,1,Daylight,1,Dry,,"Trafficway, On Road",7/19/20 10:32
339,718663,1,41.363737,-72.923162,3237065,7/19/20,16:03:00,O,Property Damage Only,O,No Apparent Injury (O),2,State,6.88,10,CT-10,10-N,WHEELER ST,,,,,1,Clear,1,Daylight,1,Dry,31800,"Trafficway, On Road",7/19/20 16:03
6846,704378,1,41.340383,-72.93563,3222780,7/19/20,18:35:00,A,"Injury of any type (Serious, Minor, Possible)",C,Possible Injury (C),1,Local,0.18,210,GEORGE ST,GEORGE ST,,Dixwell Ave,100,Feet,W,1,Clear,1,Daylight,1,Dry,,"Trafficway, On Road",7/19/20 18:35
7873,701792,1,41.351685,-72.941827,3220194,7/20/20,1:35:00,A,"Injury of any type (Serious, Minor, Possible)",B,Suspected Minor Injury (B),2,Local,0,418,PEARL AV,PEARL AV,,William Street,50,Feet,E,1,Clear,5,Dark-Not Lighted,1,Dry,,"Trafficway, On Road",7/20/20 1:35
5269,703485,1,41.355654,-72.912199,3221887,7/20/20,12:24:00,A,"Injury of any type (Serious, Minor, Possible)",A,Suspected Serious Injury (A),3,State,1.62,707,WHITNEY AV,707-N,WALDEN ST,,,,,1,Clear,1,Daylight,1,Dry,11800,"Trafficway, On Road",7/20/20 12:24
431,702660,1,41.360072,-72.925318,3221062,7/20/20,12:46:00,O,Property Damage Only,O,No Apparent Injury (O),2,State,6.61,10,CT-10,10-N,RED ROCK TER,,,,,1,Clear,1,Daylight,1,Dry,27700,"Trafficway, On Road",7/20/20 12:46
6845,702661,1,41.340432,-72.937109,3221063,7/20/20,15:51:00,O,Property Damage Only,O,No Apparent Injury (O),2,Local,0.1,210,GEORGE ST,GEORGE ST,,Dix St,300,Feet,E,1,Clear,1,Daylight,1,Dry,,"Trafficway, On Road",7/20/20 15:51
864,701807,1,41.405399,-72.898903,3220209,7/21/20,10:15:00,O,Property Damage Only,O,No Apparent Injury (O),2,State,10.56,10,CT-10,10-N,,WOODRUFF STREET,100,Feet,N,1,Clear,1,Daylight,1,Dry,25300,"Trafficway, On Road",7/21/20 10:15
8304,718664,1,41.38451,-72.901478,3237066,7/21/20,10:37:00,O,Property Damage Only,O,No Apparent Injury (O),2,Local,0.28,480,SCHOOL ST,SCHOOL ST,WHITNEY AVE,,,,,1,Clear,1,Daylight,1,Dry,5300,"Trafficway, On Road",7/21/20 10:37
4930,701808,1,41.383446,-72.901857,3220210,7/21/20,12:08:00,O,Property Damage Only,O,No Apparent Injury (O),2,State,3.62,707,WHITNEY AV,707-N,,DIXWELL AVENUE,75,Feet,N,1,Clear,1,Daylight,1,Dry,16900,"Trafficway, On Road",7/21/20 12:08
430,701999,1,41.357462,-72.927031,3220401,7/21/20,14:20:00,O,Property Damage Only,O,No Apparent Injury (O),2,State,6.41,10,CT-10,10-N,HILLCREST AV,,,,,1,Clear,1,Daylight,1,Dry,27700,"Trafficway, On Road",7/21/20 14:20
6117,702000,1,41.347714,-72.934389,3220402,7/21/20,15:19:00,O,Property Damage Only,O,No Apparent Injury (O),2,Local,1.29,99,CIRCULAR AV,CIRCULAR AV,GORHAM AV,,,,,1,Clear,1,Daylight,1,Dry,7700,"Trafficway, On Road",7/21/20 15:19
5196,701809,1,41.3711,-72.90632,3220211,7/21/20,15:50:00,O,Property Damage Only,O,No Apparent Injury (O),2,State,2.74,707,WHITNEY AV,707-N,SKIFF ST,,,,,1,Clear,1,Daylight,1,Dry,13300,"Trafficway, On Road",7/21/20 15:50
2590,702970,1,41.338175,-72.935179,3221372,7/21/20,17:34:00,O,Property Damage Only,O,No Apparent Injury (O),2,State,5.12,10,CT-10,10-N,ARCH ST,,,,,1,Clear,1,Daylight,1,Dry,11100,"Trafficway, On Road",7/21/20 17:34
7355,718665,1,41.361015,-72.925103,3237067,7/22/20,13:23:00,A,"Injury of any type (Serious, Minor, Possible)",C,Possible Injury (C),2,Local,0.09,660,MAPLEWOOD TER,MAPLEWOOD TER NO 2,,,,,,1,Clear,1,Daylight,1,Dry,,"Trafficway, On Road",7/22/20 13:23
5569,702718,1,41.374487,-72.915926,3221120,7/22/20,13:49:00,O,Property Damage Only,O,No Apparent Injury (O),2,State,0.17,753,CT-10,753-S,SKIFF ST,,,,,1,Clear,1,Daylight,1,Dry,15700,"Trafficway, On Road",7/22/20 13:49
1041,701810,1,41.345062,-72.934155,3220212,7/22/20,17:14:00,O,Property Damage Only,O,No Apparent Injury (O),2,State,5.65,10,CT-10,10-N,,Woodin St.,200,Feet,N,1,Clear,1,Daylight,1,Dry,24700,"Trafficway, On Road",7/22/20 17:14
5035,702001,1,41.344082,-72.912092,3220403,7/22/20,17:36:00,O,Property Damage Only,O,No Apparent Injury (O),2,State,0.8,707,WHITNEY AV,707-N,Augur St,,,,,1,Clear,1,Daylight,1,Dry,14300,"Trafficway, On Road",7/22/20 17:36
8081,701811,1,41.343682,-72.926341,3220213,7/22/20,20:42:00,A,"Injury of any type (Serious, Minor, Possible)",C,Possible Injury (C),2,Local,0.74,439,PUTNAM AV,PUTNAM AV,LEEDER HILL DR,,,,,4,Rain,4,Dark-Lighted,2,Wet,9100,"Trafficway, On Road",7/22/20 20:42
7156,702719,1,41.349474,-72.943312,3221121,7/23/20,19:18:00,O,Property Damage Only,O,No Apparent Injury (O),3,Local,0.51,251,HELEN ST,HELEN ST,ELMER AV,,,,,1,Clear,1,Daylight,1,Dry,2600,"Trafficway, On Road",7/23/20 19:18
5311,703252,1,41.362633,-72.909079,3221654,7/24/20,8:13:00,O,Property Damage Only,O,No Apparent Injury (O),2,State,2.14,707,WHITNEY AV,707-N,,Swarthmore ST,100,Feet,N,1,Clear,1,Daylight,1,Dry,11700,"Trafficway, On Road",7/24/20 8:13
1677,704379,1,41.369754,-72.919038,3222781,7/24/20,14:41:00,O,Property Damage Only,O,No Apparent Injury (O),2,State,7.52,10,CT-10,10-N,,Skiff St.,1,TenthsofMile,S,1,Clear,1,Daylight,1,Dry,22000,"Trafficway, On Road",7/24/20 14:41
4014,730229,1,41.378133,-72.905316,3248629,7/24/20,15:09:00,O,Property Damage Only,O,No Apparent Injury (O),2,State,51.46,15,15-S,15-S,,ROUTE 15 SOUTH,20,Feet,W,1,Clear,1,Daylight,1,Dry,66900,"Trafficway, On Road",7/24/20 15:09
9031,702720,1,41.387939,-72.897829,3221122,7/24/20,17:09:00,O,Property Damage Only,O,No Apparent Injury (O),2,Local,0.33,554,WASHINGTON AV,WASHINGTON AV,,LINCOLN ST,30,Feet,S,1,Clear,1,Daylight,1,Dry,2700,"Trafficway, On Road",7/24/20 17:09
7084,735108,1,41.342227,-72.932929,3253508,7/24/20,18:21:00,O,Property Damage Only,O,No Apparent Injury (O),2,Local,0.09,691,HAMDEN PARK DR,HAMDEN PARK DR,,dixwell ave,500,Feet,E,1,Clear,1,Daylight,1,Dry,,"Trafficway, On Road",7/24/20 18:21
3516,704156,1,41.380605,-72.900776,3222558,7/25/20,12:09:00,O,Property Damage Only,O,No Apparent Injury (O),2,State,0.22,15,15-N,15-N-125,15-N,,,,,1,Clear,1,Daylight,1,Dry,2300,"Trafficway, On Road",7/25/20 12:09
4392,718666,1,41.379938,-72.903135,3237068,7/25/20,13:10:00,A,"Injury of any type (Serious, Minor, Possible)",B,Suspected Minor Injury (B),2,State,0.15,15,15-S,15-S-126,707-N,,,,,1,Clear,1,Daylight,1,Dry,9300,"Trafficway, On Road",7/25/20 13:10
8975,703228,1,41.356428,-72.920342,3221630,7/25/20,13:29:00,O,Property Damage Only,O,No Apparent Injury (O),1,Local,1.15,548,WAITE ST,WAITE ST,,Waite St,150,Feet,W,1,Clear,1,Daylight,1,Dry,2200,"Trafficway, On Road",7/25/20 13:29
7874,702721,1,41.352176,-72.936407,3221123,7/25/20,14:09:00,O,Property Damage Only,O,No Apparent Injury (O),2,Local,0.3,418,PEARL AV,PEARL AV,,Circular,100,Feet,W,1,Clear,1,Daylight,1,Dry,,"Trafficway, On Road",7/25/20 14:09
6629,722633,1,41.384937,-72.906932,3241034,7/25/20,15:31:00,A,"Injury of any type (Serious, Minor, Possible)",B,Suspected Minor Injury (B),1,Local,0.14,174,EVERGREEN AV,EVERGREEN AV,, School St,100,Feet,S,1,Clear,1,Daylight,1,Dry,,Unknown,7/25/20 15:31
1487,718667,1,41.350585,-72.931645,3237069,7/26/20,13:41:00,O,Property Damage Only,O,No Apparent Injury (O),2,State,6.06,10,CT-10,10-N,,Lexington Street,50,Feet,N,1,Clear,1,Daylight,1,Dry,22600,"Trafficway, On Road",7/26/20 13:41
97,703435,1,41.367106,-72.920713,3221837,7/26/20,14:38:00,O,Property Damage Only,O,No Apparent Injury (O),2,State,7.14,10,CT-10,10-N,CONNOLLY PKWY,,,,,1,Clear,1,Daylight,1,Dry,38300,"Trafficway, On Road",7/26/20 14:38
338,706457,1,41.362558,-72.923803,3224859,7/26/20,17:44:00,O,Property Damage Only,O,No Apparent Injury (O),2,State,6.8,10,CT-10,10-N,BENHAM ST,,,,,1,Clear,1,Daylight,1,Dry,31800,"Trafficway, On Road",7/26/20 17:44
6784,704380,1,41.344507,-72.935484,3222782,7/26/20,20:51:00,A,"Injury of any type (Serious, Minor, Possible)",C,Possible Injury (C),1,Local,,198,FOURTH ST,24 Fourth St ,,Dixwell Ave ,270,Feet,W,1,Clear,4,Dark-Lighted,1,Dry,,Non-trafficway,7/26/20 20:51
7930,706285,1,41.35506,-72.94165,3224687,7/27/20,10:53:00,O,Property Damage Only,O,No Apparent Injury (O),2,Local,0.65,429,PINE ROCK AV,PINE ROCK AV NO 1,,Village Circle,15,Feet,N,1,Clear,1,Daylight,1,Dry,5500,"Trafficway, On Road",7/27/20 10:53
8470,704381,1,41.376718,-72.915671,3222783,7/27/20,14:13:00,O,Property Damage Only,O,No Apparent Injury (O),2,Local,0.01,489,SHEPARD AV,SHEPARD AV,,Dixwell Av,10,Feet,W,1,Clear,1,Daylight,1,Dry,1400,"Trafficway, On Road",7/27/20 14:13
865,718668,1,41.406095,-72.8992,3237070,7/28/20,7:18:00,A,"Injury of any type (Serious, Minor, Possible)",C,Possible Injury (C),2,State,10.62,10,CT-10,10-N,,Home Pl,100,Feet,S,1,Clear,1,Daylight,1,Dry,25300,"Trafficway, On Road",7/28/20 7:18
9156,718669,1,41.342367,-72.90097,3237071,7/28/20,12:20:00,O,Property Damage Only,O,No Apparent Injury (O),2,Local,0.13,563,WESTCOTT RD,WESTCOTT RD,,,,,,1,Clear,1,Daylight,1,Dry,350,"Trafficway, On Road",7/28/20 12:20
4751,718670,1,41.337839,-72.898025,3237072,7/28/20,15:35:00,A,"Injury of any type (Serious, Minor, Possible)",C,Possible Injury (C),2,USRoute,1.76,5,US-5,5-N,POTTER PL,,,,,1,Clear,1,Daylight,1,Dry,11800,"Trafficway, On Road",7/28/20 15:35
152,704382,1,41.366118,-72.921538,3222784,7/29/20,12:29:00,O,Property Damage Only,O,No Apparent Injury (O),2,State,7.23,10,CT-10,10-N,,,,,,1,Clear,1,Daylight,1,Dry,33500,"Trafficway, On Road",7/29/20 12:29
6824,704383,1,41.445233,-72.955544,3222785,7/29/20,19:27:00,O,Property Damage Only,O,No Apparent Injury (O),1,Local,2.04,208,GAYLORD MOUNTAIN RD,GAYLORD MOUNTAIN RD,,HANDY RD,104,Feet,W,1,Clear,1,Daylight,1,Dry,,"Trafficway, On Road",7/29/20 19:27
1488,718672,1,41.35008,-72.931854,3237074,7/29/20,21:10:00,A,"Injury of any type (Serious, Minor, Possible)",C,Possible Injury (C),2,State,6.02,10,CT-10,10-N,,Collins St,75,Feet,N,1,Clear,4,Dark-Lighted,1,Dry,22600,"Trafficway, On Road",7/29/20 21:10
4797,718673,1,41.359325,-72.889204,3237075,7/29/20,21:50:00,A,"Injury of any type (Serious, Minor, Possible)",C,Possible Injury (C),4,USRoute,3.31,5,US-5,5-N,,OLDS ST,100,Feet,N,1,Clear,4,Dark-Lighted,1,Dry,10000,"Trafficway, Not on Road",7/29/20 21:50
8670,704384,1,41.374487,-72.915926,3222786,7/30/20,14:56:00,O,Property Damage Only,O,No Apparent Injury (O),2,Local,0.54,494,SKIFF ST,SKIFF ST,,Dixwell Ave.,30,Feet,W,1,Clear,1,Daylight,1,Dry,24400,"Trafficway, On Road",7/30/20 14:56
4931,704385,1,41.381054,-72.902803,3222787,7/30/20,16:11:00,O,Property Damage Only,O,No Apparent Injury (O),2,State,3.46,707,WHITNEY AV,707-N,,WORTH AVE.,75,Feet,N,1,Clear,1,Daylight,1,Dry,16900,"Trafficway, On Road",7/30/20 16:11
5039,719200,1,41.345854,-72.912445,3237602,7/31/20,14:49:00,O,Property Damage Only,O,No Apparent Injury (O),2,State,0.93,707,WHITNEY AV,707-N,,Putnam Avenue,50,Feet,S,1,Clear,1,Daylight,1,Dry,14300,"Trafficway, On Road",7/31/20 14:49
7700,718674,1,41.335099,-72.926847,3237076,7/31/20,18:45:00,O,Property Damage Only,O,No Apparent Injury (O),2,Local,0.6,385,NEWHALL ST,NEWHALL ST,,,,,,1,Clear,1,Daylight,1,Dry,,"Trafficway, On Road",7/31/20 18:45
337,706286,1,41.363672,-72.923164,3224688,8/1/20,1:54:00,A,"Injury of any type (Serious, Minor, Possible)",C,Possible Injury (C),2,State,6.88,10,CT-10,10-N,WHEELER ST,,,,S,1,Clear,4,Dark-Lighted,1,Dry,31800,"Trafficway, On Road",8/1/20 1:54
9058,718675,1,41.336703,-72.939983,3237077,8/1/20,10:14:00,O,Property Damage Only,O,No Apparent Injury (O),1,Local,0,564,WEST EASTON ST,WEST EASTON ST,Warner St,,,,,1,Clear,1,Daylight,1,Dry,,Non-trafficway,8/1/20 10:14
6083,718676,1,41.361614,-72.936655,3237078,8/1/20,11:17:00,O,Property Damage Only,O,No Apparent Injury (O),2,Local,0.03,93,CHERRY HILL RD,CHERRY HILL RD,ELEANOR ST,,,,,1,Clear,1,Daylight,1,Dry,,"Trafficway, On Road",8/1/20 11:17
7816,706287,1,41.343951,-72.920705,3224689,8/1/20,14:29:00,O,Property Damage Only,O,No Apparent Injury (O),2,Local,0.04,412,PARAMOUNT AV,PARAMOUNT AV,,Violet St.,150,Feet,N,1,Clear,99,Unknown,1,Dry,,"Trafficway, On Road",8/1/20 14:29
2624,718677,1,41.338283,-72.941171,3237079,8/1/20,20:36:00,O,Property Damage Only,O,No Apparent Injury (O),2,State,4.7,10,CT-10,10-N,ARCH ST,,,,,1,Clear,4,Dark-Lighted,1,Dry,10600,"Trafficway, On Road",8/1/20 20:36
4388,704197,1,41.3793972,-72.90375396,3222599,8/1/20,23:11:00,A,"Injury of any type (Serious, Minor, Possible)",C,Possible Injury (C),2,State,0.16,15,15-S,15-S-123,Ramp 61 South On Ramp,,,,,1,Clear,5,Dark-Not Lighted,1,Dry,9300,"Trafficway, On Road",8/1/20 23:11
343,720384,1,41.362721,-72.923869,3238785,8/2/20,16:56:00,A,"Injury of any type (Serious, Minor, Possible)",C,Possible Injury (C),2,State,6.8,10,CT-10,10-N,BENHAM ST,,,,,1,Clear,1,Daylight,1,Dry,31800,"Trafficway, On Road",8/2/20 16:56
3343,730246,1,41.380646,-72.90076,3248646,8/2/20,18:39:00,A,"Injury of any type (Serious, Minor, Possible)",C,Possible Injury (C),2,State,51.76,15,15-N,15-N,EXIT 61,,,,,1,Clear,1,Daylight,1,Dry,64300,"Trafficway, On Road",8/2/20 18:39
8915,718678,1,41.353753,-72.929102,3237080,8/3/20,5:17:00,O,Property Damage Only,O,No Apparent Injury (O),2,Local,0.03,527,TREADWELL ST,TREADWELL ST,,Bagley st,50,Feet,N,1,Clear,5,Dark-Not Lighted,1,Dry,4100,"Trafficway, Not on Road",8/3/20 5:17
3517,704531,1,41.380565,-72.900749,3222933,8/3/20,11:03:00,A,"Injury of any type (Serious, Minor, Possible)",C,Possible Injury (C),2,State,0.22,15,15-N,15-N-125,,Route 15,10,Feet,N,1,Clear,1,Daylight,1,Dry,2300,"Trafficway, On Road",8/3/20 11:03
7255,718679,1,41.401918,-72.907761,3237081,8/3/20,11:12:00,O,Property Damage Only,O,No Apparent Injury (O),2,Local,0.27,302,KNOB HILL DR,KNOB HILL DR,,NISTA DR,10,Feet,E,1,Clear,1,Daylight,1,Dry,,"Trafficway, On Road",8/3/20 11:12
2406,718680,1,41.39726,-72.89713,3237082,8/3/20,14:04:00,O,Property Damage Only,O,No Apparent Injury (O),2,State,9.81,10,CT-10,10-N,RIVERSIDE DR,,,,,1,Clear,1,Daylight,1,Dry,14700,"Trafficway, On Road",8/3/20 14:04
1915,706458,1,41.424113,-72.905661,3224860,8/3/20,15:04:00,O,Property Damage Only,O,No Apparent Injury (O),2,State,11.9,10,CT-10,10-N,,Todd Street,1,TenthsofMile,S,1,Clear,1,Daylight,1,Dry,19100,"Trafficway, On Road",8/3/20 15:04
9000,706459,1,41.338175,-72.939964,3224861,8/3/20,17:50:00,O,Property Damage Only,O,No Apparent Injury (O),2,Local,0.2,552,WARNER ST,WARNER ST,,ARCH ST.,30,Feet,S,1,Clear,1,Daylight,1,Dry,,"Trafficway, On Road",8/3/20 17:50
1042,706460,1,41.344619,-72.934329,3224862,8/3/20,18:38:00,O,Property Damage Only,O,No Apparent Injury (O),2,State,5.61,10,CT-10,10-N,,WOODIN ST,20,Feet,N,1,Clear,1,Daylight,1,Dry,24700,"Trafficway, On Road",8/3/20 18:38
340,718681,1,41.360764,-72.924819,3237083,8/4/20,6:10:00,O,Property Damage Only,O,No Apparent Injury (O),2,State,6.84,10,CT-10,10-N,,Lee St,25,Feet,N,1,Clear,4,Dark-Lighted,1,Dry,31800,"Trafficway, On Road",8/4/20 6:10
2552,718682,1,41.381105,-72.912554,3237084,8/4/20,8:53:00,O,Property Damage Only,O,No Apparent Injury (O),2,State,8.22,10,CT-10,10-N,SANFORD ST,,,,,1,Clear,1,Daylight,1,Dry,11200,"Trafficway, On Road",8/4/20 8:53
98,718683,1,41.363986,-72.923159,3237085,8/4/20,9:32:00,A,"Injury of any type (Serious, Minor, Possible)",C,Possible Injury (C),2,State,7.08,10,CT-10,10-N,,Palmer Av,100,Feet,N,1,Clear,1,Daylight,1,Dry,38300,"Trafficway, On Road",8/4/20 9:32
432,718684,1,41.355862,-72.928243,3237086,8/4/20,13:24:00,O,Property Damage Only,O,No Apparent Injury (O),2,State,6.46,10,CT-10,10-N,,St James St,70,Feet,S,4,Rain,1,Daylight,2,Wet,27700,"Trafficway, On Road",8/4/20 13:24
6627,706288,1,41.397575,-72.903723,3224690,8/4/20,14:17:00,O,Property Damage Only,O,No Apparent Injury (O),1,Local,1.05,174,EVERGREEN AV,EVERGREEN AV,,CANNON STREET,75,Feet,N,9,Severe Crosswinds,1,Daylight,2,Wet,,"Trafficway, On Road",8/4/20 14:17
5036,718685,1,41.344003,-72.912146,3237087,8/4/20,22:28:00,A,"Injury of any type (Serious, Minor, Possible)",C,Possible Injury (C),2,State,0.8,707,WHITNEY AV,707-N,,AUGUR ST,15,Feet,S,1,Clear,4,Dark-Lighted,1,Dry,14300,"Trafficway, On Road",8/4/20 22:28
153,718686,1,41.365732,-72.92184,3237088,8/5/20,10:43:00,O,Property Damage Only,O,No Apparent Injury (O),2,State,7.21,10,CT-10,10-N,,RT 15,20,Feet,S,1,Clear,1,Daylight,1,Dry,33500,"Trafficway, On Road",8/5/20 10:43
1678,718687,1,41.37422,-72.916041,3237089,8/5/20,11:33:00,O,Property Damage Only,O,No Apparent Injury (O),2,State,7.87,10,CT-10,10-N,,skiff st,130,Feet,S,1,Clear,1,Daylight,1,Dry,22000,"Trafficway, On Road",8/5/20 11:33
8085,718688,1,41.34366,-72.92813,3237090,8/5/20,16:34:00,O,Property Damage Only,O,No Apparent Injury (O),2,Local,0.83,439,PUTNAM AV,PUTNAM AV,,NEWHALL ST,110,Feet,W,1,Clear,1,Daylight,1,Dry,,"Trafficway, On Road",8/5/20 16:34
5312,718689,1,41.358647,-72.909868,3237091,8/5/20,16:49:00,O,Property Damage Only,O,No Apparent Injury (O),2,State,1.87,707,WHITNEY AV,707-N,GILLIES RD,,,,E,1,Clear,1,Daylight,1,Dry,11700,"Trafficway, On Road",8/5/20 16:49
866,718690,1,41.405598,-72.899004,3237092,8/6/20,9:07:00,O,Property Damage Only,O,No Apparent Injury (O),2,State,10.58,10,CT-10,10-N,,Woodruff Street,50,Feet,N,1,Clear,1,Daylight,1,Dry,25300,"Trafficway, On Road",8/6/20 9:07