,CrashId,Fatal Case Status,lat,lon,DOT Case Number,Date Of Crash,Time of Crash,Crash Severity,Crash Severity Text Format,Most Severe Injury,Most Severe Injury Text Format,Number Of Motor Vehicles,Route Class Text Format,Milemarker,Road Number,Road Description,Roadway Name,Intersecting Roadway Name,Landmark Description,Distance From Nearest Landmark,Unit Of Measure From Nearest Landmark,Direction From Nearest Landmark,Weather Condition,Weather Condition Text Format,Light Condition,Light Condition Text Format,Road Surface Condition,Road Surface Condition Text Format,Average Daily Traffic,Trafficway Class Text Format,full_date
1489,718692,1,41.352617,-72.930583,3237094,8/6/20,11:26:00,O,Property Damage Only,O,No Apparent Injury (O),2,State,6.2,10,CT-10,10-N,,CHURCH STREET,20,Feet,S,2,Cloudy,1,Daylight,1,Dry,22600,"Trafficway, On Road",8/6/20 11:26
5570,718693,1,41.374487,-72.915926,3237095,8/6/20,15:09:00,O,Property Damage Only,O,No Apparent Injury (O),2,State,0.17,753,CT-10,753-S,SKIFF ST,,,,,1,Clear,1,Daylight,1,Dry,15700,"Trafficway, On Road",8/6/20 15:09
8790,718694,1,41.37472,-72.91649,3237096,8/7/20,8:14:00,O,Property Damage Only,O,No Apparent Injury (O),2,Local,0.04,495,SKIFF ST EXT,SKIFF ST EXT,,Dixwell Av,100,Feet,W,1,Clear,1,Daylight,1,Dry,,"Trafficway, On Road",8/7/20 8:14
7972,718695,1,41.35664,-72.94057,3237097,8/7/20,9:30:00,O,Property Damage Only,O,No Apparent Injury (O),2,Local,0.03,431,PIPER RD,PIPER RD,,Gilbert Av,50,Feet,S,1,Clear,1,Daylight,1,Dry,,"Trafficway, On Road",8/7/20 9:30
867,718696,1,41.404113,-72.898443,3237098,8/7/20,11:32:00,O,Property Damage Only,O,No Apparent Injury (O),2,State,10.47,10,CT-10,10-N,,Dickerman St,100,Feet,N,1,Clear,1,Daylight,1,Dry,25300,"Trafficway, On Road",8/7/20 11:32
7157,718697,1,41.347544,-72.937926,3237099,8/7/20,13:05:00,O,Property Damage Only,O,No Apparent Injury (O),2,Local,0.2,251,HELEN ST,HELEN ST,,Alenier St,100,Feet,W,1,Clear,1,Daylight,1,Dry,,"Trafficway, On Road",8/7/20 13:05
2230,718698,1,41.390054,-72.899057,3237100,8/7/20,14:36:00,O,Property Damage Only,O,No Apparent Injury (O),2,State,9.47,10,CT-10,10-N,,Farrell,325,Feet,S,1,Clear,1,Daylight,1,Dry,16900,"Trafficway, On Road",8/7/20 14:36
4932,718699,1,41.379166,-72.903348,3237101,8/7/20,14:40:00,O,Property Damage Only,O,No Apparent Injury (O),2,State,3.32,707,WHITNEY AV,707-N,,Worth Ave.,1,TenthsofMile,S,1,Clear,1,Daylight,1,Dry,16900,"Trafficway, On Road",8/7/20 14:40
2592,718700,1,41.340328,-72.935189,3237102,8/7/20,15:44:00,A,"Injury of any type (Serious, Minor, Possible)",C,Possible Injury (C),3,State,5.14,10,CT-10,10-N,GEORGE ST,,,,,1,Clear,1,Daylight,1,Dry,11100,"Trafficway, On Road",8/7/20 15:44
9094,718701,1,41.434931,-72.940692,3237103,8/7/20,20:40:00,O,Property Damage Only,O,No Apparent Injury (O),1,Local,0.06,573,WEST TODD ST,WEST TODD ST,,Gaylord MT Road,300,Feet,E,1,Clear,5,Dark-Not Lighted,1,Dry,,"Trafficway, On Road",8/7/20 20:40
7385,718702,1,41.352689,-72.917817,3237104,8/8/20,9:12:00,O,Property Damage Only,O,No Apparent Injury (O),2,Local,0.39,352,MATHER ST,MATHER ST,SERVOSS ST,,,,,1,Clear,1,Daylight,1,Dry,,"Trafficway, On Road",8/8/20 9:12
6029,718703,1,41.43730989,-72.93674298,3237105,8/8/20,12:14:00,A,"Injury of any type (Serious, Minor, Possible)",B,Suspected Minor Injury (B),1,Local,0.25,726,BUSHER LA,BUSHER LA,,OakWood,110,Feet,S,1,Clear,1,Daylight,1,Dry,,"Trafficway, On Road",8/8/20 12:14
9067,718704,1,41.40122,-72.92767,3237106,8/8/20,12:33:00,A,"Injury of any type (Serious, Minor, Possible)",C,Possible Injury (C),2,Local,0.2,570,WEST SHEPARD AV,WEST SHEPARD AV,LAURA RD NO 2,,,,,1,Clear,1,Daylight,1,Dry,,"Trafficway, On Road",8/8/20 12:33
6936,718705,1,41.335185,-72.927892,3237107,8/8/20,14:47:00,O,Property Damage Only,O,No Apparent Injury (O),2,Local,0.42,222,GOODRICH ST,GOODRICH ST,SHEPARD ST,,,,,1,Clear,1,Daylight,1,Dry,,"Trafficway, On Road",8/8/20 14:47
7347,718706,1,41.359963,-72.964518,3237108,8/8/20,18:41:00,O,Property Damage Only,O,No Apparent Injury (O),1,Local,2.12,340,MAIN ST,MAIN ST,,Wintergreen Ave,1,TenthsofMile,W,1,Clear,1,Daylight,1,Dry,,"Trafficway, On Road",8/8/20 18:41
6825,718707,1,41.445362,-72.956,3237109,8/9/20,15:07:00,A,"Injury of any type (Serious, Minor, Possible)",B,Suspected Minor Injury (B),1,Local,2.06,208,GAYLORD MOUNTAIN RD,GAYLORD MOUNTAIN RD,,HANDY RD,235,Feet,W,1,Clear,1,Daylight,1,Dry,,"Trafficway, On Road",8/9/20 15:07
4389,718708,1,41.37933,-72.90337,3237110,8/10/20,12:26:00,A,"Injury of any type (Serious, Minor, Possible)",C,Possible Injury (C),2,State,0.18,15,15-S,15-S-123,707-N,,,,,1,Clear,1,Daylight,1,Dry,9300,"Trafficway, On Road",8/10/20 12:26
6064,718709,1,41.3803,-72.90532,3237111,8/10/20,13:15:00,O,Property Damage Only,O,No Apparent Injury (O),1,Local,0,86,CENTERBROOK RD,CENTERBROOK RD,WORTH AV,,,,,1,Clear,1,Daylight,1,Dry,,"Trafficway, On Road",8/10/20 13:15
8704,708546,1,41.371096,-72.906488,3226948,8/10/20,14:38:00,O,Property Damage Only,O,No Apparent Injury (O),2,Local,0.01,494,SKIFF ST,SKIFF ST,WHITNEY AVE,,,,,1,Clear,1,Daylight,1,Dry,,"Trafficway, On Road",8/10/20 14:38
4933,718710,1,41.38105,-72.902732,3237112,8/10/20,15:18:00,O,Property Damage Only,O,No Apparent Injury (O),2,State,3.46,707,WHITNEY AV,707-N,,WORTH AVE.,100,Feet,N,1,Clear,1,Daylight,1,Dry,16900,"Trafficway, On Road",8/10/20 15:18
663,718712,1,41.419218,-72.903969,3237114,8/10/20,18:57:00,A,"Injury of any type (Serious, Minor, Possible)",C,Possible Injury (C),2,State,11.55,10,CT-10,10-N,,Mt. Carmel Ave.,1,TenthsofMile,S,1,Clear,1,Daylight,1,Dry,25800,"Trafficway, On Road",8/10/20 18:57
8594,718713,1,41.412411,-72.906399,3237115,8/11/20,15:32:00,O,Property Damage Only,O,No Apparent Injury (O),2,Local,1.87,491,SHERMAN AV,SHERMAN AV NO 1,,Whitney Ave.,1,TenthsofMile,W,1,Clear,1,Daylight,1,Dry,,"Trafficway, On Road",8/11/20 15:32
5571,718714,1,41.376438,-72.915571,3237116,8/11/20,16:07:00,A,"Injury of any type (Serious, Minor, Possible)",C,Possible Injury (C),2,State,0.04,753,CT-10,753-S,,SHEPARD AVE,20,Feet,S,1,Clear,1,Daylight,1,Dry,15700,"Trafficway, On Road",8/11/20 16:07
4028,730257,1,41.365901,-72.920562,3248657,8/11/20,16:36:00,O,Property Damage Only,O,No Apparent Injury (O),2,State,50.31,15,15-S,15-S,,EXIT 60,1,TenthsofMile,N,1,Clear,1,Daylight,1,Dry,66700,"Trafficway, On Road",8/11/20 16:36
4015,730258,1,41.378129,-72.905322,3248658,8/11/20,17:17:00,O,Property Damage Only,O,No Apparent Injury (O),2,State,51.46,15,15-S,15-S,EXIT 61,,,,,1,Clear,1,Daylight,1,Dry,66900,"Trafficway, On Road",8/11/20 17:17
6035,718715,1,41.379566,-72.950742,3237117,8/11/20,18:29:00,O,Property Damage Only,O,No Apparent Injury (O),1,Local,0.23,73,CALAMUS MEADOW RD,CALAMUS MEADOW RD,,DUNBAR HILL RD,1210,Feet,W,1,Clear,1,Daylight,1,Dry,,"Trafficway, On Road",8/11/20 18:29
3344,730262,1,41.380634,-72.900766,3248662,8/12/20,15:21:00,O,Property Damage Only,O,No Apparent Injury (O),2,State,51.76,15,15-N,15-N,EXIT 61,,,,,1,Clear,1,Daylight,1,Dry,64300,"Trafficway, On Road",8/12/20 15:21
7847,718716,1,41.329736,-72.898645,3237118,8/13/20,15:08:00,O,Property Damage Only,O,No Apparent Injury (O),2,Local,0,414,PARK RD,PARK RD,ARMSTRONG ST,,,,,1,Clear,1,Daylight,1,Dry,,"Trafficway, On Road",8/13/20 15:08
2553,718717,1,41.38103,-72.912431,3237119,8/13/20,16:18:00,O,Property Damage Only,O,No Apparent Injury (O),2,State,8.22,10,CT-10,10-N,SANFORD ST,,,,,1,Clear,1,Daylight,1,Dry,11200,"Trafficway, On Road",8/13/20 16:18
7332,718718,1,41.342743,-72.897706,3237120,8/14/20,14:06:00,O,Property Damage Only,O,No Apparent Injury (O),2,Local,0.25,328,LONDON DR,LONDON DR,,State St,1,TenthsofMile,W,1,Clear,1,Daylight,1,Dry,,"Trafficway, On Road",8/14/20 14:06
868,718719,1,41.404162,-72.898544,3237121,8/14/20,17:06:00,O,Property Damage Only,O,No Apparent Injury (O),2,State,10.48,10,CT-10,10-N,,Dickerman Street,2,TenthsofMile,N,1,Clear,1,Daylight,1,Dry,25300,"Trafficway, On Road",8/14/20 17:06
433,718720,1,41.354609,-72.929332,3237122,8/14/20,21:47:00,O,Property Damage Only,O,No Apparent Injury (O),2,State,6.35,10,CT-10,10-N,,Pershing St,100,Feet,S,1,Clear,4,Dark-Lighted,1,Dry,27700,"Trafficway, On Road",8/14/20 21:47
3762,719499,1,41.366454,-72.918614,3237901,8/15/20,8:15:00,O,Property Damage Only,O,No Apparent Injury (O),2,State,50.41,15,15-S,15-S,,Exit 60,5,TenthsofMile,N,1,Clear,1,Daylight,1,Dry,72100,"Trafficway, On Road",8/15/20 8:15
434,718721,1,41.359045,-72.92582,3237123,8/15/20,11:10:00,O,Property Damage Only,O,No Apparent Injury (O),2,State,6.71,10,CT-10,10-N,Mather St.,,,,,1,Clear,1,Daylight,1,Dry,27700,"Trafficway, On Road",8/15/20 11:10
4614,718722,1,41.401272,-72.897745,3237124,8/15/20,13:25:00,O,Property Damage Only,O,No Apparent Injury (O),2,State,3.08,40,40-N,40-N,10-N,,,,,1,Clear,1,Daylight,1,Dry,18500,"Trafficway, On Road",8/15/20 13:25
6628,718723,1,41.385212,-72.906855,3237125,8/15/20,14:39:00,O,Property Damage Only,O,No Apparent Injury (O),2,Local,0.16,174,EVERGREEN AV,EVERGREEN AV,Hamden Hills,,,,,1,Clear,1,Daylight,1,Dry,,"Trafficway, On Road",8/15/20 14:39
4716,718724,1,41.329721,-72.898647,3237126,8/15/20,15:50:00,A,"Injury of any type (Serious, Minor, Possible)",C,Possible Injury (C),2,USRoute,1.13,5,US-5,5-N,Park Rd,,,,,1,Clear,1,Daylight,1,Dry,14300,"Trafficway, On Road",8/15/20 15:50
6764,718726,1,41.394224,-72.905873,3237128,8/16/20,12:23:00,O,Property Damage Only,O,No Apparent Injury (O),2,Local,0.46,196,FOREST ST,FOREST ST,,Evergreen Avenue,400,Feet,W,4,Rain,1,Daylight,2,Wet,,"Trafficway, On Road",8/16/20 12:23
2311,718727,1,41.383602,-72.901822,3237129,8/16/20,16:49:00,O,Property Damage Only,O,No Apparent Injury (O),2,State,8.99,10,CT-10,10-N,,Dixwell Avenue,50,Feet,N,1,Clear,1,Daylight,1,Dry,16500,"Trafficway, On Road",8/16/20 16:49
5313,718728,1,41.356888,-72.910564,3237130,8/16/20,17:11:00,A,"Injury of any type (Serious, Minor, Possible)",B,Suspected Minor Injury (B),1,State,1.72,707,WHITNEY AV,707-N,,WAITE STREET ,200,Feet,N,1,Clear,1,Daylight,1,Dry,11700,"Trafficway, On Road",8/16/20 17:11
2346,718729,1,41.443275,-72.910706,3237131,8/17/20,14:08:00,O,Property Damage Only,O,No Apparent Injury (O),2,State,13.25,10,CT-10,10-N,,Brooksvale Av,200,Feet,N,1,Clear,1,Daylight,1,Dry,15400,"Trafficway, On Road",8/17/20 14:08
4363,712097,1,41.378276,-72.90531,3230499,8/17/20,17:33:00,O,Property Damage Only,O,No Apparent Injury (O),2,State,0.17,15,15-S,15-S-122,,RT 15,10,Feet,N,1,Clear,1,Daylight,1,Dry,9300,"Trafficway, On Road",8/17/20 17:33
6997,718730,1,41.347707,-72.93451,3237132,8/17/20,21:29:00,O,Property Damage Only,O,No Apparent Injury (O),2,Local,0.52,226,GORHAM AV,GORHAM AV,CIRCULAR AV,,,,,1,Clear,4,Dark-Lighted,1,Dry,,"Trafficway, On Road",8/17/20 21:29
3760,712881,1,41.366266,-72.918987,3231283,8/18/20,2:24:00,O,Property Damage Only,O,No Apparent Injury (O),1,State,50.39,15,15-S,15-S,,Exit 60,2,TenthsofMile,N,4,Rain,5,Dark-Not Lighted,2,Wet,72100,"Trafficway, On Road",8/18/20 2:24
5270,718731,1,41.355978,-72.911755,3237133,8/18/20,15:04:00,O,Property Damage Only,O,No Apparent Injury (O),2,State,1.65,707,WHITNEY AV,707-N,WAITE ST,,,,,1,Clear,1,Daylight,1,Dry,11800,"Trafficway, On Road",8/18/20 15:04
4752,718732,1,41.341123,-72.895764,3237134,8/18/20,15:17:00,O,Property Damage Only,O,No Apparent Injury (O),2,USRoute,2.01,5,US-5,5-N,HUBBARD RD,,,,,1,Clear,1,Daylight,1,Dry,11800,"Trafficway, On Road",8/18/20 15:17
4016,730271,1,41.378158,-72.905281,3248671,8/18/20,15:46:00,A,"Injury of any type (Serious, Minor, Possible)",C,Possible Injury (C),2,State,51.46,15,15-S,15-S,EXIT 61,,,,,1,Clear,1,Daylight,1,Dry,66900,"Trafficway, On Road",8/18/20 15:46
3077,712896,1,41.364421,-72.928435,3231298,8/18/20,22:57:00,O,Property Damage Only,O,No Apparent Injury (O),1,State,49.84,15,15-N,15-N,,Exit 60,1.5,TenthsofMile,S,1,Clear,5,Dark-Not Lighted,1,Dry,79200,"Trafficway, On Road",8/18/20 22:57
7283,718733,1,41.357238,-72.942437,3237135,8/19/20,10:49:00,O,Property Damage Only,O,No Apparent Injury (O),1,Local,0.67,309,LANE ST,LANE ST,,Gilbert Av,50,Feet,N,1,Clear,1,Daylight,1,Dry,,"Trafficway, On Road",8/19/20 10:49
2069,718734,1,41.44267,-72.910766,3237136,8/19/20,17:28:00,O,Property Damage Only,O,No Apparent Injury (O),2,State,13.03,10,CT-10,10-N,BROOKSVALE AV,,,,,1,Clear,1,Daylight,1,Dry,17600,"Trafficway, On Road",8/19/20 17:28
8824,718735,1,41.390922,-72.92911,3237137,8/19/20,18:58:00,O,Property Damage Only,O,No Apparent Injury (O),2,Local,0.36,641,SKYVIEW CIR,SKYVIEW CIR,HUME DR,,,,,1,Clear,1,Daylight,1,Dry,,"Trafficway, On Road",8/19/20 18:58
8086,718736,1,41.344887,-72.919175,3237138,8/20/20,7:25:00,A,"Injury of any type (Serious, Minor, Possible)",B,Suspected Minor Injury (B),2,Local,0.36,439,PUTNAM AV,PUTNAM AV,FRANCIS AV,,,,,1,Clear,1,Daylight,1,Dry,,"Trafficway, On Road",8/20/20 7:25
3201,712910,1,41.375089,-72.908785,3231312,8/20/20,9:37:00,A,"Injury of any type (Serious, Minor, Possible)",C,Possible Injury (C),2,State,51.2,15,15-N,15-N,,Exit 61,5,TenthsofMile,S,1,Clear,1,Daylight,1,Dry,72100,"Trafficway, On Road",8/20/20 9:37
3342,714721,1,41.380593,-72.900783,3233123,8/20/20,11:20:00,O,Property Damage Only,O,No Apparent Injury (O),2,State,51.76,15,15-N,15-N,,Route 15,20,Feet,S,1,Clear,1,Daylight,1,Dry,64300,"Trafficway, On Road",8/20/20 11:20
7158,718737,1,41.349572,-72.94351,3237139,8/20/20,16:03:00,O,Property Damage Only,O,No Apparent Injury (O),2,Local,0.52,251,HELEN ST,HELEN ST,,ELMER AVE,50,Feet,W,1,Clear,1,Daylight,1,Dry,,"Trafficway, On Road",8/20/20 16:03
4017,730288,1,41.378137,-72.905314,3248688,8/20/20,16:28:00,O,Property Damage Only,O,No Apparent Injury (O),2,State,51.46,15,15-S,15-S,EXIT 61,,,,,1,Clear,1,Daylight,1,Dry,66900,"Trafficway, On Road",8/20/20 16:28
4021,764678,1,41.37823,-72.905295,3268788,8/20/20,16:35:00,O,Property Damage Only,O,No Apparent Injury (O),2,State,51.47,15,15-S,15-S,,Exit 61,5,Feet,S,1,Clear,1,Daylight,1,Dry,66900,"Trafficway, On Road",8/20/20 16:35
5037,718738,1,41.344227,-72.91217,3237140,8/20/20,18:08:00,O,Property Damage Only,O,No Apparent Injury (O),2,State,0.81,707,WHITNEY AV,707-N,,AUGUR ST,15,Feet,N,1,Clear,1,Daylight,1,Dry,14300,"Trafficway, On Road",8/20/20 18:08
8929,718739,1,41.344657,-72.918223,3237141,8/20/20,19:07:00,O,Property Damage Only,O,No Apparent Injury (O),2,Local,0.1,529,TURNOR AV,TURNOR AV,,Putnam Ave.,150,Feet,S,1,Clear,1,Daylight,1,Dry,,"Trafficway, On Road",8/20/20 19:07
6468,718740,1,41.33616,-72.93524,3237142,8/20/20,19:12:00,A,"Injury of any type (Serious, Minor, Possible)",B,Suspected Minor Injury (B),2,Local,0.05,142,DIXWELL AV,DIXWELL AV NO 1,,Alling St.,50,Feet,S,1,Clear,3,Dusk,1,Dry,,"Trafficway, On Road",8/20/20 19:12
6469,718741,1,41.337895,-72.935207,3237143,8/21/20,8:31:00,O,Property Damage Only,O,No Apparent Injury (O),2,Local,0.18,142,DIXWELL AV,DIXWELL AV NO 1,,ARCH ST,100,Feet,S,1,Clear,1,Daylight,1,Dry,,"Trafficway, On Road",8/21/20 8:31
6352,734254,1,41.341369,-72.907724,3252654,8/21/20,12:29:00,O,Property Damage Only,O,No Apparent Injury (O),1,Local,0.52,128,DAVIS ST,DAVIS ST,HARTFORD TPK,,,,,1,Clear,1,Daylight,1,Dry,,"Trafficway, On Road",8/21/20 12:29
869,718742,1,41.409651,-72.900452,3237144,8/21/20,13:04:00,O,Property Damage Only,O,No Apparent Injury (O),2,State,10.7,10,CT-10,10-N,EVERGREEN AV,,,,,1,Clear,1,Daylight,1,Dry,25300,"Trafficway, On Road",8/21/20 13:04
1490,718743,1,41.352852,-72.930654,3237145,8/21/20,13:13:00,A,"Injury of any type (Serious, Minor, Possible)",B,Suspected Minor Injury (B),1,State,6.04,10,CT-10,10-N,CHURCH ST,,,,,1,Clear,1,Daylight,1,Dry,22600,"Trafficway, On Road",8/21/20 13:13
341,718744,1,41.361814,-72.924259,3237146,8/21/20,13:24:00,A,"Injury of any type (Serious, Minor, Possible)",C,Possible Injury (C),2,State,6.74,10,CT-10,10-N,ROBERT ST,,,,,1,Clear,1,Daylight,1,Dry,31800,"Trafficway, On Road",8/21/20 13:24
4934,718745,1,41.383446,-72.901857,3237147,8/21/20,14:59:00,O,Property Damage Only,O,No Apparent Injury (O),2,State,3.62,707,WHITNEY AV,707-N,DIXWELL AVE,,,,,1,Clear,1,Daylight,1,Dry,16900,"Trafficway, On Road",8/21/20 14:59
8087,718746,1,41.3456,-72.9163,3237148,8/21/20,23:34:00,O,Property Damage Only,O,No Apparent Injury (O),2,Local,0.2,439,PUTNAM AV,PUTNAM AV,,Clifford St.,50,Feet,W,1,Clear,4,Dark-Lighted,1,Dry,,"Trafficway, On Road",8/21/20 23:34
9293,718748,1,41.345648,-72.943181,3237150,8/22/20,21:53:00,O,Property Damage Only,O,No Apparent Injury (O),1,Local,1.23,598,WOODIN ST,WOODIN ST,,Glenbrook Avenue,50,Feet,W,1,Clear,5,Dark-Not Lighted,1,Dry,,"Trafficway, On Road",8/22/20 21:53
9296,723218,1,41.344537,-72.934647,3241619,8/22/20,22:09:00,O,Property Damage Only,O,No Apparent Injury (O),2,Local,1.67,598,WOODIN ST,WOODIN ST,Dixwell Ave,,,,,1,Clear,4,Dark-Lighted,1,Dry,,"Trafficway, On Road",8/22/20 22:09
3265,712948,1,41.380076,-72.901841,3231350,8/23/20,1:22:00,O,Property Damage Only,O,No Apparent Injury (O),1,State,51.71,15,15-N,15-N,,,,,,1,Clear,5,Dark-Not Lighted,1,Dry,68600,"Trafficway, On Road",8/23/20 1:22
3761,713258,1,41.36652,-72.918466,3231660,8/23/20,3:59:00,O,Property Damage Only,O,No Apparent Injury (O),2,State,50.42,15,15-S,15-S,,EXIT #60,3,TenthsofMile,N,1,Clear,5,Dark-Not Lighted,1,Dry,72100,"Trafficway, On Road",8/23/20 3:59
1583,720395,1,41.349672,-72.932146,3238796,8/23/20,14:49:00,A,"Injury of any type (Serious, Minor, Possible)",B,Suspected Minor Injury (B),3,State,5.8,10,CT-10,10-N,COLLINS ST,,,,,1,Clear,1,Daylight,1,Dry,22400,"Trafficway, On Road",8/23/20 14:49
2347,718749,1,41.446786,-72.910304,3237151,8/23/20,17:20:00,O,Property Damage Only,O,No Apparent Injury (O),2,State,13.5,10,CT-10,10-N,,Willow Street,200,Feet,N,1,Clear,1,Daylight,1,Dry,15400,"Trafficway, On Road",8/23/20 17:20
1818,718750,1,41.33974898,-72.9351677,3237152,8/23/20,19:56:00,O,Property Damage Only,O,No Apparent Injury (O),2,State,5.28,10,CT-10,10-N,,Pine St,30,Feet,E,1,Clear,4,Dark-Lighted,1,Dry,21100,"Trafficway, On Road",8/23/20 19:56
2312,718751,1,41.384156,-72.901521,3237153,8/24/20,12:08:00,O,Property Damage Only,O,No Apparent Injury (O),2,State,9.04,10,CT-10,10-N,,School St. ,100,Feet,S,1,Clear,1,Daylight,1,Dry,16500,"Trafficway, On Road",8/24/20 12:08
6938,723219,1,41.335373,-72.930208,3241620,8/24/20,20:22:00,O,Property Damage Only,O,No Apparent Injury (O),2,Local,0.54,222,GOODRICH ST,GOODRICH ST,SHELTON AV,,,,,1,Clear,4,Dark-Lighted,1,Dry,,"Trafficway, On Road",8/24/20 20:22
6185,719201,1,41.358797,-72.937336,3237603,8/24/20,20:57:00,A,"Injury of any type (Serious, Minor, Possible)",B,Suspected Minor Injury (B),1,Local,0.5,99,CIRCULAR AV,CIRCULAR AV,PLAINS RD,,,,,1,Clear,1,Daylight,1,Dry,,"Trafficway, On Road",8/24/20 20:57
2172,718752,1,41.384553,-72.901477,3237154,8/25/20,13:13:00,O,Property Damage Only,O,No Apparent Injury (O),2,State,8.88,10,CT-10,10-N,SCHOOL ST,,,,,1,Clear,1,Daylight,1,Dry,17000,"Trafficway, On Road",8/25/20 13:13
7265,718753,1,41.362446,-72.926246,3237155,8/25/20,16:14:00,O,Property Damage Only,O,No Apparent Injury (O),1,Local,0.32,307,LAKEVIEW AV,LAKEVIEW AV,ROBERT ST,,,,,1,Clear,1,Daylight,1,Dry,,"Trafficway, On Road",8/25/20 16:14
435,718754,1,41.35546,-72.92866,3237156,8/26/20,13:30:00,O,Property Damage Only,O,No Apparent Injury (O),2,State,6.42,10,CT-10,10-N,,James St,200,Feet,S,1,Clear,1,Daylight,1,Dry,27700,"Trafficway, On Road",8/26/20 13:30
342,718755,1,41.363711,-72.923143,3237157,8/26/20,15:42:00,O,Property Damage Only,O,No Apparent Injury (O),2,State,6.88,10,CT-10,10-N,WHEELER ST,WHEELER ST,10,Feet,S,1,Clear,1,Daylight,1,Dry,31800,"Trafficway, On Road",8/26/20 15:42
7102,718813,1,41.361887,-72.894805,3237215,8/27/20,16:44:00,O,Property Damage Only,O,No Apparent Injury (O),2,Local,1.76,242,HARTFORD TPK,HARTFORD TPK,VINEYARD RD NO 2,,,,,4,Rain,1,Daylight,2,Wet,,"Trafficway, On Road",8/27/20 16:44
6350,723220,1,41.341307,-72.907539,3241621,8/27/20,16:53:00,O,Property Damage Only,O,No Apparent Injury (O),3,Local,0.52,128,DAVIS ST,DAVIS ST,HARTFORD TPK,,,,,4,Rain,1,Daylight,2,Wet,,"Trafficway, On Road",8/27/20 16:53
873,723221,1,41.4134,-72.9016,3241622,8/27/20,17:24:00,O,Property Damage Only,O,No Apparent Injury (O),3,State,11.13,10,CT-10,10-N,,Sherman Ave. EXT,100,Feet,S,4,Rain,1,Daylight,2,Wet,25300,"Trafficway, On Road",8/27/20 17:24
3972,764685,1,41.383077,-72.897229,3268795,8/27/20,19:29:00,O,Property Damage Only,O,No Apparent Injury (O),2,State,52.02,15,15-S,15-S,,Exit 62,2,TenthsofMile,N,1,Clear,5,Dark-Not Lighted,1,Dry,68200,"Trafficway, On Road",8/27/20 19:29
5083,718814,1,41.33655,-72.911426,3237216,8/27/20,20:21:00,O,Property Damage Only,O,No Apparent Injury (O),3,State,0.26,707,WHITNEY AV,707-N,ARMORY ST,,,,,4,Rain,4,Dark-Lighted,2,Wet,14200,"Trafficway, On Road",8/27/20 20:21
7414,719202,1,41.3475,-72.9506,3237604,8/28/20,10:15:00,O,Property Damage Only,O,No Apparent Injury (O),2,Local,0.15,361,MICHAEL RD,MICHAEL RD,,FURMAN LN,40,Feet,W,1,Clear,1,Daylight,1,Dry,,"Trafficway, On Road",8/28/20 10:15
5038,718815,1,41.344082,-72.912092,3237217,8/28/20,16:44:00,A,"Injury of any type (Serious, Minor, Possible)",B,Suspected Minor Injury (B),2,State,0.8,707,WHITNEY AV,707-N,,,,,,1,Clear,1,Daylight,1,Dry,14300,"Trafficway, On Road",8/28/20 16:44
3205,764690,1,41.37509,-72.908775,3268800,8/28/20,16:52:00,O,Property Damage Only,O,No Apparent Injury (O),2,State,51.2,15,15-N,15-N,,Exit 61,5,Feet,S,1,Clear,1,Daylight,1,Dry,72100,"Trafficway, On Road",8/28/20 16:52
6937,722079,1,41.335235,-72.928161,3240480,8/29/20,8:07:00,O,Property Damage Only,O,No Apparent Injury (O),2,Local,0.43,222,GOODRICH ST,GOODRICH ST,,Shepard St,50,Feet,N,1,Clear,99,Unknown,1,Dry,,"Trafficway, On Road",8/29/20 8:07
5768,723762,1,41.393406,-72.923661,3242163,8/29/20,17:51:00,O,Property Damage Only,O,No Apparent Injury (O),2,Local,0.03,34,BEAR PATH RD,BEAR PATH RD,,shepard ave,100,Feet,W,1,Clear,1,Daylight,1,Dry,,"Trafficway, On Road",8/29/20 17:51
3266,718092,1,41.37889299,-72.90352041,3236494,8/30/20,0:03:00,O,Property Damage Only,O,No Apparent Injury (O),1,State,51.59,15,15-N,15-N,,EXIT #61,100,Feet,N,1,Clear,5,Dark-Not Lighted,1,Dry,68600,"Trafficway, On Road",8/30/20 0:03
9294,720125,1,41.347741,-72.948928,3238527,8/30/20,3:27:00,O,Property Damage Only,O,No Apparent Injury (O),1,Local,0.89,598,WOODIN ST,WOODIN ST,WILMOT RD,,,,,1,Clear,4,Dark-Lighted,1,Dry,,"Trafficway, On Road",8/30/20 3:27
8473,718817,1,41.385494,-72.921517,3237219,8/30/20,13:41:00,O,Property Damage Only,O,No Apparent Injury (O),2,Local,0.72,489,SHEPARD AV,SHEPARD AV,,Four Rod Rd. ,200,Feet,N,1,Clear,1,Daylight,1,Dry,,"Trafficway, On Road",8/30/20 13:41
99,718818,1,41.367231,-72.920604,3237220,8/30/20,13:50:00,A,"Injury of any type (Serious, Minor, Possible)",B,Suspected Minor Injury (B),2,State,7.14,10,CT-10,10-N,CONNOLLY PKWY,,,,,1,Clear,1,Daylight,1,Dry,38300,"Trafficway, On Road",8/30/20 13:50
5572,722183,1,41.374864,-72.915966,3240584,8/30/20,14:08:00,O,Property Damage Only,O,No Apparent Injury (O),2,State,0.15,753,CT-10,753-S,,SKIFF ST,20,Feet,N,1,Clear,1,Daylight,1,Dry,15700,"Trafficway, On Road",8/30/20 14:08