,CrashId,Fatal Case Status,lat,lon,DOT Case Number,Date Of Crash,Time of Crash,Crash Severity,Crash Severity Text Format,Most Severe Injury,Most Severe Injury Text Format,Number Of Motor Vehicles,Route Class Text Format,Milemarker,Road Number,Road Description,Roadway Name,Intersecting Roadway Name,Landmark Description,Distance From Nearest Landmark,Unit Of Measure From Nearest Landmark,Direction From Nearest Landmark,Weather Condition,Weather Condition Text Format,Light Condition,Light Condition Text Format,Road Surface Condition,Road Surface Condition Text Format,Average Daily Traffic,Trafficway Class Text Format,full_date
3962,727236,1,41.378956,-72.903782,3245637,8/31/20,10:22:00,O,Property Damage Only,O,No Apparent Injury (O),2,State,51.59,15,15-S,15-S,,Exit #61,100,Feet,N,1,Clear,1,Daylight,1,Dry,68600,"Trafficway, On Road",8/31/20 10:22
3966,755900,1,41.379041,-72.9037,3260010,8/31/20,10:47:00,O,Property Damage Only,O,No Apparent Injury (O),2,State,51.6,15,15-S,15-S,,Exit #61,100,Feet,N,1,Clear,1,Daylight,1,Dry,68600,"Trafficway, On Road",8/31/20 10:47
6847,723223,1,41.3403,-72.93822,3241624,8/31/20,12:04:00,O,Property Damage Only,O,No Apparent Injury (O),2,Local,0.04,210,GEORGE ST,GEORGE ST,DIX ST,,,,,1,Clear,1,Daylight,1,Dry,,"Trafficway, On Road",8/31/20 12:04
3967,755901,1,41.378907,-72.90386,3260011,8/31/20,12:15:00,O,Property Damage Only,O,No Apparent Injury (O),2,State,51.59,15,15-S,15-S,,Exit #61,100,Feet,N,1,Clear,1,Daylight,1,Dry,68600,"Trafficway, On Road",8/31/20 12:15
4026,719505,1,41.365861,-72.920567,3237907,8/31/20,12:29:00,O,Property Damage Only,O,No Apparent Injury (O),2,State,50.3,15,15-S,15-S,,Exit 60,1,TenthsofMile,N,1,Clear,1,Daylight,1,Dry,66700,"Trafficway, On Road",8/31/20 12:29
4542,723224,1,41.403496,-72.895602,3241625,8/31/20,15:11:00,A,"Injury of any type (Serious, Minor, Possible)",B,Suspected Minor Injury (B),2,State,0.14,22,CT-22,22-E,NEW RD,,,,,1,Clear,1,Daylight,1,Dry,5600,"Trafficway, On Road",8/31/20 15:11
4717,724058,1,41.332875,-72.900534,3242459,8/31/20,20:26:00,O,Property Damage Only,O,No Apparent Injury (O),2,USRoute,1.37,5,US-5,5-N,COOK ST,,,,,1,Clear,1,Daylight,1,Dry,14300,"Trafficway, On Road",8/31/20 20:26
870,718819,1,41.413895,-72.901988,3237221,8/31/20,21:17:00,A,"Injury of any type (Serious, Minor, Possible)",C,Possible Injury (C),2,State,10.99,10,CT-10,10-N,SHERMAN AV NO 2,,,,,1,Clear,4,Dark-Lighted,1,Dry,25300,"Trafficway, On Road",8/31/20 21:17
4012,717609,1,41.378182,-72.905303,3236011,9/1/20,10:38:00,A,"Injury of any type (Serious, Minor, Possible)",C,Possible Injury (C),2,State,51.46,15,15-S,15-S,EXIT 61,,,,,2,Cloudy,1,Daylight,1,Dry,66900,"Trafficway, On Road",9/1/20 10:38
6470,722080,1,41.33595,-72.935274,3240481,9/1/20,17:37:00,O,Property Damage Only,O,No Apparent Injury (O),2,Local,0.03,142,DIXWELL AV,DIXWELL AV NO 1,,GOODRICH ST,10,Feet,N,1,Clear,1,Daylight,1,Dry,,"Trafficway, On Road",9/1/20 17:37
4364,717611,1,41.378023,-72.905351,3236013,9/1/20,22:18:00,O,Property Damage Only,O,No Apparent Injury (O),2,State,0.19,15,15-S,15-S-122,15-S,,,,,1,Clear,5,Dark-Not Lighted,1,Dry,9300,"Trafficway, On Road",9/1/20 22:18
1492,723225,1,41.356286,-72.927908,3241626,9/2/20,7:50:00,A,"Injury of any type (Serious, Minor, Possible)",C,Possible Injury (C),2,State,6.31,10,CT-10,10-N,FOCH ST,,,,,4,Rain,1,Daylight,2,Wet,22600,"Trafficway, On Road",9/2/20 7:50
3345,764178,1,41.380589,-72.900772,3268288,9/2/20,14:42:00,O,Property Damage Only,O,No Apparent Injury (O),2,State,51.76,15,15-N,15-N,,Exit 61,5,Feet,S,4,Rain,1,Daylight,2,Wet,64300,"Trafficway, On Road",9/2/20 14:42
7387,723237,1,41.353904,-72.918713,3241638,9/2/20,15:37:00,O,Property Damage Only,O,No Apparent Injury (O),1,Local,0.48,352,MATHER ST,MATHER ST,,Dawes Street,50,Feet,W,4,Rain,1,Daylight,2,Wet,,"Trafficway, On Road",9/2/20 15:37
3267,773048,1,41.379792,-72.902336,3277158,9/3/20,7:22:00,O,Property Damage Only,O,No Apparent Injury (O),2,State,51.68,15,15-N,15-N,,Exit 61,0.200000003,TenthsofMile,S,1,Clear,1,Daylight,1,Dry,68600,"Trafficway, On Road",9/3/20 7:22
1584,723496,1,41.346801,-72.93371,3241897,9/3/20,9:08:00,A,"Injury of any type (Serious, Minor, Possible)",B,Suspected Minor Injury (B),3,State,5.77,10,CT-10,10-N,,CIRCULAR AVE,50,Feet,N,1,Clear,1,Daylight,1,Dry,22400,"Trafficway, On Road",9/3/20 9:08
874,723238,1,41.4097,-72.90065,3241639,9/3/20,11:30:00,O,Property Damage Only,O,No Apparent Injury (O),2,State,10.7,10,CT-10,10-N,EVERGREEN AV,,,,,1,Clear,1,Daylight,1,Dry,25300,"Trafficway, On Road",9/3/20 11:30
4798,725407,1,41.351882,-72.891996,3243808,9/3/20,12:50:00,A,"Injury of any type (Serious, Minor, Possible)",C,Possible Injury (C),1,USRoute,2.78,5,US-5,5-N,,Sebec Street,350,Feet,S,1,Clear,1,Daylight,1,Dry,10000,"Trafficway, On Road",9/3/20 12:50
1679,723497,1,41.373123,-72.916765,3241898,9/3/20,15:06:00,O,Property Damage Only,O,No Apparent Injury (O),2,State,7.78,10,CT-10,10-N,,Skiff St,1,TenthsofMile,S,1,Clear,1,Daylight,1,Dry,22000,"Trafficway, On Road",9/3/20 15:06
3204,764180,1,41.377396,-72.906088,3268290,9/3/20,15:19:00,O,Property Damage Only,O,No Apparent Injury (O),2,State,51.42,15,15-N,15-N,,Exit 61,2,TenthsofMile,S,1,Clear,1,Daylight,1,Dry,72100,"Trafficway, On Road",9/3/20 15:19
5040,723239,1,41.346024,-72.912455,3241640,9/3/20,17:40:00,O,Property Damage Only,O,No Apparent Injury (O),2,State,0.94,707,WHITNEY AV,707-N,,PUTNAM AVE,30,Feet,S,1,Clear,1,Daylight,1,Dry,14300,"Trafficway, On Road",9/3/20 17:40
9295,722634,1,41.34835,-72.950225,3241035,9/3/20,23:01:00,A,"Injury of any type (Serious, Minor, Possible)",B,Suspected Minor Injury (B),2,Local,0.81,598,WOODIN ST,WOODIN ST,OBERLIN RD,,,,,4,Rain,4,Dark-Lighted,2,Wet,,"Trafficway, On Road",9/3/20 23:01
7054,723763,1,41.389289,-72.913701,3242164,9/4/20,0:27:00,A,"Injury of any type (Serious, Minor, Possible)",B,Suspected Minor Injury (B),1,Local,0.1,713,HAMDEN HILLS DR,HAMDEN HILLS DR,,Town walk dr,20,Feet,E,4,Rain,4,Dark-Lighted,6,Moving Water,,"Trafficway, On Road",9/4/20 0:27
8705,723241,1,41.374529,-72.916036,3241642,9/4/20,12:06:00,O,Property Damage Only,O,No Apparent Injury (O),2,Local,0.55,494,SKIFF ST,SKIFF ST,DIXWELL AVE,,,,,1,Clear,1,Daylight,1,Dry,,"Trafficway, On Road",9/4/20 12:06
436,723571,1,41.358651,-72.92601,3241972,9/4/20,14:39:00,O,Property Damage Only,O,No Apparent Injury (O),2,State,6.68,10,CT-10,10-N,,MATHER ST,100,Feet,S,1,Clear,1,Daylight,1,Dry,27700,"Trafficway, On Road",9/4/20 14:39
5041,723512,1,41.346161,-72.912594,3241913,9/4/20,16:37:00,O,Property Damage Only,O,No Apparent Injury (O),2,State,0.94,707,WHITNEY AV,707-N,LAKE RD,,,,N,1,Clear,1,Daylight,1,Dry,14300,"Trafficway, On Road",9/4/20 16:37
5859,722635,1,41.364526,-72.929313,3241036,9/4/20,19:09:00,O,Property Damage Only,O,No Apparent Injury (O),2,Local,0.3,42,BENHAM ST,BENHAM ST,MIX AV,,,,,1,Clear,3,Dusk,1,Dry,,"Trafficway, On Road",9/4/20 19:09
3078,718416,1,41.36127901,-72.93381808,3236818,9/4/20,23:30:00,A,"Injury of any type (Serious, Minor, Possible)",B,Suspected Minor Injury (B),2,State,49.49,15,15-N,15-N,,Exit 60,0.5,TenthsofMile,S,1,Clear,5,Dark-Not Lighted,1,Dry,79200,"Trafficway, On Road",9/4/20 23:30
9297,725425,1,41.345509,-72.941981,3243826,9/5/20,11:15:00,A,"Injury of any type (Serious, Minor, Possible)",C,Possible Injury (C),2,Local,1.29,598,WOODIN ST,WOODIN ST,ROCHFORD AV,,,,,1,Clear,1,Daylight,1,Dry,,"Trafficway, On Road",9/5/20 11:15
4376,774516,1,41.379058,-72.905362,3278626,9/5/20,13:25:00,O,Property Damage Only,O,No Apparent Injury (O),2,State,0.12,15,15-S,15-S-122,,Whitney Ave,1,TenthsofMile,S,1,Clear,1,Daylight,1,Dry,9300,"Trafficway, On Road",9/5/20 13:25
7485,722169,1,41.369067,-72.925278,3240570,9/5/20,15:14:00,A,"Injury of any type (Serious, Minor, Possible)",B,Suspected Minor Injury (B),4,Local,0.38,366,MIX AV,MIX AV,,KAYE VUE DR,65,Feet,N,1,Clear,1,Daylight,1,Dry,,"Trafficway, On Road",9/5/20 15:14
1491,720126,1,41.351154,-72.931324,3238528,9/5/20,15:55:00,O,Property Damage Only,O,No Apparent Injury (O),2,State,6.1,10,CT-10,10-N,,Beacon Street,25,Feet,S,1,Clear,1,Daylight,1,Dry,22600,"Trafficway, On Road",9/5/20 15:55
6939,723513,1,41.33493,-72.92795,3241914,9/5/20,19:26:00,O,Property Damage Only,O,No Apparent Injury (O),2,Local,0.42,222,GOODRICH ST,GOODRICH ST,SHEPARD ST,,,,S,1,Clear,3,Dusk,1,Dry,,"Trafficway, On Road",9/5/20 19:26
1585,725426,1,41.346611,-72.933846,3243827,9/5/20,20:20:00,O,Property Damage Only,O,No Apparent Injury (O),2,State,5.76,10,CT-10,10-N,,Helen Street,30,Feet,N,1,Clear,4,Dark-Lighted,1,Dry,22400,"Trafficway, On Road",9/5/20 20:20
6940,735109,1,41.335272,-72.92902,3253509,9/6/20,8:24:00,A,"Injury of any type (Serious, Minor, Possible)",C,Possible Injury (C),2,Local,0.48,222,GOODRICH ST,GOODRICH ST,BUTLER ST,,,,,1,Clear,1,Daylight,1,Dry,,"Trafficway, On Road",9/6/20 8:24
2361,723514,1,41.40001,-72.897575,3241915,9/6/20,12:44:00,O,Property Damage Only,O,No Apparent Injury (O),2,State,10.18,10,CT-10,10-N,,40-N,450,Feet,S,1,Clear,1,Daylight,1,Dry,14800,"Trafficway, On Road",9/6/20 12:44
9178,722460,1,41.433498,-72.907756,3240861,9/6/20,15:42:00,O,Property Damage Only,O,No Apparent Injury (O),2,,,,WHITNEY AV,3851 WHITNEY AVENUE,,3851 Whitney Avenue,5,Feet,N,1,Clear,1,Daylight,1,Dry,,"Trafficway, Not on Road",9/6/20 15:42
4372,764716,1,41.378687,-72.905464,3268826,9/6/20,15:54:00,O,Property Damage Only,O,No Apparent Injury (O),1,State,0.14,15,15-S,15-S-122,,Exit 61,20,Feet,S,1,Clear,1,Daylight,1,Dry,9300,"Trafficway, On Road",9/6/20 15:54
1586,727384,1,41.349131,-72.932527,3245785,9/6/20,20:21:00,O,Property Damage Only,O,No Apparent Injury (O),2,State,5.75,10,CT-10,10-N,NEWTON ST,,,,S,1,Clear,4,Dark-Lighted,1,Dry,22400,"Trafficway, On Road",9/6/20 20:21
872,722636,1,41.409826,-72.900586,3241037,9/7/20,15:07:00,A,"Injury of any type (Serious, Minor, Possible)",B,Suspected Minor Injury (B),2,State,10.7,10,CT-10,10-N,EVERGREEN AV,,,,,1,Clear,1,Daylight,1,Dry,25300,"Trafficway, On Road",9/7/20 15:07
7159,723572,1,41.347613,-72.937921,3241973,9/7/20,21:33:00,O,Property Damage Only,O,No Apparent Injury (O),2,Local,0.21,251,HELEN ST,HELEN ST,,Glemby Street,150,Feet,E,1,Clear,4,Dark-Lighted,1,Dry,,"Trafficway, On Road",9/7/20 21:33
1916,723226,1,41.422162,-72.905274,3241627,9/8/20,12:42:00,O,Property Damage Only,O,No Apparent Injury (O),2,State,11.77,10,CT-10,10-N,,West Woods Rd,500,Feet,N,1,Clear,1,Daylight,1,Dry,19100,"Trafficway, On Road",9/8/20 12:42
2233,723573,1,41.384715,-72.901487,3241974,9/8/20,15:21:00,O,Property Damage Only,O,No Apparent Injury (O),2,State,9.08,10,CT-10,10-N,,SCHOOL ST,35,Feet,N,1,Clear,1,Daylight,1,Dry,16900,"Trafficway, On Road",9/8/20 15:21
8474,723574,1,41.401302,-72.923988,3241975,9/8/20,15:46:00,O,Property Damage Only,O,No Apparent Injury (O),2,Local,1.82,489,SHEPARD AV,SHEPARD AV,,WEST SHEPARD AVE,20,Feet,S,1,Clear,1,Daylight,1,Dry,,"Trafficway, On Road",9/8/20 15:46
871,722081,1,41.412404,-72.901514,3240482,9/8/20,16:12:00,O,Property Damage Only,O,No Apparent Injury (O),2,State,11.07,10,CT-10,10-N,,Brown Street,1,TenthsofMile,N,1,Clear,1,Daylight,1,Dry,25300,"Trafficway, On Road",9/8/20 16:12
5749,723764,1,41.352204,-72.929825,3242165,9/8/20,20:24:00,O,Property Damage Only,O,No Apparent Injury (O),2,Local,0.04,23,BAGLEY AV,BAGLEY AV,,Oregon Ave.,190,Feet,N,1,Clear,4,Dark-Lighted,1,Dry,,"Trafficway, On Road",9/8/20 20:24
1680,723765,1,41.367432,-72.920493,3242166,9/9/20,14:53:00,A,"Injury of any type (Serious, Minor, Possible)",B,Suspected Minor Injury (B),2,State,7.35,10,CT-10,10-N,,Connolly Pkwy,100,Feet,N,1,Clear,1,Daylight,1,Dry,22000,"Trafficway, On Road",9/9/20 14:53
5084,724059,1,41.335752,-72.911375,3242460,9/10/20,2:49:00,A,"Injury of any type (Serious, Minor, Possible)",B,Suspected Minor Injury (B),1,State,0.2,707,WHITNEY AV,707-N,,Armory Street,300,Feet,S,1,Clear,4,Dark-Lighted,1,Dry,14200,"Trafficway, On Road",9/10/20 2:49
2231,723227,1,41.387242,-72.900514,3241628,9/10/20,7:07:00,O,Property Damage Only,O,No Apparent Injury (O),2,State,9.26,10,CT-10,10-N,,Day Spring St,125,Feet,N,4,Rain,1,Daylight,2,Wet,16900,"Trafficway, On Road",9/10/20 7:07
7987,729068,1,41.334338,-72.919819,3247469,9/10/20,7:35:00,O,Property Damage Only,O,No Apparent Injury (O),1,Local,0.28,438,PROSPECT ST,PROSPECT ST,,Goodrich Street,50,Feet,N,4,Rain,1,Daylight,2,Wet,,"Trafficway, On Road",9/10/20 7:35
664,724060,1,41.414614,-72.902381,3242461,9/10/20,8:58:00,O,Property Damage Only,O,No Apparent Injury (O),2,State,11.22,10,CT-10,10-N,,SHERMAN AVE,50,Feet,N,4,Rain,1,Daylight,2,Wet,25800,"Trafficway, On Road",9/10/20 8:58
2234,723766,1,41.384722,-72.901465,3242167,9/10/20,15:25:00,O,Property Damage Only,O,No Apparent Injury (O),2,State,9.08,10,CT-10,10-N,,Colonial Drive,95,Feet,S,2,Cloudy,1,Daylight,1,Dry,16900,"Trafficway, On Road",9/10/20 15:25
5861,727881,1,41.365603,-72.934767,3246282,9/11/20,20:28:00,O,Property Damage Only,O,No Apparent Injury (O),2,Local,0.6,42,BENHAM ST,BENHAM ST,,Cherry Hill Rd,150,Feet,W,1,Clear,4,Dark-Lighted,1,Dry,,"Trafficway, On Road",9/11/20 20:28
5314,727385,1,41.360641,-72.909448,3245786,9/11/20,21:32:00,O,Property Damage Only,O,No Apparent Injury (O),2,State,2.01,707,WHITNEY AV,707-N,HARMON ST,,,,,1,Clear,4,Dark-Lighted,1,Dry,11700,"Trafficway, On Road",9/11/20 21:32
6630,724061,1,41.387828,-72.906257,3242462,9/12/20,1:32:00,O,Property Damage Only,O,No Apparent Injury (O),3,Local,0.35,174,EVERGREEN AV,EVERGREEN AV,,Austen Road,50,Feet,N,1,Clear,99,Unknown,1,Dry,,"Trafficway, On Road",9/12/20 1:32
665,727386,1,41.419299,-72.903986,3245787,9/12/20,12:04:00,O,Property Damage Only,O,No Apparent Injury (O),2,State,11.56,10,CT-10,10-N,,Mount Carmel,500,Feet,S,1,Clear,1,Daylight,1,Dry,25800,"Trafficway, On Road",9/12/20 12:04
5508,724086,1,41.383152,-72.899171,3242487,9/12/20,12:25:00,O,Property Damage Only,O,No Apparent Injury (O),2,State,0.14,717,DIXWELL AV,717-E,WASHINGTON AV,,,,,1,Clear,99,Unknown,1,Dry,15600,"Trafficway, On Road",9/12/20 12:25
7486,724087,1,41.377954,-72.919311,3242488,9/12/20,17:47:00,O,Property Damage Only,O,No Apparent Injury (O),2,Local,1.07,366,MIX AV,MIX AV,,Shepard Ave,2,TenthsofMile,S,1,Clear,1,Daylight,1,Dry,,"Trafficway, On Road",9/12/20 17:47
2593,724088,1,41.338338,-72.936063,3242489,9/12/20,19:38:00,O,Property Damage Only,O,No Apparent Injury (O),2,State,5.14,10,CT-10,10-N,,Alstrum St,75,Feet,N,1,Clear,4,Dark-Lighted,1,Dry,11100,"Trafficway, On Road",9/12/20 19:38
5509,724089,1,41.383072,-72.898951,3242490,9/12/20,19:41:00,O,Property Damage Only,O,No Apparent Injury (O),1,State,0.14,717,DIXWELL AV,717-E,WASHINGTON AV,,,,,1,Clear,4,Dark-Lighted,1,Dry,15600,"Trafficway, On Road",9/12/20 19:41
4652,724090,1,41.420627,-72.904119,3242491,9/13/20,1:04:00,O,Property Damage Only,O,No Apparent Injury (O),1,State,0.01,453,MOUNT CARMEL AV,453-E,,WHITNEY AVE.,120,Feet,E,1,Clear,4,Dark-Lighted,1,Dry,,"Trafficway, On Road",9/13/20 1:04
1820,724091,1,41.341673,-72.934949,3242492,9/13/20,12:23:00,A,"Injury of any type (Serious, Minor, Possible)",C,Possible Injury (C),1,State,5.41,10,CT-10,10-N,,NORTH ST,30,Feet,S,1,Clear,1,Daylight,1,Dry,21100,"Trafficway, Not on Road",9/13/20 12:23
8829,724101,1,41.401013,-72.895485,3242502,9/13/20,19:35:00,O,Property Damage Only,O,No Apparent Injury (O),2,Local,0.27,498,SOUTH NEW RD,SOUTH NEW RD,,Riverside Dr.,1400,Feet,N,1,Clear,4,Dark-Lighted,1,Dry,,"Trafficway, On Road",9/13/20 19:35
4390,720235,1,41.379437,-72.903947,3238637,9/14/20,0:44:00,O,Property Damage Only,O,No Apparent Injury (O),1,State,0.15,15,15-S,15-S-123,,ENT #61,100,Feet,N,1,Clear,5,Dark-Not Lighted,1,Dry,9300,"Trafficway, On Road",9/14/20 0:44
2173,727387,1,41.384398,-72.901575,3245788,9/14/20,13:24:00,O,Property Damage Only,O,No Apparent Injury (O),2,State,8.88,10,CT-10,10-N,SCHOOL ST,,,,,1,Clear,1,Daylight,1,Dry,17000,"Trafficway, On Road",9/14/20 13:24
1819,723767,1,41.34443,-72.93434,3242168,9/15/20,13:34:00,A,"Injury of any type (Serious, Minor, Possible)",C,Possible Injury (C),2,State,5.42,10,CT-10,10-N,WOODIN ST,,,,,1,Clear,1,Daylight,1,Dry,21100,"Trafficway, On Road",9/15/20 13:34
4377,774517,1,41.379055,-72.905353,3278627,9/16/20,9:16:00,O,Property Damage Only,O,No Apparent Injury (O),1,State,0.12,15,15-S,15-S-122,,Whitney Avenue,650,Feet,S,1,Clear,1,Daylight,1,Dry,9300,"Trafficway, On Road",9/16/20 9:16
6187,727388,1,41.361171,-72.936947,3245789,9/16/20,13:13:00,O,Property Damage Only,O,No Apparent Injury (O),1,Local,0.34,99,CIRCULAR AV,CIRCULAR AV,CHERRY HILL RD,,,,,1,Clear,1,Daylight,1,Dry,,"Trafficway, On Road",9/16/20 13:13
2882,911016,1,41.349786,-72.931962,920203,9/17/20,1:16:00,K,Fatal (Kill),K,Fatal Injury (K),1,State,5.8,10,CT-10,10-N,,COLLINS ST,25,Feet,N,99,Unknown,6,Dark-Unknown Lighting,99,Unknown,,"Trafficway, On Road",9/17/20 1:16
4799,727389,1,41.352716,-72.891695,3245790,9/17/20,7:41:00,A,"Injury of any type (Serious, Minor, Possible)",B,Suspected Minor Injury (B),1,USRoute,2.84,5,US-5,5-N,,Sebec St,25,Feet,S,1,Clear,1,Daylight,1,Dry,10000,"Trafficway, On Road",9/17/20 7:41
6186,724185,1,41.351499,-72.935585,3242586,9/17/20,7:45:00,O,Property Damage Only,O,No Apparent Injury (O),3,Local,1.02,99,CIRCULAR AV,CIRCULAR AV,LEXINGTON ST,,,,,1,Clear,1,Daylight,1,Dry,,"Trafficway, On Road",9/17/20 7:45
6103,738156,1,41.353184,-72.931582,3256556,9/17/20,10:23:00,O,Property Damage Only,O,No Apparent Injury (O),2,Local,0.06,97,CHURCH ST,CHURCH ST,,Dixwell Avenue,300,Feet,W,1,Clear,1,Daylight,1,Dry,,"Trafficway, On Road",9/17/20 10:23
1681,724186,1,41.374411,-72.915917,3242587,9/17/20,10:59:00,O,Property Damage Only,O,No Apparent Injury (O),2,State,7.88,10,CT-10,10-N,,SKIFF ST.,25,Feet,N,1,Clear,1,Daylight,1,Dry,22000,"Trafficway, On Road",9/17/20 10:59
200,727338,1,41.366889,-72.92087,3245739,9/17/20,16:02:00,O,Property Damage Only,O,No Apparent Injury (O),2,State,7.3,10,CT-10,10-N,,CONNOLLY PKWY,100,Feet,S,1,Clear,1,Daylight,1,Dry,32700,"Trafficway, On Road",9/17/20 16:02
201,727390,1,41.366906,-72.921081,3245791,9/17/20,16:57:00,A,"Injury of any type (Serious, Minor, Possible)",B,Suspected Minor Injury (B),3,State,7.3,10,CT-10,10-N,,Rt. 15 NB Exit Ramp,200,Feet,N,1,Clear,1,Daylight,1,Dry,32700,"Trafficway, On Road",9/17/20 16:57
6319,727391,1,41.354604,-72.929923,3245792,9/17/20,18:32:00,A,"Injury of any type (Serious, Minor, Possible)",B,Suspected Minor Injury (B),3,Local,0.09,120,CUMLEY ST,CUMLEY ST,,Dixwell Ave,100,Feet,W,1,Clear,1,Daylight,1,Dry,,"Trafficway, On Road",9/17/20 18:32
100,727882,1,41.364818,-72.922524,3246283,9/17/20,20:55:00,O,Property Damage Only,O,No Apparent Injury (O),2,State,7.15,10,CT-10,10-N,,RT. 15,200,Feet,S,1,Clear,4,Dark-Lighted,1,Dry,38300,"Trafficway, On Road",9/17/20 20:55
5860,727392,1,41.36455,-72.92915,3245793,9/18/20,7:27:00,O,Property Damage Only,O,No Apparent Injury (O),1,Local,0.3,42,BENHAM ST,BENHAM ST,MIX AV,,,,,1,Clear,1,Daylight,1,Dry,,"Trafficway, On Road",9/18/20 7:27
2232,723515,1,41.388314,-72.90004,3241916,9/18/20,8:12:00,O,Property Damage Only,O,No Apparent Injury (O),2,State,9.16,10,CT-10,10-N,LINCOLN ST,,,,,1,Clear,1,Daylight,1,Dry,16900,"Trafficway, On Road",9/18/20 8:12
8088,727393,1,41.343638,-72.926596,3245794,9/18/20,8:49:00,O,Property Damage Only,O,No Apparent Injury (O),2,Local,0.74,439,PUTNAM AV,PUTNAM AV,LEEDER HILL DR,,,,,1,Clear,1,Daylight,1,Dry,,"Trafficway, On Road",9/18/20 8:49
7085,736366,1,41.342287,-72.933353,3254766,9/18/20,12:53:00,A,"Injury of any type (Serious, Minor, Possible)",B,Suspected Minor Injury (B),1,Local,0.07,691,HAMDEN PARK DR,HAMDEN PARK DR,,Dixwell Av,385,Feet,E,1,Clear,1,Daylight,1,Dry,,Unknown,9/18/20 12:53
5271,727403,1,41.355718,-72.912104,3245804,9/18/20,14:13:00,O,Property Damage Only,O,No Apparent Injury (O),1,State,1.63,707,WHITNEY AV,707-N,,Walden St,30,Feet,N,1,Clear,1,Daylight,1,Dry,11800,"Trafficway, On Road",9/18/20 14:13
3766,773056,1,41.373967,-72.910242,3277166,9/18/20,14:36:00,O,Property Damage Only,O,No Apparent Injury (O),3,State,51.08,15,15-S,15-S,,Exit 60,9,TenthsofMile,N,1,Clear,1,Daylight,1,Dry,72100,"Trafficway, On Road",9/18/20 14:36
3969,773059,1,41.379387,-72.903145,3277169,9/18/20,17:21:00,O,Property Damage Only,O,No Apparent Injury (O),5,State,51.64,15,15-S,15-S,,Exit 61,300,Feet,N,1,Clear,1,Daylight,1,Dry,68600,"Trafficway, On Road",9/18/20 17:21
4637,773547,1,41.399236,-72.893597,3277657,9/18/20,19:28:00,O,Property Damage Only,O,No Apparent Injury (O),1,State,2.81,40,40-S,40-S,,Route 10,2,TenthsofMile,E,1,Clear,4,Dark-Lighted,1,Dry,,"Trafficway, On Road",9/18/20 19:28
8706,727394,1,41.374576,-72.916173,3245795,9/18/20,19:37:00,O,Property Damage Only,O,No Apparent Injury (O),2,Local,0.55,494,SKIFF ST,SKIFF ST,,DIXWELL AVE,30,Feet,W,1,Clear,1,Daylight,1,Dry,,"Trafficway, On Road",9/18/20 19:37
2594,727395,1,41.338195,-72.935123,3245796,9/18/20,22:10:00,O,Property Damage Only,O,No Apparent Injury (O),2,State,5,10,CT-10,10-N,DIXWELL AV NO 1,,,,,1,Clear,4,Dark-Lighted,1,Dry,11100,"Trafficway, On Road",9/18/20 22:10
5315,727883,1,41.358679,-72.9099,3246284,9/18/20,22:19:00,O,Property Damage Only,O,No Apparent Injury (O),2,State,1.87,707,WHITNEY AV,707-N,GILLIES RD,,,,,1,Clear,4,Dark-Lighted,1,Dry,11700,"Trafficway, On Road",9/18/20 22:19
6011,727396,1,41.355185,-72.944603,3245797,9/19/20,9:05:00,A,"Injury of any type (Serious, Minor, Possible)",C,Possible Injury (C),2,Local,0.16,63,BROOK ST,BROOK ST,,Wintregreen Ave,150,Feet,N,1,Clear,1,Daylight,1,Dry,,"Trafficway, On Road",9/19/20 9:05
3620,727241,1,41.34735378,-72.96771185,3245642,9/19/20,9:45:00,O,Property Damage Only,O,No Apparent Injury (O),2,State,47.44,15,15-S,15-S,,Exit 59,2,TenthsofMile,N,1,Clear,1,Daylight,1,Dry,79200,"Trafficway, On Road",9/19/20 9:45
1043,727404,1,41.344768,-72.934325,3245805,9/19/20,11:13:00,O,Property Damage Only,O,No Apparent Injury (O),2,State,5.62,10,CT-10,10-N,,Woodin Street,75,Feet,N,1,Clear,1,Daylight,1,Dry,24700,"Trafficway, On Road",9/19/20 11:13
5712,724062,1,41.33661,-72.91178,3242463,9/19/20,12:24:00,A,"Injury of any type (Serious, Minor, Possible)",C,Possible Injury (C),1,Local,0.02,17,ARMORY ST,ARMORY ST,,Whitney Avenue,80,Feet,W,1,Clear,1,Daylight,1,Dry,,"Trafficway, Not on Road",9/19/20 12:24
7848,727405,1,41.332108,-72.901826,3245806,9/19/20,18:03:00,O,Property Damage Only,O,No Apparent Injury (O),1,Local,0.26,414,PARK RD,PARK RD,,HYDE STREET,75,Feet,S,1,Clear,1,Daylight,1,Dry,,"Trafficway, Not on Road",9/19/20 18:03
3973,773063,1,41.3818538,-72.8991547,3277173,9/19/20,18:47:00,O,Property Damage Only,O,No Apparent Injury (O),2,State,51.91,15,15-S,15-S,,EXIT 62,1,TenthsofMile,N,1,Clear,1,Daylight,1,Dry,68200,"Trafficway, On Road",9/19/20 18:47
2235,727406,1,41.387871,-72.900292,3245807,9/20/20,12:39:00,O,Property Damage Only,O,No Apparent Injury (O),2,State,9.31,10,CT-10,10-N,,LINCOLN STREET,150,Feet,S,1,Clear,1,Daylight,1,Dry,16900,"Trafficway, On Road",9/20/20 12:39
8709,731512,1,41.373967,-72.914412,3249912,9/20/20,17:04:00,O,Property Damage Only,O,No Apparent Injury (O),2,Local,0.46,494,SKIFF ST,SKIFF ST,,Dixwell Avenue,400,Feet,E,1,Clear,1,Daylight,1,Dry,,"Trafficway, On Road",9/20/20 17:04
7386,723228,1,41.34881,-72.914234,3241629,9/21/20,0:52:00,O,Property Damage Only,O,No Apparent Injury (O),2,Local,0.07,352,MATHER ST,MATHER ST,,Whitney,400,Feet,W,1,Clear,4,Dark-Lighted,1,Dry,,"Trafficway, On Road",9/21/20 0:52