,CrashId,Fatal Case Status,lat,lon,DOT Case Number,Date Of Crash,Time of Crash,Crash Severity,Crash Severity Text Format,Most Severe Injury,Most Severe Injury Text Format,Number Of Motor Vehicles,Route Class Text Format,Milemarker,Road Number,Road Description,Roadway Name,Intersecting Roadway Name,Landmark Description,Distance From Nearest Landmark,Unit Of Measure From Nearest Landmark,Direction From Nearest Landmark,Weather Condition,Weather Condition Text Format,Light Condition,Light Condition Text Format,Road Surface Condition,Road Surface Condition Text Format,Average Daily Traffic,Trafficway Class Text Format,full_date
1682,727407,1,41.373081,-72.916695,3245808,9/21/20,17:40:00,O,Property Damage Only,O,No Apparent Injury (O),2,State,7.78,10,CT-10,10-N,,SKIFF ST,1,TenthsofMile,S,1,Clear,1,Daylight,1,Dry,22000,"Trafficway, On Road",9/21/20 17:40
5217,723801,1,41.373718,-72.905363,3242202,9/22/20,7:33:00,A,"Injury of any type (Serious, Minor, Possible)",C,Possible Injury (C),1,State,2.93,707,WHITNEY AV,707-N,,WAYLAND AVE.,50,Feet,S,1,Clear,1,Daylight,1,Dry,12500,"Trafficway, On Road",9/22/20 7:33
8089,727408,1,41.343669,-72.926557,3245809,9/22/20,8:35:00,A,"Injury of any type (Serious, Minor, Possible)",C,Possible Injury (C),2,Local,0.75,439,PUTNAM AV,PUTNAM AV,,NEWHALL ST,50,Feet,W,1,Clear,1,Daylight,1,Dry,,"Trafficway, On Road",9/22/20 8:35
7103,729701,1,41.360734,-72.895499,3248102,9/22/20,13:26:00,A,"Injury of any type (Serious, Minor, Possible)",C,Possible Injury (C),1,Local,1.67,242,HARTFORD TPK,HARTFORD TPK,,Jackson Rd,25,Feet,N,1,Clear,1,Daylight,1,Dry,,"Trafficway, Not on Road",9/22/20 13:26
1493,727409,1,41.352168,-72.930822,3245810,9/22/20,14:48:00,A,"Injury of any type (Serious, Minor, Possible)",B,Suspected Minor Injury (B),2,State,6.17,10,CT-10,10-N,,Concord St,50,Feet,N,1,Clear,1,Daylight,1,Dry,22600,"Trafficway, On Road",9/22/20 14:48
6631,727410,1,41.396982,-72.903855,3245811,9/23/20,16:14:00,A,"Injury of any type (Serious, Minor, Possible)",C,Possible Injury (C),2,Local,1,174,EVERGREEN AV,EVERGREEN AV,,DIXWELL AVE,10,Feet,N,1,Clear,1,Daylight,1,Dry,,"Trafficway, On Road",9/23/20 16:14
3619,725558,1,41.35390123,-72.95720305,3243959,9/23/20,16:47:00,O,Property Damage Only,O,No Apparent Injury (O),2,State,48.17,15,15-S,15-S,,RT 15,15,Feet,N,1,Clear,1,Daylight,1,Dry,79200,"Trafficway, On Road",9/23/20 16:47
8341,728585,1,41.381897,-72.932095,3246986,9/24/20,6:39:00,O,Property Damage Only,O,No Apparent Injury (O),2,Local,0,487,SHEAHAN DR,SHEAHAN DR,GOEBEL RD,,,,,1,Clear,1,Daylight,1,Dry,,Unknown,9/24/20 6:39
8091,735718,1,41.345288,-72.916821,3254118,9/24/20,13:02:00,O,Property Damage Only,O,No Apparent Injury (O),2,Local,0.22,439,PUTNAM AV,PUTNAM AV,CLIFFORD ST,,,,,1,Clear,1,Daylight,1,Dry,,"Trafficway, On Road",9/24/20 13:02
7578,727412,1,41.337069,-72.926698,3245813,9/24/20,13:29:00,O,Property Damage Only,O,No Apparent Injury (O),2,Local,0.44,370,MORSE ST,MORSE ST,,Newhall Street,30,Feet,W,1,Clear,1,Daylight,1,Dry,,"Trafficway, On Road",9/24/20 13:29
4013,725559,1,41.378179,-72.905316,3243960,9/24/20,14:19:00,A,"Injury of any type (Serious, Minor, Possible)",B,Suspected Minor Injury (B),2,State,51.46,15,15-S,15-S,EXIT 61 ON RAMP,,,,,1,Clear,1,Daylight,1,Dry,66900,"Trafficway, On Road",9/24/20 14:19
1821,727414,1,41.34403,-72.934474,3245815,9/24/20,16:41:00,O,Property Damage Only,O,No Apparent Injury (O),2,State,5.58,10,CT-10,10-N,,Third St,25,Feet,N,1,Clear,1,Daylight,1,Dry,21100,"Trafficway, On Road",9/24/20 16:41
5862,727885,1,41.369748,-72.958257,3246286,9/24/20,19:14:00,O,Property Damage Only,O,No Apparent Injury (O),2,Local,1.92,42,BENHAM ST,BENHAM ST,,Benham Hill Pl.,250,Feet,W,1,Clear,4,Dark-Lighted,1,Dry,,"Trafficway, On Road",9/24/20 19:14
437,727415,1,41.358787,-72.925906,3245816,9/24/20,23:00:00,O,Property Damage Only,O,No Apparent Injury (O),2,State,6.69,10,CT-10,10-N,,Mather St,99,Feet,S,1,Clear,4,Dark-Lighted,1,Dry,27700,"Trafficway, On Road",9/24/20 23:00
666,727886,1,41.414974,-72.90248,3246287,9/25/20,11:53:00,O,Property Damage Only,O,No Apparent Injury (O),2,State,11.25,10,CT-10,10-N,,Sherman Ave.,150,Feet,N,1,Clear,1,Daylight,1,Dry,25800,"Trafficway, On Road",9/25/20 11:53
3623,773075,1,41.365075,-72.927366,3277185,9/25/20,14:34:00,O,Property Damage Only,O,No Apparent Injury (O),2,State,49.93,15,15-S,15-S,,Entrance 60,2,TenthsofMile,S,1,Clear,1,Daylight,1,Dry,79200,"Trafficway, On Road",9/25/20 14:34
4018,753630,1,41.378552,-72.90449,3257740,9/25/20,16:42:00,A,"Injury of any type (Serious, Minor, Possible)",C,Possible Injury (C),3,State,51.54,15,15-S,15-S,,Exit 61,50,Feet,S,1,Clear,1,Daylight,1,Dry,66900,"Trafficway, On Road",9/25/20 16:42
202,727887,1,41.366824,-72.920985,3246288,9/25/20,17:12:00,O,Property Damage Only,O,No Apparent Injury (O),2,State,7.3,10,CT-10,10-N,,Connolly Parkway,100,Feet,S,1,Clear,1,Daylight,1,Dry,32700,"Trafficway, On Road",9/25/20 17:12
2626,735719,1,41.338363,-72.940029,3254119,9/25/20,17:28:00,O,Property Damage Only,O,No Apparent Injury (O),1,State,4.76,10,CT-10,10-N,WARNER ST,,,,,1,Clear,1,Daylight,1,Dry,10600,"Trafficway, Not on Road",9/25/20 17:28
7026,729069,1,41.353494,-72.932579,3247470,9/26/20,6:55:00,A,"Injury of any type (Serious, Minor, Possible)",C,Possible Injury (C),1,Local,0,230,GRANDVIEW AV,GRANDVIEW AV,CHURCH ST,,,,,1,Clear,1,Daylight,1,Dry,,"Trafficway, Not on Road",9/26/20 6:55
6188,729702,1,41.3467,-72.934128,3248103,9/26/20,11:45:00,O,Property Damage Only,O,No Apparent Injury (O),2,Local,1.35,99,CIRCULAR AV,CIRCULAR AV,,Helen Street,50,Feet,N,1,Clear,1,Daylight,1,Dry,,"Trafficway, On Road",9/26/20 11:45
4027,725049,1,41.365836,-72.922589,3243450,9/26/20,17:06:00,O,Property Damage Only,O,No Apparent Injury (O),2,State,50.2,15,15-S,15-S,15-S-119,,,,,1,Clear,1,Daylight,1,Dry,66700,"Trafficway, On Road",9/26/20 17:06
3624,775074,1,41.359155,-72.939398,3279184,9/26/20,19:57:00,O,Property Damage Only,O,No Apparent Injury (O),1,State,49.18,15,15-S,15-S,,Exit 60,10,TenthsofMile,S,1,Clear,1,Daylight,1,Dry,79200,"Trafficway, On Road",9/26/20 19:57
3621,755910,1,41.360624,-72.935694,3260020,9/26/20,20:53:00,O,Property Damage Only,O,No Apparent Injury (O),3,State,49.39,15,15-S,15-S,,Exit 60,8,TenthsofMile,S,1,Clear,5,Dark-Not Lighted,1,Dry,79200,"Trafficway, On Road",9/26/20 20:53
1494,728610,1,41.349576,-72.932176,3247011,9/27/20,7:09:00,O,Property Damage Only,O,No Apparent Injury (O),2,State,5.97,10,CT-10,10-N,Collins St,,,,,1,Clear,1,Daylight,1,Dry,22600,"Trafficway, On Road",9/27/20 7:09
6381,727416,1,41.403799,-72.898542,3245817,9/28/20,17:50:00,O,Property Damage Only,O,No Apparent Injury (O),2,Local,0.29,140,DICKERMAN ST,DICKERMAN ST,,Whitney Avenue,20,Feet,W,1,Clear,1,Daylight,1,Dry,,"Trafficway, On Road",9/28/20 17:50
4753,729070,1,41.335818,-72.89994,3247471,9/29/20,6:02:00,A,"Injury of any type (Serious, Minor, Possible)",C,Possible Injury (C),2,USRoute,1.58,5,US-5,5-N,,RIDGE RD,80,Feet,N,1,Clear,2,Dawn,1,Dry,11800,"Trafficway, On Road",9/29/20 6:02
876,727888,1,41.41403,-72.902125,3246289,9/29/20,15:22:00,O,Property Damage Only,O,No Apparent Injury (O),2,State,11.18,10,CT-10,10-N,,Sherman Ave,75,Feet,N,1,Clear,1,Daylight,1,Dry,25300,"Trafficway, On Road",9/29/20 15:22
6681,732105,1,41.343303,-72.941097,3250505,9/29/20,17:43:00,A,"Injury of any type (Serious, Minor, Possible)",C,Possible Injury (C),2,Local,0.35,176,FAIRVIEW AV,FAIRVIEW AV,SECOND ST,,,,,4,Rain,3,Dusk,2,Wet,,"Trafficway, On Road",9/29/20 17:43
4295,784968,1,41.366363,-72.921818,3289078,9/29/20,19:35:00,A,"Injury of any type (Serious, Minor, Possible)",C,Possible Injury (C),2,State,0.02,15,15-S,15-S-118,,Dixwell Ave,20,Feet,S,4,Rain,5,Dark-Not Lighted,2,Wet,9300,"Trafficway, On Road",9/29/20 19:35
3202,728438,1,41.366519,-72.918248,3246839,9/30/20,5:58:00,O,Property Damage Only,O,No Apparent Injury (O),1,State,50.41,15,15-N,15-N,,Exit 60,400,Feet,N,4,Rain,5,Dark-Not Lighted,2,Wet,72100,"Trafficway, On Road",9/30/20 5:58
8595,727889,1,41.414079,-72.902947,3246290,9/30/20,14:59:00,O,Property Damage Only,O,No Apparent Injury (O),2,Local,2.08,491,SHERMAN AV,SHERMAN AV NO 1,,WHITNEY AVE,150,Feet,W,1,Clear,1,Daylight,1,Dry,,"Trafficway, On Road",9/30/20 14:59
3480,728612,1,41.365303,-72.922299,3247013,9/30/20,17:15:00,O,Property Damage Only,O,No Apparent Injury (O),2,State,0,15,15-N,15-N-221,10-N,,,,,1,Clear,1,Daylight,1,Dry,9300,"Trafficway, On Road",9/30/20 17:15
8707,727890,1,41.372152,-72.909095,3246291,9/30/20,17:42:00,O,Property Damage Only,O,No Apparent Injury (O),2,Local,0.16,494,SKIFF ST,SKIFF ST,,whitney ave,2,TenthsofMile,W,1,Clear,1,Daylight,1,Dry,,"Trafficway, On Road",9/30/20 17:42
877,728613,1,41.404014,-72.89848,3247014,10/1/20,12:33:00,O,Property Damage Only,O,No Apparent Injury (O),2,State,10.47,10,CT-10,10-N,,DICKERMAN ST,80,Feet,N,1,Clear,1,Daylight,1,Dry,25300,"Trafficway, On Road",10/1/20 12:33
2070,727891,1,41.4354,-72.908494,3246292,10/1/20,16:56:00,O,Property Damage Only,O,No Apparent Injury (O),2,State,12.69,10,CT-10,10-N,,SHEPARD AVE.,1,TenthsofMile,S,1,Clear,1,Daylight,1,Dry,17600,"Trafficway, On Road",10/1/20 16:56
6883,771020,1,41.346308,-72.915052,3275130,10/1/20,19:09:00,A,"Injury of any type (Serious, Minor, Possible)",C,Possible Injury (C),1,Local,0.05,218,GLENDALE ST,GLENDALE ST,RALSTON AV,,,,,1,Clear,4,Dark-Lighted,1,Dry,,"Trafficway, On Road",10/1/20 19:09
1044,728614,1,41.344813,-72.934339,3247015,10/2/20,11:54:00,O,Property Damage Only,O,No Apparent Injury (O),2,State,5.63,10,CT-10,10-N,,Woodin St,50,Feet,N,2,Cloudy,1,Daylight,2,Wet,24700,"Trafficway, On Road",10/2/20 11:54
8090,735110,1,41.345868,-72.933222,3253510,10/2/20,15:23:00,O,Property Damage Only,O,No Apparent Injury (O),2,Local,1.14,439,PUTNAM AV,PUTNAM AV,,Dixwell Avenue,200,TenthsofMile,E,1,Clear,1,Daylight,1,Dry,,"Trafficway, On Road",10/2/20 15:23
878,728615,1,41.405655,-72.899073,3247016,10/2/20,16:12:00,O,Property Damage Only,O,No Apparent Injury (O),2,State,10.58,10,CT-10,10-N,,Woodruff Street,150,Feet,N,1,Clear,1,Daylight,1,Dry,25300,"Trafficway, On Road",10/2/20 16:12
346,735111,1,41.363737,-72.923162,3253511,10/2/20,16:23:00,A,"Injury of any type (Serious, Minor, Possible)",C,Possible Injury (C),1,State,6.88,10,CT-10,10-N,WHEELER ST,,,,,1,Clear,1,Daylight,1,Dry,31800,"Trafficway, On Road",10/2/20 16:23
3964,733395,1,41.378981,-72.903834,3251795,10/2/20,17:31:00,A,"Injury of any type (Serious, Minor, Possible)",C,Possible Injury (C),5,State,51.59,15,15-S,15-S,,Exit 61,0.100000001,TenthsofMile,N,1,Clear,1,Daylight,1,Dry,68600,"Trafficway, On Road",10/2/20 17:31
7487,730697,1,41.371028,-72.923968,3249097,10/2/20,19:21:00,A,"Injury of any type (Serious, Minor, Possible)",A,Suspected Serious Injury (A),1,Local,0.54,366,MIX AV,MIX AV,,Plaza Driveway,200,Feet,N,1,Clear,4,Dark-Lighted,1,Dry,,"Trafficway, On Road",10/2/20 19:21
1683,728616,1,41.369394,-72.919022,3247017,10/3/20,16:19:00,O,Property Damage Only,O,No Apparent Injury (O),1,State,7.5,10,CT-10,10-N,,Connolly pkwy,914,Feet,N,1,Clear,1,Daylight,1,Dry,22000,"Trafficway, On Road",10/3/20 16:19
1496,732106,1,41.34935,-72.932357,3250506,10/4/20,0:40:00,O,Property Damage Only,O,No Apparent Injury (O),2,State,5.95,10,CT-10,10-N,,Newton St,20,Feet,N,1,Clear,4,Dark-Lighted,1,Dry,22600,"Trafficway, On Road",10/4/20 0:40
9226,728617,1,41.356951,-72.949811,3247018,10/4/20,9:47:00,O,Property Damage Only,O,No Apparent Injury (O),2,Local,0.31,594,WINTERGREEN AV,WINTERGREEN AV,,Joseph Lane,10,Feet,W,1,Clear,1,Daylight,1,Dry,,"Trafficway, On Road",10/4/20 9:47
9298,729071,1,41.345613,-72.942894,3247472,10/4/20,18:01:00,O,Property Damage Only,O,No Apparent Injury (O),1,Local,1.24,598,WOODIN ST,WOODIN ST,GLENBROOK AV,,,,,1,Clear,1,Daylight,1,Dry,,"Trafficway, On Road",10/4/20 18:01
9299,730698,1,41.344506,-72.934543,3249098,10/4/20,18:46:00,O,Property Damage Only,O,No Apparent Injury (O),2,Local,1.69,598,WOODIN ST,WOODIN ST,,Dixwell Ave,30,Feet,W,1,Clear,4,Dark-Lighted,1,Dry,,"Trafficway, On Road",10/4/20 18:46
5731,730737,1,41.3434,-72.915,3249137,10/5/20,8:24:00,O,Property Damage Only,O,No Apparent Injury (O),2,Local,0.15,21,AUGUR ST,AUGUR ST,,Skiff Street,20,Feet,N,1,Clear,1,Daylight,1,Dry,,"Trafficway, On Road",10/5/20 8:24
7104,729777,1,41.351606,-72.901204,3248178,10/5/20,10:14:00,A,"Injury of any type (Serious, Minor, Possible)",B,Suspected Minor Injury (B),2,Local,0.97,242,HARTFORD TPK,HARTFORD TPK,FOOTE ST,,,,,1,Clear,1,Daylight,1,Dry,,"Trafficway, On Road",10/5/20 10:14
7701,729813,1,41.343543,-72.926306,3248213,10/5/20,10:35:00,A,"Injury of any type (Serious, Minor, Possible)",C,Possible Injury (C),2,Local,0.01,385,NEWHALL ST,NEWHALL ST,,Putnum Avenue,50,Feet,S,1,Clear,1,Daylight,1,Dry,,"Trafficway, On Road",10/5/20 10:35
9043,735112,1,41.3329,-72.8987,3253512,10/5/20,12:37:00,O,Property Damage Only,O,No Apparent Injury (O),2,Local,0.13,560,WEBB ST,WEBB ST,,Merrit Street,1,TenthsofMile,S,1,Clear,1,Daylight,1,Dry,,"Trafficway, On Road",10/5/20 12:37
3965,733783,1,41.378964,-72.903781,3252183,10/5/20,12:46:00,A,"Injury of any type (Serious, Minor, Possible)",C,Possible Injury (C),2,State,51.59,15,15-S,15-S,,Exit 61,0.100000001,Feet,N,1,Clear,1,Daylight,1,Dry,68600,"Trafficway, On Road",10/5/20 12:46
8708,729814,1,41.372186,-72.909272,3248214,10/5/20,13:15:00,O,Property Damage Only,O,No Apparent Injury (O),2,Local,0.17,494,SKIFF ST,SKIFF ST,,Whitney Ave,900,Feet,W,1,Clear,1,Daylight,1,Dry,,"Trafficway, On Road",10/5/20 13:15
8263,730738,1,41.336958,-72.932075,3249138,10/5/20,14:22:00,O,Property Damage Only,O,No Apparent Injury (O),2,Local,0.09,473,SAINT MARY ST,SAINT MARY ST,DUDLEY ST,,,,,1,Clear,1,Daylight,1,Dry,,"Trafficway, On Road",10/5/20 14:22
1822,729815,1,41.346275,-72.93386,3248215,10/5/20,15:06:00,O,Property Damage Only,O,No Apparent Injury (O),2,State,5.56,10,CT-10,10-N,CIRCULAR AV,,,,,1,Clear,1,Daylight,1,Dry,21100,"Trafficway, On Road",10/5/20 15:06
5042,729072,1,41.341967,-72.912769,3247473,10/5/20,15:51:00,A,"Injury of any type (Serious, Minor, Possible)",B,Suspected Minor Injury (B),2,State,0.64,707,WHITNEY AV,707-N,,DAVIS ST,150,Feet,N,1,Clear,1,Daylight,1,Dry,14300,"Trafficway, On Road",10/5/20 15:51
879,730739,1,41.4045,-72.898,3249139,10/5/20,16:51:00,O,Property Damage Only,O,No Apparent Injury (O),2,State,10.49,10,CT-10,10-N,,Dickerman St,1,TenthsofMile,N,1,Clear,1,Daylight,1,Dry,25300,"Trafficway, On Road",10/5/20 16:51
4082,729052,1,41.365836,-72.923576,3247453,10/6/20,3:17:00,O,Property Damage Only,O,No Apparent Injury (O),1,State,50.15,15,15-S,15-S,,Exit #60,100,Feet,S,1,Clear,5,Dark-Not Lighted,1,Dry,61700,"Trafficway, On Road",10/6/20 3:17
7309,729817,1,41.345779,-72.924972,3248217,10/6/20,14:23:00,O,Property Damage Only,O,No Apparent Injury (O),2,Local,0.22,317,LEEDER HILL DR,LEEDER HILL DR,,Putnam Ave.,1150,Feet,E,1,Clear,1,Daylight,1,Dry,,"Trafficway, On Road",10/6/20 14:23
6351,729833,1,41.340013,-72.902299,3248233,10/7/20,7:58:00,O,Property Damage Only,O,No Apparent Injury (O),2,Local,0.22,128,DAVIS ST,DAVIS ST,,RIDGE RD,30,Feet,E,1,Clear,1,Daylight,1,Dry,,"Trafficway, On Road",10/7/20 7:58
4020,757766,1,41.378176,-72.905293,3261876,10/7/20,8:31:00,A,"Injury of any type (Serious, Minor, Possible)",B,Suspected Minor Injury (B),2,State,51.46,15,15-S,15-S,,Route 15,10,Feet,N,1,Clear,1,Daylight,1,Dry,66900,"Trafficway, On Road",10/7/20 8:31
9172,729834,1,41.341076,-72.9361,3248234,10/7/20,20:20:00,O,Property Damage Only,O,No Apparent Injury (O),2,Local,0.1,579,WHITING ST,WHITING ST,,Dixwell Ave.,250,Feet,W,1,Clear,1,Daylight,1,Dry,,"Trafficway, On Road",10/7/20 20:20
6592,738118,1,41.34317,-72.911884,3256518,10/8/20,7:04:00,O,Property Damage Only,O,No Apparent Injury (O),2,Local,0.06,167,ELI RD,ELI RD,,Whitney Av,50,Feet,S,1,Clear,1,Daylight,1,Dry,,"Trafficway, On Road",10/8/20 7:04
7656,731024,1,41.459866,-72.9179,3249424,10/8/20,14:23:00,A,"Injury of any type (Serious, Minor, Possible)",B,Suspected Minor Injury (B),1,Local,0.36,,MOUNT SANFORD RD,MT SANFORD RD NO 2,,BROOKSVALE ROAD,190,Feet,E,1,Clear,1,Daylight,1,Dry,,"Trafficway, On Road",10/8/20 14:23
2313,729835,1,41.386131,-72.900927,3248235,10/8/20,15:16:00,A,"Injury of any type (Serious, Minor, Possible)",C,Possible Injury (C),2,State,9,10,CT-10,10-N,COLONIAL DR,,,,,1,Clear,1,Daylight,1,Dry,16500,"Trafficway, On Road",10/8/20 15:16
7945,738119,1,41.343714,-72.945658,3256519,10/8/20,17:48:00,O,Property Damage Only,O,No Apparent Injury (O),2,Local,0.51,664,PINE ROCK AV,PINE ROCK AV NO 2,JONES RD,,,,,1,Clear,1,Daylight,1,Dry,,"Trafficway, On Road",10/8/20 17:48
101,731513,1,41.363816,-72.923101,3249913,10/8/20,19:50:00,A,"Injury of any type (Serious, Minor, Possible)",C,Possible Injury (C),2,State,7.07,10,CT-10,10-N,,Wheeler St.,15,Feet,N,1,Clear,4,Dark-Lighted,1,Dry,38300,"Trafficway, On Road",10/8/20 19:50
4019,755920,1,41.378167,-72.905296,3260030,10/9/20,7:42:00,O,Property Damage Only,O,No Apparent Injury (O),2,State,51.46,15,15-S,15-S,,RT 15 SB,10,Feet,W,1,Clear,1,Daylight,1,Dry,66900,"Trafficway, On Road",10/9/20 7:42
2174,729836,1,41.384674,-72.9015,3248236,10/9/20,12:54:00,O,Property Damage Only,O,No Apparent Injury (O),2,State,8.88,10,CT-10,10-N,SCHOOL ST,,,,,1,Clear,1,Daylight,1,Dry,17000,"Trafficway, On Road",10/9/20 12:54
4374,773785,1,41.378226,-72.905286,3277895,10/9/20,18:26:00,O,Property Damage Only,O,No Apparent Injury (O),2,State,0.17,15,15-S,15-S-122,,Rt 15,0.100000001,Feet,S,1,Clear,5,Dark-Not Lighted,1,Dry,9300,"Trafficway, On Road",10/9/20 18:26
4373,773762,1,41.378149,-72.905297,3277872,10/9/20,18:47:00,O,Property Damage Only,O,No Apparent Injury (O),2,State,0.18,15,15-S,15-S-122,,Rt 15,0.100000001,Feet,S,1,Clear,5,Dark-Not Lighted,1,Dry,9300,"Trafficway, On Road",10/9/20 18:47
1688,753778,1,41.367928,-72.920167,3257888,10/9/20,19:28:00,O,Property Damage Only,O,No Apparent Injury (O),2,State,7.38,10,CT-10,10-N,,CONNOLY PKY,300,Feet,N,1,Clear,4,Dark-Lighted,1,Dry,22000,"Trafficway, On Road",10/9/20 19:28
1684,732107,1,41.367305,-72.920718,3250507,10/9/20,19:35:00,O,Property Damage Only,O,No Apparent Injury (O),2,State,7.33,10,CT-10,10-N,,Connolly Parkway ,20,Feet,N,1,Clear,4,Dark-Lighted,1,Dry,22000,"Trafficway, On Road",10/9/20 19:35
7579,730768,1,41.338143,-72.934805,3249168,10/9/20,20:18:00,O,Property Damage Only,O,No Apparent Injury (O),2,Local,0.02,370,MORSE ST,MORSE ST,,Dixwell Ave,50,Feet,E,1,Clear,4,Dark-Lighted,1,Dry,,"Trafficway, On Road",10/9/20 20:18
6765,734255,1,41.393813,-72.904451,3252655,10/9/20,20:25:00,O,Property Damage Only,O,No Apparent Injury (O),2,Local,0.38,196,FOREST ST,FOREST ST,EVERGREEN AV,,,,,1,Clear,4,Dark-Lighted,1,Dry,,"Trafficway, On Road",10/9/20 20:25
2596,753402,1,41.338306,-72.935232,3257512,10/9/20,20:37:00,O,Property Damage Only,O,No Apparent Injury (O),2,State,5,10,CT-10,10-N,DIXWELL AV NO 1,,,,,1,Clear,4,Dark-Lighted,1,Dry,11100,"Trafficway, On Road",10/9/20 20:37
8151,730794,1,41.360118,-72.92556,3249194,10/10/20,9:48:00,O,Property Damage Only,O,No Apparent Injury (O),2,Local,0.09,444,RED ROCK TER,RED ROCK TER,,Dixwell Avenue,20,Feet,W,1,Clear,1,Daylight,1,Dry,,"Trafficway, On Road",10/10/20 9:48
4719,735720,1,41.330386,-72.899292,3254120,10/10/20,16:57:00,O,Property Damage Only,O,No Apparent Injury (O),2,USRoute,1.19,5,US-5,5-N,ATLAS ST,,,,,1,Clear,3,Dusk,1,Dry,14300,"Trafficway, On Road",10/10/20 16:57
103,732721,1,41.367123,-72.92071,3251121,10/10/20,20:12:00,O,Property Damage Only,O,No Apparent Injury (O),3,State,7.14,10,CT-10,10-N,CONNOLLY PKWY,,,,,1,Clear,4,Dark-Lighted,1,Dry,38300,"Trafficway, On Road",10/10/20 20:12
5863,730769,1,41.364578,-72.929217,3249169,10/10/20,22:40:00,A,"Injury of any type (Serious, Minor, Possible)",C,Possible Injury (C),2,Local,0.3,42,BENHAM ST,BENHAM ST,MIX AV,,,,,1,Clear,4,Dark-Lighted,1,Dry,,"Trafficway, On Road",10/10/20 22:40
7352,734256,1,41.352885,-72.928427,3252656,10/11/20,6:29:00,O,Property Damage Only,O,No Apparent Injury (O),6,Local,0.03,342,MANILA AV,MANILA AV,,Treadwell ,100,Feet,N,1,Clear,1,Daylight,1,Dry,,"Trafficway, On Road",10/11/20 6:29
7128,730770,1,41.359301,-72.902761,3249170,10/12/20,8:18:00,O,Property Damage Only,O,No Apparent Injury (O),2,Local,0.4,244,HAVERFORD ST,HAVERFORD ST,,Ridge Rd,200,Feet,W,4,Rain,1,Daylight,2,Wet,,"Trafficway, On Road",10/12/20 8:18
6189,732108,1,41.347709,-72.934567,3250508,10/12/20,17:33:00,A,"Injury of any type (Serious, Minor, Possible)",B,Suspected Minor Injury (B),1,Local,1.29,99,CIRCULAR AV,CIRCULAR AV,GORHAM AV,,,,,1,Clear,1,Daylight,1,Dry,,"Trafficway, On Road",10/12/20 17:33
9052,732722,1,41.329823,-72.896939,3251122,10/12/20,19:44:00,O,Property Damage Only,O,No Apparent Injury (O),2,Local,0.39,562,WELTON ST,WELTON ST,,Armstrong St,40,Feet,S,1,Clear,4,Dark-Lighted,1,Dry,,"Trafficway, On Road",10/12/20 19:44
1588,732773,1,41.34651,-72.933771,3251173,10/13/20,11:12:00,O,Property Damage Only,O,No Apparent Injury (O),2,State,5.75,10,CT-10,10-N,,Circular Ave.,50,Feet,N,4,Rain,1,Daylight,2,Wet,22400,"Trafficway, On Road",10/13/20 11:12
4304,731032,1,41.36629,-72.921382,3249432,10/13/20,12:04:00,O,Property Damage Only,O,No Apparent Injury (O),2,State,0.18,15,15-S,15-S-119,10-N,,,,,4,Rain,1,Daylight,2,Wet,9300,"Trafficway, On Road",10/13/20 12:04
4800,732774,1,41.341814,-72.895432,3251174,10/13/20,13:39:00,O,Property Damage Only,O,No Apparent Injury (O),2,USRoute,2.06,5,US-5,5-N,,LONDON DR,50,Feet,N,1,Clear,1,Daylight,2,Wet,10000,"Trafficway, On Road",10/13/20 13:39
438,732140,1,41.357647,-72.926885,3250540,10/13/20,19:19:00,O,Property Damage Only,O,No Apparent Injury (O),2,State,6.6,10,CT-10,10-N,,Hillcrest Ave.,40,Feet,N,4,Rain,4,Dark-Lighted,2,Wet,27700,"Trafficway, On Road",10/13/20 19:19
2625,732141,1,41.338305,-72.941118,3250541,10/13/20,20:37:00,A,"Injury of any type (Serious, Minor, Possible)",C,Possible Injury (C),2,State,4.7,10,CT-10,10-N,ARCH ST,,,,,1,Clear,4,Dark-Lighted,1,Dry,10600,"Trafficway, On Road",10/13/20 20:37
7184,732742,1,41.342131,-72.948927,3251142,10/13/20,23:36:00,O,Property Damage Only,O,No Apparent Injury (O),2,Local,0.18,607,HIGH TOP CIR,HIGH TOP CIR,,HIgh top circle,200,Feet,E,4,Rain,4,Dark-Lighted,2,Wet,,"Trafficway, On Road",10/13/20 23:36
102,732241,1,41.364593,-72.922643,3250641,10/14/20,6:57:00,O,Property Damage Only,O,No Apparent Injury (O),3,State,7.13,10,CT-10,10-N,,Dewey Street ,5,Feet,S,1,Clear,1,Daylight,1,Dry,38300,"Trafficway, On Road",10/14/20 6:57
4754,732153,1,41.340572,-72.896036,3250553,10/14/20,12:00:00,A,"Injury of any type (Serious, Minor, Possible)",C,Possible Injury (C),1,USRoute,1.97,5,US-5,5-N,,London Dr,200,Feet,S,1,Clear,1,Daylight,1,Dry,11800,Non-trafficway,10/14/20 12:00
2071,734257,1,41.4308,-72.907272,3252657,10/14/20,12:20:00,A,"Injury of any type (Serious, Minor, Possible)",B,Suspected Minor Injury (B),2,State,12.18,10,CT-10,10-N,LAWRENCE RD,,,,,1,Clear,1,Daylight,1,Dry,17600,"Trafficway, On Road",10/14/20 12:20
1497,732743,1,41.35219,-72.93091,3251143,10/14/20,13:05:00,O,Property Damage Only,O,No Apparent Injury (O),2,State,5.98,10,CT-10,10-N,CONCORD ST,,,,,1,Clear,1,Daylight,1,Dry,22600,"Trafficway, On Road",10/14/20 13:05