,CrashId,Fatal Case Status,lat,lon,DOT Case Number,Date Of Crash,Time of Crash,Crash Severity,Crash Severity Text Format,Most Severe Injury,Most Severe Injury Text Format,Number Of Motor Vehicles,Route Class Text Format,Milemarker,Road Number,Road Description,Roadway Name,Intersecting Roadway Name,Landmark Description,Distance From Nearest Landmark,Unit Of Measure From Nearest Landmark,Direction From Nearest Landmark,Weather Condition,Weather Condition Text Format,Light Condition,Light Condition Text Format,Road Surface Condition,Road Surface Condition Text Format,Average Daily Traffic,Trafficway Class Text Format,full_date
5510,732142,1,41.38334,-72.900434,3250542,10/14/20,13:38:00,O,Property Damage Only,O,No Apparent Injury (O),2,State,0.07,717,DIXWELL AV,717-E,,Whitney Av,100,Feet,E,1,Clear,1,Daylight,1,Dry,15600,"Trafficway, On Road",10/14/20 13:38
7702,733304,1,41.341943,-72.925966,3251704,10/14/20,17:11:00,O,Property Damage Only,O,No Apparent Injury (O),1,Local,0.12,385,NEWHALL ST,NEWHALL ST,,AUGUR ST.,25,Feet,N,1,Clear,1,Daylight,1,Dry,,"Trafficway, On Road",10/14/20 17:11
5573,732143,1,41.375145,-72.916007,3250543,10/14/20,20:04:00,O,Property Damage Only,O,No Apparent Injury (O),2,State,0.13,753,CT-10,753-S,,SKIFF ST,100,Feet,N,1,Clear,4,Dark-Lighted,1,Dry,15700,"Trafficway, On Road",10/14/20 20:04
8264,752861,1,41.336588,-72.932022,3256971,10/14/20,22:56:00,O,Property Damage Only,O,No Apparent Injury (O),2,Local,0.07,473,SAINT MARY ST,SAINT MARY ST,,Alling Street,50,Feet,N,1,Clear,4,Dark-Lighted,1,Dry,,"Trafficway, On Road",10/14/20 22:56
2236,732744,1,41.385052,-72.901336,3251144,10/15/20,12:02:00,O,Property Damage Only,O,No Apparent Injury (O),2,State,9.1,10,CT-10,10-N,,SCHOOL ST,50,Feet,N,1,Clear,1,Daylight,1,Dry,16900,"Trafficway, On Road",10/15/20 12:02
5578,771021,1,41.376586,-72.915501,3275131,10/15/20,12:46:00,A,"Injury of any type (Serious, Minor, Possible)",A,Suspected Serious Injury (A),1,State,0.03,753,CT-10,753-S,Shepard Av,,,,,1,Clear,1,Daylight,1,Dry,15700,"Trafficway, On Road",10/15/20 12:46
6299,732144,1,41.367019,-72.920084,3250544,10/15/20,17:14:00,O,Property Damage Only,O,No Apparent Injury (O),2,Local,0.22,111,CONNOLLY PKWY,CONNOLLY PKWY,,DIXWELL AVE,100,Feet,E,1,Clear,1,Daylight,1,Dry,,"Trafficway, On Road",10/15/20 17:14
4023,773805,1,41.37826,-72.905294,3277915,10/15/20,21:00:00,O,Property Damage Only,O,No Apparent Injury (O),2,State,51.47,15,15-S,15-S,,Exit 61,5,Feet,N,1,Clear,5,Dark-Not Lighted,1,Dry,66900,"Trafficway, On Road",10/15/20 21:00
439,734258,1,41.356358,-72.927812,3252658,10/16/20,6:05:00,A,"Injury of any type (Serious, Minor, Possible)",A,Suspected Serious Injury (A),2,State,6.5,10,CT-10,10-N,,Homestead,50,Feet,S,1,Clear,4,Dark-Lighted,1,Dry,27700,"Trafficway, On Road",10/16/20 6:05
105,738120,1,41.363412,-72.923309,3256520,10/16/20,14:09:00,O,Property Damage Only,O,No Apparent Injury (O),2,State,7.04,10,CT-10,10-N,,Wheeler St,100,Feet,S,4,Rain,1,Daylight,2,Wet,38300,"Trafficway, On Road",10/16/20 14:09
1587,732745,1,41.350468,-72.931676,3251145,10/16/20,15:30:00,O,Property Damage Only,O,No Apparent Injury (O),2,State,5.87,10,CT-10,10-N,LEXINGTON ST,,,,,4,Rain,1,Daylight,2,Wet,22400,"Trafficway, On Road",10/16/20 15:30
345,734259,1,41.363717,-72.923139,3252659,10/16/20,16:45:00,O,Property Damage Only,O,No Apparent Injury (O),2,State,6.88,10,CT-10,10-N,WHEELER ST,,,,,4,Rain,1,Daylight,2,Wet,31800,"Trafficway, On Road",10/16/20 16:45
4293,773809,1,41.366329,-72.921747,3277919,10/16/20,19:08:00,O,Property Damage Only,O,No Apparent Injury (O),2,State,0.01,15,15-S,15-S-118,,Dixwell Ave,20,Feet,S,4,Rain,4,Dark-Lighted,2,Wet,9300,"Trafficway, On Road",10/16/20 19:08
4655,732242,1,41.420693,-72.898658,3250642,10/17/20,13:53:00,O,Property Damage Only,O,No Apparent Injury (O),2,Unknown,0.3,453,MOUNT CARMEL AV,453-E,,NEW ROAD,1,TenthsofMile,E,1,Clear,1,Daylight,1,Dry,,"Trafficway, On Road",10/17/20 13:53
6102,735114,1,41.353669,-72.933156,3253514,10/17/20,18:37:00,O,Property Damage Only,O,No Apparent Injury (O),2,Local,0.15,97,CHURCH ST,CHURCH ST,,Chester Street,270,Feet,E,1,Clear,4,Dark-Lighted,1,Dry,,"Trafficway, On Road",10/17/20 18:37
5316,735115,1,41.36234,-72.909149,3253515,10/17/20,20:49:00,O,Property Damage Only,O,No Apparent Injury (O),2,State,2.12,707,WHITNEY AV,707-N,SWARTHMORE ST,,,,,1,Clear,4,Dark-Lighted,1,Dry,11700,"Trafficway, On Road",10/17/20 20:49
3970,732414,1,41.38111251,-72.90034105,3250814,10/17/20,23:50:00,O,Property Damage Only,O,No Apparent Injury (O),1,State,51.84,15,15-S,15-S,,Exit 62 ,0.100000001,TenthsofMile,N,1,Clear,5,Dark-Not Lighted,1,Dry,68200,"Trafficway, On Road",10/17/20 23:50
6978,732145,1,41.335252,-72.931556,3250545,10/18/20,0:36:00,O,Property Damage Only,O,No Apparent Injury (O),2,Local,0.02,224,GOODYEAR ST,GOODYEAR ST,,Goodrich Street,20,Feet,S,1,Clear,4,Dark-Lighted,1,Dry,,"Trafficway, On Road",10/18/20 0:36
9300,734260,1,41.346161,-72.945452,3252660,10/18/20,5:57:00,O,Property Damage Only,O,No Apparent Injury (O),1,Local,1.12,598,WOODIN ST,WOODIN ST,,Pine Rock Avenue,40,Feet,E,1,Clear,4,Dark-Lighted,1,Dry,,"Trafficway, Not on Road",10/18/20 5:57
2237,732746,1,41.39271,-72.897297,3251146,10/18/20,12:19:00,O,Property Damage Only,O,No Apparent Injury (O),2,State,9.49,10,CT-10,10-N,FOREST ST,,,,,1,Clear,1,Daylight,1,Dry,16900,"Trafficway, On Road",10/18/20 12:19
883,758543,1,41.40949,-72.9004,3262653,10/18/20,15:49:00,O,Property Damage Only,O,No Apparent Injury (O),2,State,10.86,10,CT-10,10-N,,Evergreen Ave,111,Feet,S,1,Clear,1,Daylight,1,Dry,25300,"Trafficway, On Road",10/18/20 15:49
6998,735116,1,41.350238,-72.942401,3253516,10/18/20,19:49:00,O,Property Damage Only,O,No Apparent Injury (O),2,Local,0.07,226,GORHAM AV,GORHAM AV,,Pine Rock Ave,300,Feet,E,1,Clear,4,Dark-Lighted,1,Dry,,"Trafficway, On Road",10/18/20 19:49
7932,734261,1,41.348735,-72.944825,3252661,10/18/20,20:21:00,O,Property Damage Only,O,No Apparent Injury (O),2,Local,0.17,429,PINE ROCK AV,PINE ROCK AV NO 1,,Wilmot Road,300,Feet,S,1,Clear,4,Dark-Lighted,1,Dry,,"Trafficway, Not on Road",10/18/20 20:21
6552,734262,1,41.39194,-72.94621,3252662,10/19/20,7:19:00,A,"Injury of any type (Serious, Minor, Possible)",C,Possible Injury (C),1,Local,0.45,152,DUNBAR HILL RD,DUNBAR HILL RD,,Hill St.,1,TenthsofMile,W,1,Clear,1,Daylight,1,Dry,,"Trafficway, On Road",10/19/20 7:19
5864,732243,1,41.364555,-72.929129,3250643,10/19/20,7:46:00,O,Property Damage Only,O,No Apparent Injury (O),1,Local,0.3,42,BENHAM ST,BENHAM ST,MIX AV,,,,,1,Clear,1,Daylight,1,Dry,,"Trafficway, Not on Road",10/19/20 7:46
3303,733859,1,41.38111251,-72.90034105,3252259,10/19/20,16:49:00,O,Property Damage Only,O,No Apparent Injury (O),2,State,51.79,15,15-N,15-N,,exit 62,0.100000001,TenthsofMile,N,1,Clear,1,Daylight,1,Dry,66500,"Trafficway, On Road",10/19/20 16:49
7488,733318,1,41.3799,-72.9185,3251718,10/19/20,17:36:00,O,Property Damage Only,O,No Apparent Injury (O),2,Local,1.21,366,MIX AV,MIX AV,,Shepard Ave.,200,Feet,S,1,Clear,1,Daylight,1,Dry,,"Trafficway, On Road",10/19/20 17:36
1685,732747,1,41.374487,-72.915926,3251147,10/19/20,18:49:00,O,Property Damage Only,O,No Apparent Injury (O),2,State,7.89,10,CT-10,10-N,,Skiff St.,150,Feet,N,1,Clear,4,Dark-Lighted,1,Dry,22000,"Trafficway, On Road",10/19/20 18:49
5218,733319,1,41.371388,-72.906239,3251719,10/20/20,9:25:00,O,Property Damage Only,O,No Apparent Injury (O),2,State,2.76,707,WHITNEY AV,707-N,,Skiff St,30,Feet,N,1,Clear,1,Daylight,1,Dry,12500,"Trafficway, On Road",10/20/20 9:25
4935,732748,1,41.38382738,-72.90269048,3251148,10/20/20,11:01:00,O,Property Damage Only,O,No Apparent Injury (O),2,State,3.62,707,WHITNEY AV,707-N,10-N,,,,,4,Rain,1,Daylight,2,Wet,16900,"Trafficway, On Road",10/20/20 11:01
4718,732749,1,41.330836,-72.899721,3251149,10/20/20,19:37:00,O,Property Damage Only,O,No Apparent Injury (O),2,USRoute,1.23,5,US-5,5-N,BENTON ST,,,,,3,"Fog, Smog, Smoke",4,Dark-Lighted,1,Dry,14300,"Trafficway, On Road",10/20/20 19:37
880,734263,1,41.40986,-72.90062,3252663,10/21/20,9:27:00,O,Property Damage Only,O,No Apparent Injury (O),2,State,10.7,10,CT-10,10-N,EVERGREEN AV,,,,,2,Cloudy,1,Daylight,1,Dry,25300,"Trafficway, On Road",10/21/20 9:27
2314,733320,1,41.383588,-72.901793,3251720,10/21/20,13:51:00,O,Property Damage Only,O,No Apparent Injury (O),3,State,8.99,10,CT-10,10-N,,Dixwell Ave,50,Feet,N,1,Clear,1,Daylight,1,Dry,16500,"Trafficway, On Road",10/21/20 13:51
6862,734264,1,41.357125,-72.939244,3252664,10/21/20,19:07:00,O,Property Damage Only,O,No Apparent Injury (O),2,Local,0.11,212,GILBERT AV,GILBERT AV,,Valley Road,150,Feet,W,1,Clear,4,Dark-Lighted,1,Dry,,"Trafficway, On Road",10/21/20 19:07
347,735117,1,41.362661,-72.9238,3253517,10/22/20,23:57:00,A,"Injury of any type (Serious, Minor, Possible)",C,Possible Injury (C),2,State,6.8,10,CT-10,10-N,BENHAM ST,,,,,1,Clear,4,Dark-Lighted,1,Dry,31800,"Trafficway, On Road",10/22/20 23:57
3971,733910,1,41.382002,-72.899048,3252310,10/23/20,8:41:00,O,Property Damage Only,O,No Apparent Injury (O),1,State,51.92,15,15-S,15-S,,exit 61,0.5,TenthsofMile,N,1,Clear,1,Daylight,1,Dry,68200,"Trafficway, On Road",10/23/20 8:41
440,734359,1,41.358793,-72.925913,3252759,10/23/20,14:13:00,O,Property Damage Only,O,No Apparent Injury (O),2,State,6.69,10,CT-10,10-N,,MATHER STREET,90,Feet,S,1,Clear,1,Daylight,1,Dry,27700,"Trafficway, On Road",10/23/20 14:13
9174,734265,1,41.3503,-72.9139,3252665,10/23/20,16:49:00,O,Property Damage Only,O,No Apparent Injury (O),1,,99062,,WHITNEY AV,1354 Whitney Ave,,Belmont Street,230,Feet,N,1,Clear,1,Daylight,1,Dry,,Non-trafficway,10/23/20 16:49
2315,734266,1,41.384332,-72.901546,3252666,10/23/20,16:56:00,O,Property Damage Only,O,No Apparent Injury (O),2,State,9.05,10,CT-10,10-N,,School St,55,Feet,S,1,Clear,1,Daylight,1,Dry,16500,"Trafficway, On Road",10/23/20 16:56
5865,734267,1,41.363222,-72.925057,3252667,10/23/20,18:44:00,O,Property Damage Only,O,No Apparent Injury (O),2,Local,0.07,42,BENHAM ST,BENHAM ST,,Hope Street,35,Feet,W,2,Cloudy,3,Dusk,1,Dry,,"Trafficway, On Road",10/23/20 18:44
1824,737768,1,41.343973,-72.934396,3256168,10/23/20,18:51:00,O,Property Damage Only,O,No Apparent Injury (O),2,State,5.58,10,CT-10,10-N,,Third St,50,Feet,N,1,Clear,4,Dark-Lighted,1,Dry,21100,"Trafficway, On Road",10/23/20 18:51
8596,737769,1,41.414279,-72.902487,3256169,10/24/20,18:52:00,O,Property Damage Only,O,No Apparent Injury (O),1,Local,2.11,491,SHERMAN AV,SHERMAN AV NO 1,,Whitney Ave,75,Feet,W,1,Clear,4,Dark-Lighted,1,Dry,,"Trafficway, On Road",10/24/20 18:52
7798,734588,1,41.403154,-72.931345,3252988,10/24/20,22:12:00,O,Property Damage Only,O,No Apparent Injury (O),1,Local,0.19,632,PARADISE AV,PARADISE AV NO 2,,Laura Rd,0.400000006,TenthsofMile,N,1,Clear,5,Dark-Not Lighted,1,Dry,,"Trafficway, On Road",10/24/20 22:12
441,734590,1,41.354364,-72.929517,3252990,10/25/20,12:29:00,O,Property Damage Only,O,No Apparent Injury (O),2,State,6.33,10,CT-10,10-N,,CUMLEY ST. ,30,Feet,S,1,Clear,1,Daylight,1,Dry,27700,"Trafficway, On Road",10/25/20 12:29
1823,735721,1,41.338448,-72.935113,3254121,10/25/20,14:24:00,O,Property Damage Only,O,No Apparent Injury (O),2,State,5.2,10,CT-10,10-N,,morse,75,Feet,N,1,Clear,1,Daylight,1,Dry,21100,"Trafficway, On Road",10/25/20 14:24
4720,735798,1,41.334467,-72.900564,3254198,10/25/20,19:15:00,O,Property Damage Only,O,No Apparent Injury (O),2,USRoute,1.49,5,US-5,5-N,,Merritt St,70,Feet,S,1,Clear,4,Dark-Lighted,2,Wet,14300,"Trafficway, On Road",10/25/20 19:15
1825,738121,1,41.33887,-72.93526,3256521,10/26/20,10:57:00,O,Property Damage Only,O,No Apparent Injury (O),2,State,5.22,10,CT-10,10-N,,Arch St.,218,Feet,N,1,Clear,1,Daylight,1,Dry,21100,"Trafficway, On Road",10/26/20 10:57
4543,734268,1,41.403485,-72.895769,3252668,10/26/20,11:12:00,O,Property Damage Only,O,No Apparent Injury (O),2,State,0.13,22,CT-22,22-E,,South New Rd,25,Feet,W,1,Clear,1,Daylight,1,Dry,5600,"Trafficway, On Road",10/26/20 11:12
6068,737781,1,41.360513,-72.914835,3256181,10/26/20,13:58:00,O,Property Damage Only,O,No Apparent Injury (O),2,Local,0.28,87,CENTRAL AV,CENTRAL AV,WOODBINE ST,,,,,2,Cloudy,1,Daylight,2,Wet,,"Trafficway, On Road",10/26/20 13:58
8475,734269,1,41.382752,-72.920554,3252669,10/26/20,16:35:00,O,Property Damage Only,O,No Apparent Injury (O),2,Local,0.52,489,SHEPARD AV,SHEPARD AV,,HOWARD DR,75,Feet,W,1,Clear,1,Daylight,1,Dry,,"Trafficway, On Road",10/26/20 16:35
6747,737782,1,41.34247,-72.93649,3256182,10/26/20,18:10:00,O,Property Damage Only,O,No Apparent Injury (O),2,Local,0.09,190,FIRST ST,FIRST ST,,WARREN ST,290,Feet,E,1,Clear,4,Dark-Lighted,1,Dry,,"Trafficway, On Road",10/26/20 18:10
7581,757944,1,41.337029,-72.926483,3262054,10/27/20,9:49:00,O,Property Damage Only,O,No Apparent Injury (O),2,Local,0.45,370,MORSE ST,MORSE ST,NEWHALL ST,,,,,1,Clear,1,Daylight,1,Dry,,"Trafficway, On Road",10/27/20 9:49
6190,738122,1,41.366033,-72.936712,3256522,10/27/20,11:08:00,O,Property Damage Only,O,No Apparent Injury (O),2,Local,0,99,CIRCULAR AV,CIRCULAR AV,BENHAM ST,,,,,1,Clear,1,Daylight,1,Dry,,"Trafficway, On Road",10/27/20 11:08
4367,734648,1,41.378238,-72.905286,3253048,10/27/20,12:25:00,A,"Injury of any type (Serious, Minor, Possible)",B,Suspected Minor Injury (B),2,State,0.17,15,15-S,15-S-122,,Exit 61 off-ramp,200,Feet,S,1,Clear,1,Daylight,1,Dry,9300,"Trafficway, On Road",10/27/20 12:25
4755,738157,1,41.336063,-72.899584,3256557,10/27/20,14:25:00,A,"Injury of any type (Serious, Minor, Possible)",C,Possible Injury (C),1,USRoute,1.61,5,US-5,5-N,,RIDGE ROAD,1,TenthsofMile,N,1,Clear,1,Daylight,1,Dry,11800,"Trafficway, On Road",10/27/20 14:25
6941,737783,1,41.335185,-72.927892,3256183,10/27/20,16:43:00,A,"Injury of any type (Serious, Minor, Possible)",B,Suspected Minor Injury (B),3,Local,0.42,222,GOODRICH ST,GOODRICH ST,SHEPARD ST,,,,,1,Clear,1,Daylight,1,Dry,,"Trafficway, On Road",10/27/20 16:43
7944,737799,1,41.339149,-72.945999,3256199,10/27/20,17:05:00,A,"Injury of any type (Serious, Minor, Possible)",C,Possible Injury (C),2,Local,0.19,664,PINE ROCK AV,PINE ROCK AV NO 2,,Arch St,3,TenthsofMile,S,1,Clear,1,Daylight,1,Dry,,"Trafficway, On Road",10/27/20 17:05
5732,738123,1,41.3416,-72.9251,3256523,10/27/20,19:39:00,O,Property Damage Only,O,No Apparent Injury (O),2,Local,0.69,21,AUGUR ST,AUGUR ST,,Newhall St,10,Feet,E,1,Clear,4,Dark-Lighted,1,Dry,,"Trafficway, On Road",10/27/20 19:39
203,735118,1,41.367106,-72.920713,3253518,10/27/20,20:33:00,O,Property Damage Only,O,No Apparent Injury (O),2,State,7.32,10,CT-10,10-N,,Connolly Pkwy. ,600,Feet,S,1,Clear,1,Daylight,1,Dry,32700,"Trafficway, On Road",10/27/20 20:33
2627,738124,1,41.3382668,-72.9410209,3256524,10/27/20,21:25:00,A,"Injury of any type (Serious, Minor, Possible)",C,Possible Injury (C),1,State,4.7,10,CT-10,10-N,ARCH ST,,,,,1,Clear,4,Dark-Lighted,1,Dry,10600,"Trafficway, On Road",10/27/20 21:25
442,737800,1,41.354238,-72.929639,3256200,10/27/20,23:02:00,A,"Injury of any type (Serious, Minor, Possible)",B,Suspected Minor Injury (B),2,State,6.32,10,CT-10,10-N,,treadwell st,150,Feet,N,2,Cloudy,4,Dark-Lighted,1,Dry,27700,"Trafficway, On Road",10/27/20 23:02
6942,737815,1,41.335373,-72.930208,3256215,10/28/20,15:10:00,A,"Injury of any type (Serious, Minor, Possible)",B,Suspected Minor Injury (B),2,Local,0.54,222,GOODRICH ST,GOODRICH ST,SHELTON AV,,,,,2,Cloudy,1,Daylight,2,Wet,,"Trafficway, On Road",10/28/20 15:10
444,753779,1,41.354653,-72.929266,3257889,10/28/20,17:43:00,O,Property Damage Only,O,No Apparent Injury (O),2,State,6.36,10,CT-10,10-N,,Cumley St,1,TenthsofMile,N,1,Clear,3,Dusk,1,Dry,27700,"Trafficway, On Road",10/28/20 17:43
8712,759273,1,41.371213,-72.906711,3263383,10/28/20,19:31:00,O,Property Damage Only,O,No Apparent Injury (O),2,Local,0.02,494,SKIFF ST,SKIFF ST,,Whitney Avenue,120,Feet,W,1,Clear,4,Dark-Lighted,2,Wet,,"Trafficway, On Road",10/28/20 19:31
8478,761753,1,41.39459,-72.92334,920231,10/29/20,10:39:00,K,Fatal (Kill),K,Fatal Injury (K),2,Local,1.35,489,SHEPARD AV,SHEPARD AV,,Bear Path Rd,300,Feet,N,4,Rain,1,Daylight,2,Wet,,"Trafficway, On Road",10/29/20 10:39
8476,737816,1,41.391482,-72.922668,3256216,10/29/20,18:20:00,O,Property Damage Only,O,No Apparent Injury (O),2,Local,1.13,489,SHEPARD AV,SHEPARD AV,,Sherman Ave,100,Feet,N,4,Rain,4,Dark-Lighted,2,Wet,,"Trafficway, On Road",10/29/20 18:20
7580,753496,1,41.337555,-72.930617,3257606,10/29/20,19:58:00,A,"Injury of any type (Serious, Minor, Possible)",C,Possible Injury (C),2,Local,0.24,370,MORSE ST,MORSE ST,EDWARDS ST,,,,,4,Rain,4,Dark-Lighted,2,Wet,,"Trafficway, On Road",10/29/20 19:58
1687,753497,1,41.369232,-72.919321,3257607,10/29/20,20:08:00,A,"Injury of any type (Serious, Minor, Possible)",C,Possible Injury (C),1,State,7.48,10,CT-10,10-N,,Connolly Parkway,1,TenthsofMile,N,4,Rain,4,Dark-Lighted,2,Wet,22000,"Trafficway, On Road",10/29/20 20:08
9137,737834,1,41.4193,-72.9187,3256234,10/29/20,22:49:00,A,"Injury of any type (Serious, Minor, Possible)",C,Possible Injury (C),2,Local,0.14,575,WEST WOODS RD,WEST WOODS RD NO 1,,Eramo Terrace,1,TenthsofMile,W,4,Rain,4,Dark-Lighted,2,Wet,,"Trafficway, On Road",10/29/20 22:49
104,735119,1,41.363627,-72.923194,3253519,10/30/20,6:01:00,O,Property Damage Only,O,No Apparent Injury (O),2,State,7.05,10,CT-10,10-N,,Wheeler Street,50,Feet,S,4,Rain,4,Dark-Lighted,2,Wet,38300,"Trafficway, On Road",10/30/20 6:01
1917,753498,1,41.424051,-72.90571,3257608,10/30/20,6:47:00,O,Property Damage Only,O,No Apparent Injury (O),2,State,11.9,10,CT-10,10-N,,Todd Street,90,Feet,S,4,Rain,4,Dark-Lighted,2,Wet,19100,"Trafficway, On Road",10/30/20 6:47
443,752844,1,41.357655,-72.92696,3256954,10/30/20,12:19:00,A,"Injury of any type (Serious, Minor, Possible)",C,Possible Injury (C),1,State,6.6,10,CT-10,10-N,,HILLCREST AVE,20,Feet,N,1,Clear,1,Daylight,2,Wet,27700,"Trafficway, Not on Road",10/30/20 12:19
106,757124,1,41.362912,-72.923763,3261234,10/30/20,13:05:00,O,Property Damage Only,O,No Apparent Injury (O),2,State,7,10,CT-10,10-N,,Benham Street,85,Feet,N,6,Freezing Rain or Freezing Drizzle,1,Daylight,2,Wet,38300,"Trafficway, On Road",10/30/20 13:05
1993,737835,1,41.38283,-72.908118,3256235,10/30/20,15:30:00,O,Property Damage Only,O,No Apparent Injury (O),2,State,8.66,10,CT-10,10-N,,EVERGREEN AVE.,90,Feet,W,97,Other,1,Daylight,2,Wet,18400,"Trafficway, On Road",10/30/20 15:30
5574,753780,1,41.375652,-72.915878,3257890,10/30/20,21:12:00,O,Property Damage Only,O,No Apparent Injury (O),2,State,0.1,753,CT-10,753-S,,Skiff Street,385,Feet,N,1,Clear,4,Dark-Lighted,1,Dry,15700,"Trafficway, On Road",10/30/20 21:12
6804,753499,1,41.440559,-72.944069,3257609,10/30/20,23:27:00,O,Property Damage Only,O,No Apparent Injury (O),1,,99062,208,GAYLORD MOUNTAIN RD,686 GAYLORD MOUNTAIN RD,,Deer Hill Road,150,Feet,N,1,Clear,4,Dark-Lighted,5,Ice / Frost,,"Trafficway, Not on Road",10/30/20 23:27
8306,737869,1,41.385171,-72.906564,3256269,10/31/20,1:35:00,O,Property Damage Only,O,No Apparent Injury (O),2,Local,0.02,480,SCHOOL ST,SCHOOL ST,,Evergreen Ave,100,Feet,E,1,Clear,5,Dark-Not Lighted,1,Dry,,"Trafficway, On Road",10/31/20 1:35
3301,737809,1,41.365892,-72.920505,3256209,10/31/20,5:15:00,O,Property Damage Only,O,No Apparent Injury (O),1,State,50.28,15,15-N,15-N,,Exit 60,1,TenthsofMile,N,1,Clear,5,Dark-Not Lighted,5,Ice / Frost,66700,"Trafficway, On Road",10/31/20 5:15
3763,738020,1,41.366496,-72.918522,3256420,10/31/20,5:15:00,O,Property Damage Only,O,No Apparent Injury (O),1,State,50.42,15,15-S,15-S,,Exit #60,2,TenthsofMile,N,1,Clear,5,Dark-Not Lighted,5,Ice / Frost,72100,"Trafficway, On Road",10/31/20 5:15
3203,761695,1,41.37282444,-72.91141764,3265805,10/31/20,5:30:00,O,Property Damage Only,O,No Apparent Injury (O),1,State,50.99,15,15-N,15-N,,EXIT 60,4,TenthsofMile,N,2,Cloudy,5,Dark-Not Lighted,5,Ice / Frost,72100,"Trafficway, On Road",10/31/20 5:30
3764,738021,1,41.366319,-72.918863,3256421,10/31/20,5:30:00,O,Property Damage Only,O,No Apparent Injury (O),1,State,50.4,15,15-S,15-S,,Exit #60,2,TenthsofMile,N,1,Clear,5,Dark-Not Lighted,5,Ice / Frost,72100,"Trafficway, On Road",10/31/20 5:30
4029,737794,1,41.365825,-72.921398,3256194,10/31/20,5:56:00,A,"Injury of any type (Serious, Minor, Possible)",C,Possible Injury (C),1,State,50.26,15,15-S,15-S,,exit 60,0.5,TenthsofMile,N,1,Clear,5,Dark-Not Lighted,5,Ice / Frost,66700,"Trafficway, On Road",10/31/20 5:56
6193,762532,1,41.352258,-72.935884,3266642,10/31/20,12:03:00,O,Property Damage Only,O,No Apparent Injury (O),2,Local,0.96,99,CIRCULAR AV,CIRCULAR AV,BEACON ST,,,,N,1,Clear,1,Daylight,1,Dry,,"Trafficway, On Road",10/31/20 12:03
7105,737880,1,41.343385,-72.906356,3256280,10/31/20,13:39:00,O,Property Damage Only,O,No Apparent Injury (O),2,Local,0.34,242,HARTFORD TPK,HARTFORD TPK,KILLDEER RD,,,,,1,Clear,1,Daylight,1,Dry,,"Trafficway, On Road",10/31/20 13:39
5733,738125,1,41.341947,-72.924696,3256525,10/31/20,14:06:00,O,Property Damage Only,O,No Apparent Injury (O),2,Local,0.66,21,AUGUR ST,AUGUR ST,,Pacific Street,100,Feet,E,1,Clear,1,Daylight,1,Dry,,"Trafficway, On Road",10/31/20 14:06
9301,738126,1,41.345506,-72.940774,3256526,10/31/20,20:37:00,O,Property Damage Only,O,No Apparent Injury (O),1,Local,1.36,598,WOODIN ST,WOODIN ST,FAIRVIEW AV,,,,S,1,Clear,4,Dark-Lighted,1,Dry,,"Trafficway, On Road",10/31/20 20:37
6943,737881,1,41.33504,-72.926,3256281,11/1/20,9:19:00,O,Property Damage Only,O,No Apparent Injury (O),2,Local,0.32,222,GOODRICH ST,GOODRICH ST,,Newhall St,227,Feet,E,1,Clear,99,Unknown,1,Dry,,"Trafficway, On Road",11/1/20 9:19
7946,738127,1,41.345085,-72.945664,3256527,11/1/20,13:11:00,O,Property Damage Only,O,No Apparent Injury (O),3,Local,0.61,664,PINE ROCK AV,PINE ROCK AV NO 2,WELCH ST,,,,,4,Rain,1,Daylight,2,Wet,,"Trafficway, On Road",11/1/20 13:11
154,738128,1,41.365539,-72.922122,3256528,11/1/20,14:59:00,A,"Injury of any type (Serious, Minor, Possible)",C,Possible Injury (C),2,State,7.2,10,CT-10,10-N,,Route 15 North,50,Feet,N,4,Rain,1,Daylight,2,Wet,33500,"Trafficway, On Road",11/1/20 14:59
9011,738129,1,41.34458,-72.93746,3256529,11/2/20,7:14:00,O,Property Damage Only,O,No Apparent Injury (O),2,Local,0.19,553,WARREN ST,WARREN ST,,Fourth St,12,Feet,S,1,Clear,1,Daylight,1,Dry,,"Trafficway, On Road",11/2/20 7:14
8092,757125,1,41.343615,-72.926794,3261235,11/2/20,7:56:00,O,Property Damage Only,O,No Apparent Injury (O),2,Local,0.76,439,PUTNAM AV,PUTNAM AV,,LEEDER HILL DR,75,Feet,W,1,Clear,1,Daylight,1,Dry,,"Trafficway, On Road",11/2/20 7:56
5197,753781,1,41.37096,-72.906417,3257891,11/2/20,14:10:00,O,Property Damage Only,O,No Apparent Injury (O),2,State,2.74,707,WHITNEY AV,707-N,SKIFF ST,,,,,1,Clear,1,Daylight,1,Dry,13300,"Trafficway, On Road",11/2/20 14:10
2348,752751,1,41.44358619,-72.91069104,3256861,11/2/20,16:49:00,O,Property Damage Only,O,No Apparent Injury (O),2,State,13.27,10,CT-10,10-N,WILLOW ST,,,,,1,Clear,1,Daylight,1,Dry,15400,"Trafficway, On Road",11/2/20 16:49
8477,737882,1,41.376515,-72.915303,3256282,11/2/20,18:16:00,O,Property Damage Only,O,No Apparent Injury (O),3,Local,0,489,SHEPARD AV,SHEPARD AV,,Dixwell Ave. ,50,Feet,E,1,Clear,4,Dark-Lighted,1,Dry,,"Trafficway, On Road",11/2/20 18:16