,CrashId,Fatal Case Status,lat,lon,DOT Case Number,Date Of Crash,Time of Crash,Crash Severity,Crash Severity Text Format,Most Severe Injury,Most Severe Injury Text Format,Number Of Motor Vehicles,Route Class Text Format,Milemarker,Road Number,Road Description,Roadway Name,Intersecting Roadway Name,Landmark Description,Distance From Nearest Landmark,Unit Of Measure From Nearest Landmark,Direction From Nearest Landmark,Weather Condition,Weather Condition Text Format,Light Condition,Light Condition Text Format,Road Surface Condition,Road Surface Condition Text Format,Average Daily Traffic,Trafficway Class Text Format,full_date
2072,757483,1,41.427041,-72.906057,3261593,11/3/20,6:19:00,O,Property Damage Only,O,No Apparent Injury (O),1,State,12.1,10,CT-10,10-N,,Tuttle Ave.,1,TenthsofMile,S,1,Clear,1,Daylight,1,Dry,17600,"Trafficway, On Road",11/3/20 6:19
6191,738130,1,41.361509,-72.936791,3256530,11/3/20,7:47:00,O,Property Damage Only,O,No Apparent Injury (O),2,Local,0.34,99,CIRCULAR AV,CIRCULAR AV,CHERRY HILL RD,Cherry Hill Rd,5,Feet,W,1,Clear,1,Daylight,1,Dry,,"Trafficway, On Road",11/3/20 7:47
7310,762533,1,41.347399,-72.920226,3266643,11/3/20,13:18:00,A,"Injury of any type (Serious, Minor, Possible)",C,Possible Injury (C),1,Local,0.5,317,LEEDER HILL DR,LEEDER HILL DR,,Putnam Ave,5,TenthsofMile,N,1,Clear,1,Daylight,1,Dry,,"Trafficway, On Road",11/3/20 13:18
4368,755881,1,41.378139,-72.905316,3259991,11/3/20,15:39:00,O,Property Damage Only,O,No Apparent Injury (O),2,State,0.18,15,15-S,15-S-122,,Exit 61,10,Feet,S,1,Clear,1,Daylight,1,Dry,9300,"Trafficway, On Road",11/3/20 15:39
4024,773952,1,41.378618,-72.904349,3278062,11/3/20,15:57:00,O,Property Damage Only,O,No Apparent Injury (O),2,State,51.55,15,15-S,15-S,,Exit 61,10,Feet,S,1,Clear,1,Daylight,1,Dry,66900,"Trafficway, On Road",11/3/20 15:57
667,737944,1,41.417747,-72.903476,3256344,11/3/20,16:40:00,O,Property Damage Only,O,No Apparent Injury (O),2,State,11.45,10,CT-10,10-N,,MT CARMEL AVE,3,TenthsofMile,S,1,Clear,3,Dusk,1,Dry,25800,"Trafficway, On Road",11/3/20 16:40
6944,753501,1,41.335373,-72.930208,3257611,11/3/20,17:01:00,O,Property Damage Only,O,No Apparent Injury (O),2,Local,0.54,222,GOODRICH ST,GOODRICH ST,SHELTON AV,,,,,1,Clear,4,Dark-Lighted,1,Dry,,"Trafficway, On Road",11/3/20 17:01
1686,738131,1,41.369474,-72.919117,3256531,11/3/20,17:57:00,O,Property Damage Only,O,No Apparent Injury (O),2,State,7.5,10,CT-10,10-N,,Connolly Pkwy,1,TenthsofMile,N,1,Clear,4,Dark-Lighted,1,Dry,22000,"Trafficway, On Road",11/3/20 17:57
5043,752845,1,41.343325,-72.911946,3256955,11/4/20,8:34:00,O,Property Damage Only,O,No Apparent Injury (O),2,State,0.77,707,WHITNEY AV,707-N,ELI RD,,,,,1,Clear,1,Daylight,1,Dry,14300,"Trafficway, On Road",11/4/20 8:34
9302,757485,1,41.34471,-72.93494,3261595,11/4/20,11:57:00,O,Property Damage Only,O,No Apparent Injury (O),2,Local,1.66,598,WOODIN ST,WOODIN ST,,Fourth ST,35,Feet,W,1,Clear,1,Daylight,1,Dry,,"Trafficway, On Road",11/4/20 11:57
1826,752846,1,41.342565,-72.934834,3256956,11/4/20,12:18:00,O,Property Damage Only,O,No Apparent Injury (O),2,State,5.29,10,CT-10,10-N,FIRST ST,,,,,1,Clear,1,Daylight,1,Dry,21100,"Trafficway, On Road",11/4/20 12:18
3365,753419,1,41.36552,-72.92323,3257529,11/5/20,3:48:00,O,Property Damage Only,O,No Apparent Injury (O),1,State,50.14,15,15-N,15-N,,EXIT #59,3,TenthsofMile,N,1,Clear,5,Dark-Not Lighted,1,Dry,61700,"Trafficway, On Road",11/5/20 3:48
5317,757487,1,41.36233,-72.90914,3261597,11/5/20,8:11:00,A,"Injury of any type (Serious, Minor, Possible)",B,Suspected Minor Injury (B),2,State,2.12,707,WHITNEY AV,707-N,WOODLAWN ST,,,,,1,Clear,1,Daylight,1,Dry,11700,"Trafficway, On Road",11/5/20 8:11
5718,757488,1,41.329697,-72.898546,3261598,11/5/20,17:14:00,O,Property Damage Only,O,No Apparent Injury (O),2,Local,0.01,18,ARMSTRONG ST,ARMSTRONG ST,,,,,,1,Clear,4,Dark-Lighted,1,Dry,,"Trafficway, On Road",11/5/20 17:14
5272,757568,1,41.35602,-72.91173,3261678,11/5/20,17:29:00,O,Property Damage Only,O,No Apparent Injury (O),2,State,1.65,707,WHITNEY AV,707-N,WAITE ST,,,,,1,Clear,4,Dark-Lighted,1,Dry,11800,"Trafficway, On Road",11/5/20 17:29
8307,757569,1,41.38527,-72.90693,3261679,11/5/20,18:23:00,A,"Injury of any type (Serious, Minor, Possible)",C,Possible Injury (C),2,Local,0,480,SCHOOL ST,SCHOOL ST,EVERGREEN AV,,,,,1,Clear,4,Dark-Lighted,1,Dry,,"Trafficway, On Road",11/5/20 18:23
6682,757570,1,41.34825,-72.939764,3261680,11/6/20,14:59:00,O,Property Damage Only,O,No Apparent Injury (O),2,Local,0.7,176,FAIRVIEW AV,FAIRVIEW AV,,Helen Street,10,Feet,S,1,Clear,1,Daylight,1,Dry,,"Trafficway, On Road",11/6/20 14:59
8710,757571,1,41.371887,-72.908242,3261681,11/6/20,17:12:00,O,Property Damage Only,O,No Apparent Injury (O),2,Local,0.11,494,SKIFF ST,SKIFF ST,,Whitney Ave,1,TenthsofMile,W,1,Clear,4,Dark-Lighted,1,Dry,,"Trafficway, On Road",11/6/20 17:12
5046,762534,1,41.339359,-72.912858,3266644,11/6/20,17:54:00,O,Property Damage Only,O,No Apparent Injury (O),2,State,0.47,707,WHITNEY AV,707-N,DEEPWOOD RD,,,,,1,Clear,4,Dark-Lighted,1,Dry,14300,"Trafficway, On Road",11/6/20 17:54
1828,759274,1,41.346358,-72.933989,3263384,11/6/20,19:29:00,O,Property Damage Only,O,No Apparent Injury (O),2,State,5.56,10,CT-10,10-N,CIRCULAR AV,,,,,1,Clear,4,Dark-Lighted,1,Dry,21100,"Trafficway, On Road",11/6/20 19:29
2597,755650,1,41.338381,-72.93523,3259760,11/6/20,20:08:00,O,Property Damage Only,O,No Apparent Injury (O),2,State,5,10,CT-10,10-N,DIXWELL AV NO 1,,,,N,1,Clear,4,Dark-Lighted,1,Dry,11100,"Trafficway, On Road",11/6/20 20:08
6999,757572,1,41.3507,-72.9432,3261682,11/7/20,2:14:00,O,Property Damage Only,O,No Apparent Injury (O),1,Local,0.02,226,GORHAM AV,GORHAM AV,,Pine Rock Ave,100,Feet,E,1,Clear,4,Dark-Lighted,1,Dry,,"Trafficway, On Road",11/7/20 2:14
8917,757812,1,41.35231,-72.92192,3261922,11/7/20,8:18:00,A,"Injury of any type (Serious, Minor, Possible)",A,Suspected Serious Injury (A),1,Local,0.43,527,TREADWELL ST,TREADWELL ST,MARTIN TER,,,,,1,Clear,1,Daylight,1,Dry,,"Trafficway, On Road",11/7/20 8:18
7224,757608,1,41.380728,-72.92279,3261718,11/7/20,11:11:00,O,Property Damage Only,O,No Apparent Injury (O),2,Local,0.18,273,HOWARD DR,HOWARD DR,,PHELPS DR.,70,Feet,E,1,Clear,1,Daylight,1,Dry,,"Trafficway, On Road",11/7/20 11:11
881,757590,1,41.41404,-72.90209,3261700,11/7/20,12:22:00,O,Property Damage Only,O,No Apparent Injury (O),2,State,11.18,10,CT-10,10-N,,SHERMAN AVE,103,Feet,S,1,Clear,1,Daylight,1,Dry,25300,"Trafficway, On Road",11/7/20 12:22
4022,770384,1,41.378207,-72.905287,3274494,11/7/20,15:47:00,O,Property Damage Only,O,No Apparent Injury (O),2,State,51.47,15,15-S,15-S,,Exit 61,0.100000001,Feet,S,1,Clear,1,Daylight,1,Dry,66900,"Trafficway, On Road",11/7/20 15:47
6192,757813,1,41.366052,-72.936715,3261923,11/8/20,11:54:00,O,Property Damage Only,O,No Apparent Injury (O),2,Local,0,99,CIRCULAR AV,CIRCULAR AV,BENHAM ST,,,,,1,Clear,1,Daylight,1,Dry,,"Trafficway, On Road",11/8/20 11:54
5575,755651,1,41.37468,-72.916194,3259761,11/8/20,18:01:00,O,Property Damage Only,O,No Apparent Injury (O),2,State,0.17,753,CT-10,753-S,SKIFF ST,,,,,1,Clear,4,Dark-Lighted,1,Dry,15700,"Trafficway, On Road",11/8/20 18:01
2239,763428,1,41.385048,-72.901351,3267538,11/8/20,18:14:00,O,Property Damage Only,O,No Apparent Injury (O),2,State,9.1,10,CT-10,10-N,,School Street,200,Feet,N,1,Clear,4,Dark-Lighted,1,Dry,16900,"Trafficway, On Road",11/8/20 18:14
2316,761737,1,41.386849,-72.90059,3265847,11/8/20,22:51:00,A,"Injury of any type (Serious, Minor, Possible)",A,Suspected Serious Injury (A),2,State,9.05,10,CT-10,10-N,DAY SPRING AV,,,,N,1,Clear,4,Dark-Lighted,1,Dry,16500,"Trafficway, On Road",11/8/20 22:51
7160,759285,1,41.347476,-72.937768,3263395,11/8/20,23:35:00,O,Property Damage Only,O,No Apparent Injury (O),3,Local,0.2,251,HELEN ST,HELEN ST,,Alenier Street,70,Feet,W,1,Clear,4,Dark-Lighted,1,Dry,,"Trafficway, On Road",11/8/20 23:35
9095,757591,1,41.431049,-72.921128,3261701,11/9/20,6:25:00,O,Property Damage Only,O,No Apparent Injury (O),1,Local,1.12,573,WEST TODD ST,WEST TODD ST,,Hillfield RD,300,Feet,W,1,Clear,1,Daylight,1,Dry,,"Trafficway, On Road",11/9/20 6:25
5576,757592,1,41.376853,-72.915279,3261702,11/9/20,12:08:00,O,Property Damage Only,O,No Apparent Injury (O),2,State,0.01,753,CT-10,753-S,,SHEPARD AVE,75,Feet,E,1,Clear,1,Daylight,1,Dry,15700,"Trafficway, On Road",11/9/20 12:08
4635,757814,1,41.400049,-72.89757,3261924,11/9/20,16:17:00,O,Property Damage Only,O,No Apparent Injury (O),2,State,0,40,40-S,40-S-6,10-N,,,,,1,Clear,1,Daylight,1,Dry,1800,"Trafficway, On Road",11/9/20 16:17
6536,758544,1,41.448754,-72.947229,3262654,11/9/20,18:44:00,O,Property Damage Only,O,No Apparent Injury (O),1,Local,0.75,148,DOWNES RD,DOWNES RD,,Gaylord Mountain Rd,0.5,TenthsofMile,N,1,Clear,5,Dark-Not Lighted,1,Dry,,"Trafficway, On Road",11/9/20 18:44
4375,773963,1,41.378207,-72.90529,3278073,11/10/20,17:52:00,O,Property Damage Only,O,No Apparent Injury (O),2,State,0.17,15,15-S,15-S-122,,Route 15 Southbound,10,Feet,N,1,Clear,5,Dark-Not Lighted,1,Dry,9300,"Trafficway, On Road",11/10/20 17:52
882,757815,1,41.409375,-72.900455,3261925,11/10/20,23:45:00,O,Property Damage Only,O,No Apparent Injury (O),1,State,10.86,10,CT-10,10-N,,Evergreen Ave,100,Feet,S,1,Clear,5,Dark-Not Lighted,1,Dry,25300,"Trafficway, On Road",11/10/20 23:45
7000,757609,1,41.348261,-72.936284,3261719,11/11/20,7:33:00,O,Property Damage Only,O,No Apparent Injury (O),2,Local,0.42,226,GORHAM AV,GORHAM AV,,Circular Avenue,505,Feet,W,4,Rain,1,Daylight,2,Wet,,"Trafficway, On Road",11/11/20 7:33
1499,761738,1,41.353942,-72.929845,3265848,11/11/20,12:11:00,O,Property Damage Only,O,No Apparent Injury (O),2,State,6.13,10,CT-10,10-N,TREADWELL ST,,,,,2,Cloudy,1,Daylight,1,Dry,22600,"Trafficway, On Road",11/11/20 12:11
445,757610,1,41.356638,-72.927597,3261720,11/11/20,13:39:00,A,"Injury of any type (Serious, Minor, Possible)",C,Possible Injury (C),2,State,6.34,10,CT-10,10-N,HOMESTEAD AV,,,,,4,Rain,1,Daylight,2,Wet,27700,"Trafficway, On Road",11/11/20 13:39
4369,756237,1,41.378224,-72.905277,3260347,11/11/20,16:14:00,O,Property Damage Only,O,No Apparent Injury (O),2,State,0.17,15,15-S,15-S-122,,Route 15,10,Feet,N,4,Rain,1,Daylight,2,Wet,9300,"Trafficway, On Road",11/11/20 16:14
8711,757611,1,41.37126,-72.906794,3261721,11/11/20,16:59:00,O,Property Damage Only,O,No Apparent Injury (O),2,Local,0.03,494,SKIFF ST,SKIFF ST,,Whitney avenue ,150,Feet,W,4,Rain,4,Dark-Lighted,2,Wet,,"Trafficway, On Road",11/11/20 16:59
7266,757867,1,41.360556,-72.92735,3261977,11/11/20,22:06:00,O,Property Damage Only,O,No Apparent Injury (O),4,Local,0.17,307,LAKEVIEW AV,LAKEVIEW AV,,RED ROCK TERR.,40,Feet,S,4,Rain,4,Dark-Lighted,2,Wet,,"Trafficway, On Road",11/11/20 22:06
1690,757945,1,41.368459,-72.919703,3262055,11/12/20,8:17:00,O,Property Damage Only,O,No Apparent Injury (O),2,State,7.43,10,CT-10,10-N,,CONNOLLY PKWY,1,TenthsofMile,N,2,Cloudy,1,Daylight,2,Wet,22000,"Trafficway, On Road",11/12/20 8:17
1498,757868,1,41.351686,-72.931016,3261978,11/12/20,12:54:00,A,"Injury of any type (Serious, Minor, Possible)",B,Suspected Minor Injury (B),3,State,6.13,10,CT-10,10-N,,Oregon Av,100,Feet,S,2,Cloudy,1,Daylight,1,Dry,22600,"Trafficway, On Road",11/12/20 12:54
1045,759287,1,41.348477,-72.932822,3263397,11/12/20,17:40:00,O,Property Damage Only,O,No Apparent Injury (O),2,State,5.71,10,CT-10,10-N,SCOTT ST,,,,,4,Rain,4,Dark-Lighted,2,Wet,24700,"Trafficway, On Road",11/12/20 17:40
4305,759286,1,41.36622,-72.921848,3263396,11/12/20,17:40:00,O,Property Damage Only,O,No Apparent Injury (O),2,State,0.18,15,15-S,15-S-119,10-N,,,,,4,Rain,4,Dark-Lighted,2,Wet,9300,"Trafficway, On Road",11/12/20 17:40
7736,768273,1,41.356881,-72.935854,3272383,11/12/20,17:54:00,A,"Injury of any type (Serious, Minor, Possible)",C,Possible Injury (C),1,Local,0.06,389,NOBLE ST,NOBLE ST,ROSE ST,,,,,4,Rain,5,Dark-Not Lighted,2,Wet,,"Trafficway, On Road",11/12/20 17:54
5866,757869,1,41.365902,-72.935967,3261979,11/12/20,22:30:00,O,Property Damage Only,O,No Apparent Injury (O),1,Local,0.67,42,BENHAM ST,BENHAM ST,,Circular Avenue,200,Feet,E,4,Rain,4,Dark-Lighted,2,Wet,,"Trafficway, On Road",11/12/20 22:30
6945,758545,1,41.335129,-72.926889,3262655,11/13/20,1:55:00,A,"Injury of any type (Serious, Minor, Possible)",B,Suspected Minor Injury (B),2,Local,0.36,222,GOODRICH ST,GOODRICH ST,NEWHALL ST,,,,,4,Rain,4,Dark-Lighted,2,Wet,,"Trafficway, On Road",11/13/20 1:55
9305,768274,1,41.345506,-72.940774,3272384,11/13/20,15:32:00,A,"Injury of any type (Serious, Minor, Possible)",B,Suspected Minor Injury (B),2,Local,1.36,598,WOODIN ST,WOODIN ST,FAIRVIEW AV,,,,,2,Cloudy,1,Daylight,2,Wet,,"Trafficway, On Road",11/13/20 15:32
1827,758546,1,41.338649,-72.935231,3262656,11/13/20,20:30:00,A,"Injury of any type (Serious, Minor, Possible)",A,Suspected Serious Injury (A),1,State,5.21,10,CT-10,10-N,,MORSE ST,155,Feet,N,2,Cloudy,4,Dark-Lighted,2,Wet,21100,"Trafficway, On Road",11/13/20 20:30
1994,758157,1,41.405399,-72.898903,3262267,11/14/20,17:32:00,O,Property Damage Only,O,No Apparent Injury (O),2,State,10.38,10,CT-10,10-N,WOODRUFF ST,,0,,,1,Clear,4,Dark-Lighted,1,Dry,18400,"Trafficway, On Road",11/14/20 17:32
3765,764547,1,41.37789393,-72.9054785,3268657,11/16/20,10:01:00,A,"Injury of any type (Serious, Minor, Possible)",C,Possible Injury (C),2,State,51.44,15,15-S,15-S,,ROUTE 15,10,Feet,W,1,Clear,1,Daylight,1,Dry,72100,"Trafficway, On Road",11/16/20 10:01
1831,761754,1,41.346275,-72.93386,3265864,11/16/20,17:21:00,A,"Injury of any type (Serious, Minor, Possible)",C,Possible Injury (C),3,State,5.56,10,CT-10,10-N,CIRCULAR AV,,,,,1,Clear,4,Dark-Lighted,1,Dry,21100,"Trafficway, On Road",11/16/20 17:21
2598,763429,1,41.338195,-72.935221,3267539,11/16/20,17:29:00,A,"Injury of any type (Serious, Minor, Possible)",C,Possible Injury (C),6,State,5,10,CT-10,10-N,DIXWELL AV NO 1,,,,N,1,Clear,4,Dark-Lighted,1,Dry,11100,"Trafficway, On Road",11/16/20 17:29
349,758159,1,41.362722,-72.92373,3262269,11/17/20,15:06:00,O,Property Damage Only,O,No Apparent Injury (O),2,State,6.98,10,CT-10,10-N,,Benham Street,10,Feet,N,1,Clear,1,Daylight,1,Dry,31800,"Trafficway, On Road",11/17/20 15:06
9096,758160,1,41.432995,-72.929871,3262270,11/17/20,18:07:00,O,Property Damage Only,O,No Apparent Injury (O),1,Local,0.64,573,WEST TODD ST,WEST TODD ST,,STILL HILL RD,1,TenthsofMile,W,4,Rain,5,Dark-Not Lighted,2,Wet,,"Trafficway, On Road",11/17/20 18:07
3079,758469,1,41.35856,-72.940528,3262579,11/18/20,9:46:00,O,Property Damage Only,O,No Apparent Injury (O),1,State,49.09,15,15-N,15-N,,Exit 60,9,TenthsofMile,S,1,Clear,1,Daylight,1,Dry,79200,"Trafficway, On Road",11/18/20 9:46
155,758547,1,41.365732,-72.92184,3262657,11/18/20,15:16:00,O,Property Damage Only,O,No Apparent Injury (O),2,State,7.21,10,CT-10,10-N,,Dewey St,415,Feet,N,1,Clear,1,Daylight,1,Dry,33500,"Trafficway, On Road",11/18/20 15:16
2238,758726,1,41.385192,-72.901274,3262836,11/18/20,17:07:00,O,Property Damage Only,O,No Apparent Injury (O),2,State,9.11,10,CT-10,10-N,,School St,500,Feet,N,1,Clear,4,Dark-Lighted,1,Dry,16900,"Trafficway, On Road",11/18/20 17:07
4370,762064,1,41.378233,-72.905301,3266174,11/18/20,18:21:00,O,Property Damage Only,O,No Apparent Injury (O),2,State,0.17,15,15-S,15-S-122,,EXIT 61,25,Feet,N,1,Clear,5,Dark-Not Lighted,1,Dry,9300,"Trafficway, On Road",11/18/20 18:21
6104,761755,1,41.354689,-72.936354,3265865,11/19/20,7:22:00,O,Property Damage Only,O,No Apparent Injury (O),1,Local,0.33,97,CHURCH ST,CHURCH ST,,Circular Av,50,Feet,E,1,Clear,1,Daylight,1,Dry,,"Trafficway, On Road",11/19/20 7:22
3622,764555,1,41.350035,-72.964759,3268665,11/19/20,13:27:00,O,Property Damage Only,O,No Apparent Injury (O),2,State,47.68,15,15-S,15-S,,Exit #59,10,TenthsofMile,N,1,Clear,1,Daylight,1,Dry,79200,"Trafficway, On Road",11/19/20 13:27
446,758727,1,41.358589,-72.926181,3262837,11/19/20,13:28:00,A,"Injury of any type (Serious, Minor, Possible)",B,Suspected Minor Injury (B),2,State,6.68,10,CT-10,10-N,,MATHER ST,190,Feet,S,1,Clear,1,Daylight,1,Dry,27700,"Trafficway, On Road",11/19/20 13:28
9303,758728,1,41.346215,-72.945603,3262838,11/19/20,19:46:00,A,"Injury of any type (Serious, Minor, Possible)",B,Suspected Minor Injury (B),1,Local,1.11,598,WOODIN ST,WOODIN ST,PINE ROCK AV NO 2,,,,E,1,Clear,4,Dark-Lighted,1,Dry,,"Trafficway, On Road",11/19/20 19:46
5045,761756,1,41.344082,-72.912092,3265866,11/20/20,10:28:00,A,"Injury of any type (Serious, Minor, Possible)",B,Suspected Minor Injury (B),1,State,0.8,707,WHITNEY AV,707-N,AUGUR ST,,,,,1,Clear,1,Daylight,1,Dry,14300,"Trafficway, On Road",11/20/20 10:28
8093,759288,1,41.345638,-72.914667,3263398,11/20/20,15:24:00,O,Property Damage Only,O,No Apparent Injury (O),2,Local,0.11,439,PUTNAM AV,PUTNAM AV,,Glendale Rd.,40,Feet,E,1,Clear,1,Daylight,1,Dry,,"Trafficway, On Road",11/20/20 15:24
1046,762572,1,41.344607,-72.934247,3266682,11/21/20,12:41:00,O,Property Damage Only,,,2,State,5.61,10,CT-10,10-N,,Woodin,10,Feet,N,1,Clear,1,Daylight,1,Dry,24700,"Trafficway, On Road",11/21/20 12:41
1995,761739,1,41.382217,-72.910547,3265849,11/21/20,13:21:00,A,"Injury of any type (Serious, Minor, Possible)",C,Possible Injury (C),2,State,8.53,10,CT-10,10-N,,Thompson Street,100,Feet,S,1,Clear,1,Daylight,1,Dry,18400,Unknown,11/21/20 13:21
2349,764349,1,41.452994,-72.908676,3268459,11/21/20,16:53:00,O,Property Damage Only,O,No Apparent Injury (O),1,State,13.93,10,CT-10,10-N,,Willow St,200,Feet,N,1,Clear,4,Dark-Lighted,1,Dry,15400,"Trafficway, On Road",11/21/20 16:53
5577,766950,1,41.374487,-72.915926,3271060,11/21/20,16:59:00,O,Property Damage Only,O,No Apparent Injury (O),2,State,0.17,753,CT-10,753-S,SKIFF ST,,,,,1,Clear,4,Dark-Lighted,1,Dry,15700,"Trafficway, On Road",11/21/20 16:59
2599,767281,1,41.338232,-72.93516,3271391,11/21/20,19:11:00,O,Property Damage Only,O,No Apparent Injury (O),2,State,5,10,CT-10,10-N,DIXWELL AV NO 1,,,,,1,Clear,4,Dark-Lighted,1,Dry,11100,"Trafficway, On Road",11/21/20 19:11
1837,769889,1,41.340967,-72.935129,3273999,11/21/20,21:29:00,O,Property Damage Only,O,No Apparent Injury (O),2,State,5.19,10,CT-10,10-N,WHITING ST,,,,,1,Clear,4,Dark-Lighted,1,Dry,21100,"Trafficway, On Road",11/21/20 21:29
7106,759289,1,41.340713,-72.908012,3263399,11/22/20,3:59:00,O,Property Damage Only,O,No Apparent Injury (O),2,Local,0.14,242,HARTFORD TPK,HARTFORD TPK,,Wilton street,50,Feet,N,1,Clear,5,Dark-Not Lighted,1,Dry,,"Trafficway, On Road",11/22/20 3:59
7434,761740,1,41.353883,-72.930325,3265850,11/22/20,13:52:00,O,Property Damage Only,O,No Apparent Injury (O),2,Local,0.1,364,MILLIS ST,MILLIS ST,,Dixwell Avenue,75,Feet,W,1,Clear,1,Daylight,1,Dry,,"Trafficway, On Road",11/22/20 13:52
1829,761741,1,41.33939,-72.93524,3265851,11/22/20,14:08:00,O,Property Damage Only,O,No Apparent Injury (O),2,State,5.26,10,CT-10,10-N,,Pine Street,50,Feet,S,1,Clear,1,Daylight,1,Dry,21100,"Trafficway, On Road",11/22/20 14:08
1834,767282,1,41.339437,-72.935153,3271392,11/22/20,17:54:00,O,Property Damage Only,O,No Apparent Injury (O),2,State,5.26,10,CT-10,10-N,,Pine Street,20,Feet,S,1,Clear,4,Dark-Lighted,1,Dry,21100,"Trafficway, Not on Road",11/22/20 17:54
5047,762849,1,41.345874,-72.912444,3266959,11/22/20,20:03:00,A,"Injury of any type (Serious, Minor, Possible)",C,Possible Injury (C),2,State,0.93,707,WHITNEY AV,707-N,,Putnam Ave,15,Feet,S,1,Clear,4,Dark-Lighted,1,Dry,14300,"Trafficway, On Road",11/22/20 20:03
447,761742,1,41.356486,-72.927729,3265852,11/22/20,20:43:00,O,Property Damage Only,O,No Apparent Injury (O),2,State,6.51,10,CT-10,10-N,,Homestead Avenue,50,Feet,S,1,Clear,4,Dark-Lighted,1,Dry,27700,"Trafficway, On Road",11/22/20 20:43
1996,761743,1,41.405399,-72.898903,3265853,11/22/20,22:02:00,A,"Injury of any type (Serious, Minor, Possible)",B,Suspected Minor Injury (B),2,State,10.38,10,CT-10,10-N,WOODRUFF ST,,,,,4,Rain,4,Dark-Lighted,2,Wet,18400,"Trafficway, On Road",11/22/20 22:02
7161,762850,1,41.348275,-72.939749,3266960,11/22/20,23:23:00,A,"Injury of any type (Serious, Minor, Possible)",C,Possible Injury (C),3,Local,0.31,251,HELEN ST,HELEN ST,FAIRVIEW AV,,,,,4,Rain,4,Dark-Lighted,2,Wet,,"Trafficway, On Road",11/22/20 23:23
156,763790,1,41.365987,-72.921679,3267900,11/23/20,5:40:00,A,"Injury of any type (Serious, Minor, Possible)",C,Possible Injury (C),1,State,7.22,10,CT-10,10-N,,RT 15,10,Feet,E,4,Rain,5,Dark-Not Lighted,2,Wet,33500,"Trafficway, On Road",11/23/20 5:40
1830,761744,1,41.34138,-72.935022,3265854,11/23/20,15:06:00,O,Property Damage Only,O,No Apparent Injury (O),2,State,5.39,10,CT-10,10-N,,North St,40,Feet,S,1,Clear,1,Daylight,1,Dry,21100,"Trafficway, On Road",11/23/20 15:06
5044,761745,1,41.341518,-72.912839,3265855,11/23/20,17:05:00,O,Property Damage Only,O,No Apparent Injury (O),2,State,0.62,707,WHITNEY AV,707-N,DAVIS ST,,,,,1,Clear,4,Dark-Lighted,1,Dry,14300,"Trafficway, On Road",11/23/20 17:05
4371,764238,1,41.3782,-72.905279,3268348,11/23/20,17:47:00,O,Property Damage Only,O,No Apparent Injury (O),2,State,0.17,15,15-S,15-S-122,,Exit 61,1,TenthsofMile,S,1,Clear,5,Dark-Not Lighted,1,Dry,9300,"Trafficway, On Road",11/23/20 17:47
1049,764350,1,41.345891,-72.933979,3268460,11/24/20,12:33:00,O,Property Damage Only,O,No Apparent Injury (O),2,State,5.71,10,CT-10,10-N,,HELEN ST,75,Feet,S,1,Clear,1,Daylight,1,Dry,24700,"Trafficway, On Road",11/24/20 12:33
1835,767283,1,41.341152,-72.935098,3271393,11/24/20,20:34:00,O,Property Damage Only,O,No Apparent Injury (O),2,State,5.38,10,CT-10,10-N,,Pine St,1,TenthsofMile,N,1,Clear,4,Dark-Lighted,1,Dry,21100,"Trafficway, On Road",11/24/20 20:34
3206,773979,1,41.377179,-72.906412,3278089,11/25/20,5:30:00,A,"Injury of any type (Serious, Minor, Possible)",C,Possible Injury (C),2,State,51.39,15,15-N,15-N,,EXIT #61,3,TenthsofMile,S,1,Clear,5,Dark-Not Lighted,1,Dry,72100,"Trafficway, On Road",11/25/20 5:30
8792,773698,1,41.37495,-72.91674,3277808,11/25/20,11:35:00,O,Property Damage Only,O,No Apparent Injury (O),2,Local,0.06,495,SKIFF ST EXT,SKIFF ST EXT,,Dixwell Ave.,50,Feet,W,1,Clear,1,Daylight,1,Dry,,"Trafficway, On Road",11/25/20 11:35
9346,763430,1,41.363583,-72.915205,3267540,11/25/20,12:46:00,O,Property Damage Only,O,No Apparent Injury (O),2,Local,0,600,WOODLAWN ST,WOODLAWN ST,GREENWAY ST,,,,,1,Clear,1,Daylight,1,Dry,,"Trafficway, On Road",11/25/20 12:46
5867,762573,1,41.365359,-72.933984,3266683,11/25/20,14:58:00,O,Property Damage Only,O,No Apparent Injury (O),2,Local,0.56,42,BENHAM ST,BENHAM ST,,Cherry Hill Road,20,Feet,E,1,Clear,1,Daylight,1,Dry,,"Trafficway, On Road",11/25/20 14:58
1592,763500,1,41.348233,-72.932901,3267610,11/25/20,17:12:00,O,Property Damage Only,O,No Apparent Injury (O),2,State,5.88,10,CT-10,10-N,,Scott Street,5,Feet,S,1,Clear,4,Dark-Lighted,1,Dry,22400,"Trafficway, On Road",11/25/20 17:12
1048,763501,1,41.3446935,-72.9343697,3267611,11/25/20,18:22:00,O,Property Damage Only,O,No Apparent Injury (O),2,State,5.62,10,CT-10,10-N,,Woodin St,80,Feet,N,1,Clear,4,Dark-Lighted,1,Dry,24700,"Trafficway, On Road",11/25/20 18:22
1832,763807,1,41.339253,-72.935217,3267917,11/25/20,20:08:00,A,"Injury of any type (Serious, Minor, Possible)",C,Possible Injury (C),2,State,5.25,10,CT-10,10-N,,Arch St,160,Feet,N,1,Clear,4,Dark-Lighted,1,Dry,21100,"Trafficway, On Road",11/25/20 20:08