,CrashId,Fatal Case Status,lat,lon,DOT Case Number,Date Of Crash,Time of Crash,Crash Severity,Crash Severity Text Format,Most Severe Injury,Most Severe Injury Text Format,Number Of Motor Vehicles,Route Class Text Format,Milemarker,Road Number,Road Description,Roadway Name,Intersecting Roadway Name,Landmark Description,Distance From Nearest Landmark,Unit Of Measure From Nearest Landmark,Direction From Nearest Landmark,Weather Condition,Weather Condition Text Format,Light Condition,Light Condition Text Format,Road Surface Condition,Road Surface Condition Text Format,Average Daily Traffic,Trafficway Class Text Format,full_date
3974,773984,1,41.382345,-72.898463,3278094,11/26/20,1:44:00,A,"Injury of any type (Serious, Minor, Possible)",C,Possible Injury (C),2,State,51.95,15,15-S,15-S,,DIXWELL AVE,250,Feet,S,4,Rain,4,Dark-Lighted,2,Wet,68200,"Trafficway, On Road",11/26/20 1:44
6353,762574,1,41.340105,-72.903148,3266684,11/26/20,11:32:00,A,"Injury of any type (Serious, Minor, Possible)",C,Possible Injury (C),2,Local,0.26,128,DAVIS ST,DAVIS ST,,Ridge Rd.,50,Feet,W,2,Cloudy,1,Daylight,2,Wet,,"Trafficway, On Road",11/26/20 11:32
350,773699,1,41.362661,-72.9238,3277809,11/26/20,12:43:00,O,Property Damage Only,O,No Apparent Injury (O),2,State,6.8,10,CT-10,10-N,BENHAM ST,,,,W,2,Cloudy,1,Daylight,2,Wet,31800,"Trafficway, On Road",11/26/20 12:43
8869,774094,1,41.343932,-72.937436,3278204,11/26/20,13:28:00,A,"Injury of any type (Serious, Minor, Possible)",B,Suspected Minor Injury (B),2,Local,0.11,518,THIRD ST,THIRD ST,WARREN ST,,,,,1,Clear,1,Daylight,1,Dry,,"Trafficway, On Road",11/26/20 13:28
4619,770127,1,41.400611,-72.897606,3274237,11/26/20,14:40:00,O,Property Damage Only,O,No Apparent Injury (O),1,State,3.06,40,40-S,40-S,,Whitney Ave,200,Feet,S,2,Cloudy,1,Daylight,2,Wet,18500,"Trafficway, On Road",11/26/20 14:40
7677,762575,1,41.338116,-72.925927,3266685,11/26/20,18:27:00,O,Property Damage Only,O,No Apparent Injury (O),2,Local,0.03,383,NEWBURY ST,NEWBURY ST,,Newhall Street,100,Feet,E,1,Clear,4,Dark-Lighted,1,Dry,,"Trafficway, On Road",11/26/20 18:27
1047,762851,1,41.345788,-72.934085,3266961,11/26/20,19:40:00,O,Property Damage Only,O,No Apparent Injury (O),2,State,5.7,10,CT-10,10-N,,putnam,10,Feet,S,1,Clear,4,Dark-Lighted,1,Dry,24700,"Trafficway, On Road",11/26/20 19:40
8937,763808,1,41.43671,-72.894008,3267918,11/26/20,20:54:00,O,Property Damage Only,O,No Apparent Injury (O),2,Local,0.87,530,TUTTLE AV,TUTTLE AV NO 1,,RIVER RD.,1,TenthsofMile,N,3,"Fog, Smog, Smoke",5,Dark-Not Lighted,2,Wet,,"Trafficway, On Road",11/26/20 20:54
6252,762593,1,41.400126,-72.907913,3266703,11/27/20,13:12:00,O,Property Damage Only,O,No Apparent Injury (O),2,Local,0.05,101,CLARK ST,CLARK ST,,Knob Hill Dr.,270,Feet,E,1,Clear,1,Daylight,1,Dry,,"Trafficway, On Road",11/27/20 13:12
1593,767284,1,41.3478,-72.9331,3271394,11/27/20,21:42:00,A,"Injury of any type (Serious, Minor, Possible)",C,Possible Injury (C),2,State,5.85,10,CT-10,10-N,,Scott Street,50,Feet,S,1,Clear,4,Dark-Lighted,1,Dry,22400,"Trafficway, On Road",11/27/20 21:42
1589,762594,1,41.348083,-72.932946,3266704,11/28/20,1:20:00,A,"Injury of any type (Serious, Minor, Possible)",C,Possible Injury (C),2,State,5.87,10,CT-10,10-N,,scott street ,100,Feet,S,1,Clear,4,Dark-Lighted,1,Dry,22400,"Trafficway, On Road",11/28/20 1:20
3968,764491,1,41.379727,-72.902574,3268601,11/28/20,14:10:00,O,Property Damage Only,O,No Apparent Injury (O),2,State,51.68,15,15-S,15-S,,EXIT 61 ON RAMP,0.100000001,Feet,S,1,Clear,1,Daylight,1,Dry,68600,"Trafficway, On Road",11/28/20 14:10
8204,763809,1,41.362867,-72.899678,3267919,11/28/20,15:19:00,A,"Injury of any type (Serious, Minor, Possible)",B,Suspected Minor Injury (B),2,Local,1.96,452,RIDGE RD,RIDGE RD,FENNBROOK DR,,,,,1,Clear,1,Daylight,1,Dry,,"Trafficway, On Road",11/28/20 15:19
204,768736,1,41.366865,-72.920987,3272846,11/28/20,15:27:00,O,Property Damage Only,O,No Apparent Injury (O),2,State,7.3,10,CT-10,10-N,,Marietta St,25,Feet,N,1,Clear,1,Daylight,1,Dry,32700,"Trafficway, On Road",11/28/20 15:27
1833,763810,1,41.339743,-72.935095,3267920,11/28/20,16:42:00,A,"Injury of any type (Serious, Minor, Possible)",A,Suspected Serious Injury (A),1,State,5.28,10,CT-10,10-N,,Pine St,60,Feet,N,1,Clear,3,Dusk,1,Dry,21100,"Trafficway, On Road",11/28/20 16:42
1836,767463,1,41.338612,-72.935062,3271573,11/29/20,3:54:00,O,Property Damage Only,O,No Apparent Injury (O),1,State,5.21,10,CT-10,10-N,,Morse Street,140,Feet,N,1,Clear,4,Dark-Lighted,1,Dry,21100,"Trafficway, Not on Road",11/29/20 3:54
1590,762595,1,41.347317,-72.933361,3266705,11/29/20,12:29:00,O,Property Damage Only,O,No Apparent Injury (O),2,State,5.81,10,CT-10,10-N,,Millis Street,5,TenthsofMile,S,1,Clear,1,Daylight,1,Dry,22400,"Trafficway, On Road",11/29/20 12:29
7582,763811,1,41.337955,-72.933619,3267921,11/29/20,12:47:00,O,Property Damage Only,O,No Apparent Injury (O),2,Local,0.08,370,MORSE ST,MORSE ST,COLUMBUS ST,,,,,1,Clear,1,Daylight,1,Dry,,"Trafficway, On Road",11/29/20 12:47
1591,762852,1,41.346584,-72.933755,3266962,11/29/20,21:13:00,O,Property Damage Only,O,No Apparent Injury (O),2,State,5.76,10,CT-10,10-N,,Helen St,5,Feet,N,1,Clear,4,Dark-Lighted,1,Dry,22400,"Trafficway, On Road",11/29/20 21:13
8479,767464,1,41.382435,-72.920364,3271574,11/30/20,4:27:00,A,"Injury of any type (Serious, Minor, Possible)",B,Suspected Minor Injury (B),1,Local,0.49,489,SHEPARD AV,SHEPARD AV,,Howard Drive,20,Feet,S,1,Clear,4,Dark-Lighted,2,Wet,,"Trafficway, On Road",11/30/20 4:27
1691,764779,1,41.369581,-72.919038,3268889,11/30/20,10:52:00,A,"Injury of any type (Serious, Minor, Possible)",C,Possible Injury (C),2,State,7.51,10,CT-10,10-N,,Connolly Pkwy,2,TenthsofMile,N,4,Rain,1,Daylight,2,Wet,22000,"Trafficway, On Road",11/30/20 10:52
3629,784114,1,41.341104,-72.974724,3288224,11/30/20,12:13:00,O,Property Damage Only,O,No Apparent Injury (O),1,State,47.07,15,15-S,15-S,,Exit #59,2,TenthsofMile,N,4,Rain,1,Daylight,2,Wet,79200,"Trafficway, On Road",11/30/20 12:13
3769,784115,1,41.366424,-72.918745,3288225,11/30/20,13:01:00,O,Property Damage Only,O,No Apparent Injury (O),1,State,50.41,15,15-S,15-S,,Exit #60,2,TenthsofMile,N,4,Rain,1,Daylight,2,Wet,72100,"Trafficway, On Road",11/30/20 13:01
5273,762853,1,41.355978,-72.911755,3266963,11/30/20,16:24:00,O,Property Damage Only,O,No Apparent Injury (O),2,State,1.65,707,WHITNEY AV,707-N,WAITE ST,,,,,4,Rain,4,Dark-Lighted,2,Wet,11800,"Trafficway, On Road",11/30/20 16:24
2554,764780,1,41.37782,-72.914612,3268890,11/30/20,18:53:00,A,"Injury of any type (Serious, Minor, Possible)",A,Suspected Serious Injury (A),2,State,8.13,10,CT-10,10-N,,Shepard Ave.,1,TenthsofMile,N,4,Rain,4,Dark-Lighted,2,Wet,11200,"Trafficway, On Road",11/30/20 18:53
6946,767465,1,41.335185,-72.927892,3271575,11/30/20,21:58:00,A,"Injury of any type (Serious, Minor, Possible)",C,Possible Injury (C),2,Local,0.42,222,GOODRICH ST,GOODRICH ST,SHEPARD ST,,,,,1,Clear,4,Dark-Lighted,1,Dry,,"Trafficway, On Road",11/30/20 21:58
2628,764389,1,41.338315,-72.94104,3268499,12/1/20,10:42:00,O,Property Damage Only,O,No Apparent Injury (O),2,State,4.88,10,CT-10,10-N,,Arch Street,50,Feet,N,1,Clear,1,Daylight,1,Dry,10600,"Trafficway, On Road",12/1/20 10:42
5697,767285,1,41.339881,-72.943826,3271395,12/2/20,10:13:00,O,Property Damage Only,O,No Apparent Injury (O),1,Local,0.19,14,ARCH ST,ARCH ST,,FITCH ST,2,TenthsofMile,W,1,Clear,1,Daylight,1,Dry,,"Trafficway, On Road",12/2/20 10:13
9032,764390,1,41.383269,-72.899076,3268500,12/2/20,18:11:00,A,"Injury of any type (Serious, Minor, Possible)",C,Possible Injury (C),1,Local,0.01,554,WASHINGTON AV,WASHINGTON AV,,Dixwell Ave.,25,Feet,N,1,Clear,4,Dark-Lighted,1,Dry,,"Trafficway, On Road",12/2/20 18:11
2073,764391,1,41.432755,-72.90791,3268501,12/2/20,20:07:00,A,"Injury of any type (Serious, Minor, Possible)",C,Possible Injury (C),2,State,12.5,10,CT-10,10-N,,SHEPARD AVE,3,TenthsofMile,S,1,Clear,4,Dark-Lighted,1,Dry,17600,"Trafficway, On Road",12/2/20 20:07
7311,774168,1,41.352791,-72.922985,3278278,12/3/20,10:59:00,O,Property Damage Only,O,No Apparent Injury (O),2,Local,0.9,317,LEEDER HILL DR,LEEDER HILL DR,TREADWELL ST,,,,,1,Clear,1,Daylight,1,Dry,,"Trafficway, On Road",12/3/20 10:59
884,767286,1,41.404049,-72.898518,3271396,12/3/20,12:53:00,O,Property Damage Only,O,No Apparent Injury (O),2,State,10.47,10,CT-10,10-N,,DICKERMAN ST,100,Feet,N,1,Clear,1,Daylight,1,Dry,25300,"Trafficway, On Road",12/3/20 12:53
6059,778211,1,41.393311,-72.896299,3282321,12/3/20,12:54:00,O,Property Damage Only,O,No Apparent Injury (O),2,Local,0.04,81,CARMEL ST,CARMEL ST,,Whitney Ave.,245,Feet,E,1,Clear,1,Daylight,1,Dry,,"Trafficway, On Road",12/3/20 12:54
2600,781046,1,41.339617,-72.935245,3285156,12/3/20,13:25:00,O,Property Damage Only,O,No Apparent Injury (O),2,State,5.09,10,CT-10,10-N,PINE ST,,,,,1,Clear,1,Daylight,1,Dry,11100,"Trafficway, On Road",12/3/20 13:25
6084,764392,1,41.361344,-72.936786,3268502,12/3/20,15:45:00,O,Property Damage Only,O,No Apparent Injury (O),2,Local,0.01,93,CHERRY HILL RD,CHERRY HILL RD,,Circular Avenue,5,Feet,E,1,Clear,1,Daylight,1,Dry,,"Trafficway, On Road",12/3/20 15:45
1050,764393,1,41.345486,-72.934096,3268503,12/3/20,17:25:00,O,Property Damage Only,O,No Apparent Injury (O),2,State,5.68,10,CT-10,10-N,,putnam avenue,300,Feet,S,1,Clear,4,Dark-Lighted,1,Dry,24700,"Trafficway, On Road",12/3/20 17:25
5512,773700,1,41.38344,-72.9015,3277810,12/4/20,10:19:00,O,Property Damage Only,O,No Apparent Injury (O),2,State,0.02,717,DIXWELL AV,717-E,,WHITNEY AVE,20,Feet,E,1,Clear,1,Daylight,1,Dry,15600,"Trafficway, On Road",12/4/20 10:19
6091,781458,1,41.4221,-72.9386,3285568,12/4/20,11:38:00,A,"Injury of any type (Serious, Minor, Possible)",C,Possible Injury (C),2,Local,0.5,96,CHOATE AV,CHOATE AV,,Stillhill Rd,94,Feet,S,1,Clear,1,Daylight,1,Dry,,"Trafficway, On Road",12/4/20 11:38
7849,772615,1,41.329721,-72.898647,3276725,12/4/20,13:38:00,O,Property Damage Only,O,No Apparent Injury (O),2,Local,0,414,PARK RD,PARK RD,ARMSTRONG ST,,,,,1,Clear,1,Daylight,1,Dry,,"Trafficway, On Road",12/4/20 13:38
205,770408,1,41.366921,-72.92085,3274518,12/4/20,14:36:00,O,Property Damage Only,O,No Apparent Injury (O),2,State,7.31,10,CT-10,10-N,,Connolly Parkway,50,Feet,S,1,Clear,1,Daylight,1,Dry,32700,"Trafficway, On Road",12/4/20 14:36
7001,768739,1,41.347933,-72.935323,3272849,12/4/20,15:18:00,O,Property Damage Only,O,No Apparent Injury (O),2,Local,0.47,226,GORHAM AV,GORHAM AV,,Circular Ave,240,Feet,W,2,Cloudy,1,Daylight,1,Dry,,"Trafficway, On Road",12/4/20 15:18
5085,768740,1,41.333827,-72.912142,3272850,12/5/20,6:22:00,O,Property Damage Only,O,No Apparent Injury (O),1,State,0.07,707,WHITNEY AV,707-N,,Whitney Ave.,10,Feet,E,4,Rain,4,Dark-Lighted,2,Wet,14200,"Trafficway, On Road",12/5/20 6:22
8308,767298,1,41.38526,-72.90693,3271408,12/5/20,11:46:00,O,Property Damage Only,O,No Apparent Injury (O),2,Local,0,480,SCHOOL ST,SCHOOL ST,HAMDEN HILLS DR,,,,,4,Rain,97,Other,2,Wet,,"Trafficway, On Road",12/5/20 11:46
1051,770409,1,41.346275,-72.93386,3274519,12/5/20,19:54:00,O,Property Damage Only,O,No Apparent Injury (O),2,State,5.74,10,CT-10,10-N,,Putnam Ave,5,Feet,S,1,Clear,4,Dark-Lighted,1,Dry,24700,"Trafficway, On Road",12/5/20 19:54
5870,774095,1,41.36525,-72.93429,3278205,12/6/20,10:41:00,O,Property Damage Only,O,No Apparent Injury (O),2,Local,0.57,42,BENHAM ST,BENHAM ST,CHERRY HILL RD,,,,,1,Clear,1,Daylight,1,Dry,,"Trafficway, On Road",12/6/20 10:41
5868,768741,1,41.362553,-72.923414,3272851,12/6/20,14:19:00,O,Property Damage Only,O,No Apparent Injury (O),2,Local,0,42,BENHAM ST,BENHAM ST,Dixwell Avenue,,,,,1,Clear,1,Daylight,1,Dry,,"Trafficway, On Road",12/6/20 14:19
7730,777426,1,41.349716,-72.93472,3281536,12/6/20,15:11:00,O,Property Damage Only,O,No Apparent Injury (O),2,Local,0.02,386,NEWTON ST,NEWTON ST,,Circular Ave,120,Feet,E,1,Clear,1,Daylight,1,Dry,,"Trafficway, Not on Road",12/6/20 15:11
9304,764394,1,41.344639,-72.934373,3268504,12/6/20,17:14:00,O,Property Damage Only,O,No Apparent Injury (O),2,Local,1.7,598,WOODIN ST,WOODIN ST,,Dixwell Ave. ,100,Feet,E,1,Clear,4,Dark-Lighted,1,Dry,,"Trafficway, On Road",12/6/20 17:14
8094,767299,1,41.34529,-72.91709,3271409,12/6/20,18:21:00,A,"Injury of any type (Serious, Minor, Possible)",C,Possible Injury (C),1,Local,0.25,439,PUTNAM AV,PUTNAM AV,,Clifford St,137,Feet,W,1,Clear,4,Dark-Lighted,1,Dry,,"Trafficway, On Road",12/6/20 18:21
1500,767300,1,41.350727,-72.93159,3271410,12/7/20,15:52:00,O,Property Damage Only,O,No Apparent Injury (O),2,State,6.07,10,CT-10,10-N,,Lexington St,50,Feet,N,1,Clear,4,Dark-Lighted,1,Dry,22600,"Trafficway, On Road",12/7/20 15:52
5048,767301,1,41.341809,-72.912783,3271411,12/7/20,16:57:00,O,Property Damage Only,O,No Apparent Injury (O),2,State,0.63,707,WHITNEY AV,707-N,,Davis Street,30,Feet,N,1,Clear,4,Dark-Lighted,1,Dry,14300,"Trafficway, On Road",12/7/20 16:57
887,774441,1,41.409771,-72.900538,3278551,12/7/20,17:02:00,A,"Injury of any type (Serious, Minor, Possible)",A,Suspected Serious Injury (A),2,State,10.7,10,CT-10,10-N,EVERGREEN AV,,,,,1,Clear,4,Dark-Lighted,1,Dry,25300,"Trafficway, On Road",12/7/20 17:02
5318,770410,1,41.356219,-72.911441,3274520,12/7/20,19:02:00,O,Property Damage Only,O,No Apparent Injury (O),3,State,1.67,707,WHITNEY AV,707-N,,Waite St,80,Feet,N,1,Clear,4,Dark-Lighted,1,Dry,11700,"Trafficway, On Road",12/7/20 19:02
4936,767466,1,41.378963,-72.903459,3271576,12/8/20,18:59:00,O,Property Damage Only,O,No Apparent Injury (O),2,State,3.31,707,WHITNEY AV,707-N,,RT. 15,50,Feet,N,1,Clear,5,Dark-Not Lighted,1,Dry,16900,"Trafficway, On Road",12/8/20 18:59
1838,770411,1,41.34312,-72.934641,3274521,12/9/20,12:07:00,O,Property Damage Only,O,No Apparent Injury (O),2,State,5.34,10,CT-10,10-N,SECOND ST,,,,,1,Clear,1,Daylight,1,Dry,21100,"Trafficway, On Road",12/9/20 12:07
7217,767302,1,41.363256,-72.925108,3271412,12/9/20,13:17:00,O,Property Damage Only,O,No Apparent Injury (O),2,Local,0,272,HOPE AV,HOPE AV,,BENHAM ST,5,Feet,N,1,Clear,1,Daylight,1,Dry,,"Trafficway, On Road",12/9/20 13:17
8791,767491,1,41.374691,-72.916508,3271601,12/10/20,12:33:00,O,Property Damage Only,O,No Apparent Injury (O),2,Local,0.04,495,SKIFF ST EXT,SKIFF ST EXT,,Dixwell Ave,50,Feet,W,1,Clear,1,Daylight,1,Dry,,"Trafficway, On Road",12/10/20 12:33
7002,770412,1,41.34832,-72.936469,3274522,12/10/20,16:04:00,O,Property Damage Only,O,No Apparent Injury (O),2,Local,0.41,226,GORHAM AV,GORHAM AV,,Circular Avenue,1,TenthsofMile,W,1,Clear,1,Daylight,1,Dry,,"Trafficway, On Road",12/10/20 16:04
8480,767467,1,41.386263,-72.921619,3271577,12/10/20,17:06:00,O,Property Damage Only,O,No Apparent Injury (O),1,Local,0.77,489,SHEPARD AV,SHEPARD AV,,Braeside Dr.,1,TenthsofMile,S,1,Clear,4,Dark-Lighted,1,Dry,,"Trafficway, On Road",12/10/20 17:06
7583,768742,1,41.336806,-72.924765,3272852,12/10/20,22:10:00,A,"Injury of any type (Serious, Minor, Possible)",B,Suspected Minor Injury (B),2,Local,0.54,370,MORSE ST,MORSE ST,WINCHESTER AV,,,,,1,Clear,4,Dark-Lighted,1,Dry,,"Trafficway, On Road",12/10/20 22:10
3767,775123,1,41.366205,-72.918864,3279233,12/11/20,0:54:00,O,Property Damage Only,O,No Apparent Injury (O),1,State,50.39,15,15-S,15-S,,EXIT #60,3,TenthsofMile,N,1,Clear,4,Dark-Lighted,1,Dry,72100,"Trafficway, On Road",12/11/20 0:54
6685,774169,1,41.343358,-72.94109,3278279,12/11/20,4:47:00,O,Property Damage Only,O,No Apparent Injury (O),3,Local,0.35,176,FAIRVIEW AV,FAIRVIEW AV,JONES RD,,,,,1,Clear,4,Dark-Lighted,1,Dry,,"Trafficway, On Road",12/11/20 4:47
4379,775893,1,41.378259,-72.905295,3280003,12/11/20,9:52:00,O,Property Damage Only,O,No Apparent Injury (O),2,State,0.17,15,15-S,15-S-122,,Route 15 S/B,50,Feet,N,1,Clear,1,Daylight,1,Dry,9300,"Trafficway, On Road",12/11/20 9:52
3519,775894,1,41.380638,-72.90076,3280004,12/11/20,12:53:00,O,Property Damage Only,O,No Apparent Injury (O),2,State,0.22,15,15-N,15-N-125,,Route 15 N/B,50,Feet,S,1,Clear,1,Daylight,1,Dry,2300,"Trafficway, On Road",12/11/20 12:53
6075,768743,1,41.335681,-72.937081,3272853,12/11/20,14:16:00,O,Property Damage Only,O,No Apparent Injury (O),2,Local,0.1,92,CHERRY ANN ST,CHERRY ANN ST,,BOWEN ST,175,Feet,E,1,Clear,1,Daylight,1,Dry,,"Trafficway, On Road",12/11/20 14:16
5319,773190,1,41.362302,-72.90908,3277300,12/11/20,17:02:00,O,Property Damage Only,O,No Apparent Injury (O),2,State,2.12,707,WHITNEY AV,707-N,WOODLAWN ST,,,,,1,Clear,4,Dark-Lighted,1,Dry,11700,"Trafficway, On Road",12/11/20 17:02
4722,774170,1,41.331425,-72.900135,3278280,12/11/20,18:06:00,O,Property Damage Only,O,No Apparent Injury (O),3,USRoute,1.27,5,US-5,5-N,,HYDE RD,350,Feet,S,1,Clear,4,Dark-Lighted,1,Dry,14300,"Trafficway, On Road",12/11/20 18:06
8471,768744,1,41.428617,-72.915756,3272854,12/11/20,20:48:00,O,Property Damage Only,O,No Apparent Injury (O),2,,,,SHEPARD AV,2045 SHEPARD AVE,,WEST TODD ST,50,Feet,E,1,Clear,5,Dark-Not Lighted,1,Dry,,Non-trafficway,12/11/20 20:48
2074,768745,1,41.435164,-72.908406,3272855,12/11/20,23:45:00,O,Property Damage Only,O,No Apparent Injury (O),1,State,12.68,10,CT-10,10-N,,Brooksvale Rd.,0.200000003,TenthsofMile,S,3,"Fog, Smog, Smoke",4,Dark-Lighted,2,Wet,17600,"Trafficway, On Road",12/11/20 23:45
885,768746,1,41.406064,-72.899145,3272856,12/12/20,11:51:00,O,Property Damage Only,O,No Apparent Injury (O),2,State,10.61,10,CT-10,10-N,,Home Pl.,100,Feet,S,4,Rain,1,Daylight,2,Wet,25300,"Trafficway, On Road",12/12/20 11:51
5049,768747,1,41.343128,-72.912298,3272857,12/12/20,15:30:00,O,Property Damage Only,O,No Apparent Injury (O),2,State,0.73,707,WHITNEY AV,707-N,,DAVIS ST,1,TenthsofMile,N,4,Rain,4,Dark-Lighted,2,Wet,14300,"Trafficway, On Road",12/12/20 15:30
8868,768748,1,41.34384,-72.934984,3272858,12/12/20,21:36:00,O,Property Damage Only,O,No Apparent Injury (O),2,Local,0.23,518,THIRD ST,THIRD ST,,Dixwell Avenue,50,Feet,W,1,Clear,4,Dark-Lighted,1,Dry,,"Trafficway, On Road",12/12/20 21:36
8096,777427,1,41.343742,-72.925971,3281537,12/13/20,11:15:00,O,Property Damage Only,O,No Apparent Injury (O),2,Local,0.72,439,PUTNAM AV,PUTNAM AV,,Newhall Avenue,100,Feet,E,1,Clear,1,Daylight,1,Dry,,"Trafficway, On Road",12/13/20 11:15
5869,768749,1,41.364687,-72.930539,3272859,12/13/20,14:41:00,A,"Injury of any type (Serious, Minor, Possible)",C,Possible Injury (C),2,Local,0.37,42,BENHAM ST,BENHAM ST,VANTAGE RD,,,,,1,Clear,1,Daylight,1,Dry,,"Trafficway, On Road",12/13/20 14:41
6257,777428,1,41.345497,-72.91657,3281538,12/13/20,19:16:00,O,Property Damage Only,O,No Apparent Injury (O),3,Local,0.38,102,CLIFFORD ST,CLIFFORD ST,,Putnam Ave,42,Feet,N,1,Clear,4,Dark-Lighted,1,Dry,,"Trafficway, On Road",12/13/20 19:16
1693,768750,1,41.372619,-72.917045,3272860,12/13/20,19:42:00,O,Property Damage Only,O,No Apparent Injury (O),2,State,7.75,10,CT-10,10-N,,Skiff Street,25,TenthsofMile,S,1,Clear,4,Dark-Lighted,1,Dry,22000,"Trafficway, On Road",12/13/20 19:42
5511,773191,1,41.383456,-72.901536,3277301,12/14/20,14:52:00,O,Property Damage Only,O,No Apparent Injury (O),2,State,0.02,717,DIXWELL AV,717-E,,Whitney Ave.,70,Feet,E,4,Rain,1,Daylight,2,Wet,15600,"Trafficway, On Road",12/14/20 14:52
4294,774011,1,41.36573302,-72.92509365,3278121,12/14/20,19:49:00,A,"Injury of any type (Serious, Minor, Possible)",B,Suspected Minor Injury (B),3,State,0.21,15,15-S,15-S-118,,Exit 60,0.100000001,TenthsofMile,S,1,Clear,5,Dark-Not Lighted,2,Wet,9300,"Trafficway, On Road",12/14/20 19:49
3626,778828,1,41.365346,-72.927069,3282938,12/14/20,20:13:00,A,"Injury of any type (Serious, Minor, Possible)",B,Suspected Minor Injury (B),1,State,49.95,15,15-S,15-S,,Entrance 60,20,Feet,S,1,Clear,5,Dark-Not Lighted,2,Wet,79200,"Trafficway, On Road",12/14/20 20:13
3207,774012,1,41.365947,-72.919599,3278122,12/14/20,21:08:00,A,"Injury of any type (Serious, Minor, Possible)",B,Suspected Minor Injury (B),4,State,50.33,15,15-N,15-N,,Exit 60,100,Feet,N,6,Freezing Rain or Freezing Drizzle,4,Dark-Lighted,2,Wet,72100,"Trafficway, On Road",12/14/20 21:08
5086,777705,1,41.336467,-72.91137,3281815,12/15/20,11:07:00,O,Property Damage Only,O,No Apparent Injury (O),2,State,0.26,707,WHITNEY AV,707-N,ARMORY ST,,,,,1,Clear,1,Daylight,1,Dry,14200,"Trafficway, On Road",12/15/20 11:07
107,772616,1,41.367106,-72.920713,3276726,12/15/20,17:07:00,O,Property Damage Only,O,No Apparent Injury (O),3,State,7.14,10,CT-10,10-N,CONNOLLY PKWY,,,,,1,Clear,4,Dark-Lighted,1,Dry,38300,"Trafficway, On Road",12/15/20 17:07
2638,770413,1,41.360904,-72.924833,3274523,12/16/20,12:50:00,A,"Injury of any type (Serious, Minor, Possible)",B,Suspected Minor Injury (B),2,State,6.67,10,CT-10,10-N,MAPLEWOOD TER NO 2,,,,,1,Clear,1,Daylight,1,Dry,,"Trafficway, On Road",12/16/20 12:50
9033,774171,1,41.383595,-72.899001,3278281,12/16/20,14:28:00,O,Property Damage Only,O,No Apparent Injury (O),2,Local,0.03,554,WASHINGTON AV,WASHINGTON AV,,DIXWELL AVE,150,Feet,N,1,Clear,1,Daylight,1,Dry,,"Trafficway, On Road",12/16/20 14:28
6789,773192,1,41.344678,-72.938839,3277302,12/16/20,19:25:00,O,Property Damage Only,O,No Apparent Injury (O),2,Local,0.21,198,FOURTH ST,FOURTH ST,,Beaver St,180,Feet,E,7,Snow,4,Dark-Lighted,3,Snow,,"Trafficway, On Road",12/16/20 19:25
7587,786632,1,41.338168,-72.934875,3290742,12/16/20,20:51:00,O,Property Damage Only,O,No Apparent Injury (O),2,Local,0.02,370,MORSE ST,MORSE ST,,Dixwell Ave,70,Feet,E,7,Snow,4,Dark-Lighted,3,Snow,,"Trafficway, On Road",12/16/20 20:51
6354,777429,1,41.341524,-72.907961,3281539,12/16/20,21:23:00,A,"Injury of any type (Serious, Minor, Possible)",B,Suspected Minor Injury (B),2,Local,0.54,128,DAVIS ST,DAVIS ST,,Hartford Turnpike,100,Feet,W,8,Blowing Snow,5,Dark-Not Lighted,3,Snow,,"Trafficway, On Road",12/16/20 21:23
886,774172,1,41.406382,-72.899334,3278282,12/17/20,8:46:00,O,Property Damage Only,O,No Apparent Injury (O),2,State,10.46,10,CT-10,10-N,HOME PL,,,,,7,Snow,1,Daylight,3,Snow,25300,"Trafficway, On Road",12/17/20 8:46
7634,777085,1,41.423121,-72.881912,3281195,12/17/20,12:42:00,O,Property Damage Only,O,No Apparent Injury (O),1,Local,0.69,375,MOUNT CARMEL AV,MOUNT CARMEL AV,,Ridge Road,200,Feet,E,2,Cloudy,1,Daylight,4,Slush,,"Trafficway, On Road",12/17/20 12:42
3208,874607,1,41.367401,-72.917005,3376704,12/17/20,14:08:00,O,Property Damage Only,O,No Apparent Injury (O),1,State,50.5,15,15-N,15-N,,Exit 60,5,TenthsofMile,N,1,Clear,1,Daylight,4,Slush,72100,"Trafficway, On Road",12/17/20 14:08
7191,774268,1,41.371109,-72.922715,3278378,12/18/20,13:04:00,O,Property Damage Only,O,No Apparent Injury (O),2,,,,HIGHVIEW TER,HIGH VIEW TER,,Kaye Plaza,25,Feet,E,8,Blowing Snow,1,Daylight,3,Snow,,"Trafficway, On Road",12/18/20 13:04
8888,774199,1,41.36612,-72.908983,3278309,12/18/20,13:24:00,O,Property Damage Only,O,No Apparent Injury (O),2,Local,0.61,521,THORNTON ST,THORNTON ST,,Whitney Avenue,200,Feet,W,1,Clear,1,Daylight,2,Wet,,"Trafficway, On Road",12/18/20 13:24
5369,786633,1,41.371512,-72.906238,3290743,12/18/20,13:56:00,O,Property Damage Only,O,No Apparent Injury (O),2,State,2.77,707,WHITNEY AV,707-N,,SKIFF ST,120,Feet,N,1,Clear,1,Daylight,1,Dry,,"Trafficway, On Road",12/18/20 13:56
3518,774549,1,41.38067,-72.900752,3278659,12/18/20,14:19:00,O,Property Damage Only,O,No Apparent Injury (O),2,State,0.23,15,15-N,15-N-125,,15-N,35,Feet,S,1,Clear,1,Daylight,1,Dry,2300,"Trafficway, On Road",12/18/20 14:19