,CrashId,Fatal Case Status,lat,lon,DOT Case Number,Date Of Crash,Time of Crash,Crash Severity,Crash Severity Text Format,Most Severe Injury,Most Severe Injury Text Format,Number Of Motor Vehicles,Route Class Text Format,Milemarker,Road Number,Road Description,Roadway Name,Intersecting Roadway Name,Landmark Description,Distance From Nearest Landmark,Unit Of Measure From Nearest Landmark,Direction From Nearest Landmark,Weather Condition,Weather Condition Text Format,Light Condition,Light Condition Text Format,Road Surface Condition,Road Surface Condition Text Format,Average Daily Traffic,Trafficway Class Text Format,full_date
8481,773194,1,41.38773,-72.921899,3277304,12/18/20,15:34:00,O,Property Damage Only,O,No Apparent Injury (O),2,Local,0.87,489,SHEPARD AV,SHEPARD AV,BRAESIDE DR,,,,,1,Clear,1,Daylight,2,Wet,,"Trafficway, On Road",12/18/20 15:34
5581,774231,1,41.376432,-72.915597,3278341,12/18/20,17:34:00,O,Property Damage Only,O,No Apparent Injury (O),2,State,0.03,753,CT-10,753-S,SHEPARD AV,,,,,1,Clear,4,Dark-Lighted,1,Dry,15700,"Trafficway, On Road",12/18/20 17:34
1839,774442,1,41.340249,-72.935154,3278552,12/18/20,20:54:00,A,"Injury of any type (Serious, Minor, Possible)",B,Suspected Minor Injury (B),2,State,5.31,10,CT-10,10-N,,GEORGE STREET,30,Feet,S,1,Clear,4,Dark-Lighted,1,Dry,21100,"Trafficway, On Road",12/18/20 20:54
8858,774232,1,41.395877,-72.906106,3278342,12/19/20,6:00:00,O,Property Damage Only,O,No Apparent Injury (O),1,Local,0.19,724,TANGLEWOOD SOUTH,TANGLEWOOD SOUTH,,Evergreen Ave,1,TenthsofMile,W,1,Clear,2,Dawn,5,Ice / Frost,,"Trafficway, On Road",12/19/20 6:00
4378,775247,1,41.37819,-72.905284,3279357,12/19/20,10:08:00,O,Property Damage Only,O,No Apparent Injury (O),2,State,0.18,15,15-S,15-S-122,,Route 15 Southbound,5,Feet,N,1,Clear,1,Daylight,1,Dry,9300,"Trafficway, On Road",12/19/20 10:08
3081,782386,1,41.363715,-72.929504,3286496,12/19/20,11:54:00,O,Property Damage Only,O,No Apparent Injury (O),2,State,49.77,15,15-N,15-N,,Exit 60,2,TenthsofMile,S,1,Clear,1,Daylight,1,Dry,79200,"Trafficway, On Road",12/19/20 11:54
6558,775637,1,41.333771,-72.912045,3279747,12/19/20,14:29:00,O,Property Damage Only,O,No Apparent Injury (O),2,,,,EAST ROCK PARK RD,EAST ROCK PARK RD,,WHITNEY AVE,15,Feet,E,1,Clear,1,Daylight,5,Ice / Frost,,"Trafficway, On Road",12/19/20 14:29
5579,773195,1,41.375807,-72.915872,3277305,12/19/20,18:05:00,O,Property Damage Only,O,No Apparent Injury (O),2,State,0.09,753,CT-10,753-S,,SHEPARD AV,300,Feet,S,1,Clear,4,Dark-Lighted,5,Ice / Frost,15700,"Trafficway, On Road",12/19/20 18:05
6199,786634,1,41.352025,-72.935811,3290744,12/19/20,19:27:00,O,Property Damage Only,O,No Apparent Injury (O),3,Local,0.98,99,CIRCULAR AV,CIRCULAR AV,,Pearl Ave,95,Feet,S,1,Clear,4,Dark-Lighted,1,Dry,,"Trafficway, On Road",12/19/20 19:27
8095,774233,1,41.3451,-72.9181,3278343,12/20/20,14:12:00,O,Property Damage Only,O,No Apparent Injury (O),2,Local,0.3,439,PUTNAM AV,PUTNAM AV,,Turnor Ave.,60,Feet,E,7,Snow,1,Daylight,3,Snow,,"Trafficway, On Road",12/20/20 14:12
4672,815114,1,41.329632,-72.898482,3318210,12/20/20,14:13:00,O,Property Damage Only,O,No Apparent Injury (O),2,USRoute,1.12,5,US-5,5-N,,Armstrong Street,25,Feet,S,1,Clear,1,Daylight,1,Dry,17300,"Trafficway, On Road",12/20/20 14:13
5873,786635,1,41.366009,-72.936735,3290745,12/20/20,14:17:00,O,Property Damage Only,O,No Apparent Injury (O),2,Local,0.71,42,BENHAM ST,BENHAM ST,DENSLOW HILL RD,,,,,7,Snow,1,Daylight,3,Snow,,"Trafficway, On Road",12/20/20 14:17
6632,773196,1,41.389619,-72.905627,3277306,12/20/20,14:21:00,O,Property Damage Only,O,No Apparent Injury (O),2,Local,0.47,174,EVERGREEN AV,EVERGREEN AV,,JAMESTOWN RD,162,Feet,S,7,Snow,1,Daylight,3,Snow,,"Trafficway, On Road",12/20/20 14:21
7225,773197,1,41.38026,-72.924298,3277307,12/20/20,14:32:00,O,Property Damage Only,O,No Apparent Injury (O),1,Local,0.26,273,HOWARD DR,HOWARD DR,,Skiff Street ,270,Feet,N,8,Blowing Snow,1,Daylight,3,Snow,,"Trafficway, Not on Road",12/20/20 14:32
8938,774174,1,41.429803,-72.903017,3278284,12/20/20,14:45:00,O,Property Damage Only,O,No Apparent Injury (O),2,Local,0.2,530,TUTTLE AV,TUTTLE AV NO 1,,Dunn Rd.,1,TenthsofMile,E,7,Snow,1,Daylight,3,Snow,,"Trafficway, On Road",12/20/20 14:45
7852,777430,1,41.329568,-72.900205,3281540,12/20/20,14:54:00,O,Property Damage Only,O,No Apparent Injury (O),2,Local,0.08,414,PARK RD,PARK RD,,State St.,400,Feet,W,7,Snow,97,Other,3,Snow,,"Trafficway, On Road",12/20/20 14:54
7633,774234,1,41.4233,-72.883517,3278344,12/20/20,15:41:00,O,Property Damage Only,O,No Apparent Injury (O),2,Local,0.61,375,MOUNT CARMEL AV,MOUNT CARMEL AV,,Ridge Road,200,Feet,W,7,Snow,1,Daylight,5,Ice / Frost,,"Trafficway, Not on Road",12/20/20 15:41
8977,779176,1,41.357288,-72.915533,3283286,12/20/20,15:58:00,O,Property Damage Only,O,No Apparent Injury (O),2,Local,0.88,548,WAITE ST,WAITE ST,,Mather Street,3,TenthsofMile,E,7,Snow,4,Dark-Lighted,3,Snow,,"Trafficway, On Road",12/20/20 15:58
4723,779803,1,41.330113,-72.898987,3283913,12/20/20,16:54:00,A,"Injury of any type (Serious, Minor, Possible)",C,Possible Injury (C),1,USRoute,1.16,5,US-5,5-N,,Park Rd.,150,Feet,N,7,Snow,4,Dark-Lighted,3,Snow,14300,"Trafficway, On Road",12/20/20 16:54
1997,775353,1,41.382837,-72.907843,3279463,12/20/20,20:24:00,A,"Injury of any type (Serious, Minor, Possible)",A,Suspected Serious Injury (A),1,State,8.49,10,CT-10,10-N,EVERGREEN AV,,,,,1,Clear,4,Dark-Lighted,3,Snow,18400,"Trafficway, Not on Road",12/20/20 20:24
9148,774235,1,41.420886,-72.946089,3278345,12/20/20,21:00:00,O,Property Damage Only,O,No Apparent Injury (O),1,Local,0.34,655,WEST WOODS RD,WEST WOODS RD NO 2,,Gaylord Mountain Rd,2,TenthsofMile,S,1,Clear,4,Dark-Lighted,5,Ice / Frost,,"Trafficway, On Road",12/20/20 21:00
668,774236,1,41.420694,-72.904655,3278346,12/21/20,13:09:00,O,Property Damage Only,O,No Apparent Injury (O),2,State,11.48,10,CT-10,10-N,WEST WOODS RD NO 1,,,,,1,Clear,1,Daylight,2,Wet,25800,"Trafficway, On Road",12/21/20 13:09
8794,775354,1,41.374813,-72.916693,3279464,12/21/20,13:27:00,A,"Injury of any type (Serious, Minor, Possible)",B,Suspected Minor Injury (B),2,Local,0.05,495,SKIFF ST EXT,SKIFF ST EXT,,DIXWELL AVE,100,Feet,W,1,Clear,1,Daylight,1,Dry,,"Trafficway, On Road",12/21/20 13:27
4380,777170,1,41.378234,-72.90532,3281280,12/21/20,14:05:00,A,"Injury of any type (Serious, Minor, Possible)",B,Suspected Minor Injury (B),2,State,0.17,15,15-S,15-S-122,EXIT ON RAMP 61,,,,,1,Clear,1,Daylight,1,Dry,9300,"Trafficway, On Road",12/21/20 14:05
8793,773701,1,41.374879,-72.916887,3277811,12/21/20,14:33:00,A,"Injury of any type (Serious, Minor, Possible)",B,Suspected Minor Injury (B),2,Local,0.06,495,SKIFF ST EXT,SKIFF ST EXT,,DIXWELL AVE,250,Feet,W,1,Clear,1,Daylight,1,Dry,,"Trafficway, On Road",12/21/20 14:33
669,774237,1,41.415699,-72.902692,3278347,12/21/20,15:05:00,O,Property Damage Only,O,No Apparent Injury (O),1,State,11.3,10,CT-10,10-N,,Sherman Ave.,490,Feet,N,1,Clear,1,Daylight,2,Wet,25800,"Trafficway, On Road",12/21/20 15:05
5435,774238,1,41.383137,-72.898771,3278348,12/21/20,17:18:00,O,Property Damage Only,O,No Apparent Injury (O),2,State,0.16,717,DIXWELL AV,717-E,,Washington Ave.,70,Feet,E,1,Clear,4,Dark-Lighted,5,Ice / Frost,18900,"Trafficway, On Road",12/21/20 17:18
2240,775355,1,41.389112,-72.899578,3279465,12/21/20,18:09:00,O,Property Damage Only,O,No Apparent Injury (O),2,State,9.4,10,CT-10,10-N,,Lincoln St.,300,Feet,N,97,Other,4,Dark-Lighted,5,Ice / Frost,16900,"Trafficway, On Road",12/21/20 18:09
7703,775356,1,41.33818,-72.926383,3279466,12/21/20,18:36:00,A,"Injury of any type (Serious, Minor, Possible)",B,Suspected Minor Injury (B),2,Local,0.38,385,NEWHALL ST,NEWHALL ST,NEWBURY ST,,,,,1,Clear,4,Dark-Lighted,1,Dry,,"Trafficway, On Road",12/21/20 18:36
2407,775357,1,41.394612,-72.896812,3279467,12/22/20,8:25:00,O,Property Damage Only,O,No Apparent Injury (O),2,State,9.63,10,CT-10,10-N,GLENHAM RD,,,,,1,Clear,1,Daylight,1,Dry,14700,"Trafficway, On Road",12/22/20 8:25
8482,774239,1,41.377251,-72.915953,3278349,12/22/20,11:47:00,A,"Injury of any type (Serious, Minor, Possible)",B,Suspected Minor Injury (B),2,Local,0.05,489,SHEPARD AV,SHEPARD AV,,DIXWELL AVE,250,Feet,W,1,Clear,1,Daylight,1,Dry,,"Trafficway, On Road",12/22/20 11:47
1694,775358,1,41.372425,-72.917153,3279468,12/22/20,13:02:00,O,Property Damage Only,O,No Apparent Injury (O),2,State,7.73,10,CT-10,10-N,,SKIFF ST,800,Feet,S,1,Clear,1,Daylight,1,Dry,22000,"Trafficway, On Road",12/22/20 13:02
5580,774072,1,41.374809,-72.915996,3278182,12/22/20,13:51:00,A,"Injury of any type (Serious, Minor, Possible)",C,Possible Injury (C),2,State,0.17,753,CT-10,753-S,SKIFF ST,,,,,1,Clear,1,Daylight,1,Dry,15700,"Trafficway, On Road",12/22/20 13:51
351,775359,1,41.359478,-72.92562,3279469,12/22/20,14:51:00,O,Property Damage Only,O,No Apparent Injury (O),2,State,6.74,10,CT-10,10-N,,Mather Street,150,Feet,N,1,Clear,1,Daylight,1,Dry,31800,"Trafficway, On Road",12/22/20 14:51
6194,774240,1,41.352293,-72.935917,3278350,12/22/20,16:51:00,A,"Injury of any type (Serious, Minor, Possible)",C,Possible Injury (C),2,Local,0.96,99,CIRCULAR AV,CIRCULAR AV,BEACON ST,,,,,1,Clear,4,Dark-Lighted,1,Dry,,"Trafficway, On Road",12/22/20 16:51
1501,776265,1,41.352753,-72.930465,3280375,12/22/20,19:55:00,O,Property Damage Only,O,No Apparent Injury (O),2,State,6.04,10,CT-10,10-N,CHURCH ST,,,,,1,Clear,4,Dark-Lighted,1,Dry,22600,"Trafficway, On Road",12/22/20 19:55
7850,775638,1,41.334333,-72.902002,3279748,12/23/20,15:28:00,O,Property Damage Only,O,No Apparent Injury (O),2,Local,0.42,414,PARK RD,PARK RD,FARM RD,,,,,1,Clear,1,Daylight,1,Dry,,"Trafficway, On Road",12/23/20 15:28
3628,780215,1,41.36374621,-72.92966217,3284325,12/23/20,17:04:00,O,Property Damage Only,O,No Apparent Injury (O),4,State,49.78,15,15-S,15-S,,Exit 60,5,TenthsofMile,S,1,Clear,5,Dark-Not Lighted,1,Dry,79200,"Trafficway, On Road",12/23/20 17:04
352,775639,1,41.364454,-72.922769,3279749,12/23/20,17:35:00,A,"Injury of any type (Serious, Minor, Possible)",C,Possible Injury (C),2,State,6.93,10,CT-10,10-N,WEYBOSSET ST,,,,,1,Clear,4,Dark-Lighted,1,Dry,31800,"Trafficway, On Road",12/23/20 17:35
2362,780028,1,41.397979,-72.89731,3284138,12/23/20,20:04:00,O,Property Damage Only,O,No Apparent Injury (O),2,State,10.04,10,CT-10,10-N,,Old Cannon Street,200,Feet,N,1,Clear,4,Dark-Lighted,1,Dry,14800,"Trafficway, On Road",12/23/20 20:04
3627,779571,1,41.356604,-72.945649,3283681,12/24/20,6:19:00,O,Property Damage Only,O,No Apparent Injury (O),4,State,48.8,15,15-S,15-S,,Exit 59,10,TenthsofMile,N,1,Clear,5,Dark-Not Lighted,1,Dry,79200,"Trafficway, On Road",12/24/20 6:19
7729,776267,1,41.349158,-72.932921,3280377,12/24/20,10:58:00,O,Property Damage Only,O,No Apparent Injury (O),2,Local,0.12,386,NEWTON ST,NEWTON ST,,Dixwell Ave.,100,Feet,W,1,Clear,1,Daylight,1,Dry,,"Trafficway, On Road",12/24/20 10:58
1502,776278,1,41.35146,-72.931138,3280388,12/24/20,11:00:00,O,Property Damage Only,O,No Apparent Injury (O),2,State,6.12,10,CT-10,10-N,,Beacon Street,50,Feet,N,1,Clear,1,Daylight,1,Dry,22600,"Trafficway, On Road",12/24/20 11:00
1840,775678,1,41.346134,-72.933656,3279788,12/24/20,13:36:00,O,Property Damage Only,O,No Apparent Injury (O),2,State,5.56,10,CT-10,10-N,CIRCULAR AV,,,,,2,Cloudy,1,Daylight,2,Wet,21100,"Trafficway, On Road",12/24/20 13:36
3625,775206,1,41.364886,-72.927776,3279316,12/24/20,14:27:00,O,Property Damage Only,O,No Apparent Injury (O),2,State,49.9,15,15-S,15-S,,Exit 60,2,TenthsofMile,S,1,Clear,1,Daylight,2,Wet,79200,"Trafficway, On Road",12/24/20 14:27
5198,776280,1,41.371233,-72.906577,3280390,12/24/20,17:32:00,O,Property Damage Only,O,No Apparent Injury (O),2,State,2.74,707,WHITNEY AV,707-N,SKIFF ST,,,,,1,Clear,4,Dark-Lighted,1,Dry,13300,"Trafficway, On Road",12/24/20 17:32
1052,776281,1,41.348209,-72.932849,3280391,12/24/20,18:36:00,O,Property Damage Only,O,No Apparent Injury (O),2,State,5.71,10,CT-10,10-N,SCOTT ST,,,,,1,Clear,4,Dark-Lighted,1,Dry,24700,"Trafficway, On Road",12/24/20 18:36
6947,779624,1,41.33537,-72.930007,3283734,12/24/20,22:36:00,O,Property Damage Only,O,No Apparent Injury (O),2,Local,0.54,222,GOODRICH ST,GOODRICH ST,SHELTON AV,,,,,1,Clear,4,Dark-Lighted,1,Dry,,"Trafficway, On Road",12/24/20 22:36
3080,777178,1,41.348451,-72.966097,3281288,12/25/20,11:29:00,A,"Injury of any type (Serious, Minor, Possible)",C,Possible Injury (C),1,State,47.55,15,15-N,15-N,,Exit #59,5,TenthsofMile,N,4,Rain,1,Daylight,2,Wet,79200,"Trafficway, On Road",12/25/20 11:29
9306,775679,1,41.345718,-72.944003,3279789,12/25/20,19:32:00,O,Property Damage Only,O,No Apparent Injury (O),2,Local,1.18,598,WOODIN ST,WOODIN ST,LONGMEADOW AV,,,,,2,Cloudy,4,Dark-Lighted,1,Dry,,"Trafficway, On Road",12/25/20 19:32
7704,775879,1,41.340432,-72.926414,3279989,12/26/20,8:56:00,O,Property Damage Only,O,No Apparent Injury (O),1,Local,0.23,385,NEWHALL ST,NEWHALL ST,HARRIS ST,,,,,1,Clear,1,Daylight,1,Dry,,"Trafficway, Not on Road",12/26/20 8:56
2241,777488,1,41.390137,-72.89889,3281598,12/27/20,11:54:00,O,Property Damage Only,O,No Apparent Injury (O),2,State,9.47,10,CT-10,10-N,,Farrell St,300,Feet,S,1,Clear,1,Daylight,1,Dry,16900,"Trafficway, On Road",12/27/20 11:54
7586,781047,1,41.33761,-72.93103,3285157,12/27/20,19:45:00,O,Property Damage Only,O,No Apparent Injury (O),2,Local,0.22,370,MORSE ST,MORSE ST,,Edwards Street,100,Feet,W,1,Clear,4,Dark-Lighted,1,Dry,,"Trafficway, On Road",12/27/20 19:45
1842,781048,1,41.338594,-72.935225,3285158,12/28/20,13:03:00,O,Property Damage Only,O,No Apparent Injury (O),2,State,5.2,10,CT-10,10-N,,ARCH ST,100,Feet,N,1,Clear,1,Daylight,1,Dry,21100,"Trafficway, On Road",12/28/20 13:03
448,775880,1,41.354257,-72.929598,3279990,12/28/20,13:26:00,O,Property Damage Only,O,No Apparent Injury (O),2,State,6.33,10,CT-10,10-N,,TREADWELL ST,75,Feet,N,1,Clear,1,Daylight,1,Dry,27700,"Trafficway, On Road",12/28/20 13:26
1503,784273,1,41.349044,-72.932413,3288383,12/28/20,18:11:00,O,Property Damage Only,O,No Apparent Injury (O),1,State,5.93,10,CT-10,10-N,,Collins Street,20,Feet,S,1,Clear,4,Dark-Lighted,1,Dry,22600,"Trafficway, Not on Road",12/28/20 18:11
2639,776282,1,41.354015,-72.929695,3280392,12/28/20,20:15:00,O,Property Damage Only,O,No Apparent Injury (O),2,State,6.13,10,CT-10,10-N,TREADWELL ST,,,,,1,Clear,4,Dark-Lighted,1,Dry,,"Trafficway, On Road",12/28/20 20:15
888,776283,1,41.410561,-72.900904,3280393,12/28/20,22:39:00,O,Property Damage Only,O,No Apparent Injury (O),1,State,10.94,10,CT-10,10-N,,Sleeping Giant Road,100,Feet,N,1,Clear,4,Dark-Lighted,1,Dry,25300,"Trafficway, On Road",12/28/20 22:39
4030,777180,1,41.365892,-72.920533,3281290,12/29/20,9:41:00,O,Property Damage Only,O,No Apparent Injury (O),2,State,50.31,15,15-S,15-S,,Exit #60,1,TenthsofMile,N,1,Clear,1,Daylight,1,Dry,66700,"Trafficway, On Road",12/29/20 9:41
3346,778971,1,41.380618,-72.90077,3283081,12/29/20,12:58:00,O,Property Damage Only,O,No Apparent Injury (O),2,State,51.76,15,15-N,15-N,,Route 15,10,Feet,S,1,Clear,1,Daylight,1,Dry,64300,"Trafficway, On Road",12/29/20 12:58
4615,776291,1,41.401703,-72.89784,3280401,12/29/20,13:50:00,O,Property Damage Only,O,No Apparent Injury (O),2,State,3.08,40,40-N,40-N,10-N,,,,,1,Clear,1,Daylight,1,Dry,18500,"Trafficway, On Road",12/29/20 13:50
8597,776292,1,41.414293,-72.902526,3280402,12/29/20,16:07:00,O,Property Damage Only,O,No Apparent Injury (O),2,Local,2.11,491,SHERMAN AV,SHERMAN AV NO 1,,Whitney Ave,50,Feet,W,1,Clear,1,Daylight,1,Dry,,"Trafficway, On Road",12/29/20 16:07
7851,775881,1,41.329721,-72.898647,3279991,12/29/20,17:28:00,O,Property Damage Only,O,No Apparent Injury (O),2,Local,0,414,PARK RD,PARK RD,ARMSTRONG ST,,,,,1,Clear,4,Dark-Lighted,1,Dry,,"Trafficway, On Road",12/29/20 17:28
353,776293,1,41.361648,-72.924349,3280403,12/29/20,17:53:00,A,"Injury of any type (Serious, Minor, Possible)",B,Suspected Minor Injury (B),2,State,6.91,10,CT-10,10-N,,Robert Street,50,Feet,S,1,Clear,4,Dark-Lighted,1,Dry,31800,"Trafficway, On Road",12/29/20 17:53
2075,776239,1,41.425821,-72.905974,3280349,12/29/20,20:12:00,A,"Injury of any type (Serious, Minor, Possible)",B,Suspected Minor Injury (B),1,State,12.02,10,CT-10,10-N,,Todd St,1,TenthsofMile,N,1,Clear,4,Dark-Lighted,1,Dry,17600,"Trafficway, On Road",12/29/20 20:12
1841,779804,1,41.338849,-72.935202,3283914,12/29/20,20:23:00,O,Property Damage Only,O,No Apparent Injury (O),2,State,5.22,10,CT-10,10-N,,arch st,200,Feet,N,1,Clear,4,Dark-Lighted,1,Dry,21100,"Trafficway, On Road",12/29/20 20:23
355,779805,1,41.364729,-72.922541,3283915,12/30/20,14:03:00,O,Property Damage Only,O,No Apparent Injury (O),2,State,6.96,10,CT-10,10-N,DEWEY ST,,,,,1,Clear,1,Daylight,1,Dry,31800,"Trafficway, On Road",12/30/20 14:03
9307,777515,1,41.345423,-72.940809,3281625,12/30/20,15:24:00,O,Property Damage Only,O,No Apparent Injury (O),2,Local,1.36,598,WOODIN ST,WOODIN ST,FAIRVIEW AV,,,,,1,Clear,1,Daylight,1,Dry,,"Trafficway, On Road",12/30/20 15:24
6195,777516,1,41.34657,-72.934257,3281626,12/30/20,20:17:00,O,Property Damage Only,O,No Apparent Injury (O),2,Local,1.36,99,CIRCULAR AV,CIRCULAR AV,HELEN ST,,,,,1,Clear,4,Dark-Lighted,1,Dry,,"Trafficway, On Road",12/30/20 20:17
5050,777706,1,41.344086,-72.912102,3281816,12/31/20,12:18:00,O,Property Damage Only,O,No Apparent Injury (O),2,State,0.8,707,WHITNEY AV,707-N,AUGUR ST,,,,,2,Cloudy,1,Daylight,1,Dry,14300,"Trafficway, On Road",12/31/20 12:18
8205,778103,1,41.358814,-72.900603,3282213,12/31/20,14:02:00,O,Property Damage Only,O,No Apparent Injury (O),2,Local,1.68,452,RIDGE RD,RIDGE RD,HAVERFORD ST,,,,,2,Cloudy,1,Daylight,1,Dry,,"Trafficway, On Road",12/31/20 14:02
3768,776949,1,41.369582,-72.914934,3281059,12/31/20,21:23:00,O,Property Damage Only,O,No Apparent Injury (O),2,State,50.7,15,15-S,15-S,,Exit #60,5,TenthsofMile,N,1,Clear,4,Dark-Lighted,1,Dry,72100,"Trafficway, On Road",12/31/20 21:23
7107,778212,1,41.359981,-72.896049,3282322,1/1/21,0:10:00,O,Property Damage Only,O,No Apparent Injury (O),1,Local,1.61,242,HARTFORD TPK,HARTFORD TPK,,jackson Rd,250,Feet,S,1,Clear,4,Dark-Lighted,1,Dry,,"Trafficway, On Road",1/1/21 0:10
449,782455,1,41.358858,-72.925843,3286565,1/1/21,0:33:00,O,Property Damage Only,O,No Apparent Injury (O),1,State,6.7,10,CT-10,10-N,,Mather Street,40,Feet,S,1,Clear,4,Dark-Lighted,1,Dry,27700,"Trafficway, Not on Road",1/1/21 0:33
5219,781733,1,41.376779,-72.904286,921002,1/1/21,1:38:00,K,Fatal (Kill),K,Fatal Injury (K),2,State,3.15,707,WHITNEY AV,707-N,,BUELL ST,280,Feet,N,1,Clear,4,Dark-Lighted,1,Dry,12500,"Trafficway, On Road",1/1/21 1:38
354,778105,1,41.359203,-72.925834,3282215,1/1/21,2:37:00,A,"Injury of any type (Serious, Minor, Possible)",C,Possible Injury (C),2,State,6.72,10,CT-10,10-N,,Mather Street,34,Feet,N,1,Clear,4,Dark-Lighted,1,Dry,31800,"Trafficway, On Road",1/1/21 2:37
5998,778106,1,41.389005,-72.90475,3282216,1/1/21,3:18:00,A,"Injury of any type (Serious, Minor, Possible)",C,Possible Injury (C),3,,,,BRENTWOOD DR,BRENTWOOD DR,,Austen Road,1,TenthsofMile,N,1,Clear,4,Dark-Lighted,1,Dry,,"Trafficway, Not on Road",1/1/21 3:18
5470,781654,1,41.383449,-72.901519,3285764,1/1/21,12:39:00,O,Property Damage Only,O,No Apparent Injury (O),2,State,0.02,717,DIXWELL AV,717-E,,Whitney Ave,75,Feet,E,1,Clear,1,Daylight,1,Dry,15700,"Trafficway, On Road",1/1/21 12:39
1601,817369,1,41.347461,-72.933356,3320465,1/1/21,14:49:00,O,Property Damage Only,O,No Apparent Injury (O),2,State,5.82,10,CT-10,10-N,,putnam ave,400,Feet,N,1,Clear,1,Daylight,1,Dry,22400,"Trafficway, On Road",1/1/21 14:49
5051,778107,1,41.341828,-72.912812,3282217,1/1/21,17:49:00,O,Property Damage Only,O,No Apparent Injury (O),2,State,0.62,707,WHITNEY AV,707-N,DAVIS ST,,,,,6,Freezing Rain or Freezing Drizzle,4,Dark-Lighted,2,Wet,14300,"Trafficway, On Road",1/1/21 17:49
7969,778109,1,41.339671,-72.937632,3282219,1/1/21,22:07:00,O,Property Damage Only,O,No Apparent Injury (O),3,Local,0.12,428,PINE ST,PINE ST,,Dix St,165,Feet,E,1,Clear,4,Dark-Lighted,1,Dry,,"Trafficway, On Road",1/1/21 22:07
8483,778110,1,41.387602,-72.921955,3282220,1/1/21,23:11:00,A,"Injury of any type (Serious, Minor, Possible)",C,Possible Injury (C),1,Local,0.86,489,SHEPARD AV,SHEPARD AV,,Braiside Ave,50,Feet,S,4,Rain,5,Dark-Not Lighted,2,Wet,,"Trafficway, On Road",1/1/21 23:11
8484,778213,1,41.382306,-72.919973,3282323,1/2/21,9:19:00,O,Property Damage Only,O,No Apparent Injury (O),2,Local,0.47,489,SHEPARD AV,SHEPARD AV,SANFORD ST,,,,,1,Clear,1,Daylight,1,Dry,,"Trafficway, On Road",1/2/21 9:19
6560,778227,1,41.337011,-72.936557,3282337,1/2/21,10:13:00,O,Property Damage Only,O,No Apparent Injury (O),2,,,,EASTON ST,42 EASTON ST,,Alstrum St,30,Feet,W,1,Clear,1,Daylight,1,Dry,,"Trafficway, Not on Road",1/2/21 10:13
4966,778228,1,41.380541,-72.902901,3282338,1/2/21,11:38:00,O,Property Damage Only,O,No Apparent Injury (O),2,State,3.42,707,WHITNEY AV,707-N,,Worth Ave,50,Feet,S,1,Clear,1,Daylight,1,Dry,16800,"Trafficway, On Road",1/2/21 11:38
3179,784133,1,41.377294,-72.906317,3288243,1/2/21,12:36:00,O,Property Damage Only,O,No Apparent Injury (O),2,State,51.4,15,15-N,15-N,,Exit #61,3,TenthsofMile,S,1,Clear,1,Daylight,1,Dry,72600,"Trafficway, On Road",1/2/21 12:36
6196,778229,1,41.357345,-72.9371,3282339,1/2/21,13:28:00,O,Property Damage Only,O,No Apparent Injury (O),2,Local,0.62,99,CIRCULAR AV,CIRCULAR AV,GILBERT AV,,,,,1,Clear,1,Daylight,1,Dry,,"Trafficway, On Road",1/2/21 13:28
6686,778230,1,41.34336,-72.941154,3282340,1/2/21,14:12:00,O,Property Damage Only,O,No Apparent Injury (O),2,Local,0.35,176,FAIRVIEW AV,FAIRVIEW AV,JONES RD,,,,,2,Cloudy,1,Daylight,1,Dry,,"Trafficway, On Road",1/2/21 14:12
6471,779179,1,41.337507,-72.93527,3283289,1/2/21,21:52:00,O,Property Damage Only,O,No Apparent Injury (O),2,Local,0.15,142,DIXWELL AV,DIXWELL AV NO 1,,Arch St,1,TenthsofMile,S,1,Clear,4,Dark-Lighted,1,Dry,,"Trafficway, On Road",1/2/21 21:52
2640,779180,1,41.33825,-72.941145,3283290,1/2/21,22:47:00,O,Property Damage Only,O,No Apparent Injury (O),2,State,4.7,10,CT-10,10-N,ARCH ST,,,,,1,Clear,4,Dark-Lighted,1,Dry,,"Trafficway, On Road",1/2/21 22:47
2099,779574,1,41.42705,-72.906149,3283684,1/3/21,0:05:00,A,"Injury of any type (Serious, Minor, Possible)",C,Possible Injury (C),1,State,12.1,10,CT-10,10-N,,Tutle Ave,1,TenthsofMile,S,1,Clear,4,Dark-Lighted,1,Dry,17500,"Trafficway, On Road",1/3/21 0:05
3419,780224,1,41.36552,-72.92323,3284334,1/3/21,14:34:00,O,Property Damage Only,O,No Apparent Injury (O),2,State,0.13,15,15-N,15-N-220,,Dixwell Avenue,100,Feet,N,1,Clear,1,Daylight,1,Dry,9700,Non-trafficway,1/3/21 14:34
7055,778231,1,41.389535,-72.91304,3282341,1/3/21,18:35:00,O,Property Damage Only,O,No Apparent Injury (O),1,Local,0.14,713,HAMDEN HILLS DR,HAMDEN HILLS DR,,Town Walk Dr,150,Feet,W,7,Snow,4,Dark-Lighted,3,Snow,,"Trafficway, On Road",1/3/21 18:35
6776,779575,1,41.385241,-72.926654,3283685,1/3/21,19:06:00,O,Property Damage Only,O,No Apparent Injury (O),2,Local,0.3,197,FOUR ROD RD,FOUR ROD RD,,Earl Ave,500,Feet,E,7,Snow,5,Dark-Not Lighted,5,Ice / Frost,,"Trafficway, On Road",1/3/21 19:06
7584,779377,1,41.337029,-72.926483,3283487,1/3/21,23:02:00,A,"Injury of any type (Serious, Minor, Possible)",C,Possible Injury (C),2,Local,0.45,370,MORSE ST,MORSE ST,NEWHALL ST,,,,,1,Clear,4,Dark-Lighted,4,Slush,,"Trafficway, On Road",1/3/21 23:02