,CrashId,Fatal Case Status,lat,lon,DOT Case Number,Date Of Crash,Time of Crash,Crash Severity,Crash Severity Text Format,Most Severe Injury,Most Severe Injury Text Format,Number Of Motor Vehicles,Route Class Text Format,Milemarker,Road Number,Road Description,Roadway Name,Intersecting Roadway Name,Landmark Description,Distance From Nearest Landmark,Unit Of Measure From Nearest Landmark,Direction From Nearest Landmark,Weather Condition,Weather Condition Text Format,Light Condition,Light Condition Text Format,Road Surface Condition,Road Surface Condition Text Format,Average Daily Traffic,Trafficway Class Text Format,full_date
3729,779012,1,41.369227,-72.915157,3283122,1/4/21,5:30:00,O,Property Damage Only,O,No Apparent Injury (O),1,State,50.67,15,15-S,15-S,,EXIT #60,3,TenthsofMile,N,6,Freezing Rain or Freezing Drizzle,5,Dark-Not Lighted,2,Wet,72600,"Trafficway, On Road",1/4/21 5:30
4756,779392,1,41.360079,-72.88871,3283502,1/4/21,6:07:00,O,Property Damage Only,O,No Apparent Injury (O),2,USRoute,3.37,5,US-5,5-N,,Olds Rd.,400,Feet,N,1,Clear,4,Dark-Lighted,2,Wet,10100,"Trafficway, On Road",1/4/21 6:07
7108,779393,1,41.351601,-72.901144,3283503,1/4/21,10:28:00,O,Property Damage Only,O,No Apparent Injury (O),2,Local,0.97,242,HARTFORD TPK,HARTFORD TPK,FOOTE ST,,,,,1,Clear,1,Daylight,1,Dry,,"Trafficway, On Road",1/4/21 10:28
7003,779625,1,41.348056,-72.935647,3283735,1/4/21,12:36:00,O,Property Damage Only,O,No Apparent Injury (O),2,Local,0.46,226,GORHAM AV,GORHAM AV,,Circular Ave,320,Feet,W,1,Clear,1,Daylight,1,Dry,,"Trafficway, On Road",1/4/21 12:36
7585,779576,1,41.336806,-72.924765,3283686,1/4/21,14:49:00,O,Property Damage Only,O,No Apparent Injury (O),2,Local,0.54,370,MORSE ST,MORSE ST,WINCHESTER AV,,,,,1,Clear,1,Daylight,1,Dry,,"Trafficway, On Road",1/4/21 14:49
6197,779577,1,41.354782,-72.936514,3283687,1/5/21,7:30:00,A,"Injury of any type (Serious, Minor, Possible)",B,Suspected Minor Injury (B),2,Local,0.79,99,CIRCULAR AV,CIRCULAR AV,CHURCH ST,,,,,1,Clear,1,Daylight,1,Dry,,"Trafficway, On Road",1/5/21 7:30
7489,779578,1,41.37156,-72.923611,3283688,1/5/21,8:50:00,O,Property Damage Only,O,No Apparent Injury (O),2,Local,0.58,366,MIX AV,MIX AV,,KAYE VUE DR,1080,Feet,N,1,Clear,1,Daylight,1,Dry,,"Trafficway, On Road",1/5/21 8:50
7853,779579,1,41.329849,-72.898819,3283689,1/5/21,11:39:00,O,Property Damage Only,O,No Apparent Injury (O),2,Local,0,414,PARK RD,PARK RD,ARMSTRONG ST,,,,,1,Clear,1,Daylight,1,Dry,,"Trafficway, On Road",1/5/21 11:39
1695,779626,1,41.374203,-72.916175,3283736,1/6/21,13:10:00,O,Property Damage Only,O,No Apparent Injury (O),2,State,7.87,10,CT-10,10-N,,SKIFF ST,100,Feet,S,1,Clear,1,Daylight,1,Dry,22000,"Trafficway, On Road",1/6/21 13:10
4690,779580,1,41.334108,-72.900644,3283690,1/6/21,14:20:00,O,Property Damage Only,O,No Apparent Injury (O),2,USRoute,1.46,5,US-5,5-N,,FARM RD,50,Feet,S,1,Clear,1,Daylight,1,Dry,14400,"Trafficway, On Road",1/6/21 14:20
7388,779394,1,41.350664,-72.916062,3283504,1/6/21,17:10:00,O,Property Damage Only,O,No Apparent Injury (O),1,Local,0.22,352,MATHER ST,MATHER ST,,CLIFFORD ST,35,Feet,E,1,Clear,4,Dark-Lighted,1,Dry,,"Trafficway, On Road",1/6/21 17:10
8485,779627,1,41.401387,-72.924027,3283737,1/8/21,8:11:00,O,Property Damage Only,O,No Apparent Injury (O),2,Local,1.82,489,SHEPARD AV,SHEPARD AV,WEST SHEPARD AV,,,,,1,Clear,1,Daylight,1,Dry,,"Trafficway, On Road",1/8/21 8:11
4577,783111,1,41.403544,-72.895672,3287221,1/8/21,12:34:00,O,Property Damage Only,O,No Apparent Injury (O),2,State,0.14,22,CT-22,22-E,NEW RD,,,,,1,Clear,1,Daylight,1,Dry,,"Trafficway, On Road",1/8/21 12:34
6382,781074,1,41.403783,-72.898801,3285184,1/8/21,22:24:00,A,"Injury of any type (Serious, Minor, Possible)",C,Possible Injury (C),1,Local,0.27,140,DICKERMAN ST,DICKERMAN ST,,Whitney Avenue,100,Feet,W,1,Clear,4,Dark-Lighted,1,Dry,,"Trafficway, On Road",1/8/21 22:24
8098,784933,1,41.345718,-72.914475,3289043,1/9/21,11:04:00,O,Property Damage Only,O,No Apparent Injury (O),1,Local,0.1,439,PUTNAM AV,PUTNAM AV,,WHITNEY AVENUE,1,TenthsofMile,W,1,Clear,1,Daylight,1,Dry,,"Trafficway, Not on Road",1/9/21 11:04
2021,779397,1,41.3829,-72.907932,3283507,1/9/21,17:01:00,O,Property Damage Only,O,No Apparent Injury (O),2,State,8.49,10,CT-10,10-N,EVERGREEN AV,,,,,1,Clear,4,Dark-Lighted,1,Dry,18300,"Trafficway, On Road",1/9/21 17:01
2451,782504,1,41.403954,-72.898414,3286614,1/9/21,18:30:00,O,Property Damage Only,O,No Apparent Injury (O),2,State,10.27,10,CT-10,10-N,DICKERMAN ST,,,,,1,Clear,4,Dark-Lighted,1,Dry,12900,"Trafficway, On Road",1/9/21 18:30
2242,781905,1,41.384633,-72.901474,3286015,1/11/21,7:32:00,O,Property Damage Only,O,No Apparent Injury (O),2,State,8.88,10,CT-10,10-N,SCHOOL ST,,,,,1,Clear,1,Daylight,1,Dry,16900,"Trafficway, On Road",1/11/21 7:32
356,780030,1,41.359234,-72.925783,3284140,1/12/21,14:32:00,O,Property Damage Only,O,No Apparent Injury (O),2,State,6.72,10,CT-10,10-N,,MATHER ST,50,Feet,N,1,Clear,1,Daylight,1,Dry,31800,"Trafficway, On Road",1/12/21 14:32
5582,781075,1,41.3745,-72.91602,3285185,1/13/21,10:55:00,O,Property Damage Only,O,No Apparent Injury (O),2,State,0.17,753,CT-10,753-S,SKIFF ST,,,,,2,Cloudy,1,Daylight,1,Dry,15700,"Trafficway, On Road",1/13/21 10:55
2601,781917,1,41.338266,-72.941181,3286027,1/13/21,12:36:00,A,"Injury of any type (Serious, Minor, Possible)",C,Possible Injury (C),2,State,4.7,10,CT-10,10-N,ARCH ST,,,,,1,Clear,1,Daylight,1,Dry,10700,"Trafficway, On Road",1/13/21 12:36
5052,780031,1,41.336725,-72.911574,3284141,1/13/21,17:14:00,O,Property Damage Only,O,No Apparent Injury (O),2,State,0.27,707,WHITNEY AV,707-N,,Armory Street,30,Feet,N,1,Clear,4,Dark-Lighted,1,Dry,14300,"Trafficway, On Road",1/13/21 17:14
108,781076,1,41.363599,-72.923357,3285186,1/14/21,17:06:00,O,Property Damage Only,O,No Apparent Injury (O),2,State,7.05,10,CT-10,10-N,,Palmer Ave.,45,Feet,S,1,Clear,3,Dusk,1,Dry,38300,"Trafficway, On Road",1/14/21 17:06
1846,783062,1,41.342758,-72.934726,3287172,1/15/21,9:35:00,A,"Injury of any type (Serious, Minor, Possible)",C,Possible Injury (C),2,State,5.49,10,CT-10,10-N,,First Street,1,TenthsofMile,N,1,Clear,1,Daylight,1,Dry,21100,"Trafficway, On Road",1/15/21 9:35
8486,781077,1,41.40866,-72.92258,3285187,1/15/21,12:34:00,O,Property Damage Only,O,No Apparent Injury (O),2,Local,2.33,489,SHEPARD AV,SHEPARD AV,,Bender Road,1,TenthsofMile,S,1,Clear,1,Daylight,1,Dry,,"Trafficway, On Road",1/15/21 12:34
1845,782505,1,41.34449,-72.934384,3286615,1/15/21,17:43:00,A,"Injury of any type (Serious, Minor, Possible)",C,Possible Injury (C),2,State,5.42,10,CT-10,10-N,WOODIN ST,,,,,1,Clear,4,Dark-Lighted,1,Dry,21100,"Trafficway, On Road",1/15/21 17:43
5871,782506,1,41.364491,-72.929247,3286616,1/15/21,19:12:00,O,Property Damage Only,O,No Apparent Injury (O),2,Local,0.3,42,BENHAM ST,BENHAM ST,MIX AV,,,,,1,Clear,4,Dark-Lighted,1,Dry,,"Trafficway, On Road",1/15/21 19:12
5087,781655,1,41.333905,-72.912073,3285765,1/15/21,23:30:00,O,Property Damage Only,O,No Apparent Injury (O),2,State,0.07,707,WHITNEY AV,707-N,,East Rock Road,25,Feet,N,4,Rain,5,Dark-Not Lighted,2,Wet,14200,"Trafficway, On Road",1/15/21 23:30
5436,781078,1,41.383111,-72.898651,3285188,1/16/21,8:08:00,O,Property Damage Only,O,No Apparent Injury (O),2,State,0.16,717,DIXWELL AV,717-E,,WASHINGTON AV,100,Feet,W,4,Rain,1,Daylight,2,Wet,18900,"Trafficway, On Road",1/16/21 8:08
9308,785985,1,41.345502,-72.941251,3290095,1/17/21,3:27:00,O,Property Damage Only,O,No Apparent Injury (O),1,Local,1.33,598,WOODIN ST,WOODIN ST,,fairview av,100,Feet,W,1,Clear,4,Dark-Lighted,1,Dry,,"Trafficway, Not on Road",1/17/21 3:27
4757,781079,1,41.346823,-72.893944,3285189,1/17/21,15:05:00,O,Property Damage Only,O,No Apparent Injury (O),2,USRoute,2.41,5,US-5,5-N,,FOOTE ST,1056,Feet,S,1,Clear,1,Daylight,1,Dry,10100,"Trafficway, On Road",1/17/21 15:05
7745,785986,1,41.341905,-72.940937,3290096,1/18/21,0:40:00,O,Property Damage Only,O,No Apparent Injury (O),2,Local,0.02,392,NORTH ST,NORTH ST,,fairview Avenue,100,Feet,E,1,Clear,4,Dark-Lighted,1,Dry,,Non-trafficway,1/18/21 0:40
1843,781656,1,41.346317,-72.934005,3285766,1/19/21,9:59:00,O,Property Damage Only,O,No Apparent Injury (O),2,State,5.56,10,CT-10,10-N,PUTNAM AV,,,,,1,Clear,1,Daylight,1,Dry,21100,"Trafficway, On Road",1/19/21 9:59
6198,781906,1,41.354169,-72.936421,3286016,1/19/21,13:08:00,O,Property Damage Only,O,No Apparent Injury (O),2,Local,0.83,99,CIRCULAR AV,CIRCULAR AV,,CHURCH ST,200,Feet,S,1,Clear,1,Daylight,1,Dry,,"Trafficway, On Road",1/19/21 13:08
8097,783354,1,41.34555,-72.91504,3287464,1/19/21,13:34:00,O,Property Damage Only,O,No Apparent Injury (O),2,Local,0.14,439,PUTNAM AV,PUTNAM AV,,Carlton St.,50,Feet,E,1,Clear,1,Daylight,1,Dry,,"Trafficway, On Road",1/19/21 13:34
6734,782507,1,41.349518,-72.958802,3286617,1/19/21,17:12:00,O,Property Damage Only,O,No Apparent Injury (O),2,Local,0.11,725,FAWN RIDGE DR,FAWN RIDGE DR,,Woodin St.,450,Feet,S,1,Clear,4,Dark-Lighted,1,Dry,,"Trafficway, On Road",1/19/21 17:12
1844,781870,1,41.338589,-72.935225,3285980,1/19/21,17:15:00,A,"Injury of any type (Serious, Minor, Possible)",C,Possible Injury (C),1,State,5.2,10,CT-10,10-N,,Morse St,100,Feet,N,1,Clear,4,Dark-Lighted,1,Dry,21100,"Trafficway, On Road",1/19/21 17:15
5274,781657,1,41.355623,-72.912175,3285767,1/19/21,17:25:00,O,Property Damage Only,O,No Apparent Injury (O),2,State,1.62,707,WHITNEY AV,707-N,WALDEN ST,,,,,1,Clear,4,Dark-Lighted,1,Dry,11800,"Trafficway, On Road",1/19/21 17:25
8100,789072,1,41.345646,-72.915054,3293179,1/19/21,17:58:00,A,"Injury of any type (Serious, Minor, Possible)",A,Suspected Serious Injury (A),1,Local,0.14,439,PUTNAM AV,PUTNAM AV,,Glendale St.,15,Feet,W,1,Clear,4,Dark-Lighted,1,Dry,,"Trafficway, On Road",1/19/21 17:58
1696,782508,1,41.373462,-72.916592,3286618,1/19/21,21:28:00,O,Property Damage Only,O,No Apparent Injury (O),2,State,7.81,10,CT-10,10-N,,Skiff Street,400,Feet,S,1,Clear,5,Dark-Not Lighted,1,Dry,22000,"Trafficway, On Road",1/19/21 21:28
7004,783355,1,41.34782,-72.934909,3287465,1/20/21,6:48:00,O,Property Damage Only,O,No Apparent Injury (O),2,Local,0.5,226,GORHAM AV,GORHAM AV,,Circular Ave,100,Feet,W,1,Clear,1,Daylight,1,Dry,,"Trafficway, On Road",1/20/21 6:48
4194,784652,1,41.3793972,-72.90375396,3288762,1/20/21,18:40:00,A,"Injury of any type (Serious, Minor, Possible)",B,Suspected Minor Injury (B),2,State,0.16,15,15-S,15-S-123,,Entrance 61,5,Feet,N,1,Clear,5,Dark-Not Lighted,1,Dry,9700,"Trafficway, On Road",1/20/21 18:40
357,781886,1,41.363646,-72.923183,3285996,1/21/21,14:47:00,O,Property Damage Only,O,No Apparent Injury (O),2,State,6.88,10,CT-10,10-N,PALMER AV,,,,,1,Clear,1,Daylight,1,Dry,31800,"Trafficway, On Road",1/21/21 14:47
3730,785879,1,41.367191,-72.917388,3289989,1/21/21,14:55:00,O,Property Damage Only,O,No Apparent Injury (O),2,State,50.49,15,15-S,15-S,,Exit 60,2,TenthsofMile,N,1,Clear,1,Daylight,1,Dry,72600,"Trafficway, On Road",1/21/21 14:55
5053,781887,1,41.346158,-72.912522,3285997,1/21/21,16:24:00,O,Property Damage Only,O,No Apparent Injury (O),2,State,0.94,707,WHITNEY AV,707-N,LAKE RD,,,,,1,Clear,1,Daylight,1,Dry,14300,"Trafficway, On Road",1/21/21 16:24
3908,782472,1,41.37881,-72.904057,3286582,1/21/21,17:52:00,O,Property Damage Only,O,No Apparent Injury (O),2,State,51.57,15,15-S,15-S,,Exit 61,5,Feet,N,1,Clear,5,Dark-Not Lighted,1,Dry,70900,"Trafficway, On Road",1/21/21 17:52
3673,788295,1,41.363133,-72.93063,3292404,1/21/21,20:01:00,O,Property Damage Only,O,No Apparent Injury (O),2,State,49.71,15,15-S,15-S,,Exit 60,5,TenthsofMile,S,1,Clear,4,Dark-Lighted,1,Dry,77800,"Trafficway, On Road",1/21/21 20:01
7438,782509,1,41.384911,-72.917429,3286619,1/21/21,21:54:00,O,Property Damage Only,,,1,Local,0.19,644,MILLPOND RD,MILLPOND RD,,Bromley Ct.,75,Feet,N,1,Clear,4,Dark-Lighted,1,Dry,,"Trafficway, On Road",1/21/21 21:54
9227,782510,1,41.355259,-72.945931,3286620,1/22/21,8:13:00,A,"Injury of any type (Serious, Minor, Possible)",C,Possible Injury (C),2,Local,0.07,594,WINTERGREEN AV,WINTERGREEN AV,,Pleasant Drive,100,Feet,E,1,Clear,1,Daylight,1,Dry,,"Trafficway, On Road",1/22/21 8:13
5872,782512,1,41.36463,-72.929177,3286622,1/22/21,16:21:00,O,Property Damage Only,O,No Apparent Injury (O),2,Local,0.3,42,BENHAM ST,BENHAM ST,MIX AV,,,,,1,Clear,1,Daylight,1,Dry,,"Trafficway, On Road",1/22/21 16:21
7740,784934,1,41.335794,-72.92387,3289044,1/22/21,17:04:00,A,"Injury of any type (Serious, Minor, Possible)",C,Possible Injury (C),2,Local,0.06,393,NORTH SHEFFIELD ST,NORTH SHEFFIELD ST,,GOODRICH ST.,350,Feet,N,1,Clear,1,Daylight,1,Dry,,"Trafficway, On Road",1/22/21 17:04
3912,792818,1,41.37890676,-72.9038597,3296916,1/22/21,17:16:00,A,"Injury of any type (Serious, Minor, Possible)",C,Possible Injury (C),2,State,51.59,15,15-S,15-S,,Exit 61,5,Feet,N,1,Clear,5,Dark-Not Lighted,1,Dry,70900,"Trafficway, On Road",1/22/21 17:16
4188,782513,1,41.379396,-72.903349,3286623,1/22/21,20:20:00,O,Property Damage Only,O,No Apparent Injury (O),2,State,0,15,15-S,15-S-122,707-N,,,,,1,Clear,4,Dark-Lighted,1,Dry,9700,"Trafficway, On Road",1/22/21 20:20
2556,788561,1,41.33963,-72.93521,3292670,1/23/21,10:05:00,O,Property Damage Only,O,No Apparent Injury (O),2,State,5.09,10,CT-10,10-N,PINE ST,,,,,1,Clear,1,Daylight,1,Dry,11200,"Trafficway, On Road",1/23/21 10:05
358,783356,1,41.364357,-72.922819,3287466,1/23/21,16:14:00,O,Property Damage Only,O,No Apparent Injury (O),2,State,6.93,10,CT-10,10-N,WEYBOSSET ST,,,,,1,Clear,1,Daylight,1,Dry,31800,"Trafficway, On Road",1/23/21 16:14
7744,784274,1,41.341875,-72.937732,3288384,1/23/21,18:50:00,A,"Injury of any type (Serious, Minor, Possible)",B,Suspected Minor Injury (B),1,Local,0.18,392,NORTH ST,NORTH ST,,Warren Street,20,Feet,W,1,Clear,4,Dark-Lighted,1,Dry,,"Trafficway, Not on Road",1/23/21 18:50
8713,784275,1,41.371803,-72.907957,3288385,1/24/21,15:00:00,O,Property Damage Only,O,No Apparent Injury (O),2,Local,0.1,494,SKIFF ST,SKIFF ST,,Whitney Ave,500,Feet,W,1,Clear,1,Daylight,1,Dry,,"Trafficway, On Road",1/24/21 15:00
5054,786370,1,41.346092,-72.912425,3290480,1/24/21,23:29:00,A,"Injury of any type (Serious, Minor, Possible)",C,Possible Injury (C),2,State,0.94,707,WHITNEY AV,707-N,LAKE RD,,,,,1,Clear,4,Dark-Lighted,1,Dry,14300,"Trafficway, On Road",1/24/21 23:29
2452,782722,1,41.403807,-72.898263,3286832,1/25/21,11:30:00,A,"Injury of any type (Serious, Minor, Possible)",C,Possible Injury (C),3,State,10.27,10,CT-10,10-N,DICKERMAN ST,,,,,1,Clear,1,Daylight,1,Dry,12900,"Trafficway, On Road",1/25/21 11:30
1697,783438,1,41.369196,-72.919234,3287548,1/25/21,13:06:00,O,Property Damage Only,O,No Apparent Injury (O),2,State,7.48,10,CT-10,10-N,,Connolly Pkwy.,1,TenthsofMile,N,1,Clear,1,Daylight,1,Dry,22000,"Trafficway, On Road",1/25/21 13:06
2453,782723,1,41.403978,-72.898467,3286833,1/25/21,15:59:00,O,Property Damage Only,O,No Apparent Injury (O),2,State,10.27,10,CT-10,10-N,DICKERMAN ST,,,,,1,Clear,1,Daylight,1,Dry,12900,"Trafficway, On Road",1/25/21 15:59
691,782724,1,41.414603,-72.902297,3286834,1/25/21,16:22:00,O,Property Damage Only,O,No Apparent Injury (O),2,State,11.22,10,CT-10,10-N,,Sherman Ave.,75,Feet,N,1,Clear,1,Daylight,1,Dry,25700,"Trafficway, On Road",1/25/21 16:22
977,785126,1,41.405555,-72.899043,3289236,1/25/21,19:55:00,O,Property Damage Only,O,No Apparent Injury (O),2,State,10.57,10,CT-10,10-N,,WOODRUFF ST.,45,Feet,N,1,Clear,4,Dark-Lighted,1,Dry,25200,"Trafficway, On Road",1/25/21 19:55
3296,783072,1,41.380634,-72.900764,3287182,1/26/21,7:44:00,O,Property Damage Only,O,No Apparent Injury (O),2,State,51.76,15,15-N,15-N,EXIT 61 ON RAMP,,,,,1,Clear,1,Daylight,1,Dry,67400,"Trafficway, On Road",1/26/21 7:44
7738,783063,1,41.389415,-72.942266,3287173,1/26/21,20:49:00,O,Property Damage Only,O,No Apparent Injury (O),1,Local,0,390,NORMAN RD,NORMAN RD,HEATHRIDGE,,,,,7,Snow,4,Dark-Lighted,4,Slush,,"Trafficway, On Road",1/26/21 20:49
4075,784234,1,41.365809,-72.921075,3288344,1/27/21,21:16:00,A,"Injury of any type (Serious, Minor, Possible)",C,Possible Injury (C),1,State,50.28,15,15-S,15-S,,Exit 60,100,Feet,N,1,Clear,5,Dark-Not Lighted,1,Dry,64900,"Trafficway, On Road",1/27/21 21:16
5220,784277,1,41.371387,-72.906276,3288387,1/28/21,14:07:00,O,Property Damage Only,O,No Apparent Injury (O),2,State,2.76,707,WHITNEY AV,707-N,,SKIFF ST,75,Feet,N,1,Clear,1,Daylight,1,Dry,12500,"Trafficway, On Road",1/28/21 14:07
4189,784238,1,41.378245,-72.905289,3288348,1/28/21,15:19:00,O,Property Damage Only,O,No Apparent Injury (O),2,State,0.17,15,15-S,15-S-122,,Exit #61,1,Feet,S,1,Clear,1,Daylight,1,Dry,9700,"Trafficway, On Road",1/28/21 15:19
5993,784278,1,41.350232,-72.939621,3288388,1/28/21,20:37:00,O,Property Damage Only,O,No Apparent Injury (O),2,Local,0.15,54,BRADLEY AV,BRADLEY AV,,Langer Street,30,Feet,E,1,Clear,4,Dark-Lighted,1,Dry,,"Trafficway, On Road",1/28/21 20:37
3194,784242,1,41.382358,-72.898098,3288352,1/28/21,21:37:00,O,Property Damage Only,O,No Apparent Injury (O),1,State,51.94,15,15-N,15-N,,Exit #62,2,TenthsofMile,N,1,Clear,5,Dark-Not Lighted,1,Dry,72300,"Trafficway, On Road",1/28/21 21:37
2555,784300,1,41.338391,-72.938873,3288410,1/29/21,7:48:00,O,Property Damage Only,O,No Apparent Injury (O),2,State,5,10,CT-10,10-N,,BURKE ST,75,Feet,N,1,Clear,1,Daylight,1,Dry,11200,"Trafficway, On Road",1/29/21 7:48
1847,785127,1,41.346237,-72.934037,3289237,1/29/21,16:40:00,O,Property Damage Only,O,No Apparent Injury (O),2,State,5.56,10,CT-10,10-N,PUTNAM AV,,,,,1,Clear,1,Daylight,1,Dry,21100,"Trafficway, On Road",1/29/21 16:40
1849,785987,1,41.345882,-72.933957,3290097,1/29/21,16:56:00,O,Property Damage Only,O,No Apparent Injury (O),2,State,5.56,10,CT-10,10-N,PUTNAM AV,,,,,1,Clear,1,Daylight,1,Dry,21100,"Trafficway, On Road",1/29/21 16:56
1848,785128,1,41.343531,-72.93453,3289238,1/29/21,18:34:00,A,"Injury of any type (Serious, Minor, Possible)",C,Possible Injury (C),1,State,5.55,10,CT-10,10-N,,THIRD ST.,100,Feet,S,1,Clear,6,Dark-Unknown Lighting,1,Dry,21100,"Trafficway, On Road",1/29/21 18:34
2276,789073,1,41.388314,-72.90004,3293180,1/30/21,10:07:00,O,Property Damage Only,O,No Apparent Injury (O),2,State,9.16,10,CT-10,10-N,LINCOLN ST,,,,,1,Clear,1,Daylight,1,Dry,16800,"Trafficway, On Road",1/30/21 10:07
8795,785129,1,41.374861,-72.916602,3289239,1/30/21,15:13:00,A,"Injury of any type (Serious, Minor, Possible)",B,Suspected Minor Injury (B),2,Local,0.05,495,SKIFF ST EXT,SKIFF ST EXT,,753-S,150,Feet,W,1,Clear,1,Daylight,1,Dry,,"Trafficway, On Road",1/30/21 15:13
1594,788562,1,41.348164,-72.932947,3292671,1/30/21,18:29:00,O,Property Damage Only,O,No Apparent Injury (O),2,State,5.87,10,CT-10,10-N,,Scott Street,30,Feet,S,1,Clear,4,Dark-Lighted,1,Dry,22400,"Trafficway, On Road",1/30/21 18:29
2243,789978,1,41.383362,-72.905776,3294084,1/31/21,13:13:00,O,Property Damage Only,O,No Apparent Injury (O),2,State,8.79,10,CT-10,10-N,,connolly prkwy,2,TenthsofMile,N,1,Clear,1,Daylight,1,Dry,16900,"Trafficway, On Road",1/31/21 13:13
4190,784344,1,41.378176,-72.905309,3288454,1/31/21,13:58:00,O,Property Damage Only,O,No Apparent Injury (O),2,State,0.18,15,15-S,15-S-122,,Exit 60,10,TenthsofMile,N,1,Clear,1,Daylight,1,Dry,9700,"Trafficway, On Road",1/31/21 13:58
7056,785130,1,41.389347,-72.913748,3289240,2/1/21,6:42:00,O,Property Damage Only,O,No Apparent Injury (O),1,Local,0.1,713,HAMDEN HILLS DR,HAMDEN HILLS DR,,Glen Ridge Rd,25,Feet,W,8,Blowing Snow,1,Daylight,5,Ice / Frost,,"Trafficway, On Road",2/1/21 6:42
7490,785131,1,41.365477,-72.927751,3289241,2/1/21,12:12:00,O,Property Damage Only,O,No Apparent Injury (O),1,Local,0.1,366,MIX AV,MIX AV,,Benham St,1,TenthsofMile,N,7,Snow,1,Daylight,3,Snow,,"Trafficway, On Road",2/1/21 12:12
8796,785160,1,41.376066,-72.919635,3289270,2/1/21,14:47:00,O,Property Damage Only,O,No Apparent Injury (O),1,Local,0.22,495,SKIFF ST EXT,SKIFF ST EXT,,MIX AVE,200,Feet,E,8,Blowing Snow,1,Daylight,3,Snow,,"Trafficway, On Road",2/1/21 14:47
5088,785161,1,41.336582,-72.911603,3289271,2/1/21,15:18:00,O,Property Damage Only,O,No Apparent Injury (O),2,State,0.26,707,WHITNEY AV,707-N,ARMORY ST,,,,,7,Snow,1,Daylight,3,Snow,14200,"Trafficway, On Road",2/1/21 15:18
2602,785988,1,41.338416,-72.939888,3290098,2/1/21,18:39:00,O,Property Damage Only,O,No Apparent Injury (O),2,State,4.76,10,CT-10,10-N,WARNER ST,,,,,7,Snow,4,Dark-Lighted,3,Snow,10700,"Trafficway, On Road",2/1/21 18:39
8487,786021,1,41.381147,-72.918344,3290131,2/1/21,20:28:00,A,"Injury of any type (Serious, Minor, Possible)",C,Possible Injury (C),1,Local,0.36,489,SHEPARD AV,SHEPARD AV,HILLVIEW AV,,,,,7,Snow,4,Dark-Lighted,3,Snow,,"Trafficway, On Road",2/1/21 20:28
9309,786022,1,41.345492,-72.936844,3290132,2/1/21,22:47:00,O,Property Damage Only,O,No Apparent Injury (O),2,Local,1.57,598,WOODIN ST,WOODIN ST,MURRAY ST,,,,,8,Blowing Snow,4,Dark-Lighted,3,Snow,,"Trafficway, On Road",2/1/21 22:47
7213,786488,1,41.356934,-72.928149,3290598,2/2/21,7:20:00,O,Property Damage Only,O,No Apparent Injury (O),2,Local,0.03,271,HOMESTEAD AV,HOMESTEAD AV,,DIXWELL AVE,150,Feet,W,2,Cloudy,1,Daylight,3,Snow,,"Trafficway, On Road",2/2/21 7:20
2275,786489,1,41.392784,-72.897266,3290599,2/2/21,14:25:00,O,Property Damage Only,O,No Apparent Injury (O),2,State,9.49,10,CT-10,10-N,FOREST ST,,,,,7,Snow,1,Daylight,2,Wet,16800,"Trafficway, On Road",2/2/21 14:25
6826,785186,1,41.446667,-72.957889,3289296,2/3/21,7:21:00,O,Property Damage Only,O,No Apparent Injury (O),1,Local,2.22,208,GAYLORD MOUNTAIN RD,GAYLORD MOUNTAIN RD,,LIUZZI PL,595,Feet,E,1,Clear,1,Daylight,1,Dry,,"Trafficway, On Road",2/3/21 7:21
5949,785187,1,41.358334,-72.931755,3289297,2/3/21,11:43:00,O,Property Damage Only,O,No Apparent Injury (O),2,Local,0.2,50,BLUE HILLS AV,BLUE HILLS AV,,Clair Terrace,150,Feet,N,99,Unknown,99,Unknown,99,Unknown,,"Trafficway, On Road",2/3/21 11:43
3481,786428,1,41.380599,-72.900768,3290538,2/3/21,17:12:00,O,Property Damage Only,O,No Apparent Injury (O),2,State,0.22,15,15-N,15-N-125,,Exit 61,5,Feet,N,1,Clear,5,Dark-Not Lighted,1,Dry,2500,"Trafficway, On Road",2/3/21 17:12
6689,795618,1,41.34271,-72.94117,3299716,2/3/21,23:35:00,O,Property Damage Only,O,No Apparent Injury (O),1,Local,0.3,176,FAIRVIEW AV,FAIRVIEW AV,FIRST ST,first,,,,1,Clear,4,Dark-Lighted,1,Dry,,"Trafficway, On Road",2/3/21 23:35
450,786023,1,41.35903,-72.925794,3290133,2/4/21,8:28:00,O,Property Damage Only,O,No Apparent Injury (O),2,State,6.53,10,CT-10,10-N,MATHER ST,,,,,1,Clear,1,Daylight,1,Dry,27700,"Trafficway, On Road",2/4/21 8:28
3909,786245,1,41.37890676,-72.9038597,3290355,2/4/21,15:36:00,O,Property Damage Only,O,No Apparent Injury (O),2,State,51.59,15,15-S,15-S,EXIT 61 ON RAMP,,,,,1,Clear,1,Daylight,1,Dry,70900,"Trafficway, On Road",2/4/21 15:36
5583,786083,1,41.376691,-72.915502,3290193,2/4/21,20:56:00,O,Property Damage Only,O,No Apparent Injury (O),2,State,0.03,753,CT-10,753-S,SHEPARD AV,,,,,1,Clear,4,Dark-Lighted,1,Dry,15700,"Trafficway, On Road",2/4/21 20:56
5275,786874,1,41.34954,-72.913395,3290984,2/4/21,21:30:00,O,Property Damage Only,O,No Apparent Injury (O),1,State,1.18,707,WHITNEY AV,707-N,,Mather St.,1,TenthsofMile,N,1,Clear,4,Dark-Lighted,1,Dry,11800,"Trafficway, On Road",2/4/21 21:30