,CrashId,Fatal Case Status,lat,lon,DOT Case Number,Date Of Crash,Time of Crash,Crash Severity,Crash Severity Text Format,Most Severe Injury,Most Severe Injury Text Format,Number Of Motor Vehicles,Route Class Text Format,Milemarker,Road Number,Road Description,Roadway Name,Intersecting Roadway Name,Landmark Description,Distance From Nearest Landmark,Unit Of Measure From Nearest Landmark,Direction From Nearest Landmark,Weather Condition,Weather Condition Text Format,Light Condition,Light Condition Text Format,Road Surface Condition,Road Surface Condition Text Format,Average Daily Traffic,Trafficway Class Text Format,full_date
8309,786084,1,41.384759,-72.903376,3290194,2/4/21,21:43:00,O,Property Damage Only,O,No Apparent Injury (O),2,Local,0.18,480,SCHOOL ST,SCHOOL ST,,Whitney Avenue,500,Feet,W,1,Clear,4,Dark-Lighted,4,Slush,,"Trafficway, On Road",2/4/21 21:43
7731,789074,1,41.34941,-72.9336,3293181,2/5/21,9:49:00,O,Property Damage Only,O,No Apparent Injury (O),2,Local,0.08,386,NEWTON ST,NEWTON ST,,Dixwell Ave.,326,Feet,W,7,Snow,1,Daylight,3,Snow,,"Trafficway, On Road",2/5/21 9:49
4967,786085,1,41.383641,-72.901836,3290195,2/5/21,12:01:00,A,"Injury of any type (Serious, Minor, Possible)",C,Possible Injury (C),2,State,3.62,707,WHITNEY AV,707-N,10-N,,,,,2,Cloudy,1,Daylight,2,Wet,16800,"Trafficway, On Road",2/5/21 12:01
5783,791245,1,41.369034,-72.958196,3295344,2/5/21,14:02:00,O,Property Damage Only,O,No Apparent Injury (O),1,Local,0,719,BENHAM HILL PL,BENHAM HILL PL,BENHAM ST,,,,,1,Clear,1,Daylight,2,Wet,,"Trafficway, Not on Road",2/5/21 14:02
1504,786875,1,41.352697,-72.930537,3290985,2/5/21,15:01:00,O,Property Damage Only,O,No Apparent Injury (O),2,State,6.21,10,CT-10,10-N,,Church St.,30,Feet,S,1,Clear,1,Daylight,1,Dry,22600,"Trafficway, On Road",2/5/21 15:01
1850,786876,1,41.338541,-72.935229,3290986,2/5/21,16:38:00,O,Property Damage Only,O,No Apparent Injury (O),2,State,5.2,10,CT-10,10-N,,ARCH ST,110,Feet,N,1,Clear,1,Daylight,1,Dry,21100,"Trafficway, On Road",2/5/21 16:38
8099,788563,1,41.345811,-72.913524,3292672,2/6/21,11:16:00,O,Property Damage Only,O,No Apparent Injury (O),2,Local,0.05,439,PUTNAM AV,PUTNAM AV,,Whitney Avenue,2,TenthsofMile,E,1,Clear,1,Daylight,1,Dry,,"Trafficway, On Road",2/6/21 11:16
2858,884681,1,41.44358619,-72.91069104,3386779,2/7/21,10:45:00,O,Property Damage Only,O,No Apparent Injury (O),2,State,13.45,10,CT-10,10-N,WILLOW ST,,,,,1,Clear,1,Daylight,4,Slush,,"Trafficway, On Road",2/7/21 10:45
7933,786372,1,41.3463,-72.945869,3290482,2/7/21,11:43:00,A,"Injury of any type (Serious, Minor, Possible)",C,Possible Injury (C),2,Local,0,429,PINE ROCK AV,PINE ROCK AV NO 1,,WOODIN ST,50,Feet,N,8,Blowing Snow,1,Daylight,3,Snow,,"Trafficway, On Road",2/7/21 11:43
6687,788571,1,41.33931105,-72.94136207,3292679,2/7/21,11:58:00,A,"Injury of any type (Serious, Minor, Possible)",B,Suspected Minor Injury (B),1,Local,0.07,176,FAIRVIEW AV,FAIRVIEW AV,,Mott St,1,TenthsofMile,S,7,Snow,1,Daylight,3,Snow,,"Trafficway, On Road",2/7/21 11:58
7491,786373,1,41.3649,-72.928673,3290483,2/7/21,12:24:00,O,Property Damage Only,O,No Apparent Injury (O),2,Local,0.04,366,MIX AV,MIX AV,,BENHAM ST,200,Feet,N,8,Blowing Snow,1,Daylight,3,Snow,,"Trafficway, On Road",2/7/21 12:24
6633,786877,1,41.39008357,-72.90509954,3290987,2/7/21,12:49:00,A,"Injury of any type (Serious, Minor, Possible)",C,Possible Injury (C),2,Local,0.51,174,EVERGREEN AV,EVERGREEN AV,,JAMESTOWN RD,10,Feet,N,7,Snow,1,Daylight,3,Snow,,"Trafficway, On Road",2/7/21 12:49
7057,786374,1,41.389373,-72.911215,3290484,2/7/21,13:14:00,A,"Injury of any type (Serious, Minor, Possible)",B,Suspected Minor Injury (B),2,Local,0.24,713,HAMDEN HILLS DR,HAMDEN HILLS DR,,ASPEN GLEN CIRCLE,100,Feet,W,8,Blowing Snow,1,Daylight,3,Snow,,"Trafficway, On Road",2/7/21 13:14
8489,788572,1,41.380528,-72.917515,3292680,2/7/21,13:16:00,O,Property Damage Only,O,No Apparent Injury (O),2,Local,0.3,489,SHEPARD AV,SHEPARD AV,MIX AV,,,,,7,Snow,1,Daylight,3,Snow,,"Trafficway, On Road",2/7/21 13:16
8490,788573,1,41.380619,-72.917647,3292681,2/7/21,13:42:00,O,Property Damage Only,O,No Apparent Injury (O),1,Local,0.3,489,SHEPARD AV,SHEPARD AV,MIX AV,,,,,7,Snow,1,Daylight,3,Snow,,"Trafficway, On Road",2/7/21 13:42
8488,786086,1,41.380528,-72.917515,3290196,2/7/21,13:54:00,O,Property Damage Only,O,No Apparent Injury (O),2,Local,0.3,489,SHEPARD AV,SHEPARD AV,MIX AV,,,,,7,Snow,1,Daylight,3,Snow,,"Trafficway, On Road",2/7/21 13:54
9012,787243,1,41.341862,-72.937623,3291352,2/7/21,15:55:00,O,Property Damage Only,O,No Apparent Injury (O),2,Local,0,553,WARREN ST,WARREN ST,NORTH ST,,,,,7,Snow,1,Daylight,3,Snow,,"Trafficway, On Road",2/7/21 15:55
7358,789979,1,41.362335,-72.929395,3294085,2/7/21,23:55:00,O,Property Damage Only,O,No Apparent Injury (O),2,Local,0.03,346,MAPLEWOOD TER,MAPLEWOOD TER NO 1,,Battis Rd,145,Feet,E,7,Snow,5,Dark-Not Lighted,3,Snow,,"Trafficway, On Road",2/7/21 23:55
5055,786376,1,41.344265,-72.912091,3290486,2/8/21,8:41:00,O,Property Damage Only,O,No Apparent Injury (O),1,State,0.81,707,WHITNEY AV,707-N,,AUGUR ST,50,Feet,N,1,Clear,1,Daylight,4,Slush,14300,"Trafficway, Not on Road",2/8/21 8:41
6200,788574,1,41.366,-72.93669,3292682,2/8/21,13:56:00,O,Property Damage Only,O,No Apparent Injury (O),2,Local,0,99,CIRCULAR AV,CIRCULAR AV,BENHAM ST,,,,,1,Clear,1,Daylight,1,Dry,,"Trafficway, On Road",2/8/21 13:56
5584,787244,1,41.376197,-72.915719,3291353,2/8/21,15:07:00,O,Property Damage Only,O,No Apparent Injury (O),2,State,0.06,753,CT-10,753-S,,SHEPARD AVE,150,Feet,S,1,Clear,1,Daylight,1,Dry,15700,"Trafficway, On Road",2/8/21 15:07
5320,787245,1,41.360631,-72.909456,3291354,2/8/21,16:53:00,A,"Injury of any type (Serious, Minor, Possible)",C,Possible Injury (C),2,State,2.01,707,WHITNEY AV,707-N,HARMON ST,,,,,1,Clear,1,Daylight,1,Dry,11700,"Trafficway, On Road",2/8/21 16:53
2100,787246,1,41.438516,-72.909611,3291355,2/8/21,19:25:00,O,Property Damage Only,O,No Apparent Injury (O),2,State,12.73,10,CT-10,10-N,RIVER RD NO 2,,,,,1,Clear,4,Dark-Lighted,1,Dry,17500,"Trafficway, On Road",2/8/21 19:25
1851,787247,1,41.344258,-72.934344,3291356,2/9/21,7:59:00,O,Property Damage Only,O,No Apparent Injury (O),2,State,5.59,10,CT-10,10-N,,WOODIN ST,50,Feet,S,7,Snow,1,Daylight,3,Snow,21100,"Trafficway, On Road",2/9/21 7:59
7059,786507,1,41.386149,-72.908271,3290617,2/9/21,8:49:00,O,Property Damage Only,O,No Apparent Injury (O),1,Local,0.52,713,HAMDEN HILLS DR,HAMDEN HILLS DR,,EVERGREEN AVENUE,500,Feet,W,7,Snow,1,Daylight,3,Snow,,"Trafficway, On Road",2/9/21 8:49
5471,787248,1,41.383121,-72.899079,3291357,2/9/21,10:56:00,O,Property Damage Only,O,No Apparent Injury (O),2,State,0.14,717,DIXWELL AV,717-E,WASHINGTON AV,,,,,7,Snow,1,Daylight,3,Snow,15700,"Trafficway, On Road",2/9/21 10:56
978,789297,1,41.40704,-72.89963,3293404,2/10/21,14:13:00,A,"Injury of any type (Serious, Minor, Possible)",C,Possible Injury (C),3,State,10.69,10,CT-10,10-N,,HOME PL,25,Feet,N,1,Clear,1,Daylight,1,Dry,25200,"Trafficway, On Road",2/10/21 14:13
7780,788575,1,41.351756,-72.930203,3292683,2/10/21,23:00:00,O,Property Damage Only,O,No Apparent Injury (O),2,Local,0.04,406,OREGON AV,OREGON AV,BAGLEY AV,,,,,1,Clear,4,Dark-Lighted,1,Dry,,"Trafficway, On Road",2/10/21 23:00
1053,788576,1,41.344954,-72.93428,3292684,2/11/21,10:15:00,O,Property Damage Only,O,No Apparent Injury (O),2,State,5.64,10,CT-10,10-N,,WOODIN ST,150,Feet,N,1,Clear,1,Daylight,2,Wet,24700,"Trafficway, On Road",2/11/21 10:15
1701,792450,1,41.372774,-72.916946,3296549,2/11/21,11:26:00,O,Property Damage Only,O,No Apparent Injury (O),2,State,7.76,10,CT-10,10-N,,SKIFF ST,1,TenthsofMile,S,1,Clear,1,Daylight,1,Dry,22000,"Trafficway, On Road",2/11/21 11:26
5321,788577,1,41.356471,-72.911141,3292685,2/11/21,13:04:00,O,Property Damage Only,O,No Apparent Injury (O),2,State,1.7,707,WHITNEY AV,707-N,,WAITE ST.,250,Feet,N,1,Clear,1,Daylight,1,Dry,11700,"Trafficway, On Road",2/11/21 13:04
3731,788450,1,41.376841,-72.907153,3292559,2/11/21,15:33:00,O,Property Damage Only,O,No Apparent Injury (O),2,State,51.33,15,15-S,15-S,,Exit 61,1,TenthsofMile,S,1,Clear,1,Daylight,1,Dry,72600,"Trafficway, On Road",2/11/21 15:33
451,788744,1,41.356815,-72.927404,3292852,2/11/21,16:51:00,O,Property Damage Only,O,No Apparent Injury (O),2,State,6.53,10,CT-10,10-N,,HOMESTEAD AVE.,50,Feet,N,1,Clear,1,Daylight,1,Dry,27700,"Trafficway, On Road",2/11/21 16:51
3180,789237,1,41.36764,-72.916774,3293344,2/12/21,11:12:00,A,"Injury of any type (Serious, Minor, Possible)",B,Suspected Minor Injury (B),1,State,50.52,15,15-N,15-N,,Exit 60,2.5,TenthsofMile,N,1,Clear,1,Daylight,1,Dry,72600,"Trafficway, On Road",2/12/21 11:12
3910,788218,1,41.37890676,-72.9038597,3292327,2/12/21,11:39:00,O,Property Damage Only,O,No Apparent Injury (O),2,State,51.59,15,15-S,15-S,,Exit 60,5,TenthsofMile,N,1,Clear,1,Daylight,1,Dry,70900,"Trafficway, On Road",2/12/21 11:39
8956,788767,1,41.337606,-72.922309,3292875,2/12/21,13:21:00,A,"Injury of any type (Serious, Minor, Possible)",B,Suspected Minor Injury (B),2,Local,0.08,546,WADSWORTH ST,WADSWORTH ST,BRYDEN TER,,,,,1,Clear,1,Daylight,1,Dry,,"Trafficway, On Road",2/12/21 13:21
692,789091,1,41.414866,-72.902488,3293198,2/12/21,14:06:00,A,"Injury of any type (Serious, Minor, Possible)",C,Possible Injury (C),2,State,11.24,10,CT-10,10-N,,Sherman Ave.,300,Feet,S,1,Clear,1,Daylight,1,Dry,25700,"Trafficway, On Road",2/12/21 14:06
7389,789092,1,41.358146,-72.923572,3293199,2/12/21,15:31:00,O,Property Damage Only,O,No Apparent Injury (O),2,Local,0.89,352,MATHER ST,MATHER ST,,Dixwell Avenue,5,TenthsofMile,E,1,Clear,1,Daylight,1,Dry,,"Trafficway, On Road",2/12/21 15:31
5585,788720,1,41.37547,-72.91623,3292828,2/13/21,11:42:00,O,Property Damage Only,O,No Apparent Injury (O),2,State,0.11,753,CT-10,753-S,,Skiff St,90,Feet,N,1,Clear,1,Daylight,1,Dry,15700,"Trafficway, On Road",2/13/21 11:42
2317,788768,1,41.386109,-72.900887,3292876,2/13/21,12:31:00,O,Property Damage Only,O,No Apparent Injury (O),2,State,9,10,CT-10,10-N,COLONIAL DR,,,,,1,Clear,1,Daylight,1,Dry,16500,"Trafficway, On Road",2/13/21 12:31
2994,788769,1,41.374487,-72.915926,3292877,2/13/21,12:54:00,A,"Injury of any type (Serious, Minor, Possible)",B,Suspected Minor Injury (B),2,Local,0,144,CT-10,DIXWELL AV NO 2 RT 10 NB,SKIFF ST,,,,W,1,Clear,1,Daylight,1,Dry,,"Trafficway, On Road",2/13/21 12:54
3911,791282,1,41.379494,-72.902745,3295381,2/13/21,14:10:00,O,Property Damage Only,O,No Apparent Injury (O),2,State,51.66,15,15-S,15-S,,Exit #61,1,TenthsofMile,S,2,Cloudy,1,Daylight,1,Dry,70900,"Trafficway, On Road",2/13/21 14:10
4183,788770,1,41.365732,-72.92184,3292878,2/13/21,17:32:00,O,Property Damage Only,O,No Apparent Injury (O),2,State,0.18,15,15-S,15-S-119,10-N,,,,,1,Clear,4,Dark-Lighted,1,Dry,9700,"Trafficway, On Road",2/13/21 17:32
3751,788689,1,41.38359691,-72.89629702,3292797,2/14/21,1:13:00,O,Property Damage Only,O,No Apparent Injury (O),2,State,52.07,15,15-S,15-S,,EXIT 62,3,TenthsofMile,N,6,Freezing Rain or Freezing Drizzle,4,Dark-Lighted,2,Wet,72300,"Trafficway, On Road",2/14/21 1:13
109,788721,1,41.36347204,-72.92335181,3292829,2/14/21,13:41:00,O,Property Damage Only,O,No Apparent Injury (O),2,State,7.04,10,CT-10,10-N,,Palmer Ave,50,Feet,S,1,Clear,1,Daylight,1,Dry,38300,"Trafficway, On Road",2/14/21 13:41
452,788772,1,41.3592,-72.92582,3292880,2/14/21,15:30:00,A,"Injury of any type (Serious, Minor, Possible)",C,Possible Injury (C),2,State,6.53,10,CT-10,10-N,MATHER ST,,,,,1,Clear,1,Daylight,1,Dry,27700,"Trafficway, On Road",2/14/21 15:30
1852,789093,1,41.34249,-72.9348,3293200,2/14/21,18:24:00,O,Property Damage Only,O,No Apparent Injury (O),2,State,5.47,10,CT-10,10-N,,,,,,1,Clear,4,Dark-Lighted,1,Dry,21100,"Trafficway, On Road",2/14/21 18:24
2244,793574,1,41.38451,-72.901478,3297672,2/14/21,20:05:00,O,Property Damage Only,O,No Apparent Injury (O),2,State,8.88,10,CT-10,10-N,SCHOOL ST,,,,S,1,Clear,4,Dark-Lighted,1,Dry,16900,"Trafficway, On Road",2/14/21 20:05
9310,790000,1,41.34554,-72.94202,3294106,2/14/21,22:54:00,O,Property Damage Only,O,No Apparent Injury (O),2,Local,1.29,598,WOODIN ST,WOODIN ST,ROCHFORD AV,,,,,1,Clear,5,Dark-Not Lighted,1,Dry,,"Trafficway, On Road",2/14/21 22:54
7326,788773,1,41.343958,-72.917187,3292881,2/16/21,9:35:00,O,Property Damage Only,O,No Apparent Injury (O),2,Local,0.09,322,LILAC AV,LILAC AV,,JAENICKE LN,90,Feet,S,4,Rain,1,Daylight,2,Wet,,"Trafficway, On Road",2/16/21 9:35
8718,794162,1,41.373869,-72.91413,3298260,2/16/21,15:43:00,O,Property Damage Only,O,No Apparent Injury (O),2,Local,0.44,494,SKIFF ST,SKIFF ST,,DIXWELL AVE.,1,TenthsofMile,E,1,Clear,1,Daylight,1,Dry,,"Trafficway, On Road",2/16/21 15:43
1699,790001,1,41.367691,-72.920322,3294107,2/16/21,18:13:00,O,Property Damage Only,O,No Apparent Injury (O),2,State,7.37,10,CT-10,10-N,,Connolly Parkway,800,Feet,N,1,Clear,4,Dark-Lighted,1,Dry,22000,"Trafficway, On Road",2/16/21 18:13
5874,789298,1,41.3655,-72.934486,3293405,2/17/21,7:54:00,A,"Injury of any type (Serious, Minor, Possible)",B,Suspected Minor Injury (B),2,Local,0.59,42,BENHAM ST,BENHAM ST,,CHERRY HILL,85,Feet,W,1,Clear,1,Daylight,1,Dry,,"Trafficway, On Road",2/17/21 7:54
8943,792620,1,41.3609,-72.9617,3296719,2/17/21,13:23:00,O,Property Damage Only,O,No Apparent Injury (O),1,,99062,,VALERIE CT,25 VALERIE CT,,MAIN ST,700,Feet,N,7,Snow,1,Daylight,3,Snow,,"Trafficway, Not on Road",2/17/21 13:23
1505,790002,1,41.350114,-72.931935,3294108,2/17/21,14:39:00,A,"Injury of any type (Serious, Minor, Possible)",B,Suspected Minor Injury (B),2,State,6.02,10,CT-10,10-N,,Collins St.,20,Feet,N,1,Clear,1,Daylight,1,Dry,22600,"Trafficway, On Road",2/17/21 14:39
110,790003,1,41.364663,-72.922671,3294109,2/17/21,16:00:00,A,"Injury of any type (Serious, Minor, Possible)",C,Possible Injury (C),2,State,7.13,10,CT-10,10-N,,Dewey St.,15,Feet,S,1,Clear,1,Daylight,1,Dry,38300,"Trafficway, On Road",2/17/21 16:00
2557,789299,1,41.338402,-72.937603,3293406,2/17/21,18:45:00,O,Property Damage Only,O,No Apparent Injury (O),2,State,5.06,10,CT-10,10-N,,BOWEN ST.,80,Feet,E,1,Clear,4,Dark-Lighted,1,Dry,11200,"Trafficway, On Road",2/17/21 18:45
453,789300,1,41.357001,-72.927353,3293407,2/17/21,20:42:00,O,Property Damage Only,O,No Apparent Injury (O),2,State,6.55,10,CT-10,10-N,,HAIG ST,150,Feet,S,1,Clear,4,Dark-Lighted,1,Dry,27700,"Trafficway, On Road",2/17/21 20:42
4195,791283,1,41.36691,-72.91782,3295382,2/18/21,10:41:00,A,"Injury of any type (Serious, Minor, Possible)",B,Suspected Minor Injury (B),2,State,0.16,15,15-S,15-S-123,,Exit #60,2,TenthsofMile,N,7,Snow,1,Daylight,3,Snow,9700,"Trafficway, On Road",2/18/21 10:41
4184,790964,1,41.36625017,-72.92192095,3295066,2/18/21,10:46:00,O,Property Damage Only,O,No Apparent Injury (O),2,State,0.16,15,15-S,15-S-119,,Exit #60,5,TenthsofMile,N,7,Snow,1,Daylight,3,Snow,9700,"Trafficway, On Road",2/18/21 10:46
3732,792825,1,41.369895,-72.914537,3296923,2/18/21,11:05:00,O,Property Damage Only,O,No Apparent Injury (O),1,State,50.73,15,15-S,15-S,,EXIT 60,5,TenthsofMile,N,7,Snow,1,Daylight,5,Ice / Frost,72600,"Trafficway, On Road",2/18/21 11:05
3733,794327,1,41.368851,-72.915684,3298425,2/18/21,11:05:00,O,Property Damage Only,O,No Apparent Injury (O),1,State,50.64,15,15-S,15-S,,Exit 60,5,TenthsofMile,N,7,Snow,1,Daylight,5,Ice / Frost,72600,Non-trafficway,2/18/21 11:05
5875,789301,1,41.366013,-72.936772,3293408,2/18/21,12:23:00,A,"Injury of any type (Serious, Minor, Possible)",B,Suspected Minor Injury (B),2,Local,0.71,42,BENHAM ST,BENHAM ST,,CIRCULAR AVE,150,Feet,E,7,Snow,1,Daylight,3,Snow,,"Trafficway, Not on Road",2/18/21 12:23
8978,791246,1,41.357104,-72.915161,3295345,2/18/21,12:43:00,A,"Injury of any type (Serious, Minor, Possible)",C,Possible Injury (C),2,Local,0.86,548,WAITE ST,WAITE ST,,CORAN ST,290,Feet,W,8,Blowing Snow,1,Daylight,4,Slush,,"Trafficway, On Road",2/18/21 12:43
7060,789302,1,41.389272,-72.913873,3293409,2/18/21,13:10:00,O,Property Damage Only,O,No Apparent Injury (O),1,Local,0.09,713,HAMDEN HILLS DR,HAMDEN HILLS DR,,HAMDEN HILLS,40,Feet,N,7,Snow,1,Daylight,3,Snow,,"Trafficway, Not on Road",2/18/21 13:10
3154,792827,1,41.34953,-72.964932,3296925,2/18/21,15:22:00,O,Property Damage Only,O,No Apparent Injury (O),1,State,47.65,15,15-N,15-N,,Exit 59,10,TenthsofMile,N,7,Snow,1,Daylight,3,Snow,77800,"Trafficway, On Road",2/18/21 15:22
9313,795085,1,41.346215,-72.945603,3299183,2/18/21,23:16:00,O,Property Damage Only,O,No Apparent Injury (O),1,Local,1.11,598,WOODIN ST,WOODIN ST,PINE ROCK AV NO 2,,,,,7,Snow,4,Dark-Lighted,3,Snow,,"Trafficway, Not on Road",2/18/21 23:16
7260,790359,1,41.346118,-72.911945,3294463,2/19/21,7:35:00,O,Property Damage Only,O,No Apparent Injury (O),2,Local,0.03,305,LAKE RD,LAKE RD,,PUTNAM AVE,50,Feet,S,99,Unknown,99,Unknown,3,Snow,,"Trafficway, On Road",2/19/21 7:35
7258,790360,1,41.34815,-72.94199,3294464,2/19/21,7:47:00,O,Property Damage Only,O,No Apparent Injury (O),2,Local,0.1,304,LACONIA ST,LACONIA ST,GLENBROOK AV,,,,,8,Blowing Snow,1,Daylight,4,Slush,,"Trafficway, On Road",2/19/21 7:47
5968,790957,1,41.338217,-72.9379,3295059,2/19/21,17:15:00,O,Property Damage Only,O,No Apparent Injury (O),2,Local,0.17,52,BOWEN ST,BOWEN ST,,ARCH ST,50,Feet,S,7,Snow,1,Daylight,2,Wet,,"Trafficway, On Road",2/19/21 17:15
7061,790361,1,41.38518,-72.90707,3294465,2/19/21,18:08:00,O,Property Damage Only,O,No Apparent Injury (O),2,Local,0.6,713,HAMDEN HILLS DR,HAMDEN HILLS DR,,EVERGREEN AVE,30,Feet,W,7,Snow,4,Dark-Lighted,3,Snow,,"Trafficway, On Road",2/19/21 18:08
8620,790362,1,41.41392,-72.90177,3294466,2/19/21,18:27:00,O,Property Damage Only,O,No Apparent Injury (O),2,Local,0.01,656,SHERMAN AV,SHERMAN AV NO 2,,WHITNEY AVE,76,Feet,E,8,Blowing Snow,4,Dark-Lighted,3,Snow,,"Trafficway, On Road",2/19/21 18:27
1928,792050,1,41.42094,-72.904622,3296149,2/19/21,20:39:00,O,Property Damage Only,O,No Apparent Injury (O),2,State,11.68,10,CT-10,10-N,,Mt Carmel Ave,90,Feet,N,7,Snow,4,Dark-Lighted,3,Snow,19000,"Trafficway, On Road",2/19/21 20:39
7256,790485,1,41.401902,-72.908093,3294589,2/19/21,20:52:00,O,Property Damage Only,O,No Apparent Injury (O),2,Local,0.29,302,KNOB HILL DR,KNOB HILL DR,NISTA DR,,,,,1,Clear,4,Dark-Lighted,2,Wet,,"Trafficway, On Road",2/19/21 20:52
454,790486,1,41.354431,-72.929357,3294590,2/20/21,9:29:00,O,Property Damage Only,O,No Apparent Injury (O),2,State,6.34,10,CT-10,10-N,,Cumley Street,50,Feet,S,1,Clear,1,Daylight,1,Dry,27700,"Trafficway, On Road",2/20/21 9:29
1700,790487,1,41.374487,-72.915926,3294591,2/20/21,10:40:00,O,Property Damage Only,O,No Apparent Injury (O),2,State,7.89,10,CT-10,10-N,,Skiff Street,25,Feet,N,1,Clear,1,Daylight,1,Dry,22000,"Trafficway, On Road",2/20/21 10:40
111,791247,1,41.364616,-72.922734,3295346,2/20/21,15:03:00,O,Property Damage Only,O,No Apparent Injury (O),2,State,7.13,10,CT-10,10-N,,Weybossett Street,100,Feet,N,1,Clear,1,Daylight,1,Dry,38300,"Trafficway, On Road",2/20/21 15:03
6201,790926,1,41.366013,-72.936772,3295028,2/21/21,10:57:00,O,Property Damage Only,O,No Apparent Injury (O),2,Local,0,99,CIRCULAR AV,CIRCULAR AV,BENHAM ST,,,,,1,Clear,1,Daylight,1,Dry,,"Trafficway, On Road",2/21/21 10:57
7988,790958,1,41.336117,-72.919397,921030,2/21/21,22:34:00,K,Fatal (Kill),K,Fatal Injury (K),1,Local,0.15,438,PROSPECT ST,PROSPECT ST,MORSE ST,,,,,1,Clear,4,Dark-Lighted,1,Dry,,Non-trafficway,2/21/21 22:34
6827,792898,1,41.445,-72.9513,3296996,2/22/21,8:36:00,O,Property Damage Only,O,No Apparent Injury (O),2,Local,1.71,208,GAYLORD MOUNTAIN RD,GAYLORD MOUNTAIN RD,DOWNES RD,Downes Road,1,TenthsofMile,W,1,Clear,1,Daylight,1,Dry,,"Trafficway, On Road",2/22/21 8:36
1853,792051,1,41.343727,-72.934466,3296150,2/22/21,11:09:00,O,Property Damage Only,O,No Apparent Injury (O),2,State,5.56,10,CT-10,10-N,,THIRD ST,33,Feet,S,4,Rain,1,Daylight,2,Wet,21100,"Trafficway, On Road",2/22/21 11:09
4185,794585,1,41.36632699,-72.9220888,3298683,2/22/21,16:48:00,O,Property Damage Only,O,No Apparent Injury (O),2,State,0.15,15,15-S,15-S-119,,Exit 59,10,TenthsofMile,N,4,Rain,1,Daylight,2,Wet,9700,"Trafficway, On Road",2/22/21 16:48
3674,791181,1,41.365358,-72.926656,3295280,2/23/21,4:42:00,A,"Injury of any type (Serious, Minor, Possible)",B,Suspected Minor Injury (B),3,State,49.97,15,15-S,15-S,,Exit 60,2,TenthsofMile,S,2,Cloudy,5,Dark-Not Lighted,5,Ice / Frost,77800,"Trafficway, On Road",2/23/21 4:42
112,791550,1,41.36358,-72.92322,3295649,2/23/21,17:37:00,O,Property Damage Only,O,No Apparent Injury (O),2,State,7.05,10,CT-10,10-N,,PALMER AVE.,50,Feet,S,1,Clear,3,Dusk,1,Dry,38300,"Trafficway, On Road",2/23/21 17:37
5370,794377,1,41.371099,-72.906267,3298475,2/24/21,7:43:00,O,Property Damage Only,O,No Apparent Injury (O),2,State,2.74,707,WHITNEY AV,707-N,SKIFF ST,,,,,1,Clear,1,Daylight,1,Dry,,"Trafficway, On Road",2/24/21 7:43
980,791551,1,41.414062,-72.902094,3295650,2/24/21,8:32:00,O,Property Damage Only,O,No Apparent Injury (O),2,State,11.18,10,CT-10,10-N,,SHERMAN AVE,25,Feet,N,1,Clear,1,Daylight,1,Dry,25200,"Trafficway, On Road",2/24/21 8:32
6688,791552,1,41.343303,-72.941097,3295651,2/24/21,9:14:00,A,"Injury of any type (Serious, Minor, Possible)",B,Suspected Minor Injury (B),2,Local,0.35,176,FAIRVIEW AV,FAIRVIEW AV,JONES RD,,,,,1,Clear,1,Daylight,1,Dry,,"Trafficway, On Road",2/24/21 9:14
3181,792101,1,41.36751,-72.916853,3296200,2/24/21,13:05:00,O,Property Damage Only,O,No Apparent Injury (O),2,State,50.51,15,15-N,15-N,,Exit #60,5,TenthsofMile,N,1,Clear,1,Daylight,1,Dry,72600,"Trafficway, On Road",2/24/21 13:05
8714,792899,1,41.371845,-72.908167,3296997,2/24/21,13:17:00,O,Property Damage Only,O,No Apparent Injury (O),2,Local,0.11,494,SKIFF ST,SKIFF ST,,Whitney Avenue,1,TenthsofMile,W,1,Clear,1,Daylight,1,Dry,,"Trafficway, On Road",2/24/21 13:17
3952,792987,1,41.378527,-72.904522,3297085,2/24/21,16:52:00,O,Property Damage Only,O,No Apparent Injury (O),2,State,51.53,15,15-S,15-S,,Exit 61,5,Feet,S,1,Clear,1,Daylight,1,Dry,68700,"Trafficway, On Road",2/24/21 16:52
5586,792900,1,41.376395,-72.915614,3296998,2/24/21,17:36:00,O,Property Damage Only,O,No Apparent Injury (O),2,State,0.05,753,CT-10,753-S,,SHEPARD AVE.,90,Feet,S,1,Clear,4,Dark-Lighted,1,Dry,15700,"Trafficway, On Road",2/24/21 17:36
455,791248,1,41.354189,-72.929625,3295347,2/24/21,19:19:00,O,Property Damage Only,O,No Apparent Injury (O),2,State,6.32,10,CT-10,10-N,,TREADWELL ST,70,Feet,N,1,Clear,4,Dark-Lighted,1,Dry,27700,"Trafficway, On Road",2/24/21 19:19
2558,792052,1,41.338354,-72.940563,3296151,2/25/21,12:32:00,A,"Injury of any type (Serious, Minor, Possible)",C,Possible Injury (C),2,State,4.91,10,CT-10,10-N,,WARNER ST,50,Feet,W,1,Clear,1,Daylight,1,Dry,11200,"Trafficway, On Road",2/25/21 12:32
2277,792901,1,41.388054,-72.900248,3296999,2/25/21,12:54:00,O,Property Damage Only,O,No Apparent Injury (O),2,State,9.32,10,CT-10,10-N,,Lincoln Street,75,Feet,S,1,Clear,1,Daylight,1,Dry,16800,"Trafficway, On Road",2/25/21 12:54
1511,800785,1,41.356045,-72.928071,921032,2/25/21,18:03:00,K,Fatal (Kill),K,Fatal Injury (K),1,State,6.29,10,CT-10,10-N,SAINT JAMES ST,,,,,1,Clear,4,Dark-Lighted,1,Dry,22600,"Trafficway, On Road",2/25/21 18:03
3153,792003,1,41.35219195,-72.96171635,3296102,2/26/21,0:31:00,O,Property Damage Only,O,No Apparent Injury (O),1,State,47.9,15,15-N,15-N,,Exit 59,5,TenthsofMile,N,1,Clear,5,Dark-Not Lighted,1,Dry,77800,"Trafficway, On Road",2/26/21 0:31