,CrashId,Fatal Case Status,lat,lon,DOT Case Number,Date Of Crash,Time of Crash,Crash Severity,Crash Severity Text Format,Most Severe Injury,Most Severe Injury Text Format,Number Of Motor Vehicles,Route Class Text Format,Milemarker,Road Number,Road Description,Roadway Name,Intersecting Roadway Name,Landmark Description,Distance From Nearest Landmark,Unit Of Measure From Nearest Landmark,Direction From Nearest Landmark,Weather Condition,Weather Condition Text Format,Light Condition,Light Condition Text Format,Road Surface Condition,Road Surface Condition Text Format,Average Daily Traffic,Trafficway Class Text Format,full_date
8715,792953,1,41.371239,-72.906826,3297051,2/26/21,8:46:00,O,Property Damage Only,O,No Apparent Injury (O),2,Local,0.03,494,SKIFF ST,SKIFF ST,,Whitney Ave,150,Feet,W,2,Cloudy,1,Daylight,1,Dry,,"Trafficway, On Road",2/26/21 8:46
4758,794568,1,41.349016,-72.892881,3298666,2/26/21,12:53:00,O,Property Damage Only,O,No Apparent Injury (O),2,USRoute,2.58,5,US-5,5-N,,Foote st,220,Feet,S,1,Clear,1,Daylight,1,Dry,10100,"Trafficway, On Road",2/26/21 12:53
1702,792902,1,41.373988,-72.916167,3297000,2/26/21,15:10:00,A,"Injury of any type (Serious, Minor, Possible)",C,Possible Injury (C),2,State,7.85,10,CT-10,10-N,,Connolly Parkway,5,TenthsofMile,N,1,Clear,1,Daylight,1,Dry,22000,"Trafficway, On Road",2/26/21 15:10
4191,792833,1,41.3793748,-72.90335027,3296931,2/26/21,16:11:00,O,Property Damage Only,O,No Apparent Injury (O),2,State,0,15,15-S,15-S-122,,Route 15 South,10,Feet,W,2,Cloudy,1,Daylight,1,Dry,9700,"Trafficway, On Road",2/26/21 16:11
2559,792071,1,41.338387,-72.937696,3296170,2/26/21,19:23:00,O,Property Damage Only,O,No Apparent Injury (O),2,State,5.06,10,CT-10,10-N,,Bowen Street,15,Feet,E,1,Clear,4,Dark-Lighted,2,Wet,11200,"Trafficway, On Road",2/26/21 19:23
693,792072,1,41.4177,-72.9037,3296171,2/27/21,8:33:00,O,Property Damage Only,O,No Apparent Injury (O),2,State,11.45,10,CT-10,10-N,,MT CARMEL AVE,1056,Feet,S,4,Rain,1,Daylight,2,Wet,25700,"Trafficway, On Road",2/27/21 8:33
8716,793576,1,41.374487,-72.915926,3297674,2/27/21,12:13:00,O,Property Damage Only,O,No Apparent Injury (O),2,Local,0.54,494,SKIFF ST,SKIFF ST,,Dixwell Ave,100,Feet,W,4,Rain,1,Daylight,2,Wet,,"Trafficway, On Road",2/27/21 12:13
3420,794378,1,41.365333,-72.922216,3298476,2/28/21,1:42:00,O,Property Damage Only,O,No Apparent Injury (O),2,State,0,15,15-N,15-N-221,10-N,,,,,1,Clear,4,Dark-Lighted,1,Dry,9700,"Trafficway, On Road",2/28/21 1:42
114,793095,1,41.365116,-72.922334,3297193,2/28/21,15:02:00,O,Property Damage Only,O,No Apparent Injury (O),2,State,7.17,10,CT-10,10-N,,Rte 15,100,Feet,S,1,Clear,1,Daylight,2,Wet,38300,"Trafficway, On Road",2/28/21 15:02
694,793577,1,41.421211,-72.904781,3297675,3/1/21,12:27:00,O,Property Damage Only,O,No Apparent Injury (O),2,State,11.48,10,CT-10,10-N,WEST WOODS RD NO 1,,,,,2,Cloudy,1,Daylight,2,Wet,25700,"Trafficway, On Road",3/1/21 12:27
5587,793578,1,41.376527,-72.915543,3297676,3/1/21,23:15:00,O,Property Damage Only,O,No Apparent Injury (O),2,State,0.03,753,CT-10,753-S,SHEPARD AV,,,,,1,Clear,4,Dark-Lighted,1,Dry,15700,"Trafficway, On Road",3/1/21 23:15
8333,793939,1,41.34337,-72.94107,3298037,3/2/21,8:26:00,O,Property Damage Only,O,No Apparent Injury (O),2,Local,0,484,SECOND ST,SECOND ST,FAIRVIEW AVE,,,,,1,Clear,1,Daylight,1,Dry,,"Trafficway, On Road",3/2/21 8:26
4186,795086,1,41.365732,-72.92184,3299184,3/2/21,8:45:00,A,"Injury of any type (Serious, Minor, Possible)",C,Possible Injury (C),2,State,0.18,15,15-S,15-S-119,10-N,,,,,1,Clear,1,Daylight,1,Dry,9700,"Trafficway, On Road",3/2/21 8:45
8902,793940,1,41.4263,-72.91391,3298038,3/2/21,9:45:00,O,Property Damage Only,O,No Apparent Injury (O),2,Local,0.16,525,TODD ST,TODD ST,,Barbara La.,200,Feet,E,1,Clear,1,Daylight,5,Ice / Frost,,"Trafficway, On Road",3/2/21 9:45
8717,793686,1,41.37387,-72.91395,3297784,3/2/21,14:38:00,O,Property Damage Only,O,No Apparent Injury (O),2,Local,0.43,494,SKIFF ST,SKIFF ST,,DIXWELL AVE.,530,Feet,E,1,Clear,1,Daylight,1,Dry,,"Trafficway, On Road",3/2/21 14:38
7934,795204,1,41.350005,-72.944121,3299302,3/3/21,13:36:00,O,Property Damage Only,O,No Apparent Injury (O),1,Local,0.27,429,PINE ROCK AV,PINE ROCK AV NO 1,,ARCH STREET,100,Feet,S,1,Clear,1,Daylight,1,Dry,,"Trafficway, On Road",3/3/21 13:36
2022,793941,1,41.405399,-72.898903,3298039,3/3/21,17:07:00,O,Property Damage Only,O,No Apparent Injury (O),2,State,10.38,10,CT-10,10-N,WOODRUFF ST,,,,,1,Clear,1,Daylight,1,Dry,18300,"Trafficway, On Road",3/3/21 17:07
359,793688,1,41.362661,-72.9238,3297786,3/3/21,18:10:00,O,Property Damage Only,O,No Apparent Injury (O),2,State,6.8,10,CT-10,10-N,BENHAM ST,,,,W,1,Clear,4,Dark-Lighted,1,Dry,31800,"Trafficway, On Road",3/3/21 18:10
8918,795088,1,41.352908,-72.923334,3299186,3/4/21,9:32:00,A,"Injury of any type (Serious, Minor, Possible)",B,Suspected Minor Injury (B),1,Local,0.35,527,TREADWELL ST,TREADWELL ST,,LEEDER HILL DR,90,Feet,W,1,Clear,1,Daylight,1,Dry,,"Trafficway, On Road",3/4/21 9:32
6203,795205,1,41.349353,-72.935057,3299303,3/4/21,10:35:00,A,"Injury of any type (Serious, Minor, Possible)",A,Suspected Serious Injury (A),1,Local,1.17,99,CIRCULAR AV,CIRCULAR AV,,Newton St.,170,Feet,S,1,Clear,1,Daylight,1,Dry,,"Trafficway, On Road",3/4/21 10:35
6202,795089,1,41.350347,-72.935294,3299187,3/4/21,12:54:00,O,Property Damage Only,O,No Apparent Injury (O),2,Local,1.1,99,CIRCULAR AV,CIRCULAR AV,,COLLINS ST,70,Feet,S,1,Clear,1,Daylight,1,Dry,,"Trafficway, On Road",3/4/21 12:54
2278,793689,1,41.384876,-72.901414,3297787,3/4/21,15:20:00,O,Property Damage Only,O,No Apparent Injury (O),2,State,9.09,10,CT-10,10-N,,SCHOOL ST,100,Feet,N,1,Clear,1,Daylight,1,Dry,16800,"Trafficway, On Road",3/4/21 15:20
3734,794332,1,41.373833,-72.910368,3298430,3/4/21,17:27:00,O,Property Damage Only,O,No Apparent Injury (O),2,State,51.07,15,15-S,15-S,,Exit 61,5,Feet,S,1,Clear,1,Daylight,1,Dry,72600,"Trafficway, On Road",3/4/21 17:27
3735,794587,1,41.378055,-72.905389,3298685,3/4/21,17:27:00,O,Property Damage Only,O,No Apparent Injury (O),2,State,51.45,15,15-S,15-S,,Exit 61,5,Feet,S,1,Clear,1,Daylight,1,Dry,72600,"Trafficway, On Road",3/4/21 17:27
7588,793942,1,41.336806,-72.924765,3298040,3/4/21,21:53:00,O,Property Damage Only,O,No Apparent Injury (O),2,Local,0.54,370,MORSE ST,MORSE ST,WINCHESTER AV,,,,,1,Clear,4,Dark-Lighted,1,Dry,,"Trafficway, On Road",3/4/21 21:53
1854,793943,1,41.346275,-72.93386,3298041,3/5/21,5:58:00,A,"Injury of any type (Serious, Minor, Possible)",C,Possible Injury (C),2,State,5.56,10,CT-10,10-N,PUTNAM AV,,,,,1,Clear,1,Daylight,1,Dry,21100,"Trafficway, On Road",3/5/21 5:58
361,797648,1,41.363737,-72.923162,3301746,3/5/21,7:47:00,O,Property Damage Only,O,No Apparent Injury (O),2,State,6.88,10,CT-10,10-N,PALMER AV,,,,E,1,Clear,1,Daylight,1,Dry,31800,"Trafficway, On Road",3/5/21 7:47
981,794379,1,41.413826,-72.902035,3298477,3/5/21,7:47:00,O,Property Damage Only,O,No Apparent Injury (O),2,State,10.99,10,CT-10,10-N,SHERMAN AV NO 2,,,,,1,Clear,1,Daylight,1,Dry,25200,"Trafficway, On Road",3/5/21 7:47
2995,793944,1,41.374646,-72.915713,3298042,3/5/21,11:42:00,O,Property Damage Only,O,No Apparent Injury (O),2,Local,0.01,144,CT-10,DIXWELL AV NO 2 RT 10 NB,,Skiff St.,30,Feet,N,1,Clear,1,Daylight,1,Dry,,"Trafficway, On Road",3/5/21 11:42
2101,793946,1,41.437493,-72.909095,3298044,3/5/21,16:29:00,O,Property Damage Only,O,No Apparent Injury (O),2,State,12.84,10,CT-10,10-N,,Shepard Ave,220,Feet,N,1,Clear,1,Daylight,1,Dry,17500,"Trafficway, On Road",3/5/21 16:29
9311,793947,1,41.345498,-72.940977,3298045,3/5/21,20:34:00,A,"Injury of any type (Serious, Minor, Possible)",B,Suspected Minor Injury (B),2,Local,1.35,598,WOODIN ST,WOODIN ST,,Fairview Ave.,30,Feet,W,1,Clear,4,Dark-Lighted,1,Dry,,"Trafficway, On Road",3/5/21 20:34
1860,800786,1,41.346275,-72.93386,3304879,3/6/21,16:51:00,O,Property Damage Only,O,No Apparent Injury (O),2,State,5.56,10,CT-10,10-N,PUTNAM AV,,,,,1,Clear,1,Daylight,1,Dry,21100,"Trafficway, On Road",3/6/21 16:51
1506,793949,1,41.349584,-72.932203,3298047,3/6/21,17:02:00,O,Property Damage Only,O,No Apparent Injury (O),2,State,5.97,10,CT-10,10-N,,Collins St.,15,Feet,S,1,Clear,1,Daylight,1,Dry,22600,"Trafficway, On Road",3/6/21 17:02
9312,793950,1,41.345519,-72.942945,3298048,3/6/21,17:30:00,O,Property Damage Only,O,No Apparent Injury (O),1,Local,1.24,598,WOODIN ST,WOODIN ST,GLENBROOK AV,,,,,1,Clear,1,Daylight,1,Dry,,"Trafficway, On Road",3/6/21 17:30
6085,793951,1,41.363536,-72.935419,3298049,3/6/21,18:52:00,O,Property Damage Only,O,No Apparent Injury (O),2,Local,0.18,93,CHERRY HILL RD,CHERRY HILL RD,,Springdale St.,10,Feet,N,1,Clear,4,Dark-Lighted,1,Dry,,"Trafficway, On Road",3/6/21 18:52
1054,794065,1,41.345822,-72.934062,3298163,3/7/21,13:38:00,O,Property Damage Only,O,No Apparent Injury (O),2,State,5.7,10,CT-10,10-N,,PUTNAM AV,200,Feet,S,1,Clear,1,Daylight,1,Dry,24700,"Trafficway, On Road",3/7/21 13:38
2408,795090,1,41.393664,-72.897033,3299188,3/7/21,16:41:00,O,Property Damage Only,O,No Apparent Injury (O),2,State,9.74,10,CT-10,10-N,,Washington Avenue,1,TenthsofMile,N,1,Clear,1,Daylight,1,Dry,14700,"Trafficway, On Road",3/7/21 16:41
6948,793953,1,41.335272,-72.92902,3298051,3/8/21,15:23:00,O,Property Damage Only,O,No Apparent Injury (O),2,Local,0.48,222,GOODRICH ST,GOODRICH ST,BUTLER ST,,,,,1,Clear,1,Daylight,1,Dry,,"Trafficway, On Road",3/8/21 15:23
3482,794634,1,41.380558,-72.900783,3298732,3/8/21,16:43:00,O,Property Damage Only,O,No Apparent Injury (O),2,State,0.22,15,15-N,15-N-125,,Route 15 North,25,Feet,S,1,Clear,1,Daylight,1,Dry,2500,"Trafficway, On Road",3/8/21 16:43
9013,796219,1,41.345237,-72.937471,3300317,3/9/21,0:02:00,O,Property Damage Only,O,No Apparent Injury (O),4,Local,0.23,553,WARREN ST,WARREN ST,,Woodin ST,90,Feet,S,1,Clear,4,Dark-Lighted,1,Dry,,"Trafficway, On Road",3/9/21 0:02
115,795134,1,41.36367,-72.92332,3299232,3/9/21,8:45:00,O,Property Damage Only,O,No Apparent Injury (O),2,State,7.05,10,CT-10,10-N,,PALMER AVE,5,Feet,S,1,Clear,1,Daylight,1,Dry,38300,"Trafficway, On Road",3/9/21 8:45
1855,795135,1,41.342318,-72.934769,3299233,3/9/21,12:28:00,O,Property Damage Only,O,No Apparent Injury (O),2,State,5.46,10,CT-10,10-N,,FIRST ST,50,Feet,S,1,Clear,1,Daylight,1,Dry,21100,"Trafficway, On Road",3/9/21 12:28
1055,795619,1,41.3456,-72.934076,3299717,3/9/21,13:25:00,O,Property Damage Only,O,No Apparent Injury (O),2,State,5.69,10,CT-10,10-N,,CIRCULAR AVE,165,Feet,N,1,Clear,1,Daylight,1,Dry,24700,"Trafficway, On Road",3/9/21 13:25
1703,794163,1,41.36921,-72.919183,3298261,3/9/21,16:01:00,O,Property Damage Only,O,No Apparent Injury (O),2,State,7.49,10,CT-10,10-N,,Connolly Pkwy,2,TenthsofMile,N,1,Clear,1,Daylight,1,Dry,22000,"Trafficway, On Road",3/9/21 16:01
4182,796138,1,41.366277,-72.921491,3300236,3/9/21,17:33:00,A,"Injury of any type (Serious, Minor, Possible)",C,Possible Injury (C),2,State,0,15,15-S,15-S-118,10-N,,,,,1,Clear,1,Daylight,1,Dry,9700,"Trafficway, On Road",3/9/21 17:33
207,796139,1,41.366955,-72.920747,3300237,3/9/21,17:56:00,A,"Injury of any type (Serious, Minor, Possible)",C,Possible Injury (C),2,State,7.31,10,CT-10,10-N,,CONNOLLY PKWY,10,Feet,S,1,Clear,1,Daylight,1,Dry,32700,"Trafficway, On Road",3/9/21 17:56
116,795136,1,41.364238,-72.922868,3299234,3/9/21,18:25:00,O,Property Damage Only,O,No Apparent Injury (O),2,State,7.1,10,CT-10,10-N,,Weybosset St.,15,Feet,S,1,Clear,3,Dusk,1,Dry,38300,"Trafficway, On Road",3/9/21 18:25
6850,822158,1,41.340397,-72.936449,3325254,3/9/21,18:41:00,O,Property Damage Only,O,No Apparent Injury (O),2,Local,0.13,210,GEORGE ST,GEORGE ST,,Dixwell Ave,100,Feet,W,1,Clear,4,Dark-Lighted,1,Dry,,"Trafficway, On Road",3/9/21 18:41
5322,796220,1,41.363428,-72.908919,3300318,3/10/21,10:25:00,O,Property Damage Only,O,No Apparent Injury (O),2,State,2.18,707,WHITNEY AV,707-N,ARDMORE ST,,,,,1,Clear,1,Daylight,1,Dry,11700,"Trafficway, On Road",3/10/21 10:25
4196,794505,1,41.3793972,-72.90375396,3298603,3/10/21,14:18:00,O,Property Damage Only,O,No Apparent Injury (O),2,State,0.16,15,15-S,15-S-123,,Exit 61,5,Feet,N,1,Clear,1,Daylight,1,Dry,9700,"Trafficway, On Road",3/10/21 14:18
982,795620,1,41.413858,-72.901956,3299718,3/10/21,18:35:00,O,Property Damage Only,O,No Apparent Injury (O),2,State,10.99,10,CT-10,10-N,SHERMAN AV NO 2,,,,,1,Clear,4,Dark-Lighted,1,Dry,25200,"Trafficway, On Road",3/10/21 18:35
4653,795206,1,41.42056,-72.903057,3299304,3/11/21,10:26:00,O,Property Damage Only,O,No Apparent Injury (O),2,State,0.08,453,MOUNT CARMEL AV,453-E,,WHITNEY AVE,125,Feet,E,1,Clear,1,Daylight,1,Dry,,"Trafficway, On Road",3/11/21 10:26
5588,795207,1,41.376631,-72.915448,3299305,3/11/21,13:52:00,O,Property Damage Only,O,No Apparent Injury (O),2,State,0.03,753,CT-10,753-S,SHEPARD AV,,,,E,1,Clear,1,Daylight,1,Dry,15700,"Trafficway, On Road",3/11/21 13:52
206,795621,1,41.367397,-72.92124214,3299719,3/11/21,17:03:00,O,Property Damage Only,O,No Apparent Injury (O),2,State,7.32,10,CT-10,10-N,,Connolly Pkwy,2,TenthsofMile,N,1,Clear,1,Daylight,1,Dry,32700,"Trafficway, On Road",3/11/21 17:03
4198,795622,1,41.3801,-72.9027,3299720,3/11/21,17:27:00,O,Property Damage Only,O,No Apparent Injury (O),2,State,0.15,15,15-S,15-S-126,707-N,,,,,1,Clear,4,Dark-Lighted,1,Dry,9700,"Trafficway, On Road",3/11/21 17:27
8919,795417,1,41.35292,-72.923452,3299515,3/12/21,9:58:00,O,Property Damage Only,O,No Apparent Injury (O),2,Local,0.34,527,TREADWELL ST,TREADWELL ST,,Leeder Hill Dr.,100,Feet,W,1,Clear,1,Daylight,1,Dry,,"Trafficway, On Road",3/12/21 9:58
3155,795223,1,41.364699,-72.927876,3299321,3/12/21,13:20:00,O,Property Damage Only,O,No Apparent Injury (O),2,State,49.88,15,15-N,15-N,,Exit #59,5,TenthsofMile,S,1,Clear,1,Daylight,1,Dry,77800,"Trafficway, On Road",3/12/21 13:20
2318,797840,1,41.384293,-72.901627,3301938,3/12/21,13:31:00,O,Property Damage Only,O,No Apparent Injury (O),2,State,9.04,10,CT-10,10-N,,SCHOOL ST,85,Feet,S,1,Clear,1,Daylight,1,Dry,16500,"Trafficway, On Road",3/12/21 13:31
1705,795418,1,41.369179,-72.919211,3299516,3/12/21,15:26:00,A,"Injury of any type (Serious, Minor, Possible)",C,Possible Injury (C),2,State,7.48,10,CT-10,10-N,,CONNOLLY PKWY,865,Feet,N,1,Clear,1,Daylight,1,Dry,22000,"Trafficway, On Road",3/12/21 15:26
4187,795112,1,41.36619839,-72.92361542,3299210,3/12/21,15:37:00,O,Property Damage Only,O,No Apparent Injury (O),2,State,0.05,15,15-S,15-S-119,,Exit 60,10,TenthsofMile,S,1,Clear,1,Daylight,1,Dry,9700,"Trafficway, On Road",3/12/21 15:37
8311,798647,1,41.385005,-72.905189,3302744,3/12/21,18:21:00,O,Property Damage Only,O,No Apparent Injury (O),4,Local,0.23,480,SCHOOL ST,SCHOOL ST,,WHITNEY AVE.,300,Feet,W,1,Clear,1,Daylight,1,Dry,,"Trafficway, On Road",3/12/21 18:21
8491,797649,1,41.376631,-72.915448,3301747,3/13/21,11:36:00,A,"Injury of any type (Serious, Minor, Possible)",C,Possible Injury (C),2,Local,0,489,SHEPARD AV,SHEPARD AV,,Shepard Avenue,302,Feet,N,1,Clear,1,Daylight,1,Dry,,"Trafficway, On Road",3/13/21 11:36
6050,795989,1,41.3977,-72.903389,3300087,3/13/21,12:12:00,O,Property Damage Only,O,No Apparent Injury (O),2,Local,0.02,74,CANNON ST,CANNON ST,,EVERGREEN AVE,75,Feet,E,1,Clear,99,Unknown,1,Dry,,"Trafficway, On Road",3/13/21 12:12
4197,796019,1,41.3793972,-72.90375396,3300117,3/13/21,14:45:00,O,Property Damage Only,O,No Apparent Injury (O),2,State,0.16,15,15-S,15-S-123,,Exit 61,1,TenthsofMile,S,1,Clear,1,Daylight,1,Dry,9700,"Trafficway, On Road",3/13/21 14:45
5994,796140,1,41.350223,-72.939698,3300238,3/13/21,14:55:00,O,Property Damage Only,O,No Apparent Injury (O),2,Local,0.14,54,BRADLEY AV,BRADLEY AV,LANGER ST,,0,,,1,Clear,1,Daylight,1,Dry,,"Trafficway, On Road",3/13/21 14:55
1704,795137,1,41.367567,-72.920434,3299235,3/13/21,15:56:00,O,Property Damage Only,O,No Apparent Injury (O),2,State,7.36,10,CT-10,10-N,,Connolly Pkwy,250,Feet,N,1,Clear,1,Daylight,1,Dry,22000,"Trafficway, On Road",3/13/21 15:56
1507,795138,1,41.348795,-72.932625,3299236,3/13/21,18:39:00,A,"Injury of any type (Serious, Minor, Possible)",B,Suspected Minor Injury (B),3,State,5.92,10,CT-10,10-N,,NEWTON ST.,85,Feet,S,1,Clear,4,Dark-Lighted,1,Dry,22600,"Trafficway, On Road",3/13/21 18:39
8598,795139,1,41.412968,-72.905486,3299237,3/14/21,8:17:00,O,Property Damage Only,O,No Apparent Injury (O),1,Local,1.93,491,SHERMAN AV,SHERMAN AV NO 1,,WHITNEY AVE,1056,Feet,W,1,Clear,1,Daylight,1,Dry,,"Trafficway, On Road",3/14/21 8:17
7336,795140,1,41.351911,-72.944028,3299238,3/15/21,0:14:00,O,Property Damage Only,O,No Apparent Injury (O),2,Local,0.04,333,LUCY ST,LUCY ST,,Brook St.,100,Feet,S,1,Clear,4,Dark-Lighted,1,Dry,,"Trafficway, On Road",3/15/21 0:14
1508,795623,1,41.35269116,-72.93056128,3299721,3/15/21,15:00:00,O,Property Damage Only,O,No Apparent Injury (O),2,State,6.21,10,CT-10,10-N,,CHURCH ST,10,Feet,N,1,Clear,1,Daylight,1,Dry,22600,"Trafficway, On Road",3/15/21 15:00
4199,796141,1,41.379916,-72.903069,3300239,3/15/21,16:45:00,O,Property Damage Only,O,No Apparent Injury (O),2,State,0.15,15,15-S,15-S-126,707-N,,,,,1,Clear,1,Daylight,1,Dry,9700,"Trafficway, On Road",3/15/21 16:45
9097,795990,1,41.432923,-72.927693,3300088,3/16/21,7:45:00,O,Property Damage Only,O,No Apparent Injury (O),2,Local,0.76,573,WEST TODD ST,WEST TODD ST,STILL HILL RD,,,,,1,Clear,1,Daylight,1,Dry,,"Trafficway, On Road",3/16/21 7:45
8310,795991,1,41.385241,-72.906854,3300089,3/16/21,11:54:00,O,Property Damage Only,O,No Apparent Injury (O),2,Local,0,480,SCHOOL ST,SCHOOL ST,EVERGREEN AV,,,,,1,Clear,1,Daylight,1,Dry,,"Trafficway, On Road",3/16/21 11:54
983,796221,1,41.413826,-72.902035,3300319,3/16/21,14:08:00,O,Property Damage Only,O,No Apparent Injury (O),2,State,11.17,10,CT-10,10-N,,SHERMAN AVE,50,Feet,N,1,Clear,1,Daylight,1,Dry,25200,"Trafficway, On Road",3/16/21 14:08
6274,797662,1,41.3847,-72.9103,3301760,3/16/21,15:54:00,O,Property Damage Only,O,No Apparent Injury (O),2,Local,0.15,108,COLONY ST,COLONY ST,,Dixwell Ave,0.200000003,TenthsofMile,W,1,Clear,1,Daylight,1,Dry,,"Trafficway, On Road",3/16/21 15:54
3182,796955,1,41.377629,-72.905731,3301053,3/16/21,16:20:00,O,Property Damage Only,O,No Apparent Injury (O),2,State,51.44,15,15-N,15-N,,Exit 61,2.5,TenthsofMile,S,1,Clear,1,Daylight,1,Dry,72600,"Trafficway, On Road",3/16/21 16:20
5589,800787,1,41.374487,-72.915926,3304880,3/17/21,6:59:00,O,Property Damage Only,O,No Apparent Injury (O),2,State,0.17,753,CT-10,753-S,SKIFF ST,,,,,1,Clear,1,Daylight,1,Dry,15700,"Trafficway, On Road",3/17/21 6:59
360,796142,1,41.361689,-72.92442,3300240,3/17/21,14:32:00,A,"Injury of any type (Serious, Minor, Possible)",C,Possible Injury (C),2,State,6.91,10,CT-10,10-N,,ROBERT ST,50,Feet,S,1,Clear,1,Daylight,1,Dry,31800,"Trafficway, On Road",3/17/21 14:32
8979,796143,1,41.356318,-72.921019,3300241,3/17/21,14:49:00,O,Property Damage Only,O,No Apparent Injury (O),2,Local,1.18,548,WAITE ST,WAITE ST,MATHER ST,,,,N,1,Clear,1,Daylight,1,Dry,,"Trafficway, On Road",3/17/21 14:49
7706,797663,1,41.33605297,-72.92668025,3301761,3/17/21,16:51:00,A,"Injury of any type (Serious, Minor, Possible)",B,Suspected Minor Injury (B),2,Local,0.53,385,NEWHALL ST,NEWHALL ST,,MARLBORO ST,20,Feet,N,2,Cloudy,1,Daylight,1,Dry,,"Trafficway, On Road",3/17/21 16:51
3483,798244,1,41.380556,-72.900777,3302341,3/17/21,17:17:00,O,Property Damage Only,O,No Apparent Injury (O),2,State,0.22,15,15-N,15-N-125,EXIT 61 ON RAMP,,,,,1,Clear,1,Daylight,1,Dry,2500,"Trafficway, On Road",3/17/21 17:17
117,797664,1,41.36293,-72.92362,3301762,3/18/21,8:51:00,O,Property Damage Only,O,No Apparent Injury (O),2,State,7,10,CT-10,10-N,,BENHAM ST,20,Feet,N,2,Cloudy,1,Daylight,1,Dry,38300,"Trafficway, On Road",3/18/21 8:51
5969,797665,1,41.338322,-72.937911,3301763,3/18/21,12:25:00,O,Property Damage Only,O,No Apparent Injury (O),2,Local,0.18,52,BOWEN ST,BOWEN ST,10-N,,,,,4,Rain,1,Daylight,2,Wet,,"Trafficway, On Road",3/18/21 12:25
695,797666,1,41.420807,-72.904601,3301764,3/18/21,16:00:00,O,Property Damage Only,O,No Apparent Injury (O),2,State,11.48,10,CT-10,10-N,453-E,,,,S,4,Rain,1,Daylight,2,Wet,25700,"Trafficway, On Road",3/18/21 16:00
1706,797667,1,41.373988,-72.916167,3301765,3/18/21,16:46:00,A,"Injury of any type (Serious, Minor, Possible)",C,Possible Injury (C),2,State,7.85,10,CT-10,10-N,,CONNOLLY PKWY,5,TenthsofMile,N,4,Rain,1,Daylight,2,Wet,22000,"Trafficway, On Road",3/18/21 16:46
1856,797668,1,41.342424,-72.934807,3301766,3/18/21,16:55:00,O,Property Damage Only,O,No Apparent Injury (O),2,State,5.29,10,CT-10,10-N,FIRST ST,,,,S,4,Rain,1,Daylight,2,Wet,21100,"Trafficway, On Road",3/18/21 16:55
118,797669,1,41.367106,-72.920713,3301767,3/18/21,16:57:00,O,Property Damage Only,O,No Apparent Injury (O),2,State,7.14,10,CT-10,10-N,CONNOLLY PKWY,,,,,4,Rain,1,Daylight,2,Wet,38300,"Trafficway, On Road",3/18/21 16:57
8492,798648,1,41.382169,-72.920053,3302745,3/19/21,11:10:00,O,Property Damage Only,O,No Apparent Injury (O),2,Local,0.47,489,SHEPARD AV,SHEPARD AV,SANFORD ST,,,,,1,Clear,1,Daylight,1,Dry,,"Trafficway, On Road",3/19/21 11:10
2560,798419,1,41.338195,-72.935221,3302516,3/19/21,12:37:00,O,Property Damage Only,O,No Apparent Injury (O),2,State,5,10,CT-10,10-N,MORSE ST,,,,N,1,Clear,1,Daylight,1,Dry,11200,"Trafficway, On Road",3/19/21 12:37
3675,796887,1,41.35828759,-72.9414855,3300985,3/19/21,17:06:00,O,Property Damage Only,O,No Apparent Injury (O),2,State,49.05,15,15-S,15-S,,Exit 60,10,TenthsofMile,S,1,Clear,1,Daylight,1,Dry,77800,"Trafficway, On Road",3/19/21 17:06
3676,798276,1,41.35828759,-72.9414855,3302373,3/19/21,17:06:00,O,Property Damage Only,O,No Apparent Injury (O),2,State,49.05,15,15-S,15-S,,Exit 60,10,TenthsofMile,S,1,Clear,1,Daylight,1,Dry,77800,"Trafficway, On Road",3/19/21 17:06
1596,797683,1,41.349721,-72.932159,3301781,3/19/21,21:00:00,O,Property Damage Only,O,No Apparent Injury (O),3,State,5.8,10,CT-10,10-N,COLLINS ST,,,,S,1,Clear,4,Dark-Lighted,1,Dry,22400,"Trafficway, On Road",3/19/21 21:00
6690,798420,1,41.343314,-72.94107,3302517,3/20/21,8:13:00,O,Property Damage Only,O,No Apparent Injury (O),2,Local,0.35,176,FAIRVIEW AV,FAIRVIEW AV,SECOND ST,,,,N,1,Clear,1,Daylight,1,Dry,,"Trafficway, On Road",3/20/21 8:13
7854,798649,1,41.334195,-72.902005,3302746,3/20/21,12:14:00,O,Property Damage Only,O,No Apparent Injury (O),2,Local,0.42,414,PARK RD,PARK RD,FARM RD,,,,E,1,Clear,1,Daylight,1,Dry,,"Trafficway, Not on Road",3/20/21 12:14
1857,798421,1,41.346275,-72.93386,3302518,3/20/21,18:52:00,A,"Injury of any type (Serious, Minor, Possible)",C,Possible Injury (C),2,State,5.56,10,CT-10,10-N,PUTNAM AV,,,,N,1,Clear,1,Daylight,1,Dry,21100,"Trafficway, On Road",3/20/21 18:52
9075,800788,1,41.351436,-72.950634,3304881,3/20/21,19:39:00,O,Property Damage Only,O,No Apparent Injury (O),1,Local,0.18,571,WEST SIDE DR,WEST SIDE DR,BELAIR DR,,,,N,1,Clear,4,Dark-Lighted,1,Dry,,"Trafficway, On Road",3/20/21 19:39
6473,804267,1,41.33648,-72.935308,3308360,3/21/21,21:59:00,A,"Injury of any type (Serious, Minor, Possible)",A,Suspected Serious Injury (A),1,Local,0.07,142,DIXWELL AV,DIXWELL AV NO 1,,Easton St.,1,TenthsofMile,S,1,Clear,4,Dark-Lighted,1,Dry,,"Trafficway, On Road",3/21/21 21:59