,CrashId,Fatal Case Status,lat,lon,DOT Case Number,Date Of Crash,Time of Crash,Crash Severity,Crash Severity Text Format,Most Severe Injury,Most Severe Injury Text Format,Number Of Motor Vehicles,Route Class Text Format,Milemarker,Road Number,Road Description,Roadway Name,Intersecting Roadway Name,Landmark Description,Distance From Nearest Landmark,Unit Of Measure From Nearest Landmark,Direction From Nearest Landmark,Weather Condition,Weather Condition Text Format,Light Condition,Light Condition Text Format,Road Surface Condition,Road Surface Condition Text Format,Average Daily Traffic,Trafficway Class Text Format,full_date
698,811855,1,41.4147,-72.90231,3314951,5/5/21,12:11:00,O,Property Damage Only,O,No Apparent Injury (O),2,State,11.22,10,CT-10,10-N,,SHERMAN AVE,25,Feet,N,4,Rain,1,Daylight,2,Wet,25700,"Trafficway, On Road",5/5/21 12:11
7391,809806,1,41.358567,-72.924582,3312902,5/5/21,17:36:00,O,Property Damage Only,O,No Apparent Injury (O),2,Local,0.95,352,MATHER ST,MATHER ST,,Dixwell Avenue,100,Feet,E,4,Rain,1,Daylight,2,Wet,,"Trafficway, On Road",5/5/21 17:36
6283,811856,1,41.3524,-72.93197,3314952,5/6/21,1:36:00,A,"Injury of any type (Serious, Minor, Possible)",B,Suspected Minor Injury (B),3,Local,0.16,110,CONCORD ST,CONCORD ST,,Dixwell Avenue,293,Feet,W,1,Clear,4,Dark-Lighted,1,Dry,,"Trafficway, On Road",5/6/21 1:36
2996,813474,1,41.37445,-72.91583,3316570,5/6/21,9:25:00,O,Property Damage Only,O,No Apparent Injury (O),2,Local,0,144,CT-10,DIXWELL AV NO 2 RT 10 NB,SKIFF ST,,,,,1,Clear,1,Daylight,1,Dry,,"Trafficway, On Road",5/6/21 9:25
7856,815115,1,41.334195,-72.902005,3318211,5/6/21,14:16:00,O,Property Damage Only,O,No Apparent Injury (O),2,Local,0.42,414,PARK RD,PARK RD,FARM RD,,,,,1,Clear,1,Daylight,1,Dry,,"Trafficway, On Road",5/6/21 14:16
697,809807,1,41.419684,-72.904154,3312903,5/6/21,16:43:00,O,Property Damage Only,O,No Apparent Injury (O),2,State,11.59,10,CT-10,10-N,,MT. CARMEL AVE. ,300,Feet,S,1,Clear,1,Daylight,1,Dry,25700,"Trafficway, On Road",5/6/21 16:43
5060,811857,1,41.346024,-72.912455,3314953,5/6/21,20:47:00,O,Property Damage Only,O,No Apparent Injury (O),2,State,0.94,707,WHITNEY AV,707-N,LAKE RD,,,,,1,Clear,3,Dusk,1,Dry,14300,"Trafficway, On Road",5/6/21 20:47
120,814226,1,41.363594,-72.923221,3317322,5/7/21,9:35:00,O,Property Damage Only,O,No Apparent Injury (O),2,State,7.05,10,CT-10,10-N,,WHEELER ST,50,Feet,S,1,Clear,1,Daylight,1,Dry,38300,"Trafficway, On Road",5/7/21 9:35
7935,814227,1,41.349823,-72.94425,3317323,5/7/21,14:00:00,O,Property Damage Only,O,No Apparent Injury (O),3,Local,0.26,429,PINE ROCK AV,PINE ROCK AV NO 1,HELEN ST,,,,,1,Clear,1,Daylight,1,Dry,,"Trafficway, On Road",5/7/21 14:00
5593,810896,1,41.374487,-72.915926,3313992,5/7/21,14:08:00,A,"Injury of any type (Serious, Minor, Possible)",C,Possible Injury (C),2,State,0.17,753,CT-10,753-S,SKIFF ST,,,,N,1,Clear,1,Daylight,1,Dry,15700,"Trafficway, On Road",5/7/21 14:08
3913,813355,1,41.379614,-72.902736,3316451,5/7/21,15:37:00,O,Property Damage Only,O,No Apparent Injury (O),2,State,51.67,15,15-S,15-S,,Exit 61,1,TenthsofMile,N,1,Clear,1,Daylight,1,Dry,70900,"Trafficway, On Road",5/7/21 15:37
5324,814228,1,41.361402,-72.909317,3317324,5/7/21,16:58:00,A,"Injury of any type (Serious, Minor, Possible)",B,Suspected Minor Injury (B),2,State,2.06,707,WHITNEY AV,707-N,ELIHU ST,,,,,1,Clear,1,Daylight,1,Dry,11700,"Trafficway, On Road",5/7/21 16:58
8798,811555,1,41.37469,-72.91642,3314651,5/7/21,17:19:00,O,Property Damage Only,O,No Apparent Injury (O),2,Local,0.03,495,SKIFF ST EXT,SKIFF ST EXT,,Dixwell Avenue,90,Feet,W,1,Clear,1,Daylight,1,Dry,,"Trafficway, On Road",5/7/21 17:19
5059,810897,1,41.34601,-72.912531,3313993,5/8/21,8:02:00,O,Property Damage Only,O,No Apparent Injury (O),2,State,0.94,707,WHITNEY AV,707-N,PUTNAM AV,,,,,1,Clear,1,Daylight,1,Dry,14300,"Trafficway, On Road",5/8/21 8:02
1712,814230,1,41.373623,-72.916435,3317326,5/8/21,11:05:00,O,Property Damage Only,O,No Apparent Injury (O),2,State,7.82,10,CT-10,10-N,,Skiff Street,250,Feet,S,1,Clear,1,Daylight,1,Dry,22000,"Trafficway, On Road",5/8/21 11:05
1713,817370,1,41.374487,-72.915926,3320466,5/8/21,20:16:00,O,Property Damage Only,O,No Apparent Injury (O),2,State,7.89,10,CT-10,10-N,,Skiff Street ,15,Feet,N,1,Clear,4,Dark-Lighted,1,Dry,22000,"Trafficway, On Road",5/8/21 20:16
6477,814231,1,41.3377,-72.9356,3317327,5/9/21,2:39:00,O,Property Damage Only,O,No Apparent Injury (O),2,Local,0.16,142,DIXWELL AV,DIXWELL AV NO 1,,Arch St,50,Feet,S,1,Clear,4,Dark-Lighted,1,Dry,,"Trafficway, On Road",5/9/21 2:39
9076,811859,1,41.351436,-72.950634,3314955,5/9/21,10:57:00,O,Property Damage Only,O,No Apparent Injury (O),2,Local,0.18,571,WEST SIDE DR,WEST SIDE DR,,BELAIR RD.,150,Feet,N,1,Clear,1,Daylight,1,Dry,,"Trafficway, On Road",5/9/21 10:57
7410,811556,1,41.334645,-72.900346,3314652,5/9/21,15:47:00,A,"Injury of any type (Serious, Minor, Possible)",C,Possible Injury (C),2,Local,0.11,360,MERRITT ST,MERRITT ST,,State St,50,Feet,E,2,Cloudy,1,Daylight,1,Dry,,"Trafficway, On Road",5/9/21 15:47
4694,814232,1,41.333972,-72.900644,3317328,5/10/21,11:07:00,A,"Injury of any type (Serious, Minor, Possible)",C,Possible Injury (C),2,USRoute,1.45,5,US-5,5-N,,FARM RD,50,Feet,S,2,Cloudy,1,Daylight,1,Dry,14400,"Trafficway, On Road",5/10/21 11:07
699,811860,1,41.41740626,-72.90367739,3314956,5/10/21,17:16:00,O,Property Damage Only,O,No Apparent Injury (O),2,State,11.43,10,CT-10,10-N,,Sherman Ave.,1,TenthsofMile,N,1,Clear,1,Daylight,1,Dry,25700,"Trafficway, On Road",5/10/21 17:16
4545,814233,1,41.403516,-72.895602,3317329,5/11/21,10:19:00,O,Property Damage Only,O,No Apparent Injury (O),2,State,0.14,22,CT-22,22-E,NEW RD,,,,,1,Clear,1,Daylight,1,Dry,5600,"Trafficway, On Road",5/11/21 10:19
2321,815116,1,41.3838,-72.90174,3318212,5/11/21,12:50:00,O,Property Damage Only,O,No Apparent Injury (O),2,State,9.01,10,CT-10,10-N,,Dixwell Ave,110,Feet,N,1,Clear,1,Daylight,1,Dry,16500,"Trafficway, On Road",5/11/21 12:50
1600,811557,1,41.347978,-72.932998,3314653,5/11/21,13:45:00,O,Property Damage Only,O,No Apparent Injury (O),2,State,5.86,10,CT-10,10-N,,SCOTT ST,145,Feet,S,1,Clear,1,Daylight,1,Dry,22400,"Trafficway, On Road",5/11/21 13:45
7753,811861,1,41.34627,-72.935285,3314957,5/11/21,13:51:00,O,Property Damage Only,O,No Apparent Injury (O),2,Local,0.08,396,NOTKINS ST,NOTKINS ST,,Helen Street,175,Feet,S,1,Clear,1,Daylight,1,Dry,,"Trafficway, On Road",5/11/21 13:51
6864,814234,1,41.35879,-72.94635,3317330,5/12/21,12:56:00,O,Property Damage Only,O,No Apparent Injury (O),1,Local,0.52,212,GILBERT AV,GILBERT AV,,NEWCASTLE DR,25,Feet,S,1,Clear,1,Daylight,1,Dry,,"Trafficway, On Road",5/12/21 12:56
3522,813279,1,41.38187,-72.899005,3316375,5/12/21,15:46:00,A,"Injury of any type (Serious, Minor, Possible)",B,Suspected Minor Injury (B),4,State,51.88,15,15-N,15-N,,15-N-127,2.5,TenthsofMile,S,1,Clear,1,Daylight,1,Dry,,"Trafficway, On Road",5/12/21 15:46
9060,811862,1,41.3369,-72.9393,3314958,5/13/21,7:11:00,O,Property Damage Only,O,No Apparent Injury (O),2,Local,0.03,564,WEST EASTON ST,WEST EASTON ST,,Warner St.,250,Feet,W,1,Clear,1,Daylight,1,Dry,,"Trafficway, On Road",5/13/21 7:11
5879,814235,1,41.36322,-72.92496,3317331,5/13/21,9:07:00,A,"Injury of any type (Serious, Minor, Possible)",C,Possible Injury (C),2,Local,0.06,42,BENHAM ST,BENHAM ST,HOPE AV,,,,,1,Clear,1,Daylight,1,Dry,,"Trafficway, On Road",5/13/21 9:07
8334,811863,1,41.343253,-72.938686,3314959,5/13/21,9:53:00,O,Property Damage Only,O,No Apparent Injury (O),2,Local,0.13,484,SECOND ST,SECOND ST,,WARREN ST.,350,Feet,W,1,Clear,1,Daylight,1,Dry,,"Trafficway, On Road",5/13/21 9:53
5061,819875,1,41.343558,-72.912118,3322971,5/13/21,10:31:00,A,"Injury of any type (Serious, Minor, Possible)",C,Possible Injury (C),2,State,0.77,707,WHITNEY AV,707-N,ELI RD,,,,,1,Clear,1,Daylight,1,Dry,14300,"Trafficway, On Road",5/13/21 10:31
7062,814236,1,41.38953,-72.91242,3317332,5/13/21,11:47:00,O,Property Damage Only,O,No Apparent Injury (O),2,Local,0.17,713,HAMDEN HILLS DR,HAMDEN HILLS DR,,,,,,1,Clear,1,Daylight,1,Dry,,"Trafficway, On Road",5/13/21 11:47
2603,817371,1,41.33842,-72.93995,3320467,5/13/21,15:05:00,O,Property Damage Only,O,No Apparent Injury (O),2,State,4.76,10,CT-10,10-N,WARNER ST,,,,,1,Clear,1,Daylight,1,Dry,10700,"Trafficway, On Road",5/13/21 15:05
4201,814237,1,41.366157,-72.921684,3317333,5/13/21,15:53:00,O,Property Damage Only,O,No Apparent Injury (O),2,State,0.18,15,15-S,15-S-119,10-N,,,,,1,Clear,1,Daylight,1,Dry,9700,"Trafficway, On Road",5/13/21 15:53
8496,811864,1,41.436319,-72.910658,3314960,5/13/21,23:10:00,O,Property Damage Only,O,No Apparent Injury (O),1,Local,4.43,489,SHEPARD AV,SHEPARD AV,,Whitney Avenue,1,TenthsofMile,S,1,Clear,4,Dark-Lighted,1,Dry,,"Trafficway, On Road",5/13/21 23:10
7007,814238,1,41.3496,-72.9415,3317334,5/14/21,6:40:00,A,"Injury of any type (Serious, Minor, Possible)",C,Possible Injury (C),2,Local,0.13,226,GORHAM AV,GORHAM AV,,Langer Street,100,Feet,N,1,Clear,1,Daylight,1,Dry,,"Trafficway, On Road",5/14/21 6:40
7715,886348,1,41.33477216,-72.92692255,3388446,5/14/21,11:05:00,O,Property Damage Only,O,No Apparent Injury (O),2,Local,0.62,385,NEWHALL ST,NEWHALL ST,,LANDER ST,250,Feet,N,1,Clear,1,Daylight,1,Dry,,"Trafficway, On Road",5/14/21 11:05
9068,814239,1,41.3999,-72.9351,3317335,5/14/21,11:36:00,O,Property Damage Only,O,No Apparent Injury (O),1,Local,0.66,570,WEST SHEPARD AV,WEST SHEPARD AV,,High Rock Rd,200,Feet,E,1,Clear,1,Daylight,1,Dry,,"Trafficway, Not on Road",5/14/21 11:36
1059,814240,1,41.3453,-72.9335,3317336,5/14/21,15:20:00,O,Property Damage Only,O,No Apparent Injury (O),2,State,5.67,10,CT-10,10-N,,Putnam Ave,50,Feet,N,1,Clear,1,Daylight,1,Dry,24700,"Trafficway, On Road",5/14/21 15:20
121,815100,1,41.363635,-72.923281,3318196,5/14/21,16:57:00,O,Property Damage Only,O,No Apparent Injury (O),2,State,7.05,10,CT-10,10-N,,Palmer Ave,50,Feet,S,1,Clear,1,Daylight,1,Dry,38300,"Trafficway, On Road",5/14/21 16:57
5878,811865,1,41.365277,-72.933454,3314961,5/14/21,19:04:00,O,Property Damage Only,O,No Apparent Injury (O),2,Local,0.53,42,BENHAM ST,BENHAM ST,,Cherry Hill Road,193,Feet,E,1,Clear,1,Daylight,1,Dry,,"Trafficway, On Road",5/14/21 19:04
7495,814241,1,41.369036,-72.925337,3317337,5/15/21,5:00:00,O,Property Damage Only,O,No Apparent Injury (O),1,Local,0.38,366,MIX AV,MIX AV,,Kaye Vue Drive ,50,Feet,N,1,Clear,2,Dawn,1,Dry,,"Trafficway, On Road",5/15/21 5:00
3742,813894,1,41.369059,-72.915392,3316990,5/15/21,12:19:00,O,Property Damage Only,O,No Apparent Injury (O),2,State,50.66,15,15-S,15-S,,Exit 60,5,TenthsofMile,N,1,Clear,1,Daylight,1,Dry,72600,"Trafficway, On Road",5/15/21 12:19
2455,814243,1,41.403869,-72.898338,3317339,5/15/21,17:44:00,O,Property Damage Only,O,No Apparent Injury (O),2,State,10.27,10,CT-10,10-N,22-E,,,,,1,Clear,1,Daylight,1,Dry,12900,"Trafficway, On Road",5/15/21 17:44
2563,817372,1,41.3386,-72.9371,3320468,5/16/21,16:58:00,O,Property Damage Only,O,No Apparent Injury (O),1,State,5.09,10,CT-10,10-N,,Alstrum St,190,Feet,W,1,Clear,1,Daylight,1,Dry,11200,"Trafficway, On Road",5/16/21 16:58
996,814244,1,41.4052,-72.8985,3317340,5/16/21,20:00:00,A,"Injury of any type (Serious, Minor, Possible)",B,Suspected Minor Injury (B),2,State,10.54,10,CT-10,10-N,,woodruff st,100,Feet,N,1,Clear,3,Dusk,1,Dry,25200,"Trafficway, On Road",5/16/21 20:00
4210,820788,1,41.37819,-72.905291,3323884,5/16/21,22:19:00,O,Property Damage Only,O,No Apparent Injury (O),2,State,0.18,15,15-S,15-S-122,,RT 15,50,Feet,N,1,Clear,5,Dark-Not Lighted,1,Dry,9700,"Trafficway, On Road",5/16/21 22:19
3378,812417,1,41.36552,-72.92323,3315513,5/16/21,22:22:00,O,Property Damage Only,O,No Apparent Injury (O),1,State,50.14,15,15-N,15-N,,Exit 59,6,TenthsofMile,N,1,Clear,5,Dark-Not Lighted,1,Dry,59700,"Trafficway, On Road",5/16/21 22:22
4970,815117,1,41.383446,-72.901857,3318213,5/17/21,8:42:00,O,Property Damage Only,O,No Apparent Injury (O),2,State,3.62,707,WHITNEY AV,707-N,10-N,,,,E,1,Clear,1,Daylight,1,Dry,16800,"Trafficway, On Road",5/17/21 8:42
7732,814245,1,41.35736,-72.933394,3317341,5/17/21,15:01:00,O,Property Damage Only,O,No Apparent Injury (O),2,Local,0.01,388,NOBLE CT,NOBLE CT,,Pond Road,100,Feet,E,1,Clear,1,Daylight,1,Dry,,"Trafficway, On Road",5/17/21 15:01
5437,817373,1,41.38320314,-72.89852186,3320469,5/17/21,16:43:00,O,Property Damage Only,O,No Apparent Injury (O),2,State,0.17,717,DIXWELL AV,717-E,,Washington Ave,100,Feet,E,1,Clear,1,Daylight,1,Dry,18900,"Trafficway, On Road",5/17/21 16:43
997,814246,1,41.413826,-72.902035,3317342,5/17/21,16:52:00,A,"Injury of any type (Serious, Minor, Possible)",C,Possible Injury (C),1,State,10.99,10,CT-10,10-N,SHERMAN AV NO 2,,,,S,1,Clear,1,Daylight,1,Dry,25200,"Trafficway, On Road",5/17/21 16:52
1872,817953,1,41.34312,-72.934641,3321049,5/17/21,19:12:00,O,Property Damage Only,O,No Apparent Injury (O),2,State,5.34,10,CT-10,10-N,SECOND ST,,,,,1,Clear,1,Daylight,1,Dry,21100,"Trafficway, On Road",5/17/21 19:12
6065,814247,1,41.380457,-72.907381,3317343,5/17/21,20:46:00,O,Property Damage Only,O,No Apparent Injury (O),2,Local,0.12,86,CENTERBROOK RD,CENTERBROOK RD,,Worth Ave.,1,TenthsofMile,W,1,Clear,4,Dark-Lighted,1,Dry,,"Trafficway, On Road",5/17/21 20:46
5594,813462,1,41.376631,-72.915448,3316558,5/18/21,7:42:00,O,Property Damage Only,O,No Apparent Injury (O),2,State,0.03,753,CT-10,753-S,SHEPARD AV,,,,,1,Clear,1,Daylight,1,Dry,15700,"Trafficway, On Road",5/18/21 7:42
5685,814249,1,41.398775,-72.904347,3317345,5/18/21,9:48:00,O,Property Damage Only,O,No Apparent Injury (O),2,Local,0.04,626,ANNS FARM RD,ANNS FARM RD,,EVERGREEN,150,Feet,W,1,Clear,1,Daylight,1,Dry,,"Trafficway, On Road",5/18/21 9:48
8497,815118,1,41.40461,-72.92331,3318214,5/19/21,7:52:00,O,Property Damage Only,O,No Apparent Injury (O),2,Local,2.05,489,SHEPARD AV,SHEPARD AV,,TIMBERWOOD TRL,30,Feet,N,2,Cloudy,1,Daylight,1,Dry,,"Trafficway, On Road",5/19/21 7:52
4627,814250,1,41.400008,-72.897516,3317346,5/19/21,7:54:00,O,Property Damage Only,O,No Apparent Injury (O),2,State,0,40,40-S,40-S-6,10-N,,,,S,1,Clear,1,Daylight,1,Dry,2400,"Trafficway, On Road",5/19/21 7:54
3484,813942,1,41.380615,-72.900777,3317038,5/19/21,8:00:00,A,"Injury of any type (Serious, Minor, Possible)",B,Suspected Minor Injury (B),2,State,0.22,15,15-N,15-N-125,,Route 15 Southbound,100,Feet,N,1,Clear,1,Daylight,1,Dry,2500,"Trafficway, On Road",5/19/21 8:00
4759,817374,1,41.352936,-72.891693,3320470,5/19/21,8:34:00,O,Property Damage Only,O,No Apparent Injury (O),2,USRoute,2.85,5,US-5,5-N,SEBEC ST,,,,,1,Clear,1,Daylight,1,Dry,10100,"Trafficway, On Road",5/19/21 8:34
8231,815119,1,41.4386,-72.91063,3318215,5/19/21,8:35:00,A,"Injury of any type (Serious, Minor, Possible)",B,Suspected Minor Injury (B),1,Local,0.24,454,RIVER RD,RIVER RD NO 1,,WHITNEY AVE,226,Feet,W,1,Clear,1,Daylight,1,Dry,,"Trafficway, On Road",5/19/21 8:35
1871,817375,1,41.3432,-72.93474,3320471,5/19/21,10:14:00,O,Property Damage Only,O,No Apparent Injury (O),2,State,5.34,10,CT-10,10-N,SECOND ST,,,,,1,Clear,1,Daylight,1,Dry,21100,"Trafficway, On Road",5/19/21 10:14
4891,817376,1,41.347924,-72.913148,3320472,5/19/21,12:02:00,O,Property Damage Only,O,No Apparent Injury (O),2,State,1.08,707,WHITNEY AV,707-N,TREADWELL ST,,,,S,1,Clear,1,Daylight,1,Dry,17000,"Trafficway, On Road",5/19/21 12:02
9317,815120,1,41.348798,-72.951213,3318216,5/19/21,12:53:00,O,Property Damage Only,O,No Apparent Injury (O),1,Local,0.75,598,WOODIN ST,WOODIN ST,MICHAEL RD,,,,,1,Clear,1,Daylight,1,Dry,,"Trafficway, On Road",5/19/21 12:53
7803,817377,1,41.368661,-72.94225,3320473,5/19/21,12:58:00,O,Property Damage Only,O,No Apparent Injury (O),1,Local,0.11,411,PARADISE AV,PARADISE AV NO 5,,COOPER LA,40,Feet,N,1,Clear,1,Daylight,1,Dry,,"Trafficway, On Road",5/19/21 12:58
4695,814251,1,41.329721,-72.898647,3317347,5/19/21,15:17:00,O,Property Damage Only,O,No Apparent Injury (O),2,USRoute,1.13,5,US-5,5-N,PARK RD,,,,S,1,Clear,1,Daylight,1,Dry,14400,"Trafficway, On Road",5/19/21 15:17
459,815121,1,41.35813,-72.92647,3318217,5/19/21,15:37:00,A,"Injury of any type (Serious, Minor, Possible)",C,Possible Injury (C),2,State,6.64,10,CT-10,10-N,,HILLCREST AVE,250,Feet,N,1,Clear,1,Daylight,1,Dry,27700,"Trafficway, On Road",5/19/21 15:37
9157,815122,1,41.34112,-72.90191,3318218,5/19/21,16:19:00,O,Property Damage Only,O,No Apparent Injury (O),2,Local,0.02,563,WESTCOTT RD,WESTCOTT RD,,RIDGE RD,75,Feet,E,1,Clear,1,Daylight,1,Dry,,"Trafficway, On Road",5/19/21 16:19
9318,815123,1,41.344535,-72.934533,3318219,5/19/21,19:01:00,O,Property Damage Only,O,No Apparent Injury (O),2,Local,1.68,598,WOODIN ST,WOODIN ST,,DIXWELL AVE,50,Feet,W,1,Clear,1,Daylight,1,Dry,,"Trafficway, On Road",5/19/21 19:01
2992,813957,1,41.401267,-72.89751,3317053,5/20/21,7:55:00,A,"Injury of any type (Serious, Minor, Possible)",B,Suspected Minor Injury (B),2,State,10.27,40,CT-10,10-N,40-N,,,,,1,Clear,1,Daylight,1,Dry,,"Trafficway, On Road",5/20/21 7:55
2562,815124,1,41.33838,-72.93893,3318220,5/20/21,8:37:00,A,"Injury of any type (Serious, Minor, Possible)",B,Suspected Minor Injury (B),1,State,4.99,10,CT-10,10-N,,Burke St,66,Feet,E,1,Clear,1,Daylight,1,Dry,11200,"Trafficway, On Road",5/20/21 8:37
3185,815698,1,41.375153,-72.908699,3318794,5/20/21,11:22:00,O,Property Damage Only,O,No Apparent Injury (O),2,State,51.2,15,15-N,15-N,,Exit 61,5,TenthsofMile,S,1,Clear,1,Daylight,1,Dry,72600,"Trafficway, On Road",5/20/21 11:22
6849,815125,1,41.34042,-72.93826,3318221,5/20/21,15:55:00,O,Property Damage Only,O,No Apparent Injury (O),2,Local,0.04,210,GEORGE ST,GEORGE ST,DIX ST,,,,E,1,Clear,1,Daylight,1,Dry,,"Trafficway, On Road",5/20/21 15:55
4209,813963,1,41.378219,-72.905291,3317059,5/20/21,16:34:00,O,Property Damage Only,O,No Apparent Injury (O),2,State,0.17,15,15-S,15-S-122,,Route 15,100,Feet,N,1,Clear,1,Daylight,1,Dry,9700,"Trafficway, On Road",5/20/21 16:34
9316,814510,1,41.34552,-72.94188,3317606,5/20/21,17:15:00,O,Property Damage Only,O,No Apparent Injury (O),2,Local,1.3,598,WOODIN ST,WOODIN ST,,Sunset RD,35,Feet,E,1,Clear,1,Daylight,1,Dry,,"Trafficway, On Road",5/20/21 17:15
9235,813300,1,41.350458,-72.968715,3316396,5/20/21,18:42:00,O,Property Damage Only,O,No Apparent Injury (O),2,,99062,,WINTERGREEN AV,1019 WINTERGREEN AVE,,Carbonells Dr,860,Feet,N,1,Clear,1,Daylight,1,Dry,,"Trafficway, Not on Road",5/20/21 18:42
157,819876,1,41.36595,-72.921704,3322972,5/21/21,6:38:00,O,Property Damage Only,O,No Apparent Injury (O),2,State,7.22,10,CT-10,10-N,,Exit 60 off ramp,50,,S,1,Clear,1,Daylight,1,Dry,33500,"Trafficway, On Road",5/21/21 6:38
4745,815126,1,41.341107,-72.895721,3318222,5/21/21,10:39:00,O,Property Damage Only,O,No Apparent Injury (O),2,USRoute,2.01,5,US-5,5-N,HUBBARD RD,,,,,1,Clear,1,Daylight,1,Dry,11900,"Trafficway, On Road",5/21/21 10:39
5063,820723,1,41.346024,-72.912455,3323819,5/21/21,10:47:00,A,"Injury of any type (Serious, Minor, Possible)",C,Possible Injury (C),2,State,0.94,707,WHITNEY AV,707-N,LAKE RD,,,,,1,Clear,1,Daylight,1,Dry,14300,"Trafficway, On Road",5/21/21 10:47
373,822420,1,41.3597,-72.9262,3325516,5/22/21,12:42:00,A,"Injury of any type (Serious, Minor, Possible)",C,Possible Injury (C),2,State,6.75,10,CT-10,10-N,,Mather St.,250,Feet,N,1,Clear,1,Daylight,1,Dry,31800,"Trafficway, On Road",5/22/21 12:42
6952,815129,1,41.335272,-72.92902,3318225,5/22/21,19:28:00,A,"Injury of any type (Serious, Minor, Possible)",C,Possible Injury (C),2,Local,0.48,222,GOODRICH ST,GOODRICH ST,BUTLER ST,,,,,1,Clear,1,Daylight,1,Dry,,"Trafficway, On Road",5/22/21 19:28
460,817378,1,41.358576,-72.926217,3320474,5/23/21,10:22:00,O,Property Damage Only,O,No Apparent Injury (O),2,State,6.67,10,CT-10,10-N,,Mather Stret,175,Feet,S,1,Clear,1,Daylight,1,Dry,27700,"Trafficway, On Road",5/23/21 10:22
8599,817380,1,41.399508,-72.918331,3320476,5/23/21,15:52:00,O,Property Damage Only,O,No Apparent Injury (O),1,Local,0.69,491,SHERMAN AV,SHERMAN AV NO 1,CREST WAY,,,,,1,Clear,1,Daylight,1,Dry,,"Trafficway, On Road",5/23/21 15:52
1873,817955,1,41.342424,-72.934807,3321051,5/23/21,21:37:00,O,Property Damage Only,O,No Apparent Injury (O),2,State,5.29,10,CT-10,10-N,HAMDEN PARK DR,,,,W,1,Clear,4,Dark-Lighted,1,Dry,21100,"Trafficway, On Road",5/23/21 21:37
5595,820724,1,41.374487,-72.915926,3323820,5/24/21,6:49:00,O,Property Damage Only,O,No Apparent Injury (O),2,State,0.17,753,CT-10,753-S,SKIFF ST,,,,S,1,Clear,1,Daylight,1,Dry,15700,"Trafficway, On Road",5/24/21 6:49
9321,817956,1,41.344517,-72.934492,3321052,5/24/21,10:47:00,O,Property Damage Only,O,No Apparent Injury (O),2,Local,1.69,598,WOODIN ST,WOODIN ST,,DIXWELL AVE,50,Feet,W,1,Clear,1,Daylight,1,Dry,,"Trafficway, On Road",5/24/21 10:47
6537,822421,1,41.44975,-72.94677,3325517,5/24/21,10:48:00,O,Property Damage Only,O,No Apparent Injury (O),1,Local,0.82,148,DOWNES RD,DOWNES RD,,Gaylord Mt. Rd.,5,TenthsofMile,N,1,Clear,1,Daylight,1,Dry,,"Trafficway, On Road",5/24/21 10:48
3743,816131,1,41.37135096,-72.91298269,3319227,5/24/21,10:58:00,O,Property Damage Only,O,No Apparent Injury (O),2,State,50.85,15,15-S,15-S,,Exit 60,5,TenthsofMile,N,1,Clear,1,Daylight,1,Dry,72600,"Trafficway, On Road",5/24/21 10:58
8209,817381,1,41.33721,-72.90205,3320477,5/25/21,9:24:00,A,"Injury of any type (Serious, Minor, Possible)",C,Possible Injury (C),2,Local,0.15,452,RIDGE RD,RIDGE RD,PARK RD,,,,,1,Clear,1,Daylight,1,Dry,,"Trafficway, On Road",5/25/21 9:24
1060,817382,1,41.34815,-72.93285,3320478,5/25/21,10:24:00,A,"Injury of any type (Serious, Minor, Possible)",B,Suspected Minor Injury (B),2,State,5.71,10,CT-10,10-N,SCOTT ST,,,,,1,Clear,1,Daylight,1,Dry,24700,"Trafficway, On Road",5/25/21 10:24
6301,817384,1,41.366666,-72.918429,3320480,5/25/21,11:27:00,O,Property Damage Only,O,No Apparent Injury (O),2,Local,0.14,111,CONNOLLY PKWY,CONNOLLY PKWY,,DIXWELL AVE,630,Feet,E,1,Clear,1,Daylight,1,Dry,,"Trafficway, On Road",5/25/21 11:27
5940,818973,1,41.3314,-72.8981,3322069,5/25/21,14:50:00,O,Property Damage Only,O,No Apparent Injury (O),2,Local,0.09,43,BENTON ST,BENTON ST,,Welton street,200,Feet,E,1,Clear,1,Daylight,1,Dry,,"Trafficway, On Road",5/25/21 14:50
367,817385,1,41.362661,-72.9238,3320481,5/25/21,15:14:00,O,Property Damage Only,O,No Apparent Injury (O),2,State,6.8,10,CT-10,10-N,BENHAM ST,,,,,1,Clear,1,Daylight,1,Dry,31800,"Trafficway, On Road",5/25/21 15:14
6479,818629,1,41.338243,-72.935171,3321725,5/26/21,1:49:00,A,"Injury of any type (Serious, Minor, Possible)",B,Suspected Minor Injury (B),2,Local,0.2,142,DIXWELL AV,DIXWELL AV NO 1,10-N,,,,,1,Clear,4,Dark-Lighted,1,Dry,,"Trafficway, On Road",5/26/21 1:49
3678,815742,1,41.36482,-72.928,3318838,5/26/21,7:29:00,O,Property Damage Only,O,No Apparent Injury (O),2,State,49.89,15,15-S,15-S,,ROUTE 10,1745,Feet,S,1,Clear,1,Daylight,1,Dry,77800,"Trafficway, On Road",5/26/21 7:29
998,817386,1,41.404478,-72.898501,3320482,5/26/21,14:22:00,O,Property Damage Only,O,No Apparent Injury (O),2,State,10.5,10,CT-10,10-N,,IVES ST,200,Feet,N,1,Clear,1,Daylight,1,Dry,25200,"Trafficway, On Road",5/26/21 14:22
1061,817387,1,41.345882,-72.934063,3320483,5/26/21,15:06:00,O,Property Damage Only,O,No Apparent Injury (O),2,State,5.71,10,CT-10,10-N,,PUTNAM AVE,100,Feet,S,1,Clear,1,Daylight,1,Dry,24700,"Trafficway, On Road",5/26/21 15:06