,CrashId,Fatal Case Status,lat,lon,DOT Case Number,Date Of Crash,Time of Crash,Crash Severity,Crash Severity Text Format,Most Severe Injury,Most Severe Injury Text Format,Number Of Motor Vehicles,Route Class Text Format,Milemarker,Road Number,Road Description,Roadway Name,Intersecting Roadway Name,Landmark Description,Distance From Nearest Landmark,Unit Of Measure From Nearest Landmark,Direction From Nearest Landmark,Weather Condition,Weather Condition Text Format,Light Condition,Light Condition Text Format,Road Surface Condition,Road Surface Condition Text Format,Average Daily Traffic,Trafficway Class Text Format,full_date
3245,833880,1,41.379388,-72.902973,3336972,5/27/21,13:50:00,A,"Injury of any type (Serious, Minor, Possible)",A,Suspected Serious Injury (A),1,State,51.63,15,15-N,15-N,,exit 61,1,TenthsofMile,S,1,Clear,1,Daylight,1,Dry,70900,"Trafficway, On Road",5/27/21 13:50
9319,817388,1,41.346215,-72.945603,3320484,5/27/21,16:39:00,O,Property Damage Only,O,No Apparent Injury (O),2,Local,1.11,598,WOODIN ST,WOODIN ST,PINE ROCK AV NO 2,,,,,1,Clear,1,Daylight,1,Dry,,"Trafficway, On Road",5/27/21 16:39
9320,817389,1,41.345492,-72.936844,3320485,5/27/21,17:22:00,O,Property Damage Only,O,No Apparent Injury (O),2,Local,1.57,598,WOODIN ST,WOODIN ST,MURRAY ST,,,,,1,Clear,1,Daylight,1,Dry,,"Trafficway, On Road",5/27/21 17:22
6748,815130,1,41.342462,-72.935302,3318226,5/27/21,19:49:00,O,Property Damage Only,O,No Apparent Injury (O),2,Local,0.03,190,FIRST ST,FIRST ST,,DIXWELL AVE,75,Feet,W,1,Clear,1,Daylight,1,Dry,,"Trafficway, On Road",5/27/21 19:49
3156,817590,1,41.363472,-72.929848,3320686,5/28/21,5:58:00,O,Property Damage Only,O,No Apparent Injury (O),1,State,49.75,15,15-N,15-N,,EXIT #60,3,TenthsofMile,S,1,Clear,2,Dawn,1,Dry,77800,"Trafficway, On Road",5/28/21 5:58
6355,820725,1,41.342116,-72.911427,3323821,5/28/21,14:34:00,O,Property Damage Only,O,No Apparent Injury (O),2,Local,0.72,128,DAVIS ST,DAVIS ST,,Eli Rd,25,Feet,E,1,Clear,1,Daylight,1,Dry,,"Trafficway, On Road",5/28/21 14:34
3485,819522,1,41.380636,-72.900755,3322618,5/28/21,15:28:00,O,Property Damage Only,O,No Apparent Injury (O),2,State,0.22,15,15-N,15-N-125,,Rt 15,50,Feet,S,1,Clear,1,Daylight,1,Dry,2500,"Trafficway, On Road",5/28/21 15:28
3186,817599,1,41.377249,-72.906576,3320695,5/28/21,16:53:00,O,Property Damage Only,O,No Apparent Injury (O),2,State,51.39,15,15-N,15-N,,Exit 61,5,TenthsofMile,S,2,Cloudy,1,Daylight,1,Dry,72600,"Trafficway, On Road",5/28/21 16:53
4095,862369,1,41.365572,-72.923734,3364468,5/28/21,20:16:00,O,Property Damage Only,O,No Apparent Injury (O),2,State,50.14,15,15-S,15-S,,Route 10,1,TenthsofMile,W,4,Rain,4,Dark-Lighted,2,Wet,59700,"Trafficway, On Road",5/28/21 20:16
368,817391,1,41.360596,-72.924917,3320487,5/29/21,12:57:00,O,Property Damage Only,O,No Apparent Injury (O),2,State,6.82,10,CT-10,10-N,,LEE ST. ,30,Feet,E,4,Rain,1,Daylight,2,Wet,31800,"Trafficway, On Road",5/29/21 12:57
9322,817957,1,41.345544,-72.94202,3321053,5/30/21,14:39:00,A,"Injury of any type (Serious, Minor, Possible)",C,Possible Injury (C),2,Local,1.29,598,WOODIN ST,WOODIN ST,SUNSET RD,,,,,4,Rain,1,Daylight,2,Wet,,"Trafficway, On Road",5/30/21 14:39
2106,817958,1,41.439965,-72.910342,3321054,5/30/21,15:22:00,O,Property Damage Only,O,No Apparent Injury (O),1,State,13.02,10,CT-10,10-N,,RIVER RD,1,TenthsofMile,N,4,Rain,1,Daylight,2,Wet,17500,"Trafficway, On Road",5/30/21 15:22
8232,817959,1,41.43964,-72.914763,3321055,5/30/21,17:03:00,A,"Injury of any type (Serious, Minor, Possible)",C,Possible Injury (C),2,Local,0.01,454,RIVER RD,RIVER RD NO 1,,Still Hill Road,50,Feet,W,4,Rain,1,Daylight,2,Wet,,"Trafficway, On Road",5/30/21 17:03
7339,822423,1,41.439357,-72.904203,3325519,5/30/21,22:12:00,A,"Injury of any type (Serious, Minor, Possible)",B,Suspected Minor Injury (B),1,Local,0.23,337,MACARTHUR DR,MACARTHUR DR,RIVER RD NO 2,,,,S,2,Cloudy,4,Dark-Lighted,2,Wet,,"Trafficway, On Road",5/30/21 22:12
9323,817960,1,41.345509,-72.941981,3321056,5/31/21,6:12:00,A,"Injury of any type (Serious, Minor, Possible)",C,Possible Injury (C),2,Local,1.29,598,WOODIN ST,WOODIN ST,SUNSET RD,,,,,1,Clear,1,Daylight,1,Dry,,"Trafficway, On Road",5/31/21 6:12
369,817961,1,41.362444,-72.923982,3321057,5/31/21,10:58:00,O,Property Damage Only,O,No Apparent Injury (O),2,State,6.96,10,CT-10,10-N,,Benham St.,100,Feet,S,2,Cloudy,1,Daylight,1,Dry,31800,"Trafficway, On Road",5/31/21 10:58
5325,817962,1,41.358943,-72.909828,3321058,5/31/21,12:22:00,O,Property Damage Only,O,No Apparent Injury (O),2,State,1.89,707,WHITNEY AV,707-N,,Park Ave.,100,Feet,N,2,Cloudy,1,Daylight,1,Dry,11700,"Trafficway, On Road",5/31/21 12:22
4202,817895,1,41.36619839,-72.92361542,3320991,5/31/21,14:29:00,O,Property Damage Only,O,No Apparent Injury (O),2,State,0.05,15,15-S,15-S-119,,Exit 60,5,TenthsofMile,S,1,Clear,1,Daylight,1,Dry,9700,"Trafficway, On Road",5/31/21 14:29
9324,817963,1,41.345509,-72.941981,3321059,5/31/21,15:04:00,A,"Injury of any type (Serious, Minor, Possible)",B,Suspected Minor Injury (B),2,Local,1.29,598,WOODIN ST,WOODIN ST,SUNSET RD,,,,,1,Clear,1,Daylight,1,Dry,,"Trafficway, On Road",5/31/21 15:04
2245,819877,1,41.383431,-72.902328,3322973,5/31/21,16:17:00,O,Property Damage Only,O,No Apparent Injury (O),2,State,8.96,10,CT-10,10-N,,Whitney Ave,112,Feet,W,1,Clear,1,Daylight,1,Dry,16900,Unknown,5/31/21 16:17
3379,819037,1,41.36552,-72.92323,3322133,6/1/21,6:15:00,A,"Injury of any type (Serious, Minor, Possible)",C,Possible Injury (C),1,State,50.14,15,15-N,15-N,,EXIT #60,3,TenthsofMile,S,1,Clear,4,Dark-Lighted,1,Dry,59700,"Trafficway, On Road",6/1/21 6:15
370,817964,1,41.363737,-72.923162,3321060,6/1/21,14:42:00,A,"Injury of any type (Serious, Minor, Possible)",C,Possible Injury (C),2,State,6.88,10,CT-10,10-N,WHEELER ST,,,,,1,Clear,1,Daylight,1,Dry,31800,"Trafficway, On Road",6/1/21 14:42
5326,817965,1,41.36022,-72.909546,3321061,6/1/21,21:02:00,A,"Injury of any type (Serious, Minor, Possible)",B,Suspected Minor Injury (B),2,State,1.98,707,WHITNEY AV,707-N,,Hawthorne Avenue,100,Feet,N,1,Clear,4,Dark-Lighted,1,Dry,11700,"Trafficway, On Road",6/1/21 21:02
3957,838037,1,41.378231,-72.905316,3341129,6/2/21,7:07:00,O,Property Damage Only,O,No Apparent Injury (O),2,State,51.47,15,15-S,15-S,EXIT 61,,,,,1,Clear,1,Daylight,1,Dry,68700,"Trafficway, On Road",6/2/21 7:07
8498,817966,1,41.401328,-72.923987,3321062,6/2/21,11:09:00,O,Property Damage Only,O,No Apparent Injury (O),2,Local,1.82,489,SHEPARD AV,SHEPARD AV,WEST SHEPARD AV,,,,,1,Clear,1,Daylight,1,Dry,,"Trafficway, On Road",6/2/21 11:09
461,817967,1,41.354142,-72.929596,3321063,6/2/21,13:41:00,O,Property Damage Only,O,No Apparent Injury (O),3,State,6.32,10,CT-10,10-N,,Treadwell St.,50,Feet,N,1,Clear,1,Daylight,1,Dry,27700,"Trafficway, On Road",6/2/21 13:41
7497,822159,1,41.36463,-72.929203,3325255,6/2/21,17:49:00,A,"Injury of any type (Serious, Minor, Possible)",C,Possible Injury (C),2,Local,0.01,366,MIX AV,MIX AV,,BENHAM ST.,15,Feet,N,1,Clear,1,Daylight,1,Dry,,"Trafficway, On Road",6/2/21 17:49
1602,817968,1,41.346781,-72.933603,3321064,6/3/21,12:05:00,O,Property Damage Only,O,No Apparent Injury (O),2,State,5.77,10,CT-10,10-N,,PUTNAM AVE,150,Feet,N,4,Rain,1,Daylight,2,Wet,22400,"Trafficway, On Road",6/3/21 12:05
5941,823166,1,41.35791,-72.91459,3326260,6/3/21,13:09:00,O,Property Damage Only,O,No Apparent Injury (O),2,Local,0.04,45,BEVERLY RD,BEVERLY RD,,Corham Ave.,265,Feet,W,1,Clear,1,Daylight,1,Dry,,"Trafficway, On Road",6/3/21 13:09
7392,819878,1,41.355608,-72.920495,3322974,6/3/21,14:46:00,O,Property Damage Only,O,No Apparent Injury (O),1,Local,0.64,352,MATHER ST,MATHER ST,,WAITE ST.,200,Feet,S,2,Cloudy,1,Daylight,1,Dry,,"Trafficway, On Road",6/3/21 14:46
5062,819879,1,41.34571,-72.91245,3322975,6/3/21,16:40:00,O,Property Damage Only,O,No Apparent Injury (O),2,State,0.92,707,WHITNEY AV,707-N,,Putnam Ave,107,Feet,S,2,Cloudy,1,Daylight,1,Dry,14300,"Trafficway, On Road",6/3/21 16:40
7707,819880,1,41.341718,-72.925848,3322976,6/4/21,7:00:00,O,Property Damage Only,O,No Apparent Injury (O),2,Local,0.14,385,NEWHALL ST,NEWHALL ST,AUGUR ST,,,,E,1,Clear,1,Daylight,1,Dry,,"Trafficway, On Road",6/4/21 7:00
7496,819881,1,41.36968,-72.92495,3322977,6/4/21,15:07:00,O,Property Damage Only,O,No Apparent Injury (O),2,Local,0.43,366,MIX AV,MIX AV,,Benham Street,5,TenthsofMile,N,1,Clear,1,Daylight,1,Dry,,"Trafficway, On Road",6/4/21 15:07
5472,819882,1,41.38331,-72.90028,3322978,6/4/21,15:56:00,O,Property Damage Only,O,No Apparent Injury (O),2,State,0.08,717,DIXWELL AV,717-E,,Washington Avenue,100,Feet,E,1,Clear,1,Daylight,1,Dry,15700,"Trafficway, On Road",6/4/21 15:56
2246,822160,1,41.384476,-72.90153,3325256,6/4/21,17:43:00,O,Property Damage Only,O,No Apparent Injury (O),2,State,8.88,10,CT-10,10-N,SCHOOL ST,,,,,1,Clear,1,Daylight,1,Dry,16900,"Trafficway, On Road",6/4/21 17:43
462,817969,1,41.354132,-72.929603,3321065,6/4/21,21:36:00,O,Property Damage Only,O,No Apparent Injury (O),2,State,6.32,10,CT-10,10-N,,Treadwell St,10,Feet,N,1,Clear,4,Dark-Lighted,1,Dry,27700,"Trafficway, On Road",6/4/21 21:36
3187,827654,1,41.377347,-72.906184,3330747,6/4/21,22:02:00,O,Property Damage Only,O,No Apparent Injury (O),2,State,51.41,15,15-N,15-N,,Exit 61,3,TenthsofMile,S,1,Clear,5,Dark-Not Lighted,1,Dry,72600,"Trafficway, On Road",6/4/21 22:02
2410,822161,1,41.39534,-72.896831,3325257,6/5/21,1:06:00,O,Property Damage Only,O,No Apparent Injury (O),1,State,9.86,10,CT-10,10-N,,GLENHAM RD,260,Feet,N,3,"Fog, Smog, Smoke",4,Dark-Lighted,1,Dry,14700,"Trafficway, On Road",6/5/21 1:06
6313,822899,1,41.369279,-72.943482,3325995,6/5/21,4:06:00,O,Property Damage Only,O,No Apparent Injury (O),2,Local,0.37,114,COOPER LA,COOPER LA,,Megin Dr,20,Feet,N,3,"Fog, Smog, Smoke",4,Dark-Lighted,1,Dry,,"Trafficway, On Road",6/5/21 4:06
999,817970,1,41.411263,-72.901076,3321066,6/5/21,8:34:00,A,"Injury of any type (Serious, Minor, Possible)",B,Suspected Minor Injury (B),2,State,10.81,10,CT-10,10-N,RENSHAW RD,,,,,1,Clear,1,Daylight,1,Dry,25200,"Trafficway, On Road",6/5/21 8:34
463,817971,1,41.354727,-72.929242,3321067,6/5/21,15:03:00,O,Property Damage Only,O,No Apparent Injury (O),2,State,6.36,10,CT-10,10-N,,Cumley St,100,Feet,N,1,Clear,1,Daylight,1,Dry,27700,"Trafficway, On Road",6/5/21 15:03
465,824573,1,41.354675,-72.929246,3327666,6/5/21,21:16:00,A,"Injury of any type (Serious, Minor, Possible)",A,Suspected Serious Injury (A),2,State,6.36,10,CT-10,10-N,,Treadwell Street,100,Feet,N,1,Clear,4,Dark-Lighted,1,Dry,27700,"Trafficway, On Road",6/5/21 21:16
6480,822162,1,41.338263,-72.935111,3325258,6/5/21,22:57:00,O,Property Damage Only,O,No Apparent Injury (O),2,Local,0.2,142,DIXWELL AV,DIXWELL AV NO 1,10-N,,,,,1,Clear,4,Dark-Lighted,1,Dry,,"Trafficway, On Road",6/5/21 22:57
1875,823167,1,41.346275,-72.93386,3326261,6/6/21,5:07:00,O,Property Damage Only,O,No Apparent Injury (O),2,State,5.56,10,CT-10,10-N,PUTNAM AV,,,,,1,Clear,4,Dark-Lighted,1,Dry,21100,"Trafficway, On Road",6/6/21 5:07
5327,817972,1,41.363142,-72.908928,3321068,6/6/21,12:39:00,O,Property Damage Only,O,No Apparent Injury (O),2,State,2.18,707,WHITNEY AV,707-N,ARDMORE ST,,,,W,1,Clear,1,Daylight,1,Dry,11700,"Trafficway, On Road",6/6/21 12:39
2025,822163,1,41.382904,-72.907787,3325259,6/6/21,15:13:00,O,Property Damage Only,O,No Apparent Injury (O),2,State,8.67,10,CT-10,10-N,,Colony Street,100,Feet,N,1,Clear,1,Daylight,1,Dry,18300,"Trafficway, On Road",6/6/21 15:13
700,820924,1,41.420788,-72.904647,3324020,6/7/21,9:35:00,O,Property Damage Only,O,No Apparent Injury (O),2,State,11.48,10,CT-10,10-N,WEST WOODS RD NO 1,,,,,1,Clear,1,Daylight,1,Dry,25700,"Trafficway, On Road",6/7/21 9:35
4971,819883,1,41.380355,-72.902984,3322979,6/7/21,14:57:00,A,"Injury of any type (Serious, Minor, Possible)",C,Possible Injury (C),2,State,3.41,707,WHITNEY AV,707-N,,WORTH AVENUE,120,Feet,S,1,Clear,1,Daylight,1,Dry,16800,"Trafficway, On Road",6/7/21 14:57
7804,820726,1,41.373437,-72.939376,3323822,6/8/21,5:52:00,O,Property Damage Only,O,No Apparent Injury (O),1,Local,0.48,411,PARADISE AV,PARADISE AV NO 5,,250 Paradise Avenue ,20,Feet,N,1,Clear,1,Daylight,1,Dry,,"Trafficway, On Road",6/8/21 5:52
1874,819884,1,41.346275,-72.93386,3322980,6/8/21,9:29:00,O,Property Damage Only,O,No Apparent Injury (O),2,State,5.56,10,CT-10,10-N,PUTNAM AV,,,,N,1,Clear,1,Daylight,1,Dry,21100,"Trafficway, On Road",6/8/21 9:29
6076,820727,1,41.335657,-72.936393,3323823,6/8/21,13:00:00,O,Property Damage Only,O,No Apparent Injury (O),2,Local,0.06,92,CHERRY ANN ST,CHERRY ANN ST,ALSTRUM ST,,,,,1,Clear,1,Daylight,1,Dry,,"Trafficway, On Road",6/8/21 13:00
1518,819885,1,41.356027,-72.928052,3322981,6/8/21,14:04:00,A,"Injury of any type (Serious, Minor, Possible)",C,Possible Injury (C),2,State,6.31,10,CT-10,10-N,FOCH ST,,,,,1,Clear,1,Daylight,1,Dry,22600,"Trafficway, On Road",6/8/21 14:04
3298,819580,1,41.380668,-72.900752,3322676,6/8/21,15:51:00,O,Property Damage Only,O,No Apparent Injury (O),2,State,51.76,15,15-N,15-N,,15-N-125,15,Feet,N,1,Clear,1,Daylight,1,Dry,67400,"Trafficway, On Road",6/8/21 15:51
6069,819886,1,41.360218,-72.913556,3322982,6/8/21,22:37:00,O,Property Damage Only,O,No Apparent Injury (O),2,Local,0.2,87,CENTRAL AV,CENTRAL AV,,Weaton St.,50,Feet,E,1,Clear,4,Dark-Lighted,1,Dry,,"Trafficway, On Road",6/8/21 22:37
7708,824574,1,41.338,-72.9262,3327667,6/9/21,6:07:00,O,Property Damage Only,O,No Apparent Injury (O),3,Local,0.39,385,NEWHALL ST,NEWHALL ST,,Newberry St,10,Feet,S,1,Clear,4,Dark-Lighted,1,Dry,,"Trafficway, On Road",6/9/21 6:07
5473,819887,1,41.383121,-72.899079,3322983,6/9/21,8:17:00,O,Property Damage Only,O,No Apparent Injury (O),2,State,0.14,717,DIXWELL AV,717-E,WASHINGTON AV,,,,,1,Clear,1,Daylight,1,Dry,15700,"Trafficway, On Road",6/9/21 8:17
7593,832406,1,41.337371,-72.9294,3335498,6/9/21,11:31:00,O,Property Damage Only,O,No Apparent Injury (O),2,Local,0.3,370,MORSE ST,MORSE ST,,Shelton Av,25,Feet,E,1,Clear,1,Daylight,1,Dry,,"Trafficway, On Road",6/9/21 11:31
1519,819888,1,41.34883167,-72.93235286,3322984,6/9/21,13:29:00,O,Property Damage Only,O,No Apparent Injury (O),2,State,5.92,10,CT-10,10-N,,Newton St.,50,Feet,N,1,Clear,1,Daylight,1,Dry,22600,"Trafficway, On Road",6/9/21 13:29
4760,819889,1,41.342324,-72.895306,3322985,6/10/21,0:41:00,A,"Injury of any type (Serious, Minor, Possible)",B,Suspected Minor Injury (B),1,USRoute,2.1,5,US-5,5-N,,Fernwood Rd.,740,Feet,S,1,Clear,4,Dark-Lighted,1,Dry,10100,Non-trafficway,6/10/21 0:41
7331,820728,1,41.347386,-72.947806,3323824,6/10/21,6:25:00,O,Property Damage Only,O,No Apparent Injury (O),1,Local,0.01,327,LOLLER RD,LOLLER RD,,Woodin Street,28,Feet,N,1,Clear,1,Daylight,1,Dry,,"Trafficway, On Road",6/10/21 6:25
5734,819890,1,41.342967,-72.918609,3322986,6/10/21,13:00:00,O,Property Damage Only,O,No Apparent Injury (O),1,Local,0.34,21,AUGUR ST,AUGUR ST,,Francis Ave.,60,Feet,E,1,Clear,1,Daylight,1,Dry,,"Trafficway, On Road",6/10/21 13:00
8103,819891,1,41.346275,-72.93386,3322987,6/10/21,16:56:00,O,Property Damage Only,O,No Apparent Injury (O),2,Local,1.18,439,PUTNAM AV,PUTNAM AV,,DIXWELL AVE. ,150,Feet,E,1,Clear,1,Daylight,1,Dry,,"Trafficway, On Road",6/10/21 16:56
5880,819892,1,41.364491,-72.929247,3322988,6/10/21,18:34:00,O,Property Damage Only,O,No Apparent Injury (O),2,Local,0.3,42,BENHAM ST,BENHAM ST,MIX AV,,,,S,1,Clear,1,Daylight,1,Dry,,"Trafficway, On Road",6/10/21 18:34
7948,825558,1,41.341688,-72.945406,3328651,6/11/21,1:12:00,O,Property Damage Only,O,No Apparent Injury (O),2,Local,0.38,664,PINE ROCK AV,PINE ROCK AV NO 2,,Arch St,200,Feet,N,1,Clear,5,Dark-Not Lighted,1,Dry,,"Trafficway, On Road",6/11/21 1:12
464,822164,1,41.357358,-72.926977,3325260,6/11/21,8:50:00,A,"Injury of any type (Serious, Minor, Possible)",C,Possible Injury (C),2,State,6.4,10,CT-10,10-N,HAIG ST,,,,,1,Clear,1,Daylight,1,Dry,27700,"Trafficway, On Road",6/11/21 8:50
6953,827870,1,41.335272,-72.92902,3330963,6/11/21,11:58:00,A,"Injury of any type (Serious, Minor, Possible)",C,Possible Injury (C),3,Local,0.48,222,GOODRICH ST,GOODRICH ST,BUTLER ST,,,,S,1,Clear,1,Daylight,1,Dry,,"Trafficway, Not on Road",6/11/21 11:58
8841,819893,1,41.432936,-72.927656,3322989,6/11/21,14:42:00,A,"Injury of any type (Serious, Minor, Possible)",C,Possible Injury (C),2,Local,0.91,507,STILL HILL RD,STILL HILL RD,WEST TODD ST,,,,,1,Clear,1,Daylight,1,Dry,,"Trafficway, On Road",6/11/21 14:42
6777,822165,1,41.385424,-72.928497,3325261,6/11/21,17:11:00,O,Property Damage Only,O,No Apparent Injury (O),2,Local,0.2,197,FOUR ROD RD,FOUR ROD RD,EARL AV,,,,,1,Clear,1,Daylight,1,Dry,,"Trafficway, On Road",6/11/21 17:11
1062,820729,1,41.346275,-72.93386,3323825,6/11/21,17:30:00,O,Property Damage Only,O,No Apparent Injury (O),3,State,5.74,10,CT-10,10-N,,WOODIN ST.,20,Feet,N,1,Clear,1,Daylight,1,Dry,24700,"Trafficway, On Road",6/11/21 17:30
6258,837850,1,41.348601,-72.917431,3340942,6/11/21,19:49:00,O,Property Damage Only,O,No Apparent Injury (O),2,Local,0.17,102,CLIFFORD ST,CLIFFORD ST,TREADWELL ST,,,,,1,Clear,1,Daylight,1,Dry,,"Trafficway, On Road",6/11/21 19:49
7111,822166,1,41.343385,-72.906356,3325262,6/11/21,20:06:00,A,"Injury of any type (Serious, Minor, Possible)",C,Possible Injury (C),2,Local,0.34,242,HARTFORD TPK,HARTFORD TPK,KILLDEER RD,,,,,1,Clear,3,Dusk,1,Dry,,"Trafficway, On Road",6/11/21 20:06
7197,819895,1,41.396149,-72.93942,3322991,6/11/21,23:09:00,O,Property Damage Only,O,No Apparent Injury (O),2,Local,1.03,261,HILL ST,HILL ST,,Dunbar Hill Rd,100,Feet,W,1,Clear,5,Dark-Not Lighted,1,Dry,,"Trafficway, On Road",6/11/21 23:09
2322,819896,1,41.386124,-72.900959,3322992,6/12/21,12:27:00,O,Property Damage Only,O,No Apparent Injury (O),2,State,9,10,CT-10,10-N,COLONIAL DR,,,,,1,Clear,1,Daylight,1,Dry,16500,"Trafficway, On Road",6/12/21 12:27
4645,822167,1,41.420328,-72.900975,3325263,6/12/21,23:50:00,A,"Injury of any type (Serious, Minor, Possible)",C,Possible Injury (C),1,State,0.19,453,MOUNT CARMEL AV,453-E,,Whitney Ave,1000,Feet,E,1,Clear,5,Dark-Not Lighted,1,Dry,8700,"Trafficway, On Road",6/12/21 23:50
3745,820688,1,41.377831,-72.905642,3323784,6/13/21,11:16:00,O,Property Damage Only,O,No Apparent Injury (O),2,State,51.43,15,15-S,15-S,,exit 61,1,TenthsofMile,S,1,Clear,1,Daylight,1,Dry,72600,"Trafficway, On Road",6/13/21 11:16
6031,819897,1,41.335129,-72.92923157,3322993,6/13/21,21:49:00,O,Property Damage Only,O,No Apparent Injury (O),2,Local,0.09,72,BUTLER ST,BUTLER ST,,Goodrich Street ,20,Feet,S,1,Clear,4,Dark-Lighted,1,Dry,,"Trafficway, On Road",6/13/21 21:49
7110,821722,1,41.341307,-72.907539,3324818,6/13/21,21:51:00,O,Property Damage Only,O,No Apparent Injury (O),2,Local,0.19,242,HARTFORD TPK,HARTFORD TPK,DAVIS ST,,,,E,1,Clear,4,Dark-Lighted,1,Dry,,"Trafficway, On Road",6/13/21 21:51
5686,822168,1,41.4008,-72.9107,3325264,6/13/21,23:11:00,O,Property Damage Only,O,No Apparent Injury (O),1,Local,0.5,626,ANNS FARM RD,ANNS FARM RD,,Read Road ,100,Feet,S,1,Clear,4,Dark-Lighted,1,Dry,,"Trafficway, On Road",6/13/21 23:11
1520,819898,1,41.354015,-72.929695,3322994,6/14/21,9:17:00,A,"Injury of any type (Serious, Minor, Possible)",C,Possible Injury (C),1,State,6.13,10,CT-10,10-N,TREADWELL ST,,,,,4,Rain,1,Daylight,2,Wet,22600,"Trafficway, On Road",6/14/21 9:17
2564,822169,1,41.382377,-72.910169,3325265,6/14/21,12:00:00,O,Property Damage Only,O,No Apparent Injury (O),2,State,8.37,10,CT-10,10-N,THOMPSON ST,,,,,4,Rain,1,Daylight,2,Wet,11200,"Trafficway, On Road",6/14/21 12:00
8260,822170,1,41.356422,-72.929169,3325266,6/15/21,8:42:00,O,Property Damage Only,O,No Apparent Injury (O),2,Local,0.06,472,SAINT JAMES ST,SAINT JAMES ST,SAVOY ST,,,,,1,Clear,1,Daylight,1,Dry,,"Trafficway, On Road",6/15/21 8:42
371,822171,1,41.36246,-72.92395,3325267,6/15/21,10:27:00,O,Property Damage Only,O,No Apparent Injury (O),2,State,6.8,10,CT-10,10-N,BENHAM ST,,10,Feet,S,1,Clear,1,Daylight,1,Dry,31800,"Trafficway, On Road",6/15/21 10:27
1000,822172,1,41.409371,-72.900419,3325268,6/15/21,15:57:00,A,"Injury of any type (Serious, Minor, Possible)",C,Possible Injury (C),2,State,10.85,10,CT-10,10-N,,EVERGREEN AVE.,75,Feet,S,1,Clear,1,Daylight,1,Dry,25200,"Trafficway, On Road",6/15/21 15:57
5474,822173,1,41.383121,-72.899079,3325269,6/15/21,17:49:00,O,Property Damage Only,O,No Apparent Injury (O),2,State,0.14,717,DIXWELL AV,717-E,WASHINGTON AV,,,,E,1,Clear,1,Daylight,1,Dry,15700,"Trafficway, On Road",6/15/21 17:49
372,822174,1,41.361814,-72.924259,3325270,6/15/21,18:56:00,O,Property Damage Only,O,No Apparent Injury (O),2,State,6.74,10,CT-10,10-N,ROBERT ST,,,,W,1,Clear,1,Daylight,1,Dry,31800,"Trafficway, On Road",6/15/21 18:56
5713,822175,1,41.33759,-72.91892,3325271,6/15/21,19:06:00,O,Property Damage Only,O,No Apparent Injury (O),1,Local,0.41,17,ARMORY ST,ARMORY ST,PROSPECT ST,,,,,1,Clear,1,Daylight,1,Dry,,"Trafficway, On Road",6/15/21 19:06
8724,823168,1,41.37111,-72.906563,3326262,6/15/21,20:38:00,O,Property Damage Only,O,No Apparent Injury (O),2,Local,0.01,494,SKIFF ST,SKIFF ST,,WHITNEY AVE,10,Feet,N,1,Clear,1,Daylight,1,Dry,,"Trafficway, On Road",6/15/21 20:38
5064,822176,1,41.3394,-72.91287,3325272,6/16/21,9:29:00,O,Property Damage Only,O,No Apparent Injury (O),1,State,0.48,707,WHITNEY AV,707-N,,,,,,1,Clear,1,Daylight,1,Dry,14300,"Trafficway, On Road",6/16/21 9:29
1714,822177,1,41.37235,-72.91732,3325273,6/16/21,12:10:00,O,Property Damage Only,O,No Apparent Injury (O),2,State,7.72,10,CT-10,10-N,,SKIFF ST,860,Feet,S,1,Clear,1,Daylight,1,Dry,22000,"Trafficway, On Road",6/16/21 12:10
5597,830123,1,41.374487,-72.915926,3333215,6/16/21,12:43:00,O,Property Damage Only,O,No Apparent Injury (O),2,State,0.17,753,CT-10,753-S,SKIFF ST,,,,,1,Clear,1,Daylight,1,Dry,15700,"Trafficway, On Road",6/16/21 12:43
3914,822287,1,41.378914,-72.903866,3325383,6/16/21,13:59:00,O,Property Damage Only,O,No Apparent Injury (O),2,State,51.59,15,15-S,15-S,,Exit 61,5,Feet,S,1,Clear,1,Daylight,1,Dry,70900,"Trafficway, On Road",6/16/21 13:59
6694,822178,1,41.34529,-72.94083,3325274,6/16/21,14:31:00,O,Property Damage Only,O,No Apparent Injury (O),2,Local,0.48,176,FAIRVIEW AV,FAIRVIEW AV,,Woodin St,15,Feet,S,1,Clear,1,Daylight,1,Dry,,"Trafficway, On Road",6/16/21 14:31
4593,822179,1,41.40127,-72.89767,3325275,6/16/21,15:36:00,O,Property Damage Only,O,No Apparent Injury (O),2,State,3.08,40,40-N,40-N,10-N,,,,,1,Clear,1,Daylight,1,Dry,20600,"Trafficway, On Road",6/16/21 15:36
9035,822180,1,41.38841,-72.89775,3325276,6/16/21,17:39:00,O,Property Damage Only,O,No Apparent Injury (O),2,Local,0.36,554,WASHINGTON AV,WASHINGTON AV,,Lincoln St,100,Feet,N,1,Clear,1,Daylight,1,Dry,,"Trafficway, On Road",6/16/21 17:39
7591,822181,1,41.33691,-72.92567,3325277,6/16/21,17:57:00,A,"Injury of any type (Serious, Minor, Possible)",B,Suspected Minor Injury (B),3,Local,0.49,370,MORSE ST,MORSE ST,,Newhall St.,221,Feet,E,1,Clear,1,Daylight,1,Dry,,"Trafficway, On Road",6/16/21 17:57
6457,822182,1,41.37885,-72.91009,3325278,6/17/21,9:18:00,O,Property Damage Only,O,No Apparent Injury (O),1,,,,DIXWELL AV,2623 DIXWELL AVE,,Dixwell Ave,1087,Feet,E,1,Clear,1,Daylight,1,Dry,,Non-trafficway,6/17/21 9:18
7770,822183,1,41.384021,-72.907248,3325279,6/17/21,11:52:00,O,Property Damage Only,O,No Apparent Injury (O),2,Local,0.16,143,OLD DIXWELL AV,OLD DIXWELL AV,EVERGREEN AV,,,,,1,Clear,1,Daylight,1,Dry,,"Trafficway, On Road",6/17/21 11:52