,CrashId,Fatal Case Status,lat,lon,DOT Case Number,Date Of Crash,Time of Crash,Crash Severity,Crash Severity Text Format,Most Severe Injury,Most Severe Injury Text Format,Number Of Motor Vehicles,Route Class Text Format,Milemarker,Road Number,Road Description,Roadway Name,Intersecting Roadway Name,Landmark Description,Distance From Nearest Landmark,Unit Of Measure From Nearest Landmark,Direction From Nearest Landmark,Weather Condition,Weather Condition Text Format,Light Condition,Light Condition Text Format,Road Surface Condition,Road Surface Condition Text Format,Average Daily Traffic,Trafficway Class Text Format,full_date
4225,821572,1,41.3793972,-72.90375396,3324668,6/17/21,11:56:00,A,"Injury of any type (Serious, Minor, Possible)",C,Possible Injury (C),2,State,0.16,15,15-S,15-S-123,EXIT 61 ON RAMP,,,,,1,Clear,1,Daylight,1,Dry,9700,"Trafficway, On Road",6/17/21 11:56
5199,822184,1,41.36999,-72.90685,3325280,6/17/21,13:48:00,O,Property Damage Only,O,No Apparent Injury (O),2,State,2.66,707,WHITNEY AV,707-N,,Skiff St,200,Feet,S,1,Clear,1,Daylight,1,Dry,13300,"Trafficway, On Road",6/17/21 13:48
5089,826699,1,41.33655,-72.911426,3329792,6/17/21,16:22:00,O,Property Damage Only,O,No Apparent Injury (O),3,State,0.26,707,WHITNEY AV,707-N,ARMORY ST,,,,S,1,Clear,1,Daylight,1,Dry,14200,"Trafficway, On Road",6/17/21 16:22
5200,827985,1,41.36810048,-72.90764376,3331078,6/17/21,17:05:00,O,Property Damage Only,O,No Apparent Injury (O),2,State,2.53,707,WHITNEY AV,707-N,,Norris Street,1000,Feet,N,1,Clear,1,Daylight,1,Dry,13300,"Trafficway, On Road",6/17/21 17:05
374,823169,1,41.363737,-72.923162,3326263,6/17/21,17:34:00,O,Property Damage Only,O,No Apparent Injury (O),2,State,6.88,10,CT-10,10-N,WHEELER ST,,,,S,1,Clear,1,Daylight,1,Dry,31800,"Trafficway, On Road",6/17/21 17:34
9014,826092,1,41.344621,-72.937401,3329185,6/17/21,17:59:00,O,Property Damage Only,O,No Apparent Injury (O),2,Local,0.19,553,WARREN ST,WARREN ST,,Fourth St,15,Feet,S,1,Clear,1,Daylight,1,Dry,,"Trafficway, On Road",6/17/21 17:59
8499,822185,1,41.418798,-72.922035,3325281,6/17/21,18:24:00,O,Property Damage Only,O,No Apparent Injury (O),1,Local,3.06,489,SHEPARD AV,SHEPARD AV,,Apple Tree Lane,1000,Feet,N,1,Clear,1,Daylight,1,Dry,,"Trafficway, Not on Road",6/17/21 18:24
7592,822186,1,41.337,-72.9246,3325282,6/18/21,8:42:00,O,Property Damage Only,O,No Apparent Injury (O),1,Local,0.54,370,MORSE ST,MORSE ST,WINCHESTER AV,,,,,1,Clear,1,Daylight,1,Dry,,Non-trafficway,6/18/21 8:42
3753,822483,1,41.38203,-72.898817,3325579,6/18/21,16:59:00,O,Property Damage Only,O,No Apparent Injury (O),2,State,51.93,15,15-S,15-S,,Exit 62,1,TenthsofMile,N,1,Clear,1,Daylight,1,Dry,72300,"Trafficway, On Road",6/18/21 16:59
7805,822187,1,41.368431,-72.942249,3325283,6/18/21,17:03:00,O,Property Damage Only,O,No Apparent Injury (O),2,Local,0.09,411,PARADISE AV,PARADISE AV NO 5,,Benham St.,500,Feet,N,1,Clear,1,Daylight,1,Dry,,"Trafficway, On Road",6/18/21 17:03
1001,822188,1,41.406113,-72.899192,3325284,6/18/21,20:58:00,O,Property Damage Only,O,No Apparent Injury (O),3,State,10.62,10,CT-10,10-N,,Home Pl.,100,Feet,S,1,Clear,4,Dark-Lighted,1,Dry,25200,"Trafficway, On Road",6/18/21 20:58
4213,828769,1,41.378405,-72.905337,3331862,6/19/21,10:20:00,O,Property Damage Only,O,No Apparent Injury (O),2,State,0.16,15,15-S,15-S-122,EXIT 61 ON RAMP,,,,,1,Clear,1,Daylight,1,Dry,9700,"Trafficway, On Road",6/19/21 10:20
6553,822189,1,41.376352,-72.948737,3325285,6/19/21,13:09:00,O,Property Damage Only,O,No Apparent Injury (O),1,Local,1.65,152,DUNBAR HILL RD,DUNBAR HILL RD,,Calamus Meadow Rd.,3,TenthsofMile,S,1,Clear,1,Daylight,1,Dry,,"Trafficway, Not on Road",6/19/21 13:09
5278,822190,1,41.35317,-72.913079,3325286,6/19/21,14:00:00,O,Property Damage Only,O,No Apparent Injury (O),2,State,1.43,707,WHITNEY AV,707-N,SERVOSS ST,,,,,1,Clear,1,Daylight,1,Dry,11800,"Trafficway, On Road",6/19/21 14:00
7424,827871,1,41.339742,-72.926446,3330964,6/19/21,14:22:00,A,"Injury of any type (Serious, Minor, Possible)",A,Suspected Serious Injury (A),2,Local,0.68,365,MILL ROCK RD,MILL ROCK RD,NEWHALL ST,,,,,1,Clear,1,Daylight,1,Dry,,"Trafficway, On Road",6/19/21 14:22
8875,822900,1,41.343769,-72.935202,3325996,6/19/21,14:28:00,O,Property Damage Only,O,No Apparent Injury (O),2,Unknown,99062,,THIRD ST,THIRD ST,,Third St,50,Feet,S,1,Clear,1,Daylight,1,Dry,,Non-trafficway,6/19/21 14:28
7950,837851,1,41.340932,-72.945318,3340943,6/19/21,22:45:00,O,Property Damage Only,O,No Apparent Injury (O),1,Local,0.33,664,PINE ROCK AV,PINE ROCK AV NO 2,,Arch Street,100,Feet,N,4,Rain,4,Dark-Lighted,2,Wet,,"Trafficway, On Road",6/19/21 22:45
4761,827986,1,41.345786,-72.894356,3331079,6/20/21,2:57:00,O,Property Damage Only,O,No Apparent Injury (O),1,USRoute,2.34,5,US-5,5-N,,Fernwood Road,1,TenthsofMile,N,1,Clear,4,Dark-Lighted,1,Dry,10100,"Trafficway, Not on Road",6/20/21 2:57
5995,825430,1,41.349273,-72.93658,3328523,6/20/21,12:41:00,O,Property Damage Only,O,No Apparent Injury (O),2,Local,0.32,54,BRADLEY AV,BRADLEY AV,DUANE RD,,,,E,1,Clear,1,Daylight,1,Dry,,"Trafficway, On Road",6/20/21 12:41
6695,825431,1,41.343303,-72.941097,3328524,6/20/21,15:12:00,O,Property Damage Only,O,No Apparent Injury (O),2,Local,0.35,176,FAIRVIEW AV,FAIRVIEW AV,SECOND ST,,,,,1,Clear,1,Daylight,1,Dry,,"Trafficway, On Road",6/20/21 15:12
4211,822471,1,41.378259,-72.905299,3325567,6/20/21,21:16:00,O,Property Damage Only,O,No Apparent Injury (O),2,State,0.17,15,15-S,15-S-122,,15-S,70,Feet,N,1,Clear,5,Dark-Not Lighted,1,Dry,9700,"Trafficway, On Road",6/20/21 21:16
1521,825432,1,41.354015,-72.929695,3328525,6/20/21,23:01:00,O,Property Damage Only,O,No Apparent Injury (O),2,State,6.13,10,CT-10,10-N,TREADWELL ST,,,,S,1,Clear,4,Dark-Lighted,1,Dry,22600,"Trafficway, On Road",6/20/21 23:01
7709,826700,1,41.336809,-72.926563,3329793,6/21/21,0:24:00,O,Property Damage Only,O,No Apparent Injury (O),2,Local,0.48,385,NEWHALL ST,NEWHALL ST,,Morse Street,50,Feet,S,1,Clear,4,Dark-Lighted,1,Dry,,"Trafficway, On Road",6/21/21 0:24
8799,822424,1,41.374709,-72.916193,3325520,6/21/21,9:15:00,O,Property Damage Only,O,No Apparent Injury (O),2,Local,0.02,495,SKIFF ST EXT,SKIFF ST EXT,,753-S,80,Feet,W,1,Clear,1,Daylight,1,Dry,,"Trafficway, On Road",6/21/21 9:15
4226,822472,1,41.3793972,-72.90375396,3325568,6/21/21,15:01:00,O,Property Damage Only,O,No Apparent Injury (O),2,State,0.16,15,15-S,15-S-123,,Exit 60,10,TenthsofMile,N,1,Clear,1,Daylight,1,Dry,9700,"Trafficway, On Road",6/21/21 15:01
1522,825433,1,41.34876738,-72.932552,3328526,6/22/21,18:35:00,O,Property Damage Only,O,No Apparent Injury (O),2,State,5.91,10,CT-10,10-N,,Newton St.,50,Feet,S,1,Clear,1,Daylight,1,Dry,22600,"Trafficway, On Road",6/22/21 18:35
4203,827987,1,41.366139,-72.921668,3331080,6/23/21,2:35:00,O,Property Damage Only,O,No Apparent Injury (O),1,State,0.18,15,15-S,15-S-119,10-N,RT 15 North Bound Ramp,5,Feet,S,1,Clear,4,Dark-Lighted,1,Dry,9700,"Trafficway, On Road",6/23/21 2:35
9098,824576,1,41.433229,-72.933656,3327669,6/23/21,16:25:00,A,"Injury of any type (Serious, Minor, Possible)",C,Possible Injury (C),2,Local,0.44,573,WEST TODD ST,WEST TODD ST,JOYCE RD NO 2,,,,,1,Clear,1,Daylight,1,Dry,,"Trafficway, On Road",6/23/21 16:25
3754,825203,1,41.38111251,-72.90034105,3328296,6/23/21,20:51:00,O,Property Damage Only,O,No Apparent Injury (O),2,State,51.84,15,15-S,15-S,,Exit 61,2.5,TenthsofMile,N,1,Clear,5,Dark-Not Lighted,1,Dry,72300,"Trafficway, On Road",6/23/21 20:51
208,826701,1,41.3671,-72.92067,3329794,6/24/21,14:58:00,A,"Injury of any type (Serious, Minor, Possible)",C,Possible Injury (C),2,State,7.32,10,CT-10,10-N,,,,,,1,Clear,1,Daylight,1,Dry,32700,"Trafficway, On Road",6/24/21 14:58
8600,825434,1,41.40654,-72.91373,3328527,6/24/21,15:03:00,O,Property Damage Only,O,No Apparent Injury (O),2,Local,1.3,491,SHERMAN AV,SHERMAN AV NO 1,ROCKY TOP RD,,,,N,1,Clear,1,Daylight,1,Dry,,"Trafficway, On Road",6/24/21 15:03
3755,827658,1,41.382666,-72.897857,3330751,6/24/21,17:35:00,O,Property Damage Only,O,No Apparent Injury (O),2,State,51.98,15,15-S,15-S,,Exit 62,2,TenthsofMile,N,1,Clear,1,Daylight,1,Dry,72300,"Trafficway, On Road",6/24/21 17:35
4696,825435,1,41.329738,-72.898629,3328528,6/24/21,22:04:00,O,Property Damage Only,O,No Apparent Injury (O),2,USRoute,1.13,5,US-5,5-N,PARK RD,,,,S,1,Clear,4,Dark-Lighted,1,Dry,14400,"Trafficway, On Road",6/24/21 22:04
7112,827872,1,41.353286,-72.900114,3330965,6/25/21,9:58:00,A,"Injury of any type (Serious, Minor, Possible)",B,Suspected Minor Injury (B),2,Local,1.1,242,HARTFORD TPK,HARTFORD TPK,,waite street,300,Feet,N,1,Clear,1,Daylight,1,Dry,,"Trafficway, On Road",6/25/21 9:58
1876,827873,1,41.346275,-72.93386,3330966,6/25/21,12:55:00,O,Property Damage Only,O,No Apparent Injury (O),2,State,5.56,10,CT-10,10-N,PUTNAM AV,,,,,1,Clear,1,Daylight,1,Dry,21100,"Trafficway, On Road",6/25/21 12:55
4212,828698,1,41.37847,-72.905327,3331791,6/25/21,14:43:00,O,Property Damage Only,O,No Apparent Injury (O),2,State,0.16,15,15-S,15-S-122,,Exit #61,100,Feet,S,1,Clear,1,Daylight,1,Dry,9700,"Trafficway, On Road",6/25/21 14:43
466,826703,1,41.355519,-72.928512,3329796,6/25/21,16:30:00,A,"Injury of any type (Serious, Minor, Possible)",B,Suspected Minor Injury (B),2,State,6.43,10,CT-10,10-N,,pershing st,150,Feet,N,1,Clear,1,Daylight,1,Dry,27700,"Trafficway, On Road",6/25/21 16:30
6767,825436,1,41.393824,-72.904393,3328529,6/25/21,16:35:00,A,"Injury of any type (Serious, Minor, Possible)",B,Suspected Minor Injury (B),2,Local,0.38,196,FOREST ST,FOREST ST,EVERGREEN AV,,,,,1,Clear,1,Daylight,1,Dry,,"Trafficway, On Road",6/25/21 16:35
8500,825437,1,41.401858,-72.923495,3328530,6/25/21,17:40:00,O,Property Damage Only,O,No Apparent Injury (O),2,Local,1.86,489,SHEPARD AV,SHEPARD AV,,WEST SHEPARD AVE. ,150,Feet,N,1,Clear,1,Daylight,1,Dry,,"Trafficway, On Road",6/25/21 17:40
5714,826704,1,41.337667,-72.919296,3329797,6/26/21,14:18:00,O,Property Damage Only,O,No Apparent Injury (O),2,Local,0.41,17,ARMORY ST,ARMORY ST,PROSPECT ST,,,,,1,Clear,1,Daylight,1,Dry,,"Trafficway, On Road",6/26/21 14:18
5670,826705,1,41.345746,-72.938108,3329798,6/27/21,13:07:00,O,Property Damage Only,O,No Apparent Injury (O),2,Local,0.11,,ALENIER ST,ALENIER ST,,Woodin St.,90,Feet,N,99,Unknown,99,Unknown,99,Unknown,,"Trafficway, On Road",6/27/21 13:07
3679,826390,1,41.353728,-72.958087,3329483,6/27/21,18:10:00,O,Property Damage Only,O,No Apparent Injury (O),3,State,48.12,15,15-S,15-S,,route 69,1.38,TenthsofMile,N,1,Clear,1,Daylight,1,Dry,77800,"Trafficway, On Road",6/27/21 18:10
7235,825439,1,41.404027,-72.892445,3328532,6/27/21,20:42:00,O,Property Damage Only,O,No Apparent Injury (O),1,Local,0.1,281,IVES ST,IVES ST,,Westerly Drive,1,TenthsofMile,W,1,Clear,4,Dark-Lighted,1,Dry,,"Trafficway, On Road",6/27/21 20:42
3680,827744,1,41.36506,-72.927675,3330837,6/28/21,4:10:00,O,Property Damage Only,O,No Apparent Injury (O),1,State,49.91,15,15-S,15-S,,Exit #60,0.25,TenthsofMile,S,1,Clear,5,Dark-Not Lighted,1,Dry,77800,"Trafficway, On Road",6/28/21 4:10
3380,826395,1,41.365735,-72.924533,3329488,6/28/21,5:44:00,O,Property Damage Only,O,No Apparent Injury (O),2,State,50.07,15,15-N,15-N,,Exit 60,0.100000001,TenthsofMile,S,1,Clear,1,Daylight,1,Dry,59700,"Trafficway, On Road",6/28/21 5:44
8335,827875,1,41.343214,-72.937523,3330968,6/28/21,11:08:00,O,Property Damage Only,O,No Apparent Injury (O),2,Local,0.19,484,SECOND ST,SECOND ST,WARREN ST,,,,,1,Clear,1,Daylight,1,Dry,,"Trafficway, On Road",6/28/21 11:08
9150,831392,1,41.42076,-72.93869,3334484,6/28/21,12:11:00,O,Property Damage Only,O,No Apparent Injury (O),2,Local,0.94,655,WEST WOODS RD,WEST WOODS RD NO 2,,JOYCE RD,278,Feet,E,1,Clear,1,Daylight,1,Dry,,"Trafficway, On Road",6/28/21 12:11
7284,828720,1,41.362323,-72.94144,3331813,6/29/21,8:38:00,A,"Injury of any type (Serious, Minor, Possible)",C,Possible Injury (C),2,Local,0.31,309,LANE ST,LANE ST,CLOVER CIR,,,,,1,Clear,1,Daylight,1,Dry,,"Trafficway, On Road",6/29/21 8:38
5328,826706,1,41.358647,-72.909868,3329799,6/29/21,10:23:00,O,Property Damage Only,O,No Apparent Injury (O),2,State,1.87,707,WHITNEY AV,707-N,PARK AV,,,,N,1,Clear,1,Daylight,1,Dry,11700,"Trafficway, On Road",6/29/21 10:23
7425,833980,1,41.339713,-72.926266,3337072,6/29/21,10:52:00,O,Property Damage Only,O,No Apparent Injury (O),2,Local,0.67,365,MILL ROCK RD,MILL ROCK RD,,NEWHALL ST,45,Feet,E,1,Clear,1,Daylight,1,Dry,,"Trafficway, On Road",6/29/21 10:52
5596,825440,1,41.37598086,-72.915773,3328533,6/29/21,15:41:00,O,Property Damage Only,O,No Apparent Injury (O),2,State,0.07,753,CT-10,753-S,,SHEPARD AVE.,175,Feet,S,1,Clear,1,Daylight,1,Dry,15700,"Trafficway, On Road",6/29/21 15:41
1523,825441,1,41.352838,-72.930521,3328534,6/29/21,17:31:00,O,Property Damage Only,O,No Apparent Injury (O),2,State,6.04,10,CT-10,10-N,CHURCH ST,,,,,1,Clear,1,Daylight,1,Dry,22600,"Trafficway, On Road",6/29/21 17:31
4762,831393,1,41.3424,-72.8958,3334485,6/30/21,8:37:00,O,Property Damage Only,O,No Apparent Injury (O),2,USRoute,2.1,5,US-5,5-N,,London Dr.,50,Feet,N,1,Clear,1,Daylight,1,Dry,10100,"Trafficway, On Road",6/30/21 8:37
3487,831253,1,41.380535,-72.900784,3334345,6/30/21,9:44:00,O,Property Damage Only,O,No Apparent Injury (O),2,State,0.22,15,15-N,15-N-125,,15-N,40,Feet,N,1,Clear,1,Daylight,1,Dry,2500,"Trafficway, On Road",6/30/21 9:44
3945,826423,1,41.365673,-72.925653,3329516,6/30/21,15:16:00,O,Property Damage Only,O,No Apparent Injury (O),2,State,50.03,15,15-S,15-S,,Exit 60,170,Feet,S,1,Clear,1,Daylight,1,Dry,69400,"Trafficway, On Road",6/30/21 15:16
1063,826707,1,41.344968,-72.934362,3329800,6/30/21,16:05:00,O,Property Damage Only,O,No Apparent Injury (O),3,State,5.64,10,CT-10,10-N,,WOODIN ST,150,Feet,N,1,Clear,1,Daylight,1,Dry,24700,"Trafficway, On Road",6/30/21 16:05
3748,841464,1,41.377808,-72.90566,3344556,6/30/21,17:28:00,O,Property Damage Only,O,No Apparent Injury (O),2,State,51.43,15,15-S,15-S,,Exit 61,1,TenthsofMile,S,1,Clear,1,Daylight,1,Dry,72600,"Trafficway, Not on Road",6/30/21 17:28
1524,827876,1,41.354431,-72.929357,3330969,6/30/21,19:48:00,O,Property Damage Only,O,No Apparent Injury (O),2,State,6.16,10,CT-10,10-N,CUMLEY ST,,,,,1,Clear,1,Daylight,1,Dry,22600,"Trafficway, On Road",6/30/21 19:48
6697,835978,1,41.348283,-72.939718,3339070,7/1/21,1:43:00,O,Property Damage Only,O,No Apparent Injury (O),2,Local,0.7,176,FAIRVIEW AV,FAIRVIEW AV,,Helen St,100,Feet,S,1,Clear,4,Dark-Lighted,1,Dry,,"Trafficway, On Road",7/1/21 1:43
2281,827877,1,41.388314,-72.90004,3330970,7/1/21,11:17:00,O,Property Damage Only,O,No Apparent Injury (O),2,State,9.34,10,CT-10,10-N,,Lincoln Street,20,Feet,N,1,Clear,1,Daylight,1,Dry,16800,"Trafficway, On Road",7/1/21 11:17
8725,827878,1,41.37135,-72.90731,3330971,7/1/21,13:45:00,O,Property Damage Only,O,No Apparent Injury (O),2,Local,0.05,494,SKIFF ST,SKIFF ST,,Whitney Av,200,Feet,W,4,Rain,1,Daylight,2,Wet,,"Trafficway, On Road",7/1/21 13:45
7936,827879,1,41.350697,-72.94373,3330972,7/1/21,16:39:00,O,Property Damage Only,O,No Apparent Injury (O),2,Local,0.32,429,PINE ROCK AV,PINE ROCK AV NO 1,,GORHAM AVE.,75,Feet,S,1,Clear,1,Daylight,1,Dry,,"Trafficway, On Road",7/1/21 16:39
1881,837520,1,41.340195,-72.935136,3340612,7/1/21,21:36:00,A,"Injury of any type (Serious, Minor, Possible)",C,Possible Injury (C),2,State,5.31,10,CT-10,10-N,,GEORGE ST.,50,Feet,S,4,Rain,4,Dark-Lighted,2,Wet,21100,"Trafficway, On Road",7/1/21 21:36
5065,827988,1,41.341518,-72.912839,3331081,7/1/21,22:40:00,O,Property Damage Only,O,No Apparent Injury (O),1,State,0.62,707,WHITNEY AV,707-N,DAVIS ST,,,,N,4,Rain,4,Dark-Lighted,2,Wet,14300,"Trafficway, On Road",7/1/21 22:40
8502,830150,1,41.416364,-72.92234,3333242,7/2/21,10:02:00,A,"Injury of any type (Serious, Minor, Possible)",B,Suspected Minor Injury (B),2,Local,2.87,489,SHEPARD AV,SHEPARD AV,,Fans Rocks Rd. ,50,Feet,N,1,Clear,1,Daylight,1,Dry,,"Trafficway, On Road",7/2/21 10:02
1065,830982,1,41.345891,-72.933979,3334074,7/2/21,12:13:00,O,Property Damage Only,O,No Apparent Injury (O),2,State,5.71,10,CT-10,10-N,,putnam ave.,500,Feet,S,4,Rain,1,Daylight,2,Wet,24700,"Trafficway, On Road",7/2/21 12:13
7594,842706,1,41.33786,-72.932946,3345798,7/2/21,15:07:00,O,Property Damage Only,O,No Apparent Injury (O),1,Local,0.11,370,MORSE ST,MORSE ST,,Columbus St,187,Feet,E,1,Clear,1,Daylight,1,Dry,,"Trafficway, On Road",7/2/21 15:07
8210,830983,1,41.353453,-72.902757,3334075,7/2/21,17:31:00,A,"Injury of any type (Serious, Minor, Possible)",B,Suspected Minor Injury (B),2,Local,1.29,452,RIDGE RD,RIDGE RD,WAITE ST,,,,,4,Rain,1,Daylight,2,Wet,,"Trafficway, On Road",7/2/21 17:31
7393,827989,1,41.35903,-72.925794,3331082,7/3/21,7:04:00,O,Property Damage Only,O,No Apparent Injury (O),1,Local,1.02,352,MATHER ST,MATHER ST,,Dixwell Avenue,10,Feet,E,4,Rain,1,Daylight,2,Wet,,"Trafficway, On Road",7/3/21 7:04
3244,827225,1,41.379032,-72.903473,3330318,7/3/21,13:33:00,A,"Injury of any type (Serious, Minor, Possible)",C,Possible Injury (C),2,State,51.6,15,15-N,15-N,,Exit 61,1,TenthsofMile,S,4,Rain,1,Daylight,2,Wet,70900,"Trafficway, On Road",7/3/21 13:33
1877,827990,1,41.342424,-72.934807,3331083,7/3/21,13:39:00,O,Property Damage Only,O,No Apparent Injury (O),2,State,5.29,10,CT-10,10-N,HAMDEN PARK DR,,,,,4,Rain,1,Daylight,2,Wet,21100,"Trafficway, On Road",7/3/21 13:39
8501,828721,1,41.377399,-72.916022,3331814,7/3/21,16:10:00,A,"Injury of any type (Serious, Minor, Possible)",B,Suspected Minor Injury (B),2,Local,0.06,489,SHEPARD AV,SHEPARD AV,,Dixwell Ave,300,Feet,W,4,Rain,1,Daylight,2,Wet,,"Trafficway, On Road",7/3/21 16:10
7877,827991,1,41.343945,-72.943122,3331084,7/3/21,18:10:00,O,Property Damage Only,O,No Apparent Injury (O),2,Local,0.04,419,PEASE RD,PEASE RD,,Rockwood Rd,50,Feet,S,4,Rain,1,Daylight,2,Wet,,"Trafficway, On Road",7/3/21 18:10
4594,827992,1,41.401598,-72.897706,3331085,7/4/21,1:49:00,A,"Injury of any type (Serious, Minor, Possible)",B,Suspected Minor Injury (B),1,State,3.08,40,40-N,40-N,10-N,,,,,1,Clear,4,Dark-Lighted,1,Dry,20600,"Trafficway, On Road",7/4/21 1:49
2108,832407,1,41.44255052,-72.90979248,3335499,7/4/21,4:13:00,A,"Injury of any type (Serious, Minor, Possible)",A,Suspected Serious Injury (A),1,State,13.03,10,CT-10,10-N,BROOKSVALE AV,,,,,1,Clear,4,Dark-Lighted,1,Dry,17500,"Trafficway, On Road",7/4/21 4:13
9077,833981,1,41.35242,-72.94798,3337073,7/4/21,5:05:00,O,Property Damage Only,O,No Apparent Injury (O),3,Local,0.35,571,WEST SIDE DR,WEST SIDE DR,,Pleasant Dr,75,Feet,W,1,Clear,1,Daylight,1,Dry,,"Trafficway, On Road",7/4/21 5:05
1064,827994,1,41.345079,-72.93422,3331087,7/4/21,16:09:00,O,Property Damage Only,O,No Apparent Injury (O),2,State,5.65,10,CT-10,10-N,,WOODIN ST.,200,Feet,N,1,Clear,1,Daylight,1,Dry,24700,"Trafficway, On Road",7/4/21 16:09
5279,827995,1,41.355664,-72.912167,3331088,7/4/21,17:25:00,A,"Injury of any type (Serious, Minor, Possible)",B,Suspected Minor Injury (B),2,State,1.62,707,WHITNEY AV,707-N,WALDEN ST,,,,,2,Cloudy,1,Daylight,1,Dry,11800,"Trafficway, On Road",7/4/21 17:25
7949,827996,1,41.34094,-72.94526,3331089,7/5/21,12:30:00,A,"Injury of any type (Serious, Minor, Possible)",C,Possible Injury (C),2,Local,0.3,664,PINE ROCK AV,PINE ROCK AV NO 2,ARCH ST,,,,,1,Clear,1,Daylight,1,Dry,,"Trafficway, On Road",7/5/21 12:30
8336,839721,1,41.34318,-72.93756,3342813,7/5/21,13:45:00,O,Property Damage Only,O,No Apparent Injury (O),3,Local,0.19,484,SECOND ST,SECOND ST,WARREN ST,,,,,1,Clear,1,Daylight,1,Dry,,"Trafficway, On Road",7/5/21 13:45
3486,827663,1,41.380577,-72.900777,3330756,7/5/21,18:27:00,O,Property Damage Only,O,No Apparent Injury (O),2,State,0.22,15,15-N,15-N-125,,RT 15,15,Feet,N,1,Clear,1,Daylight,1,Dry,2500,"Trafficway, On Road",7/5/21 18:27
6481,827997,1,41.338195,-72.935221,3331090,7/5/21,22:33:00,O,Property Damage Only,O,No Apparent Injury (O),2,Local,0.2,142,DIXWELL AV,DIXWELL AV NO 1,10-N,,,,,1,Clear,4,Dark-Lighted,1,Dry,,"Trafficway, On Road",7/5/21 22:33
1878,831394,1,41.33874,-72.93516,3334486,7/6/21,12:23:00,O,Property Damage Only,O,No Apparent Injury (O),2,State,5.21,10,CT-10,10-N,,ARCH ST,50,Feet,N,1,Clear,1,Daylight,1,Dry,21100,"Trafficway, On Road",7/6/21 12:23
123,827999,1,41.367106,-72.920713,3331092,7/6/21,13:37:00,A,"Injury of any type (Serious, Minor, Possible)",C,Possible Injury (C),2,State,7.14,10,CT-10,10-N,CONNOLLY PKWY,,,,N,1,Clear,1,Daylight,1,Dry,38300,"Trafficway, On Road",7/6/21 13:37
8211,831395,1,41.35346,-72.90294,3334487,7/6/21,14:00:00,A,"Injury of any type (Serious, Minor, Possible)",B,Suspected Minor Injury (B),3,Local,1.29,452,RIDGE RD,RIDGE RD,WAITE ST,,,,,1,Clear,1,Daylight,1,Dry,,"Trafficway, On Road",7/6/21 14:00
5881,832408,1,41.36543,-72.93431,3335500,7/7/21,7:22:00,O,Property Damage Only,O,No Apparent Injury (O),1,Local,0.57,42,BENHAM ST,BENHAM ST,CHERRY HILL RD,,,,,1,Clear,1,Daylight,1,Dry,,"Trafficway, On Road",7/7/21 7:22
4215,830024,1,41.378278,-72.905294,3333116,7/7/21,11:21:00,A,"Injury of any type (Serious, Minor, Possible)",B,Suspected Minor Injury (B),2,State,0.17,15,15-S,15-S-122,,15-S,95,Feet,N,1,Clear,1,Daylight,1,Dry,9700,"Trafficway, On Road",7/7/21 11:21
7857,831396,1,41.33593,-72.90203,3334488,7/7/21,14:30:00,A,"Injury of any type (Serious, Minor, Possible)",B,Suspected Minor Injury (B),1,Local,0.54,414,PARK RD,PARK RD,,Davis St.,100,Feet,S,1,Clear,1,Daylight,1,Dry,,"Trafficway, On Road",7/7/21 14:30
5475,828000,1,41.383121,-72.899079,3331093,7/7/21,16:47:00,O,Property Damage Only,O,No Apparent Injury (O),2,State,0.14,717,DIXWELL AV,717-E,WASHINGTON AV,,,,N,1,Clear,1,Daylight,1,Dry,15700,"Trafficway, On Road",7/7/21 16:47
3746,839069,1,41.377212,-72.906589,3342161,7/8/21,7:49:00,O,Property Damage Only,O,No Apparent Injury (O),2,State,51.37,15,15-S,15-S,,#61,2,Feet,S,1,Clear,1,Daylight,1,Dry,72600,"Trafficway, On Road",7/8/21 7:49
1879,831397,1,41.342496,-72.934883,3334489,7/8/21,13:19:00,O,Property Damage Only,O,No Apparent Injury (O),2,State,5.29,10,CT-10,10-N,1st st ,,,,,2,Cloudy,1,Daylight,1,Dry,21100,"Trafficway, On Road",7/8/21 13:19
6205,828001,1,41.36313,-72.937143,3331094,7/8/21,16:07:00,O,Property Damage Only,O,No Apparent Injury (O),2,Local,0.2,99,CIRCULAR AV,CIRCULAR AV,,Ursini Dr. North,1,TenthsofMile,S,4,Rain,1,Daylight,2,Wet,,"Trafficway, On Road",7/8/21 16:07
2604,831398,1,41.338282,-72.941106,3334490,7/8/21,16:27:00,A,"Injury of any type (Serious, Minor, Possible)",C,Possible Injury (C),2,State,4.7,10,CT-10,10-N,FAIRVIEW AV,,,,,4,Rain,1,Daylight,2,Wet,10700,"Trafficway, On Road",7/8/21 16:27
2605,831399,1,41.3380939,-72.94126,3334491,7/8/21,16:55:00,A,"Injury of any type (Serious, Minor, Possible)",C,Possible Injury (C),2,State,4.86,10,CT-10,10-N,,Arch St,15,Feet,S,4,Rain,1,Daylight,2,Wet,10700,"Trafficway, On Road",7/8/21 16:55
3682,829539,1,41.36413189,-72.92904166,3332632,7/9/21,5:58:00,A,"Injury of any type (Serious, Minor, Possible)",C,Possible Injury (C),1,State,49.82,15,15-S,15-S,,Exit 60 ,5,TenthsofMile,S,4,Rain,1,Daylight,2,Wet,77800,"Trafficway, On Road",7/9/21 5:58
3681,828788,1,41.363327,-72.930331,3331881,7/9/21,6:11:00,O,Property Damage Only,O,No Apparent Injury (O),2,State,49.73,15,15-S,15-S,,Exit 60,5,TenthsofMile,S,4,Rain,1,Daylight,2,Wet,77800,"Trafficway, On Road",7/9/21 6:11