,CrashId,Fatal Case Status,lat,lon,DOT Case Number,Date Of Crash,Time of Crash,Crash Severity,Crash Severity Text Format,Most Severe Injury,Most Severe Injury Text Format,Number Of Motor Vehicles,Route Class Text Format,Milemarker,Road Number,Road Description,Roadway Name,Intersecting Roadway Name,Landmark Description,Distance From Nearest Landmark,Unit Of Measure From Nearest Landmark,Direction From Nearest Landmark,Weather Condition,Weather Condition Text Format,Light Condition,Light Condition Text Format,Road Surface Condition,Road Surface Condition Text Format,Average Daily Traffic,Trafficway Class Text Format,full_date
3161,849705,1,41.361905,-72.932393,3352797,8/27/21,1:34:00,O,Property Damage Only,O,No Apparent Injury (O),1,State,49.58,15,15-N,15-N,,EXIT #60,3,TenthsofMile,S,1,Clear,5,Dark-Not Lighted,1,Dry,77800,"Trafficway, On Road",8/27/21 1:34
1527,843489,1,41.35012,-72.93203,3346581,8/27/21,6:04:00,O,Property Damage Only,O,No Apparent Injury (O),2,State,6.02,10,CT-10,10-N,,LEXINGTON ST,136,Feet,S,1,Clear,2,Dawn,1,Dry,22600,"Trafficway, On Road",8/27/21 6:04
1887,842731,1,41.339391,-72.935119,3345823,8/27/21,11:03:00,O,Property Damage Only,O,No Apparent Injury (O),2,State,5.26,10,CT-10,10-N,,PINE ST,75,Feet,S,1,Clear,1,Daylight,1,Dry,21100,"Trafficway, On Road",8/27/21 11:03
8105,842733,1,41.34595,-72.912813,3345825,8/27/21,17:13:00,O,Property Damage Only,O,No Apparent Injury (O),2,Local,0.02,439,PUTNAM AV,PUTNAM AV,,Whitney Avenue,50,Feet,W,1,Clear,1,Daylight,1,Dry,,"Trafficway, On Road",8/27/21 17:13
4093,841995,1,41.365588,-72.924249,3345087,8/27/21,18:21:00,A,"Injury of any type (Serious, Minor, Possible)",C,Possible Injury (C),1,State,50.11,15,15-S,15-S,,Dixwell Ave.,500,Feet,S,1,Clear,1,Daylight,1,Dry,59700,"Trafficway, On Road",8/27/21 18:21
7285,850910,1,41.359809,-72.941604,3353013,8/27/21,19:57:00,O,Property Damage Only,O,No Apparent Injury (O),3,Local,0.48,309,LANE ST,LANE ST,,Fieldcrest Lane,500,Feet,S,1,Clear,4,Dark-Lighted,1,Dry,,"Trafficway, On Road",8/27/21 19:57
8314,847169,1,41.385144,-72.906875,3350261,8/27/21,20:55:00,O,Property Damage Only,O,No Apparent Injury (O),2,Local,0,480,SCHOOL ST,SCHOOL ST,EVERGREEN AV,,,,,1,Clear,4,Dark-Lighted,1,Dry,,"Trafficway, On Road",8/27/21 20:55
7087,844674,1,41.388855,-72.903375,3347766,8/28/21,10:04:00,O,Property Damage Only,O,No Apparent Injury (O),2,Local,0.17,236,HAMPTON RD,HAMPTON RD,,Brenton Terr.,200,Feet,N,1,Clear,1,Daylight,1,Dry,,"Trafficway, On Road",8/28/21 10:04
7504,844675,1,41.36718,-72.926503,3347767,8/28/21,13:03:00,O,Property Damage Only,O,No Apparent Injury (O),2,Local,0.24,366,MIX AV,MIX AV,,Benham Street,3,TenthsofMile,N,1,Clear,1,Daylight,1,Dry,,"Trafficway, On Road",8/28/21 13:03
7807,842734,1,41.373327,-72.939463,3345826,8/28/21,16:25:00,A,"Injury of any type (Serious, Minor, Possible)",C,Possible Injury (C),2,Local,0.47,411,PARADISE AV,PARADISE AV NO 5,,COOPER LANE,3,TenthsofMile,N,1,Clear,1,Daylight,1,Dry,,"Trafficway, On Road",8/28/21 16:25
4000,842010,1,41.380414,-72.901501,3345102,8/28/21,18:10:00,O,Property Damage Only,O,No Apparent Injury (O),2,State,51.76,15,15-S,15-S,,Exit 61,2.5,TenthsofMile,N,1,Clear,1,Daylight,1,Dry,67400,"Trafficway, On Road",8/28/21 18:10
3189,842907,1,41.37269151,-72.91139183,3345999,8/29/21,1:23:00,A,"Injury of any type (Serious, Minor, Possible)",B,Suspected Minor Injury (B),2,State,50.98,15,15-N,15-N,,Exit #61,5,TenthsofMile,S,1,Clear,5,Dark-Not Lighted,1,Dry,72600,"Trafficway, On Road",8/29/21 1:23
6032,844676,1,41.336449,-72.928631,3347768,8/29/21,21:00:00,O,Property Damage Only,O,No Apparent Injury (O),2,Local,0,72,BUTLER ST,BUTLER ST,MARLBORO ST,,,,,1,Clear,4,Dark-Lighted,1,Dry,,"Trafficway, On Road",8/29/21 21:00
3159,842523,1,41.364042,-72.92897,3345615,8/30/21,7:29:00,O,Property Damage Only,O,No Apparent Injury (O),2,State,49.81,15,15-N,15-N,,Exit 60,1,TenthsofMile,S,2,Cloudy,1,Daylight,1,Dry,77800,"Trafficway, On Road",8/30/21 7:29
6450,846636,1,41.346799,-72.932751,3349728,8/30/21,12:10:00,A,"Injury of any type (Serious, Minor, Possible)",B,Suspected Minor Injury (B),1,,,,DIXWELL AV,1245 DIXWELL  AVE,,DIXWELL AV,200,Feet,E,1,Clear,1,Daylight,1,Dry,,"Trafficway, On Road",8/30/21 12:10
471,843491,1,41.358371,-72.926202,3346583,8/30/21,14:00:00,O,Property Damage Only,O,No Apparent Injury (O),2,State,6.66,10,CT-10,10-N,,Mather Street,100,Feet,S,1,Clear,1,Daylight,1,Dry,27700,"Trafficway, On Road",8/30/21 14:00
1004,845098,1,41.414089,-72.90212,3348190,8/30/21,15:10:00,O,Property Damage Only,O,No Apparent Injury (O),2,State,11.18,10,CT-10,10-N,,Sherman Ave,50,Feet,S,1,Clear,1,Daylight,1,Dry,25200,"Trafficway, On Road",8/30/21 15:10
129,844677,1,41.364274,-72.922831,3347769,8/30/21,15:21:00,O,Property Damage Only,O,No Apparent Injury (O),2,State,7.1,10,CT-10,10-N,,Weybosset Street,10,Feet,S,1,Clear,1,Daylight,1,Dry,38300,"Trafficway, On Road",8/30/21 15:21
1528,844678,1,41.352055,-72.930859,3347770,8/30/21,15:42:00,O,Property Damage Only,O,No Apparent Injury (O),2,State,6.16,10,CT-10,10-N,,Oregon Avenue,10,Feet,S,1,Clear,1,Daylight,1,Dry,22600,"Trafficway, On Road",8/30/21 15:42
131,846637,1,41.363737,-72.923162,3349729,8/30/21,18:02:00,O,Property Damage Only,O,No Apparent Injury (O),2,State,7.06,10,CT-10,10-N,PALMER AV,,,,,1,Clear,1,Daylight,1,Dry,38300,"Trafficway, On Road",8/30/21 18:02
2248,842735,1,41.383493,-72.902587,3345827,8/31/21,7:33:00,O,Property Damage Only,O,No Apparent Injury (O),2,State,8.95,10,CT-10,10-N,,WHITNEY AVENUE,175,Feet,W,1,Clear,1,Daylight,1,Dry,16900,"Trafficway, On Road",8/31/21 7:33
4221,842502,1,41.378184,-72.905299,3345594,8/31/21,8:42:00,O,Property Damage Only,O,No Apparent Injury (O),2,State,0.18,15,15-S,15-S-122,,15-S,60,Feet,N,1,Clear,1,Daylight,1,Dry,9700,"Trafficway, On Road",8/31/21 8:42
379,844679,1,41.359586,-72.925478,3347771,8/31/21,14:14:00,O,Property Damage Only,O,No Apparent Injury (O),2,State,6.75,10,CT-10,10-N,,MATHER ST,100,Feet,S,1,Clear,1,Daylight,1,Dry,31800,"Trafficway, On Road",8/31/21 14:14
4001,844118,1,41.380204,-72.901582,3347210,8/31/21,15:48:00,A,"Injury of any type (Serious, Minor, Possible)",C,Possible Injury (C),2,State,51.75,15,15-S,15-S,,Exit 61,100,Feet,N,1,Clear,1,Daylight,1,Dry,67400,"Trafficway, On Road",8/31/21 15:48
1068,846638,1,41.345653,-72.934017,3349730,8/31/21,17:35:00,O,Property Damage Only,O,No Apparent Injury (O),2,State,5.69,10,CT-10,10-N,,PUTNAM AVE.,260,Feet,S,1,Clear,1,Daylight,1,Dry,24700,"Trafficway, On Road",8/31/21 17:35
3917,844124,1,41.379346,-72.903527,3347216,8/31/21,22:10:00,O,Property Damage Only,O,No Apparent Injury (O),2,State,51.62,15,15-S,15-S,,Whitney Avenue,100,Feet,S,1,Clear,5,Dark-Not Lighted,1,Dry,70900,"Trafficway, On Road",8/31/21 22:10
5760,846639,1,41.36088,-72.931336,3349731,9/1/21,8:51:00,A,"Injury of any type (Serious, Minor, Possible)",C,Possible Injury (C),1,Local,0.43,32,BATTIS RD,BATTIS RD,,Grandview Av,460,Feet,S,4,Rain,1,Daylight,2,Wet,,"Trafficway, On Road",9/1/21 8:51
130,845099,1,41.363366,-72.9234,3348191,9/1/21,9:59:00,O,Property Damage Only,O,No Apparent Injury (O),2,State,7.03,10,CT-10,10-N,,PALMER AVE,155,Feet,S,1,Clear,1,Daylight,2,Wet,38300,"Trafficway, On Road",9/1/21 9:59
2998,854314,1,41.37442,-72.91588,3356415,9/1/21,10:45:00,O,Property Damage Only,O,No Apparent Injury (O),2,Local,0,144,CT-10,DIXWELL AV NO 2 RT 10 NB,SKIFF ST,,,,,4,Rain,1,Daylight,2,Wet,,"Trafficway, On Road",9/1/21 10:45
158,845100,1,41.365617,-72.921974,3348192,9/1/21,13:05:00,O,Property Damage Only,O,No Apparent Injury (O),2,State,7.21,10,CT-10,10-N,,RTE 15 N ,100,Feet,S,4,Rain,1,Daylight,2,Wet,33500,"Trafficway, On Road",9/1/21 13:05
9036,844680,1,41.383519,-72.898997,3347772,9/1/21,14:35:00,O,Property Damage Only,O,No Apparent Injury (O),2,Local,0.03,554,WASHINGTON AV,WASHINGTON AV,,DIXWELL AVE,200,Feet,N,4,Rain,1,Daylight,2,Wet,,"Trafficway, On Road",9/1/21 14:35
3749,844154,1,41.372167,-72.911886,3347246,9/1/21,18:17:00,O,Property Damage Only,O,No Apparent Injury (O),1,State,50.93,15,15-S,15-S,,Exit 59,10,TenthsofMile,N,4,Rain,1,Daylight,2,Wet,72600,"Trafficway, On Road",9/1/21 18:17
9099,846640,1,41.434199,-72.937524,3349732,9/1/21,19:39:00,O,Property Damage Only,O,No Apparent Injury (O),1,Local,0.23,573,WEST TODD ST,WEST TODD ST,,BUSHER LN.,75,Feet,W,4,Rain,3,Dusk,2,Wet,,"Trafficway, On Road",9/1/21 19:39
5091,846641,1,41.336274,-72.911372,3349733,9/1/21,20:27:00,O,Property Damage Only,O,No Apparent Injury (O),1,State,0.24,707,WHITNEY AV,707-N,,ARMORY ST,100,Feet,S,4,Rain,4,Dark-Lighted,2,Wet,14200,"Trafficway, On Road",9/1/21 20:27
3687,856663,1,41.363251,-72.930404,3358764,9/1/21,23:13:00,O,Property Damage Only,O,No Apparent Injury (O),2,State,49.73,15,15-S,15-S,,Exit 60 South,5,TenthsofMile,S,4,Rain,5,Dark-Not Lighted,2,Wet,77800,"Trafficway, On Road",9/1/21 23:13
3160,844162,1,41.36287,-72.930796,3347254,9/1/21,23:14:00,A,"Injury of any type (Serious, Minor, Possible)",C,Possible Injury (C),1,State,49.68,15,15-N,15-N,,Exit 61,0.400000006,TenthsofMile,S,4,Rain,5,Dark-Not Lighted,2,Wet,77800,"Trafficway, On Road",9/1/21 23:14
6574,843835,1,41.336889,-72.930701,3346927,9/2/21,5:51:00,O,Property Damage Only,O,No Apparent Injury (O),2,Local,0.1,164,EDWARDS ST,EDWARDS ST,,Morse Street ,250,Feet,S,1,Clear,2,Dawn,1,Dry,,"Trafficway, On Road",9/2/21 5:51
1529,844681,1,41.351963,-72.930882,3347773,9/2/21,7:32:00,A,"Injury of any type (Serious, Minor, Possible)",C,Possible Injury (C),2,State,6.15,10,CT-10,10-N,OREGON AV,,,,,1,Clear,1,Daylight,1,Dry,22600,"Trafficway, On Road",9/2/21 7:32
5281,854315,1,41.34955,-72.9134,3356416,9/2/21,9:08:00,O,Property Damage Only,O,No Apparent Injury (O),2,State,1.18,707,WHITNEY AV,707-N,,MATHER ST,100,Feet,N,1,Clear,1,Daylight,1,Dry,11800,"Trafficway, On Road",9/2/21 9:08
1604,844682,1,41.34759,-72.93332,3347774,9/2/21,14:28:00,O,Property Damage Only,O,No Apparent Injury (O),2,State,5.83,10,CT-10,10-N,,Circular Ave,465,Feet,N,1,Clear,1,Daylight,1,Dry,22400,"Trafficway, On Road",9/2/21 14:28
6314,844683,1,41.370891,-72.947671,3347775,9/2/21,15:53:00,O,Property Damage Only,O,No Apparent Injury (O),2,Local,0.12,114,COOPER LA,COOPER LA,,Schupp Rd,300,Feet,W,2,Cloudy,1,Daylight,1,Dry,,"Trafficway, On Road",9/2/21 15:53
3191,846609,1,41.37517,-72.908713,3349701,9/2/21,21:40:00,O,Property Damage Only,O,No Apparent Injury (O),2,State,51.2,15,15-N,15-N,,15-N-124,5,TenthsofMile,S,1,Clear,5,Dark-Not Lighted,1,Dry,72600,"Trafficway, On Road",9/2/21 21:40
7356,845101,1,41.361161,-72.925554,3348193,9/2/21,22:56:00,O,Property Damage Only,O,No Apparent Injury (O),2,Local,0.06,660,MAPLEWOOD TER,MAPLEWOOD TER NO 2,,Dixwell Avenue,300,Feet,W,1,Clear,4,Dark-Lighted,1,Dry,,"Trafficway, On Road",9/2/21 22:56
3750,856664,1,41.377325,-72.906456,3358765,9/3/21,5:41:00,O,Property Damage Only,O,No Apparent Injury (O),2,State,51.38,15,15-S,15-S,,Exit 61 Rt 15 S ,2,TenthsofMile,S,1,Clear,1,Daylight,1,Dry,72600,"Trafficway, On Road",9/3/21 5:41
3193,863883,1,41.373012,-72.910951,3365982,9/3/21,5:56:00,O,Property Damage Only,O,No Apparent Injury (O),1,State,51.01,15,15-N,15-N,,15-N-124,7,TenthsofMile,S,1,Clear,2,Dawn,1,Dry,72600,"Trafficway, On Road",9/3/21 5:56
4975,844684,1,41.38312,-72.901983,3347776,9/3/21,15:37:00,O,Property Damage Only,O,No Apparent Injury (O),3,State,3.6,707,WHITNEY AV,707-N,,DIXWELL AVE.,120,Feet,S,1,Clear,1,Daylight,1,Dry,16800,"Trafficway, On Road",9/3/21 15:37
6698,850911,1,41.343303,-72.941097,3353014,9/3/21,18:43:00,A,"Injury of any type (Serious, Minor, Possible)",B,Suspected Minor Injury (B),2,Local,0.35,176,FAIRVIEW AV,FAIRVIEW AV,JONES RD,,,,,1,Clear,1,Daylight,1,Dry,,"Trafficway, On Road",9/3/21 18:43
1888,846643,1,41.339541,-72.935205,3349735,9/3/21,21:25:00,A,"Injury of any type (Serious, Minor, Possible)",B,Suspected Minor Injury (B),2,State,5.27,10,CT-10,10-N,PINE ST,,,,,1,Clear,4,Dark-Lighted,1,Dry,21100,"Trafficway, On Road",9/3/21 21:25
5070,850912,1,41.345847,-72.912432,3353015,9/3/21,23:55:00,O,Property Damage Only,O,No Apparent Injury (O),2,State,0.93,707,WHITNEY AV,707-N,,Putnam Avenue,70,Feet,S,1,Clear,4,Dark-Lighted,1,Dry,14300,"Trafficway, On Road",9/3/21 23:55
8921,846644,1,41.353176,-72.927223,3349736,9/4/21,12:40:00,O,Property Damage Only,O,No Apparent Injury (O),2,Local,0.13,527,TREADWELL ST,TREADWELL ST,,marne,400,Feet,E,1,Clear,1,Daylight,1,Dry,,"Trafficway, On Road",9/4/21 12:40
3490,844220,1,41.380638,-72.900763,3347312,9/4/21,14:44:00,O,Property Damage Only,O,No Apparent Injury (O),2,State,0.22,15,15-N,15-N-125,,15-N,35,Feet,S,1,Clear,1,Daylight,1,Dry,2500,"Trafficway, On Road",9/4/21 14:44
7711,846646,1,41.334941,-72.926871,3349738,9/4/21,14:55:00,O,Property Damage Only,O,No Apparent Injury (O),2,Local,0.61,385,NEWHALL ST,NEWHALL ST,,goodrich,30,Feet,S,1,Clear,1,Daylight,1,Dry,,"Trafficway, On Road",9/4/21 14:55
1006,850913,1,41.409192,-72.900328,3353016,9/4/21,17:37:00,O,Property Damage Only,O,No Apparent Injury (O),2,State,10.84,10,CT-10,10-N,,Evergreene Avenue,200,Feet,S,1,Clear,1,Daylight,1,Dry,25200,"Trafficway, On Road",9/4/21 17:37
1719,844685,1,41.369049,-72.919378,3347777,9/4/21,20:19:00,O,Property Damage Only,O,No Apparent Injury (O),2,State,7.47,10,CT-10,10-N,,Connolly Parkway,1,TenthsofMile,N,1,Clear,4,Dark-Lighted,1,Dry,22000,"Trafficway, On Road",9/4/21 20:19
6851,844686,1,41.340426,-72.938417,3347778,9/5/21,1:00:00,O,Property Damage Only,O,No Apparent Injury (O),2,Local,0.03,210,GEORGE ST,GEORGE ST,,Dix st,25,Feet,W,1,Clear,4,Dark-Lighted,1,Dry,,"Trafficway, On Road",9/5/21 1:00
9015,848750,1,41.34484,-72.937431,3351842,9/5/21,5:09:00,O,Property Damage Only,O,No Apparent Injury (O),2,Local,0.2,553,WARREN ST,WARREN ST,,Fourth Street ,30,Feet,N,1,Clear,4,Dark-Lighted,1,Dry,,"Trafficway, On Road",9/5/21 5:09
1931,846647,1,41.421207,-72.904792,3349739,9/5/21,16:02:00,A,"Injury of any type (Serious, Minor, Possible)",B,Suspected Minor Injury (B),1,State,11.7,10,CT-10,10-N,,Mount Carmel Road,200,Feet,N,1,Clear,1,Daylight,2,Wet,19000,"Trafficway, On Road",9/5/21 16:02
7595,844687,1,41.338032,-72.93413,3347779,9/7/21,9:20:00,A,"Injury of any type (Serious, Minor, Possible)",B,Suspected Minor Injury (B),2,Local,0.05,370,MORSE ST,MORSE ST,HAMDEN PARK DR,,,,,1,Clear,1,Daylight,1,Dry,,"Trafficway, On Road",9/7/21 9:20
6316,846649,1,41.349992,-72.894524,3349741,9/7/21,12:18:00,O,Property Damage Only,O,No Apparent Injury (O),2,Local,0.43,116,CORBIN RD,CORBIN RD,,FOOTE ST,11,Feet,S,1,Clear,1,Daylight,1,Dry,,"Trafficway, On Road",9/7/21 12:18
1889,848751,1,41.341686,-72.934986,3351843,9/7/21,14:45:00,O,Property Damage Only,O,No Apparent Injury (O),2,State,5.42,10,CT-10,10-N,NORTH ST,,,,,1,Clear,1,Daylight,1,Dry,21100,"Trafficway, On Road",9/7/21 14:45
133,847170,1,41.364642,-72.922728,3350262,9/7/21,19:27:00,O,Property Damage Only,O,No Apparent Injury (O),2,State,7.13,10,CT-10,10-N,,Weybosett St.,75,Feet,N,1,Clear,4,Dark-Lighted,1,Dry,38300,"Trafficway, On Road",9/7/21 19:27
3425,845177,1,41.365652,-72.920384,3348269,9/7/21,20:54:00,A,"Injury of any type (Serious, Minor, Possible)",C,Possible Injury (C),2,State,0.11,15,15-N,15-N-221,,15-N,200,Feet,S,1,Clear,4,Dark-Lighted,1,Dry,9700,"Trafficway, On Road",9/7/21 20:54
8507,846650,1,41.419861,-72.921237,3349742,9/8/21,6:12:00,O,Property Damage Only,O,No Apparent Injury (O),1,Local,3.14,489,SHEPARD AV,SHEPARD AV,,,,,,1,Clear,1,Daylight,1,Dry,,"Trafficway, On Road",9/8/21 6:12
5330,852932,1,41.36126,-72.909384,3355033,9/8/21,15:46:00,A,"Injury of any type (Serious, Minor, Possible)",C,Possible Injury (C),3,State,2.05,707,WHITNEY AV,707-N,,ELIHU ST.,30,Feet,S,1,Clear,1,Daylight,1,Dry,11700,"Trafficway, On Road",9/8/21 15:46
1530,847171,1,41.352609,-72.930601,3350263,9/8/21,16:02:00,A,"Injury of any type (Serious, Minor, Possible)",C,Possible Injury (C),2,State,6.2,10,CT-10,10-N,,Church Street,85,Feet,S,1,Clear,1,Daylight,1,Dry,22600,"Trafficway, On Road",9/8/21 16:02
6092,847173,1,41.422079,-72.935486,3350265,9/8/21,20:52:00,O,Property Damage Only,O,No Apparent Injury (O),2,Local,0.32,96,CHOATE AV,CHOATE AV,,Andover Rd,355,Feet,W,1,Clear,4,Dark-Lighted,1,Dry,,"Trafficway, On Road",9/8/21 20:52
132,846651,1,41.363737,-72.923162,3349743,9/9/21,3:12:00,A,"Injury of any type (Serious, Minor, Possible)",B,Suspected Minor Injury (B),1,State,7.06,10,CT-10,10-N,,Wheeler St,5,Feet,S,4,Rain,4,Dark-Lighted,2,Wet,38300,"Trafficway, On Road",9/9/21 3:12
7218,850914,1,41.363243,-72.925025,3353017,9/9/21,6:30:00,O,Property Damage Only,O,No Apparent Injury (O),2,Local,0,272,HOPE AV,HOPE AV,,Benham Street,15,Feet,N,1,Clear,1,Daylight,2,Wet,,"Trafficway, On Road",9/9/21 6:30
3492,858638,1,41.380554,-72.900783,3360739,9/9/21,8:26:00,O,Property Damage Only,O,No Apparent Injury (O),2,State,0.22,15,15-N,15-N-125,15-N-125,,,,,1,Clear,1,Daylight,1,Dry,2500,"Trafficway, On Road",9/9/21 8:26
3491,846264,1,41.380615,-72.900752,3349356,9/9/21,15:24:00,O,Property Damage Only,O,No Apparent Injury (O),2,State,0.22,15,15-N,15-N-125,,RT 15,15,Feet,S,4,Rain,1,Daylight,2,Wet,2500,"Trafficway, On Road",9/9/21 15:24
9100,846652,1,41.4328,-72.926573,3349744,9/9/21,17:17:00,A,"Injury of any type (Serious, Minor, Possible)",C,Possible Injury (C),1,Local,0.82,573,WEST TODD ST,WEST TODD ST,,Still Hill Road,200,Feet,E,4,Rain,1,Daylight,2,Wet,,"Trafficway, On Road",9/9/21 17:17
1005,846653,1,41.409731,-72.900507,3349745,9/9/21,18:31:00,O,Property Damage Only,O,No Apparent Injury (O),2,State,10.88,10,CT-10,10-N,EVERGREEN AV,,,,,4,Rain,1,Daylight,2,Wet,25200,"Trafficway, On Road",9/9/21 18:31
1890,848753,1,41.340468,-72.935213,3351845,9/9/21,20:11:00,A,"Injury of any type (Serious, Minor, Possible)",C,Possible Injury (C),2,State,5.32,10,CT-10,10-N,GEORGE ST,,,,,1,Clear,4,Dark-Lighted,1,Dry,21100,"Trafficway, On Road",9/9/21 20:11
1932,850915,1,41.423408,-72.905542,3353018,9/10/21,6:58:00,O,Property Damage Only,O,No Apparent Injury (O),2,State,11.85,10,CT-10,10-N,,Todd Street,300,Feet,S,1,Clear,1,Daylight,1,Dry,19000,"Trafficway, On Road",9/10/21 6:58
2568,852933,1,41.338421,-72.939186,3355034,9/10/21,7:11:00,A,"Injury of any type (Serious, Minor, Possible)",A,Suspected Serious Injury (A),2,State,4.98,10,CT-10,10-N,BURKE ST,,,,,1,Clear,1,Daylight,1,Dry,11200,"Trafficway, On Road",9/10/21 7:11
3249,858640,1,41.380845,-72.900591,3360741,9/10/21,8:04:00,O,Property Damage Only,O,No Apparent Injury (O),2,State,51.77,15,15-N,15-N,,Exit 61 ,1,TenthsofMile,N,1,Clear,1,Daylight,1,Dry,69900,"Trafficway, On Road",9/10/21 8:04
2411,846654,1,41.3974,-72.89718,3349746,9/10/21,9:56:00,A,"Injury of any type (Serious, Minor, Possible)",C,Possible Injury (C),2,State,9.99,10,CT-10,10-N,RIVERSIDE DR,,,,,1,Clear,1,Daylight,1,Dry,14700,"Trafficway, On Road",9/10/21 9:56
5069,846762,1,41.345651,-72.91238,3349854,9/10/21,10:11:00,O,Property Damage Only,O,No Apparent Injury (O),1,State,0.91,707,WHITNEY AV,707-N,,PUTNAM AVE,150,Feet,S,1,Clear,1,Daylight,1,Dry,14300,"Trafficway, On Road",9/10/21 10:11
6213,852934,1,41.35227,-72.93595,3355035,9/10/21,12:37:00,A,"Injury of any type (Serious, Minor, Possible)",A,Suspected Serious Injury (A),2,Local,0.96,99,CIRCULAR AV,CIRCULAR AV,PEARL AV,,,,,1,Clear,1,Daylight,1,Dry,,"Trafficway, On Road",9/10/21 12:37
5068,846655,1,41.3422,-72.91261,3349747,9/10/21,14:35:00,O,Property Damage Only,O,No Apparent Injury (O),2,State,0.66,707,WHITNEY AV,707-N,,Davis St,200,Feet,N,1,Clear,1,Daylight,1,Dry,14300,"Trafficway, On Road",9/10/21 14:35
6483,846656,1,41.338021,-72.935225,3349748,9/10/21,14:55:00,O,Property Damage Only,O,No Apparent Injury (O),2,Local,0.19,142,DIXWELL AV,DIXWELL AV NO 1,,Morse Street,50,Feet,S,1,Clear,1,Daylight,1,Dry,,"Trafficway, On Road",9/10/21 14:55
210,848754,1,41.366387,-72.921381,3351846,9/10/21,15:38:00,O,Property Damage Only,O,No Apparent Injury (O),2,State,7.25,10,CT-10,10-N,,Connolly Pkwy,200,Feet,S,1,Clear,1,Daylight,1,Dry,32700,"Trafficway, On Road",9/10/21 15:38
3190,846281,1,41.366547,-72.918124,3349373,9/10/21,18:13:00,A,"Injury of any type (Serious, Minor, Possible)",C,Possible Injury (C),2,State,50.42,15,15-N,15-N,,15-N-221,500,Feet,N,1,Clear,1,Daylight,1,Dry,72600,"Trafficway, On Road",9/10/21 18:13
1605,854123,1,41.346683,-72.933729,3356224,9/10/21,20:10:00,O,Property Damage Only,O,No Apparent Injury (O),2,State,5.77,10,CT-10,10-N,,Putnam Ave ,50,Feet,N,1,Clear,4,Dark-Lighted,1,Dry,22400,"Trafficway, On Road",9/10/21 20:10
2110,861777,1,41.438501,-72.909632,3363878,9/11/21,11:01:00,O,Property Damage Only,O,No Apparent Injury (O),2,State,12.91,10,CT-10,10-N,RIVER RD NO 2,,,,,1,Clear,1,Daylight,1,Dry,17500,"Trafficway, On Road",9/11/21 11:01
3192,855397,1,41.366427,-72.918286,3357498,9/11/21,11:50:00,O,Property Damage Only,O,No Apparent Injury (O),2,State,50.4,15,15-N,15-N,,Exit #60,2,Feet,N,1,Clear,1,Daylight,1,Dry,72600,"Trafficway, On Road",9/11/21 11:50
211,854124,1,41.367116,-72.920754,3356225,9/11/21,12:08:00,O,Property Damage Only,O,No Apparent Injury (O),2,State,7.32,10,CT-10,10-N,CONNOLLY PKWY,,,,,1,Clear,1,Daylight,1,Dry,32700,"Trafficway, On Road",9/11/21 12:08
4976,847174,1,41.382378,-72.902259,3350266,9/11/21,12:10:00,O,Property Damage Only,O,No Apparent Injury (O),2,State,3.55,707,WHITNEY AV,707-N,,Dixwell Avenue,300,Feet,S,1,Clear,1,Daylight,1,Dry,16800,"Trafficway, On Road",9/11/21 12:10
8727,852935,1,41.371616,-72.907725,3355036,9/11/21,12:20:00,A,"Injury of any type (Serious, Minor, Possible)",B,Suspected Minor Injury (B),2,Local,0.08,494,SKIFF ST,SKIFF ST,,WHITNEY AVE,400,Feet,W,1,Clear,1,Daylight,1,Dry,,"Trafficway, On Road",9/11/21 12:20
7596,846657,1,41.337423,-72.929686,3349749,9/11/21,15:55:00,O,Property Damage Only,O,No Apparent Injury (O),2,Local,0.28,370,MORSE ST,MORSE ST,,Shelton Avenue,20,Feet,W,99,Unknown,99,Unknown,1,Dry,,"Trafficway, On Road",9/11/21 15:55
1722,850916,1,41.369461,-72.919112,3353019,9/11/21,17:06:00,O,Property Damage Only,O,No Apparent Injury (O),2,State,7.5,10,CT-10,10-N,,skiff,1000,Feet,N,1,Clear,1,Daylight,1,Dry,22000,"Trafficway, On Road",9/11/21 17:06
6719,847957,1,41.415997,-72.923202,3351049,9/11/21,20:17:00,O,Property Damage Only,O,No Apparent Injury (O),2,Local,0.06,178,FANS ROCK RD,FANS ROCK RD,,Shepard Ave,200,Feet,W,1,Clear,5,Dark-Not Lighted,1,Dry,,"Trafficway, On Road",9/11/21 20:17
8729,861406,1,41.371199,-72.90656,3363507,9/12/21,2:28:00,O,Property Damage Only,O,No Apparent Injury (O),1,Local,0.02,494,SKIFF ST,SKIFF ST,,Whitney Avenue ,50,Feet,W,1,Clear,4,Dark-Lighted,1,Dry,,"Trafficway, On Road",9/12/21 2:28
9328,848755,1,41.344546,-72.934628,3351847,9/12/21,18:47:00,O,Property Damage Only,O,No Apparent Injury (O),2,Local,1.67,598,WOODIN ST,WOODIN ST,DIXWELL AVE,,,,,1,Clear,1,Daylight,1,Dry,,"Trafficway, On Road",9/12/21 18:47
3524,848223,1,41.366617,-72.917951,3351315,9/12/21,22:19:00,A,"Injury of any type (Serious, Minor, Possible)",B,Suspected Minor Injury (B),2,State,50.43,15,15-N,15-N,,exit 60 on ramp,100,Feet,N,1,Clear,4,Dark-Lighted,1,Dry,,"Trafficway, On Road",9/12/21 22:19
4844,857000,1,41.330236,-72.899118,3359101,9/12/21,22:31:00,O,Property Damage Only,O,No Apparent Injury (O),2,USRoute,1.18,5,US-5,5-N,,Atlas Street,55,Feet,S,1,Clear,5,Dark-Not Lighted,1,Dry,,"Trafficway, On Road",9/12/21 22:31