,CrashId,Fatal Case Status,lat,lon,DOT Case Number,Date Of Crash,Time of Crash,Crash Severity,Crash Severity Text Format,Most Severe Injury,Most Severe Injury Text Format,Number Of Motor Vehicles,Route Class Text Format,Milemarker,Road Number,Road Description,Roadway Name,Intersecting Roadway Name,Landmark Description,Distance From Nearest Landmark,Unit Of Measure From Nearest Landmark,Direction From Nearest Landmark,Weather Condition,Weather Condition Text Format,Light Condition,Light Condition Text Format,Road Surface Condition,Road Surface Condition Text Format,Average Daily Traffic,Trafficway Class Text Format,full_date
5371,848756,1,41.380367,-72.902972,3351848,9/13/21,9:29:00,A,"Injury of any type (Serious, Minor, Possible)",C,Possible Injury (C),2,State,3.41,707,WHITNEY AV,707-N,,Worth Ave,100,Feet,S,1,Clear,1,Daylight,1,Dry,,"Trafficway, On Road",9/13/21 9:29
8726,847175,1,41.371942,-72.908395,3350267,9/13/21,17:19:00,O,Property Damage Only,O,No Apparent Injury (O),2,Local,0.12,494,SKIFF ST,SKIFF ST,,Whitney Ave,500,Feet,W,1,Clear,1,Daylight,1,Dry,,"Trafficway, On Road",9/13/21 17:19
3527,849720,1,41.363397,-72.929877,3352812,9/13/21,23:36:00,A,"Injury of any type (Serious, Minor, Possible)",B,Suspected Minor Injury (B),1,State,49.74,15,15-N,15-N,,EXIT #60,3,TenthsofMile,S,4,Rain,5,Dark-Not Lighted,2,Wet,,"Trafficway, On Road",9/13/21 23:36
7858,850917,1,41.334239,-72.901967,3353020,9/14/21,10:25:00,O,Property Damage Only,O,No Apparent Injury (O),2,Local,0.42,414,PARK RD,PARK RD,FARM RD,,,,,1,Clear,1,Daylight,1,Dry,,"Trafficway, On Road",9/14/21 10:25
4394,848228,1,41.365837,-72.922913,3351320,9/14/21,10:50:00,A,"Injury of any type (Serious, Minor, Possible)",C,Possible Injury (C),2,State,50.18,15,15-S,15-S,15-S-119,,,,,1,Clear,1,Daylight,1,Dry,,"Trafficway, On Road",9/14/21 10:50
9327,847176,1,41.345506,-72.940774,3350268,9/14/21,13:51:00,A,"Injury of any type (Serious, Minor, Possible)",C,Possible Injury (C),2,Local,1.36,598,WOODIN ST,WOODIN ST,FAIRVIEW AV,,,,,1,Clear,1,Daylight,1,Dry,,"Trafficway, On Road",9/14/21 13:51
4488,847674,1,41.378259,-72.905289,3350766,9/14/21,16:05:00,O,Property Damage Only,O,No Apparent Injury (O),2,State,0.17,15,15-S,15-S-122,,15-S,75,Feet,N,1,Clear,1,Daylight,1,Dry,,"Trafficway, On Road",9/14/21 16:05
9330,854316,1,41.345523,-72.939726,3356417,9/14/21,17:06:00,O,Property Damage Only,O,No Apparent Injury (O),2,Local,1.42,598,WOODIN ST,WOODIN ST,,Glemby St,100,Feet,W,1,Clear,1,Daylight,1,Dry,,"Trafficway, On Road",9/14/21 17:06
2643,847177,1,41.35903,-72.925794,3350269,9/14/21,17:31:00,O,Property Damage Only,O,No Apparent Injury (O),2,State,6.71,10,CT-10,10-N,Mather Street,,15,Feet,,1,Clear,1,Daylight,1,Dry,,"Trafficway, On Road",9/14/21 17:31
3523,847840,1,41.379724,-72.902338,3350932,9/15/21,8:02:00,O,Property Damage Only,O,No Apparent Injury (O),1,State,51.67,15,15-N,15-N,,exit 61,50,Feet,S,2,Cloudy,1,Daylight,1,Dry,,"Trafficway, On Road",9/15/21 8:02
3543,866163,1,41.365598,-72.925298,3368262,9/15/21,8:46:00,O,Property Damage Only,O,No Apparent Injury (O),2,State,50.03,15,15-N,15-N,,Exit 60 Rt 15 N ,10,TenthsofMile,N,1,Clear,1,Daylight,1,Dry,,"Trafficway, On Road",9/15/21 8:46
4524,849266,1,41.3793972,-72.90375396,3352358,9/15/21,13:54:00,O,Property Damage Only,O,No Apparent Injury (O),2,State,0.16,15,15-S,15-S-123,,whitney ave,100,Feet,S,1,Clear,1,Daylight,1,Dry,,"Trafficway, Not on Road",9/15/21 13:54
2644,848758,1,41.367473,-72.920477,3351850,9/15/21,14:17:00,O,Property Damage Only,O,No Apparent Injury (O),2,State,7.35,10,CT-10,10-N,,CONNOLLY PKWY,125,Feet,N,1,Clear,1,Daylight,1,Dry,,"Trafficway, On Road",9/15/21 14:17
8801,848759,1,41.376729,-72.920796,3351851,9/15/21,15:14:00,O,Property Damage Only,O,No Apparent Injury (O),2,Local,0.29,495,SKIFF ST EXT,SKIFF ST EXT,,MIX AVE,100,Feet,W,1,Clear,1,Daylight,1,Dry,,"Trafficway, On Road",9/15/21 15:14
2652,849296,1,41.383588,-72.904308,3352388,9/15/21,15:50:00,O,Property Damage Only,O,No Apparent Injury (O),2,State,8.86,10,CT-10,10-N,,OLD DIXWELL AVE,135,Feet,S,1,Clear,1,Daylight,1,Dry,,"Trafficway, On Road",9/15/21 15:50
4395,848235,1,41.347591,-72.967498,3351327,9/15/21,17:41:00,O,Property Damage Only,O,No Apparent Injury (O),2,State,47.46,15,15-S,15-S,,Exit 59,0.800000012,TenthsofMile,N,1,Clear,1,Daylight,1,Dry,,"Trafficway, On Road",9/15/21 17:41
2653,849297,1,41.38293,-72.907804,3352389,9/15/21,19:03:00,O,Property Damage Only,O,No Apparent Injury (O),2,State,8.67,10,CT-10,10-N,EVERGREEN AV,,,,,1,Clear,3,Dusk,1,Dry,,"Trafficway, On Road",9/15/21 19:03
2660,852937,1,41.349768,-72.932095,3355038,9/16/21,8:05:00,O,Property Damage Only,O,No Apparent Injury (O),2,State,5.98,10,CT-10,10-N,COLLINS ST,,,,,4,Rain,1,Daylight,2,Wet,,"Trafficway, On Road",9/16/21 8:05
4486,848760,1,41.3661,-72.921588,3351852,9/16/21,9:14:00,A,"Injury of any type (Serious, Minor, Possible)",B,Suspected Minor Injury (B),2,State,0.18,15,15-S,15-S-119,10-N,,,,,1,Clear,1,Daylight,1,Dry,,"Trafficway, On Road",9/16/21 9:14
3546,869570,1,41.383826,-72.895578,3371668,9/16/21,12:30:00,O,Property Damage Only,O,No Apparent Injury (O),2,State,52.11,15,15-N,15-N,,Exit #61,5,TenthsofMile,N,1,Clear,1,Daylight,1,Dry,,"Trafficway, On Road",9/16/21 12:30
7951,870042,1,41.343655,-72.945619,3372140,9/16/21,12:52:00,A,"Injury of any type (Serious, Minor, Possible)",B,Suspected Minor Injury (B),1,Local,0.51,664,PINE ROCK AV,PINE ROCK AV NO 2,JONES RD,,,,,1,Clear,1,Daylight,1,Dry,,"Trafficway, On Road",9/16/21 12:52
2651,849213,1,41.377414,-72.914935,3352305,9/16/21,15:18:00,O,Property Damage Only,O,No Apparent Injury (O),2,State,8.09,10,CT-10,10-N,,SHEPARD AVE.,150,Feet,N,1,Clear,1,Daylight,1,Dry,,"Trafficway, On Road",9/16/21 15:18
2645,848761,1,41.420561,-72.904537,3351853,9/16/21,16:44:00,O,Property Damage Only,O,No Apparent Injury (O),2,State,11.65,10,CT-10,10-N,,West Woods Road,50,Feet,S,1,Clear,1,Daylight,1,Dry,,"Trafficway, On Road",9/16/21 16:44
2646,848762,1,41.338968,-72.935205,3351854,9/16/21,17:29:00,O,Property Damage Only,O,No Apparent Injury (O),2,State,5.23,10,CT-10,10-N,,Arch Street,250,Feet,N,1,Clear,1,Daylight,1,Dry,,"Trafficway, On Road",9/16/21 17:29
3574,849003,1,41.380629,-72.900768,3352095,9/16/21,19:04:00,O,Property Damage Only,O,No Apparent Injury (O),2,State,0.22,15,15-N,15-N-125,15-N,,,,,1,Clear,5,Dark-Not Lighted,1,Dry,,"Trafficway, On Road",9/16/21 19:04
2647,848763,1,41.363902,-72.923045,3351855,9/17/21,6:58:00,O,Property Damage Only,O,No Apparent Injury (O),2,State,7.07,10,CT-10,10-N,,Wheeler St,20,Feet,N,1,Clear,1,Daylight,1,Dry,,"Trafficway, On Road",9/17/21 6:58
5373,852938,1,41.380464,-72.902936,3355039,9/17/21,8:18:00,O,Property Damage Only,O,No Apparent Injury (O),2,State,3.42,707,WHITNEY AV,707-N,,WORTH AVE,50,Feet,S,2,Cloudy,1,Daylight,1,Dry,,"Trafficway, On Road",9/17/21 8:18
8508,850918,1,41.417871,-72.922727,3353021,9/17/21,16:15:00,A,"Injury of any type (Serious, Minor, Possible)",B,Suspected Minor Injury (B),2,Local,2.98,489,SHEPARD AV,SHEPARD AV,,West Woods Road,1,TenthsofMile,S,1,Clear,1,Daylight,1,Dry,,"Trafficway, On Road",9/17/21 16:15
9151,848764,1,41.420952,-72.93946,3351856,9/17/21,16:45:00,O,Property Damage Only,O,No Apparent Injury (O),1,Local,0.9,655,WEST WOODS RD,WEST WOODS RD NO 2,,JOYCE RD,100,Feet,E,1,Clear,1,Daylight,1,Dry,,"Trafficway, On Road",9/17/21 16:45
2654,850919,1,41.413954,-72.902081,3353022,9/17/21,16:56:00,O,Property Damage Only,O,No Apparent Injury (O),2,State,11.18,10,CT-10,10-N,,Sherman Ave,10,Feet,N,1,Clear,1,Daylight,1,Dry,,"Trafficway, On Road",9/17/21 16:56
2661,852939,1,41.423552,-72.905583,3355040,9/17/21,17:32:00,O,Property Damage Only,O,No Apparent Injury (O),2,State,11.86,10,CT-10,10-N,,West Todd St.,250,Feet,S,1,Clear,3,Dusk,1,Dry,,"Trafficway, On Road",9/17/21 17:32
7426,850920,1,41.339742,-72.926446,3353023,9/17/21,19:38:00,O,Property Damage Only,O,No Apparent Injury (O),1,Local,0.68,365,MILL ROCK RD,MILL ROCK RD,NEWHALL ST,,,,,1,Clear,4,Dark-Lighted,1,Dry,,"Trafficway, On Road",9/17/21 19:38
3525,849272,1,41.35771966,-72.9426212,3352364,9/18/21,11:34:00,O,Property Damage Only,O,No Apparent Injury (O),2,State,48.97,15,15-N,15-N,,Exit 60,10,TenthsofMile,S,1,Clear,1,Daylight,1,Dry,,"Trafficway, On Road",9/18/21 11:34
8602,850921,1,41.401814,-72.914995,3353024,9/18/21,15:22:00,A,"Injury of any type (Serious, Minor, Possible)",C,Possible Injury (C),2,Local,0.96,491,SHERMAN AV,SHERMAN AV NO 1,,CRESTWAY,1400,Feet,E,1,Clear,1,Daylight,1,Dry,,"Trafficway, On Road",9/18/21 15:22
4396,848647,1,41.34873,-72.966138,3351739,9/18/21,16:42:00,A,"Injury of any type (Serious, Minor, Possible)",C,Possible Injury (C),3,State,47.57,15,15-S,15-S,,15-S-116,9,TenthsofMile,N,1,Clear,1,Daylight,1,Dry,,"Trafficway, On Road",9/18/21 16:42
2648,848765,1,41.377137,-72.91506,3351857,9/18/21,17:37:00,O,Property Damage Only,O,No Apparent Injury (O),2,State,8.07,10,CT-10,10-N,,Shepard Ave,0.100000001,TenthsofMile,N,1,Clear,1,Daylight,1,Dry,,"Trafficway, On Road",9/18/21 17:37
2673,854125,1,41.38451,-72.901478,3356226,9/18/21,18:01:00,A,"Injury of any type (Serious, Minor, Possible)",A,Suspected Serious Injury (A),2,State,9.06,10,CT-10,10-N,SCHOOL ST,,,,,1,Clear,1,Daylight,1,Dry,,"Trafficway, On Road",9/18/21 18:01
5975,848766,1,41.338401,-72.937789,3351858,9/18/21,23:11:00,O,Property Damage Only,O,No Apparent Injury (O),2,Local,0.18,52,BOWEN ST,BOWEN ST,10-N,,,,,1,Clear,4,Dark-Lighted,1,Dry,,"Trafficway, On Road",9/18/21 23:11
2649,848767,1,41.372728,-72.916987,3351859,9/19/21,10:23:00,A,"Injury of any type (Serious, Minor, Possible)",B,Suspected Minor Injury (B),2,State,7.76,10,CT-10,10-N,,dixwell,1000,Feet,E,1,Clear,1,Daylight,1,Dry,,"Trafficway, On Road",9/19/21 10:23
6212,850922,1,41.348714,-72.934708,3353025,9/19/21,15:56:00,O,Property Damage Only,O,No Apparent Injury (O),2,Local,1.22,99,CIRCULAR AV,CIRCULAR AV,BRADLEY AV,,,,,1,Clear,1,Daylight,1,Dry,,"Trafficway, On Road",9/19/21 15:56
6214,854126,1,41.352287,-72.935826,3356227,9/19/21,16:25:00,O,Property Damage Only,O,No Apparent Injury (O),2,Local,0.96,99,CIRCULAR AV,CIRCULAR AV,BEACON ST,,,,,1,Clear,1,Daylight,1,Dry,,"Trafficway, On Road",9/19/21 16:25
4489,848652,1,41.378247,-72.905293,3351744,9/19/21,17:56:00,O,Property Damage Only,O,No Apparent Injury (O),2,State,0.17,15,15-S,15-S-122,,Exit 61 OFF RAMP ,75,Feet,N,1,Clear,1,Daylight,1,Dry,,"Trafficway, On Road",9/19/21 17:56
8871,854317,1,41.343932,-72.937436,3356418,9/20/21,0:45:00,O,Property Damage Only,O,No Apparent Injury (O),2,Local,0.11,518,THIRD ST,THIRD ST,WARREN ST,,,,,1,Clear,5,Dark-Not Lighted,1,Dry,,"Trafficway, On Road",9/20/21 0:45
7757,850924,1,41.34865,-72.94598,3353027,9/20/21,7:38:00,O,Property Damage Only,O,No Apparent Injury (O),2,Local,0.05,397,OBERLIN RD,OBERLIN RD,,Pinerock Av,200,Feet,W,1,Clear,1,Daylight,1,Dry,,"Trafficway, On Road",9/20/21 7:38
2662,852941,1,41.445871,-72.91045,3355042,9/20/21,8:44:00,O,Property Damage Only,O,No Apparent Injury (O),1,State,13.43,10,CT-10,10-N,,WILLOW ST,100,Feet,S,1,Clear,1,Daylight,1,Dry,,"Trafficway, On Road",9/20/21 8:44
2655,850925,1,41.35873,-72.92588,3353028,9/20/21,9:45:00,O,Property Damage Only,O,No Apparent Injury (O),2,State,6.69,10,CT-10,10-N,,Mather St,10,Feet,S,1,Clear,1,Daylight,1,Dry,,"Trafficway, On Road",9/20/21 9:45
3561,921068,1,41.381521,-72.899476,3418225,9/20/21,11:33:00,O,Property Damage Only,O,No Apparent Injury (O),2,State,51.85,15,15-N,15-N,,15-N-124,1,TenthsofMile,N,1,Clear,1,Daylight,1,Dry,,"Trafficway, Not on Road",9/20/21 11:33
6593,850926,1,41.343335,-72.911926,3353029,9/20/21,17:14:00,O,Property Damage Only,O,No Apparent Injury (O),2,Local,0.07,167,ELI RD,ELI RD,,WHITNEY AVE,115,Feet,S,1,Clear,1,Daylight,1,Dry,,"Trafficway, On Road",9/20/21 17:14
2650,848768,1,41.369268,-72.919201,3351860,9/20/21,19:33:00,O,Property Damage Only,O,No Apparent Injury (O),2,State,7.49,10,CT-10,10-N,,Entrance to 2100 Dixwell Ave,50,Feet,S,1,Clear,4,Dark-Lighted,1,Dry,,"Trafficway, On Road",9/20/21 19:33
2663,852943,1,41.41277,-72.90159,3355044,9/21/21,1:44:00,O,Property Damage Only,O,No Apparent Injury (O),1,State,11.09,10,CT-10,10-N,,Sherman Ave..,400,Feet,S,1,Clear,4,Dark-Lighted,1,Dry,,"Trafficway, On Road",9/21/21 1:44
4405,857059,1,41.364978,-72.927682,3359160,9/21/21,5:48:00,O,Property Damage Only,O,No Apparent Injury (O),1,State,49.91,15,15-S,15-S,,EXIT #60,3,TenthsofMile,S,1,Clear,5,Dark-Not Lighted,1,Dry,,"Trafficway, On Road",9/21/21 5:48
2664,852944,1,41.34989,-72.9321,3355045,9/21/21,9:37:00,O,Property Damage Only,O,No Apparent Injury (O),2,State,6,10,CT-10,10-N,,COLLINS ST,50,Feet,N,1,Clear,1,Daylight,1,Dry,,"Trafficway, On Road",9/21/21 9:37
5372,850927,1,41.358962,-72.909791,3353030,9/21/21,15:18:00,O,Property Damage Only,O,No Apparent Injury (O),2,State,1.89,707,WHITNEY AV,707-N,,CENTRAL AVE.,115,Feet,S,1,Clear,1,Daylight,1,Dry,,"Trafficway, On Road",9/21/21 15:18
4525,851225,1,41.379359,-72.903543,3353328,9/21/21,16:22:00,O,Property Damage Only,O,No Apparent Injury (O),2,State,0.17,15,15-S,15-S-123,,Exit 61,1,TenthsofMile,S,1,Clear,1,Daylight,1,Dry,,"Trafficway, On Road",9/21/21 16:22
3528,851992,1,41.378262,-72.904664,3354093,9/21/21,16:58:00,O,Property Damage Only,O,No Apparent Injury (O),2,State,51.51,15,15-N,15-N,,Exit 61,2.5,TenthsofMile,S,1,Clear,1,Daylight,1,Dry,,"Trafficway, On Road",9/21/21 16:58
4397,851229,1,41.36374621,-72.92966217,3353332,9/21/21,17:27:00,O,Property Damage Only,O,No Apparent Injury (O),2,State,49.78,15,15-S,15-S,,Exit 60,5,TenthsofMile,S,1,Clear,1,Daylight,1,Dry,,"Trafficway, On Road",9/21/21 17:27
8728,852945,1,41.371119,-72.906588,3355046,9/21/21,20:46:00,O,Property Damage Only,O,No Apparent Injury (O),2,Local,0.01,494,SKIFF ST,SKIFF ST,,707-N,50,Feet,W,1,Clear,4,Dark-Lighted,1,Dry,,"Trafficway, On Road",9/21/21 20:46
2656,850928,1,41.399035,-72.897402,3353031,9/22/21,11:27:00,O,Property Damage Only,O,No Apparent Injury (O),2,State,10.11,10,CT-10,10-N,,rt 40,100,Feet,S,1,Clear,1,Daylight,1,Dry,,"Trafficway, On Road",9/22/21 11:27
3526,849283,1,41.376121,-72.907722,3352375,9/22/21,15:12:00,O,Property Damage Only,O,No Apparent Injury (O),2,State,51.29,15,15-N,15-N,,Exit 61,0.400000006,TenthsofMile,S,2,Cloudy,1,Daylight,1,Dry,,"Trafficway, On Road",9/22/21 15:12
4490,849284,1,41.378141,-72.905311,3352376,9/22/21,15:12:00,O,Property Damage Only,O,No Apparent Injury (O),2,State,0.18,15,15-S,15-S-122,,RT 15,10,Feet,S,2,Cloudy,1,Daylight,1,Dry,,"Trafficway, On Road",9/22/21 15:12
2657,850929,1,41.396865,-72.897071,3353032,9/22/21,16:37:00,O,Property Damage Only,O,No Apparent Injury (O),2,State,9.96,10,CT-10,10-N,CANNON ST,,,,,4,Rain,1,Daylight,2,Wet,,"Trafficway, On Road",9/22/21 16:37
2658,850930,1,41.381139,-72.912505,3353033,9/22/21,19:59:00,O,Property Damage Only,O,No Apparent Injury (O),2,State,8.4,10,CT-10,10-N,SANFORD ST,,,,,1,Clear,4,Dark-Lighted,2,Wet,,"Trafficway, On Road",9/22/21 19:59
7597,850931,1,41.33711,-72.92599,3353034,9/23/21,10:50:00,O,Property Damage Only,O,No Apparent Injury (O),3,Local,0.48,370,MORSE ST,MORSE ST,,New Hall Street,140,Feet,E,1,Clear,1,Daylight,1,Dry,,"Trafficway, On Road",9/23/21 10:50
7990,850932,1,41.337271,-72.919371,3353035,9/23/21,12:56:00,O,Property Damage Only,O,No Apparent Injury (O),2,Local,0.07,438,PROSPECT ST,PROSPECT ST,BRYDEN TER,,,,,1,Clear,1,Daylight,1,Dry,,"Trafficway, On Road",9/23/21 12:56
2674,854318,1,41.337687,-72.941601,3356419,9/23/21,14:40:00,A,"Injury of any type (Serious, Minor, Possible)",C,Possible Injury (C),2,State,4.83,10,CT-10,10-N,,ARCH ST.,50,Feet,S,1,Clear,1,Daylight,1,Dry,,"Trafficway, On Road",9/23/21 14:40
9329,852946,1,41.346215,-72.945705,3355047,9/23/21,17:18:00,O,Property Damage Only,O,No Apparent Injury (O),2,Local,1.11,598,WOODIN ST,WOODIN ST,PINE ROCK AV NO 2,,,,,1,Clear,1,Daylight,1,Dry,,"Trafficway, On Road",9/23/21 17:18
5996,854319,1,41.351102,-72.942232,3356420,9/24/21,0:36:00,O,Property Damage Only,O,No Apparent Injury (O),1,Local,0,54,BRADLEY AV,BRADLEY AV,WILLIAM ST,,,,,4,Rain,4,Dark-Lighted,2,Wet,,"Trafficway, On Road",9/24/21 0:36
3532,857062,1,41.364552,-72.928112,3359163,9/24/21,2:02:00,A,"Injury of any type (Serious, Minor, Possible)",B,Suspected Minor Injury (B),1,State,49.86,15,15-N,15-N,,EXIT #60,100,Feet,S,4,Rain,5,Dark-Not Lighted,2,Wet,,"Trafficway, On Road",9/24/21 2:02
4417,867083,1,41.365868,-72.922304,3369182,9/24/21,2:46:00,A,"Injury of any type (Serious, Minor, Possible)",B,Suspected Minor Injury (B),1,State,50.22,15,15-S,15-S,15-S-119,,,,,4,Rain,4,Dark-Lighted,2,Wet,,"Trafficway, On Road",9/24/21 2:46
2675,854320,1,41.36881344,-72.919475,3356421,9/24/21,8:33:00,A,"Injury of any type (Serious, Minor, Possible)",C,Possible Injury (C),2,State,7.45,10,CT-10,10-N,,Hamden Plaza main entrance,100,Feet,N,4,Rain,1,Daylight,2,Wet,,"Trafficway, On Road",9/24/21 8:33
6790,852947,1,41.344614,-72.937107,3355048,9/24/21,8:41:00,O,Property Damage Only,O,No Apparent Injury (O),2,Local,0.12,198,FOURTH ST,FOURTH ST,,Warren St.,85,Feet,E,99,Unknown,99,Unknown,99,Unknown,,"Trafficway, On Road",9/24/21 8:41
2676,854321,1,41.346774,-72.933643,3356422,9/24/21,15:05:00,O,Property Damage Only,O,No Apparent Injury (O),2,State,5.77,10,CT-10,10-N,,Circular Ave,100,Feet,N,1,Clear,1,Daylight,1,Dry,,"Trafficway, On Road",9/24/21 15:05
7808,852948,1,41.368658,-72.942246,3355049,9/24/21,15:40:00,O,Property Damage Only,O,No Apparent Injury (O),1,Local,0.11,411,PARADISE AV,PARADISE AV NO 5,,COOPER LA,40,Feet,N,1,Clear,1,Daylight,1,Dry,,"Trafficway, On Road",9/24/21 15:40
2665,852949,1,41.338345,-72.939424,3355050,9/24/21,17:26:00,O,Property Damage Only,O,No Apparent Injury (O),2,State,4.97,10,CT-10,10-N,,Burke Street,20,Feet,W,1,Clear,1,Daylight,1,Dry,,"Trafficway, On Road",9/24/21 17:26
5653,862528,1,41.374487,-72.915926,3364627,9/24/21,20:24:00,O,Property Damage Only,O,No Apparent Injury (O),2,State,0.17,753,CT-10,753-S,SKIFF ST,,,,,1,Clear,4,Dark-Lighted,1,Dry,,"Trafficway, On Road",9/24/21 20:24
5380,856335,1,41.3605125,-72.90948714,3358436,9/25/21,11:27:00,O,Property Damage Only,O,No Apparent Injury (O),2,State,2,707,WHITNEY AV,707-N,,HAWTHORNE ST,232,Feet,N,1,Clear,1,Daylight,1,Dry,,"Trafficway, On Road",9/25/21 11:27
2659,850933,1,41.422703,-72.905399,3353036,9/25/21,11:34:00,A,"Injury of any type (Serious, Minor, Possible)",C,Possible Injury (C),3,State,11.8,10,CT-10,10-N,,West Woods Rd.,1,TenthsofMile,N,1,Clear,1,Daylight,1,Dry,,"Trafficway, On Road",9/25/21 11:34
4399,852817,1,41.378736,-72.904003,3354918,9/25/21,12:43:00,O,Property Damage Only,O,No Apparent Injury (O),2,State,51.57,15,15-S,15-S,,Rt 15 S Exit 61 on ramp ,10,Feet,S,1,Clear,1,Daylight,1,Dry,,"Trafficway, On Road",9/25/21 12:43
9101,854322,1,41.433236,-72.933825,3356423,9/25/21,15:24:00,A,"Injury of any type (Serious, Minor, Possible)",C,Possible Injury (C),1,Local,0.43,573,WEST TODD ST,WEST TODD ST,,Joyce Rd. II,25,Feet,W,1,Clear,1,Daylight,1,Dry,,"Trafficway, On Road",9/25/21 15:24
2666,852950,1,41.356029,-72.928152,3355051,9/25/21,15:55:00,O,Property Damage Only,O,No Apparent Injury (O),2,State,6.47,10,CT-10,10-N,SAINT JAMES ST,,,,,1,Clear,1,Daylight,1,Dry,,"Trafficway, On Road",9/25/21 15:55
2997,850934,1,41.375101,-72.915401,3353037,9/25/21,16:51:00,O,Property Damage Only,O,No Apparent Injury (O),2,Local,0.05,144,CT-10,DIXWELL AV NO 2 RT 10 NB,,Skiff Street,200,Feet,N,1,Clear,1,Daylight,1,Dry,,"Trafficway, On Road",9/25/21 16:51
4398,851299,1,41.352274,-72.96185,3353402,9/25/21,17:20:00,A,"Injury of any type (Serious, Minor, Possible)",C,Possible Injury (C),3,State,47.9,15,15-S,15-S,,Exit 59,10,TenthsofMile,N,1,Clear,1,Daylight,1,Dry,,"Trafficway, On Road",9/25/21 17:20
2689,857001,1,41.344517,-72.934447,3359102,9/25/21,17:58:00,O,Property Damage Only,O,No Apparent Injury (O),2,State,5.6,10,CT-10,10-N,WOODIN ST,,,,,1,Clear,1,Daylight,1,Dry,,"Trafficway, On Road",9/25/21 17:58
5386,858073,1,41.371077,-72.906322,3360174,9/25/21,19:46:00,O,Property Damage Only,O,No Apparent Injury (O),2,State,2.74,707,WHITNEY AV,707-N,SKIFF ST,,,,,1,Clear,4,Dark-Lighted,1,Dry,,"Trafficway, On Road",9/25/21 19:46
2677,854323,1,41.36963,-72.91909,3356424,9/25/21,23:54:00,O,Property Damage Only,O,No Apparent Injury (O),2,State,7.51,10,CT-10,10-N,,MARIETTA ST,1231,Feet,N,1,Clear,4,Dark-Lighted,1,Dry,,"Trafficway, On Road",9/25/21 23:54
2667,852951,1,41.3456,-72.934064,3355052,9/26/21,0:35:00,A,"Injury of any type (Serious, Minor, Possible)",C,Possible Injury (C),2,State,5.69,10,CT-10,10-N,,Putnam Avenue ,150,Feet,S,1,Clear,4,Dark-Lighted,1,Dry,,"Trafficway, On Road",9/26/21 0:35
5659,875772,1,41.376702,-72.915497,3377869,9/26/21,5:20:00,O,Property Damage Only,O,No Apparent Injury (O),2,State,0,753,CT-10,753-S,Shepard avenue,,,,,1,Clear,4,Dark-Lighted,1,Dry,,"Trafficway, On Road",9/26/21 5:20
5377,854324,1,41.363234,-72.908901,3356425,9/26/21,10:08:00,O,Property Damage Only,O,No Apparent Injury (O),2,State,2.19,707,WHITNEY AV,707-N,,Ardmore St,25,Feet,N,1,Clear,1,Daylight,1,Dry,,"Trafficway, On Road",9/26/21 10:08
8730,861778,1,41.37341,-72.9101,3363879,9/26/21,13:59:00,O,Property Damage Only,O,No Apparent Injury (O),2,Local,99062,494,SKIFF ST,SKIFF ST,,WILBUR CROSS HIGHWAY,387,Feet,E,1,Clear,1,Daylight,1,Dry,,"Trafficway, On Road",9/26/21 13:59
7616,854325,1,41.34106048,-72.93927281,3356426,9/26/21,15:05:00,O,Property Damage Only,O,No Apparent Injury (O),2,Local,0.11,371,MOTT ST,MOTT ST,,BURKE ST,15,Feet,W,1,Clear,1,Daylight,1,Dry,,"Trafficway, On Road",9/26/21 15:05
7713,862529,1,41.33602,-72.9266,3364628,9/26/21,15:50:00,O,Property Damage Only,O,No Apparent Injury (O),2,Local,0.52,385,NEWHALL ST,NEWHALL ST,MARLBORO ST,,,,,1,Clear,1,Daylight,1,Dry,,"Trafficway, On Road",9/26/21 15:50
4407,860264,1,41.37890676,-72.9038597,3362365,9/26/21,17:55:00,O,Property Damage Only,O,No Apparent Injury (O),3,State,51.59,15,15-S,15-S,,Exit 62,2,TenthsofMile,S,1,Clear,1,Daylight,1,Dry,,"Trafficway, On Road",9/26/21 17:55
7505,852952,1,41.370282,-72.924457,3355053,9/26/21,19:40:00,A,"Injury of any type (Serious, Minor, Possible)",C,Possible Injury (C),2,Local,0.48,366,MIX AV,MIX AV,,Plaza Ter,75,Feet,S,1,Clear,4,Dark-Lighted,1,Dry,,"Trafficway, On Road",9/26/21 19:40
6217,857002,1,41.352279,-72.935868,3359103,9/27/21,13:32:00,O,Property Damage Only,O,No Apparent Injury (O),2,Local,0.96,99,CIRCULAR AV,CIRCULAR AV,BEACON ST,,,,,1,Clear,1,Daylight,1,Dry,,"Trafficway, On Road",9/27/21 13:32
4493,855900,1,41.37825,-72.905292,3358001,9/27/21,17:06:00,O,Property Damage Only,O,No Apparent Injury (O),2,State,0.17,15,15-S,15-S-122,,15-S,80,Feet,N,1,Clear,1,Daylight,1,Dry,,"Trafficway, On Road",9/27/21 17:06
5374,852953,1,41.345823,-72.912383,3355054,9/27/21,19:41:00,O,Property Damage Only,O,No Apparent Injury (O),2,State,0.92,707,WHITNEY AV,707-N,,PUTNAM AVE,70,Feet,S,1,Clear,4,Dark-Lighted,1,Dry,,"Trafficway, On Road",9/27/21 19:41
2690,857003,1,41.436929,-72.908935,3359104,9/28/21,11:20:00,O,Property Damage Only,O,No Apparent Injury (O),2,State,12.8,10,CT-10,10-N,SHEPARD AV,,,,,4,Rain,1,Daylight,2,Wet,,"Trafficway, On Road",9/28/21 11:20
5652,852954,1,41.375823,-72.915842,3355055,9/28/21,13:55:00,O,Property Damage Only,O,No Apparent Injury (O),2,State,0.08,753,CT-10,753-S,,SKIFF ST,425,Feet,N,4,Rain,1,Daylight,2,Wet,,"Trafficway, On Road",9/28/21 13:55