,CrashId,Fatal Case Status,lat,lon,DOT Case Number,Date Of Crash,Time of Crash,Crash Severity,Crash Severity Text Format,Most Severe Injury,Most Severe Injury Text Format,Number Of Motor Vehicles,Route Class Text Format,Milemarker,Road Number,Road Description,Roadway Name,Intersecting Roadway Name,Landmark Description,Distance From Nearest Landmark,Unit Of Measure From Nearest Landmark,Direction From Nearest Landmark,Weather Condition,Weather Condition Text Format,Light Condition,Light Condition Text Format,Road Surface Condition,Road Surface Condition Text Format,Average Daily Traffic,Trafficway Class Text Format,full_date
5381,857004,1,41.380114,-72.90307,3359105,9/28/21,14:09:00,O,Property Damage Only,O,No Apparent Injury (O),2,State,3.39,707,WHITNEY AV,707-N,,WORTH AVE,240,Feet,S,4,Rain,1,Daylight,2,Wet,,"Trafficway, On Road",9/28/21 14:09
2668,852955,1,41.384784,-72.901448,3355056,9/28/21,15:29:00,A,"Injury of any type (Serious, Minor, Possible)",C,Possible Injury (C),2,State,9.08,10,CT-10,10-N,,School St,100,Feet,N,4,Rain,1,Daylight,2,Wet,,"Trafficway, On Road",9/28/21 15:29
2669,852957,1,41.383555,-72.90466,3355058,9/28/21,17:39:00,O,Property Damage Only,O,No Apparent Injury (O),2,State,8.85,10,CT-10,10-N,,EVERGREEN AV,875,Feet,E,1,Clear,1,Daylight,2,Wet,,"Trafficway, On Road",9/28/21 17:39
5375,852956,1,41.371512,-72.906202,3355057,9/28/21,17:39:00,A,"Injury of any type (Serious, Minor, Possible)",C,Possible Injury (C),2,State,2.77,707,WHITNEY AV,707-N,,SKIFF ST,130,Feet,N,4,Rain,1,Daylight,2,Wet,,"Trafficway, On Road",9/28/21 17:39
5376,852958,1,41.34592,-72.91236,3355059,9/28/21,19:10:00,A,"Injury of any type (Serious, Minor, Possible)",C,Possible Injury (C),2,State,0.94,707,WHITNEY AV,707-N,PUTNAM AVE,,,,,2,Cloudy,4,Dark-Lighted,1,Dry,,"Trafficway, On Road",9/28/21 19:10
7797,852959,1,41.419855,-72.926463,3355060,9/29/21,13:10:00,O,Property Damage Only,O,No Apparent Injury (O),2,Local,0.04,612,PARADISE AV,PARADISE AV NO 1,,WEST WOODS RD,215,Feet,S,1,Clear,1,Daylight,1,Dry,,"Trafficway, On Road",9/29/21 13:10
5382,857005,1,41.382758,-72.902087,3359106,9/29/21,15:45:00,O,Property Damage Only,O,No Apparent Injury (O),2,State,3.57,707,WHITNEY AV,707-N,,DIXWELL AVE,250,Feet,S,1,Clear,1,Daylight,1,Dry,,"Trafficway, On Road",9/29/21 15:45
6636,857006,1,41.400932,-72.903061,3359107,9/29/21,16:08:00,O,Property Damage Only,O,No Apparent Injury (O),2,Local,1.29,174,EVERGREEN AV,EVERGREEN AV,,Knob Hill ,50,Feet,N,1,Clear,1,Daylight,1,Dry,,"Trafficway, On Road",9/29/21 16:08
2670,852960,1,41.367867,-72.920223,3355061,9/29/21,17:20:00,O,Property Damage Only,O,No Apparent Injury (O),2,State,7.38,10,CT-10,10-N,,CONNOLLY PKWY,300,Feet,N,1,Clear,1,Daylight,1,Dry,,"Trafficway, On Road",9/29/21 17:20
2705,861407,1,41.369424,-72.919098,3363508,9/29/21,18:08:00,O,Property Damage Only,O,No Apparent Injury (O),1,State,7.5,10,CT-10,10-N,,CONNOLLY PKWY,1,TenthsofMile,N,1,Clear,1,Daylight,1,Dry,,"Trafficway, On Road",9/29/21 18:08
2671,852961,1,41.354216,-72.929602,3355062,9/29/21,20:30:00,A,"Injury of any type (Serious, Minor, Possible)",B,Suspected Minor Injury (B),2,State,6.32,10,CT-10,10-N,,TREADWELL ST.,70,Feet,N,1,Clear,4,Dark-Lighted,1,Dry,,"Trafficway, On Road",9/29/21 20:30
2678,854326,1,41.382845,-72.908345,3356427,9/29/21,21:24:00,A,"Injury of any type (Serious, Minor, Possible)",B,Suspected Minor Injury (B),3,State,8.65,10,CT-10,10-N,,EVERGREEN AVE. ,150,Feet,S,1,Clear,4,Dark-Lighted,1,Dry,,"Trafficway, On Road",9/29/21 21:24
6602,889098,1,41.350703,-72.956802,3391195,9/30/21,8:30:00,A,"Injury of any type (Serious, Minor, Possible)",C,Possible Injury (C),2,Local,0.01,170,ELLIOT ST,ELLIOT ST,,WOODIN STREET,50,Feet,N,99,Unknown,1,Daylight,1,Dry,,"Trafficway, On Road",9/30/21 8:30
3529,854220,1,41.362957,-72.93062,3356321,9/30/21,9:42:00,O,Property Damage Only,O,No Apparent Injury (O),2,State,49.69,15,15-N,15-N,,Exit 60,2,TenthsofMile,S,1,Clear,1,Daylight,1,Dry,,"Trafficway, On Road",9/30/21 9:42
8981,861779,1,41.353884,-72.904758,3363880,9/30/21,12:28:00,O,Property Damage Only,O,No Apparent Injury (O),1,Local,0.26,548,WAITE ST,WAITE ST,,Ridge Road,1,TenthsofMile,W,1,Clear,1,Daylight,1,Dry,,"Trafficway, On Road",9/30/21 12:28
4408,860268,1,41.3629,-72.93099,3362369,9/30/21,17:25:00,O,Property Damage Only,O,No Apparent Injury (O),2,State,49.69,15,15-S,15-S,,15-S-119,5,TenthsofMile,S,1,Clear,1,Daylight,1,Dry,,"Trafficway, On Road",9/30/21 17:25
5378,854327,1,41.343346,-72.911941,3356428,9/30/21,17:35:00,O,Property Damage Only,O,No Apparent Injury (O),2,State,0.77,707,WHITNEY AV,707-N,ELI RD,,,,,1,Clear,1,Daylight,1,Dry,,"Trafficway, On Road",9/30/21 17:35
2672,852962,1,41.349912,-72.932132,3355063,9/30/21,17:46:00,A,"Injury of any type (Serious, Minor, Possible)",B,Suspected Minor Injury (B),2,State,6,10,CT-10,10-N,,COLLINS ST.,30,Feet,N,1,Clear,1,Daylight,1,Dry,,"Trafficway, On Road",9/30/21 17:46
4843,855135,1,41.352445,-72.891812,3357236,9/30/21,19:26:00,A,"Injury of any type (Serious, Minor, Possible)",C,Possible Injury (C),2,USRoute,2.82,5,US-5,5-N,,SEBEC ST,200,Feet,S,1,Clear,4,Dark-Lighted,1,Dry,,"Trafficway, On Road",9/30/21 19:26
5997,854328,1,41.350841,-72.941475,3356429,9/30/21,23:58:00,A,"Injury of any type (Serious, Minor, Possible)",B,Suspected Minor Injury (B),2,Local,0.04,54,BRADLEY AV,BRADLEY AV,,William Street,230,Feet,E,1,Clear,4,Dark-Lighted,1,Dry,,"Trafficway, On Road",9/30/21 23:58
4491,853332,1,41.378242,-72.905283,3355433,10/1/21,7:45:00,A,"Injury of any type (Serious, Minor, Possible)",C,Possible Injury (C),2,State,0.17,15,15-S,15-S-122,,15-S,50,Feet,N,1,Clear,1,Daylight,1,Dry,,"Trafficway, On Road",10/1/21 7:45
3575,855520,1,41.380568,-72.900788,3357621,10/1/21,14:21:00,O,Property Damage Only,O,No Apparent Injury (O),2,State,0.22,15,15-N,15-N-125,,15-N,50,Feet,S,1,Clear,1,Daylight,1,Dry,,"Trafficway, On Road",10/1/21 14:21
4400,855523,1,41.367531,-72.917052,3357624,10/1/21,16:47:00,O,Property Damage Only,O,No Apparent Injury (O),2,State,50.52,15,15-S,15-S,,15-S-119,3,TenthsofMile,N,1,Clear,1,Daylight,1,Dry,,"Trafficway, On Road",10/1/21 16:47
5379,854329,1,41.359531,-72.909726,3356430,10/1/21,19:28:00,O,Property Damage Only,O,No Apparent Injury (O),2,State,1.93,707,WHITNEY AV,707-N,,Central Ave,75,Feet,N,1,Clear,4,Dark-Lighted,1,Dry,,"Trafficway, On Road",10/1/21 19:28
2691,857007,1,41.345846,-72.934053,3359108,10/1/21,20:12:00,O,Property Damage Only,O,No Apparent Injury (O),2,State,5.7,10,CT-10,10-N,,Putnam Ave,186,Feet,S,1,Clear,3,Dusk,1,Dry,,"Trafficway, On Road",10/1/21 20:12
5883,854330,1,41.362661,-72.9238,3356431,10/1/21,21:07:00,O,Property Damage Only,O,No Apparent Injury (O),2,Local,0,42,BENHAM ST,BENHAM ST,,Dixwell Avenue,20,Feet,W,1,Clear,4,Dark-Lighted,1,Dry,,"Trafficway, On Road",10/1/21 21:07
3531,855534,1,41.379977,-72.901946,3357635,10/2/21,9:43:00,O,Property Damage Only,O,No Apparent Injury (O),2,State,51.7,15,15-N,15-N,,15-N-124,50,Feet,S,1,Clear,1,Daylight,1,Dry,,"Trafficway, On Road",10/2/21 9:43
2710,862204,1,41.367388,-72.920616,3364305,10/2/21,9:56:00,O,Property Damage Only,O,No Apparent Injury (O),2,State,7.34,10,CT-10,10-N,,Connolly pkwy,180,Feet,N,1,Clear,1,Daylight,1,Dry,,"Trafficway, On Road",10/2/21 9:56
6259,854331,1,41.349707,-72.91699,3356432,10/2/21,11:36:00,O,Property Damage Only,O,No Apparent Injury (O),2,Local,0.08,102,CLIFFORD ST,CLIFFORD ST,,KING ST.,25,Feet,N,1,Clear,1,Daylight,1,Dry,,"Trafficway, On Road",10/2/21 11:36
8509,854332,1,41.387954,-72.92198,3356433,10/2/21,12:15:00,A,"Injury of any type (Serious, Minor, Possible)",C,Possible Injury (C),2,Local,0.88,489,SHEPARD AV,SHEPARD AV,,Braeside Dr.,50,Feet,N,1,Clear,1,Daylight,1,Dry,,"Trafficway, On Road",10/2/21 12:15
6484,854333,1,41.337134,-72.935303,3356434,10/2/21,16:21:00,A,"Injury of any type (Serious, Minor, Possible)",C,Possible Injury (C),2,Local,0.12,142,DIXWELL AV,DIXWELL AV NO 1,,Easton Street,50,Feet,N,1,Clear,1,Daylight,1,Dry,,"Trafficway, On Road",10/2/21 16:21
2679,854334,1,41.339182,-72.935258,3356435,10/2/21,19:04:00,A,"Injury of any type (Serious, Minor, Possible)",C,Possible Injury (C),2,State,5.24,10,CT-10,10-N,,Arch Street,300,Feet,N,1,Clear,4,Dark-Lighted,1,Dry,,"Trafficway, On Road",10/2/21 19:04
7712,857008,1,41.33725,-72.92647,3359109,10/2/21,21:31:00,O,Property Damage Only,O,No Apparent Injury (O),2,Local,0.45,385,NEWHALL ST,NEWHALL ST,,MORSE ST.,60,Feet,N,1,Clear,4,Dark-Lighted,1,Dry,,"Trafficway, On Road",10/2/21 21:31
2680,854335,1,41.365949,-72.921735,3356436,10/3/21,9:42:00,O,Property Damage Only,O,No Apparent Injury (O),2,State,7.22,10,CT-10,10-N,,Connolly Parkway,1,TenthsofMile,S,1,Clear,1,Daylight,1,Dry,,"Trafficway, On Road",10/3/21 9:42
2688,855136,1,41.346659,-72.933659,3357237,10/3/21,11:16:00,A,"Injury of any type (Serious, Minor, Possible)",A,Suspected Serious Injury (A),3,State,5.77,10,CT-10,10-N,,Circular Ave,50,Feet,N,1,Clear,1,Daylight,1,Dry,,"Trafficway, On Road",10/3/21 11:16
2681,854336,1,41.34723,-72.9334,3356437,10/3/21,11:39:00,O,Property Damage Only,O,No Apparent Injury (O),2,State,5.81,10,CT-10,10-N,,Putnam Ave,336,Feet,N,1,Clear,1,Daylight,1,Dry,,"Trafficway, On Road",10/3/21 11:39
6275,857009,1,41.383551,-72.909529,3359110,10/3/21,13:20:00,O,Property Damage Only,O,No Apparent Injury (O),2,Local,0.07,108,COLONY ST,COLONY ST,,DIXWELL AVENUE,1,TenthsofMile,W,1,Clear,1,Daylight,1,Dry,,"Trafficway, On Road",10/3/21 13:20
3586,854337,1,41.365576,-72.922161,3356438,10/3/21,13:58:00,A,"Injury of any type (Serious, Minor, Possible)",B,Suspected Minor Injury (B),2,State,0.18,15,15-N,15-N-220,10-N,,,,N,1,Clear,1,Daylight,1,Dry,,"Trafficway, On Road",10/3/21 13:58
6215,854338,1,41.361199,-72.936936,3356439,10/3/21,14:21:00,O,Property Damage Only,O,No Apparent Injury (O),2,Local,0.34,99,CIRCULAR AV,CIRCULAR AV,CHERRY HILL RD,,,,,1,Clear,1,Daylight,1,Dry,,"Trafficway, On Road",10/3/21 14:21
6357,854339,1,41.341307,-72.907539,3356440,10/3/21,15:11:00,A,"Injury of any type (Serious, Minor, Possible)",B,Suspected Minor Injury (B),1,Local,0.52,128,DAVIS ST,DAVIS ST,HARTFORD TPK,,,,,1,Clear,1,Daylight,8,"Mud, Dirt, Gravel",,"Trafficway, On Road",10/3/21 15:11
2682,854340,1,41.368042,-72.920229,3356441,10/3/21,15:46:00,A,"Injury of any type (Serious, Minor, Possible)",B,Suspected Minor Injury (B),2,State,7.39,10,CT-10,10-N,,Skiff Street,2,TenthsofMile,S,1,Clear,1,Daylight,1,Dry,,"Trafficway, On Road",10/3/21 15:46
6556,857010,1,41.362255,-72.940224,3359111,10/3/21,17:49:00,O,Property Damage Only,O,No Apparent Injury (O),2,Local,0.06,156,EAST CLOVER CIR,EAST CLOVER CIR,,Lane St,125,Feet,W,1,Clear,1,Daylight,1,Dry,,"Trafficway, On Road",10/3/21 17:49
7008,855137,1,41.347834,-72.934951,3357238,10/3/21,23:50:00,A,"Injury of any type (Serious, Minor, Possible)",C,Possible Injury (C),5,Local,0.49,226,GORHAM AV,GORHAM AV,,Circular Avenue,150,Feet,W,1,Clear,4,Dark-Lighted,1,Dry,,"Trafficway, On Road",10/3/21 23:50
2683,854341,1,41.414976,-72.902519,3356442,10/4/21,11:02:00,O,Property Damage Only,O,No Apparent Injury (O),2,State,11.25,10,CT-10,10-N,,Sherman Av,233,Feet,N,4,Rain,1,Daylight,2,Wet,,"Trafficway, On Road",10/4/21 11:02
4401,855586,1,41.349832,-72.964906,3357687,10/4/21,12:39:00,O,Property Damage Only,O,No Apparent Injury (O),2,State,47.67,15,15-S,15-S,,15-S-116,10,TenthsofMile,N,4,Rain,4,Dark-Lighted,2,Wet,,"Trafficway, On Road",10/4/21 12:39
7362,854342,1,41.336449,-72.928631,3356443,10/4/21,13:12:00,A,"Injury of any type (Serious, Minor, Possible)",B,Suspected Minor Injury (B),2,Local,0.06,349,MARLBORO ST,MARLBORO ST,,BUTLER ST,100,Feet,S,4,Rain,1,Daylight,2,Wet,,"Trafficway, On Road",10/4/21 13:12
7506,861408,1,41.37311,-72.92244,3363509,10/4/21,14:50:00,A,"Injury of any type (Serious, Minor, Possible)",C,Possible Injury (C),1,Local,0.7,366,MIX AV,MIX AV,,Skiff St,2,TenthsofMile,S,1,Clear,1,Daylight,1,Dry,,Non-trafficway,10/4/21 14:50
3530,854802,1,41.358338,-72.941151,3356903,10/5/21,1:12:00,O,Property Damage Only,O,No Apparent Injury (O),1,State,49.06,15,15-N,15-N,,15-N-220,10,TenthsofMile,S,1,Clear,5,Dark-Not Lighted,2,Wet,,"Trafficway, On Road",10/5/21 1:12
2752,867758,1,41.360948,-72.924774,3369857,10/5/21,6:27:00,A,"Injury of any type (Serious, Minor, Possible)",A,Suspected Serious Injury (A),2,State,6.85,10,CT-10,10-N,MAPLEWOOD TER NO 2,,,,,1,Clear,1,Daylight,1,Dry,,"Trafficway, On Road",10/5/21 6:27
7363,861409,1,41.336272,-72.9273,3363510,10/5/21,7:16:00,O,Property Damage Only,O,No Apparent Injury (O),2,Local,0.13,349,MARLBORO ST,MARLBORO ST,,Shepard,10,Feet,W,1,Clear,1,Daylight,1,Dry,,"Trafficway, On Road",10/5/21 7:16
2684,854343,1,41.341686,-72.934986,3356444,10/5/21,17:12:00,O,Property Damage Only,O,No Apparent Injury (O),2,State,5.42,10,CT-10,10-N,NORTH ST,North Street ,,Feet,S,1,Clear,1,Daylight,1,Dry,,"Trafficway, On Road",10/5/21 17:12
4492,854804,1,41.378093,-72.905334,3356905,10/5/21,17:21:00,O,Property Damage Only,O,No Apparent Injury (O),2,State,0.18,15,15-S,15-S-122,,RT. 15,10,Feet,W,1,Clear,1,Daylight,1,Dry,,"Trafficway, On Road",10/5/21 17:21
2706,861780,1,41.404815,-72.898738,3363881,10/6/21,11:34:00,O,Property Damage Only,O,No Apparent Injury (O),2,State,10.52,10,CT-10,10-N,,WOODRUFF ST,210,Feet,S,1,Clear,1,Daylight,1,Dry,,"Trafficway, On Road",10/6/21 11:34
2685,854344,1,41.338405,-72.937625,3356445,10/6/21,13:24:00,A,"Injury of any type (Serious, Minor, Possible)",B,Suspected Minor Injury (B),2,State,5.06,10,CT-10,10-N,,BOWEN ST,65,Feet,E,1,Clear,1,Daylight,1,Dry,,"Trafficway, On Road",10/6/21 13:24
4402,855624,1,41.380588,-72.901203,3357725,10/6/21,20:32:00,O,Property Damage Only,O,No Apparent Injury (O),2,State,51.79,15,15-S,15-S,,Exit 61,2,TenthsofMile,N,1,Clear,4,Dark-Lighted,1,Dry,,"Trafficway, On Road",10/6/21 20:32
2695,857732,1,41.349939,-72.931917,3359833,10/7/21,5:31:00,A,"Injury of any type (Serious, Minor, Possible)",B,Suspected Minor Injury (B),2,State,6,10,CT-10,10-N,,Collins Street,80,Feet,N,1,Clear,4,Dark-Lighted,1,Dry,,"Trafficway, On Road",10/7/21 5:31
2692,857011,1,41.43852,-72.909698,3359112,10/7/21,7:48:00,O,Property Damage Only,O,No Apparent Injury (O),2,State,12.91,10,CT-10,10-N,RIVER RD NO 2,,,,,1,Clear,1,Daylight,1,Dry,,"Trafficway, On Road",10/7/21 7:48
4406,858836,1,41.37890676,-72.9038597,3360937,10/7/21,7:48:00,O,Property Damage Only,O,No Apparent Injury (O),2,State,51.59,15,15-S,15-S,,Rt 15,1,TenthsofMile,S,1,Clear,1,Daylight,1,Dry,,"Trafficway, On Road",10/7/21 7:48
8510,857012,1,41.40287,-72.9237,3359113,10/7/21,12:12:00,O,Property Damage Only,O,No Apparent Injury (O),2,Local,1.93,489,SHEPARD AV,SHEPARD AV,,W. Shepard,100,Feet,N,1,Clear,1,Daylight,1,Dry,,"Trafficway, On Road",10/7/21 12:12
2687,854838,1,41.383459,-72.902184,3356939,10/7/21,12:34:00,A,"Injury of any type (Serious, Minor, Possible)",B,Suspected Minor Injury (B),3,State,8.96,10,CT-10,10-N,,WHITNEY AVE,75,Feet,W,1,Clear,1,Daylight,1,Dry,,"Trafficway, On Road",10/7/21 12:34
6486,862530,1,41.337976,-72.935136,3364629,10/7/21,13:21:00,O,Property Damage Only,O,No Apparent Injury (O),2,Local,0.18,142,DIXWELL AV,DIXWELL AV NO 1,,Morse Street,95,Feet,S,1,Clear,1,Daylight,1,Dry,,"Trafficway, On Road",10/7/21 13:21
7244,857013,1,41.411858,-72.905033,3359114,10/7/21,15:19:00,O,Property Damage Only,O,No Apparent Injury (O),2,Local,0.54,296,KENWOOD AV,KENWOOD AV,,Klarman Dr,100,Feet,N,99,Unknown,99,Unknown,1,Dry,,"Trafficway, On Road",10/7/21 15:19
8266,855138,1,41.336108,-72.932059,3357239,10/7/21,16:17:00,O,Property Damage Only,O,No Apparent Injury (O),2,Local,0.03,473,SAINT MARY ST,SAINT MARY ST,,Goodrich Street,1000,Feet,N,1,Clear,1,Daylight,1,Dry,,"Trafficway, On Road",10/7/21 16:17
4403,855638,1,41.36611972,-72.92165007,3357739,10/7/21,17:13:00,O,Property Damage Only,O,No Apparent Injury (O),3,State,50.25,15,15-S,15-S,,Exit 60,0.5,TenthsofMile,S,1,Clear,1,Daylight,1,Dry,,"Trafficway, On Road",10/7/21 17:13
2693,857107,1,41.370132,-72.918661,3359208,10/7/21,17:46:00,O,Property Damage Only,O,No Apparent Injury (O),2,State,7.56,10,CT-10,10-N,,Connelly parkway,500,Feet,S,1,Clear,1,Daylight,1,Dry,,"Trafficway, On Road",10/7/21 17:46
7992,888918,1,41.335648,-72.919527,3391015,10/7/21,18:32:00,O,Property Damage Only,O,No Apparent Injury (O),2,Local,0.18,438,PROSPECT ST,PROSPECT ST,EDGEHILL TER,,,,,1,Clear,1,Daylight,1,Dry,,"Trafficway, On Road",10/7/21 18:32
5388,861781,1,41.358647,-72.909868,3363882,10/8/21,11:46:00,O,Property Damage Only,O,No Apparent Injury (O),2,State,1.87,707,WHITNEY AV,707-N,PARK AV,,,,,1,Clear,1,Daylight,1,Dry,,"Trafficway, On Road",10/8/21 11:46
5389,861782,1,41.371739,-72.906124,3363883,10/8/21,13:50:00,A,"Injury of any type (Serious, Minor, Possible)",C,Possible Injury (C),2,State,2.79,707,WHITNEY AV,707-N,,Skiff Street,200,Feet,N,1,Clear,1,Daylight,1,Dry,,"Trafficway, On Road",10/8/21 13:50
5383,857108,1,41.37145,-72.906215,3359209,10/8/21,14:13:00,O,Property Damage Only,O,No Apparent Injury (O),2,State,2.77,707,WHITNEY AV,707-N,,SKIFF ST,120,Feet,N,1,Clear,1,Daylight,1,Dry,,"Trafficway, On Road",10/8/21 14:13
5387,861410,1,41.358882,-72.90991,3363511,10/8/21,14:44:00,O,Property Damage Only,O,No Apparent Injury (O),2,State,1.88,707,WHITNEY AV,707-N,,PARK AVE,50,Feet,N,1,Clear,1,Daylight,1,Dry,,"Trafficway, On Road",10/8/21 14:44
8214,861783,1,41.33567,-72.90033,3363884,10/8/21,15:11:00,O,Property Damage Only,O,No Apparent Injury (O),2,Local,0.01,452,RIDGE RD,RIDGE RD,,state st,50,Feet,W,1,Clear,1,Daylight,1,Dry,,"Trafficway, On Road",10/8/21 15:11
2711,862531,1,41.39748,-72.89721,3364630,10/8/21,15:49:00,O,Property Damage Only,O,No Apparent Injury (O),2,State,10,10,CT-10,10-N,OLD CANNON ST,,,,,1,Clear,1,Daylight,1,Dry,,"Trafficway, On Road",10/8/21 15:49
2697,857840,1,41.346275,-72.93386,3359941,10/8/21,17:20:00,O,Property Damage Only,O,No Apparent Injury (O),2,State,5.74,10,CT-10,10-N,,putnam ave,50,Feet,S,1,Clear,1,Daylight,1,Dry,,"Trafficway, On Road",10/8/21 17:20
7991,861411,1,41.336061,-72.919401,3363512,10/8/21,19:22:00,A,"Injury of any type (Serious, Minor, Possible)",B,Suspected Minor Injury (B),2,Local,0.15,438,PROSPECT ST,PROSPECT ST,MORSE ST,,,,,1,Clear,4,Dark-Lighted,1,Dry,,"Trafficway, On Road",10/8/21 19:22
2707,861784,1,41.436932,-72.908877,3363885,10/8/21,23:48:00,O,Property Damage Only,O,No Apparent Injury (O),2,State,12.8,10,CT-10,10-N,SHEPARD AV,,,,,1,Clear,4,Dark-Lighted,1,Dry,,"Trafficway, On Road",10/8/21 23:48
2720,864057,1,41.35393,-72.92986,3366156,10/9/21,10:46:00,O,Property Damage Only,O,No Apparent Injury (O),2,State,6.3,10,CT-10,10-N,,Threadwell St,20,Feet,S,1,Clear,1,Daylight,1,Dry,,"Trafficway, On Road",10/9/21 10:46
2694,857109,1,41.338453,-72.935101,3359210,10/9/21,12:38:00,O,Property Damage Only,O,No Apparent Injury (O),2,State,5.2,10,CT-10,10-N,,MORSE ST. ,50,Feet,S,1,Clear,1,Daylight,1,Dry,,"Trafficway, On Road",10/9/21 12:38
2696,857733,1,41.367697,-72.920309,3359834,10/9/21,15:35:00,O,Property Damage Only,O,No Apparent Injury (O),2,State,7.37,10,CT-10,10-N,,Connolly Pkwy.,250,Feet,N,1,Clear,1,Daylight,1,Dry,,"Trafficway, On Road",10/9/21 15:35
5384,857734,1,41.34689,-72.912705,3359835,10/9/21,17:36:00,O,Property Damage Only,O,No Apparent Injury (O),1,State,1,707,WHITNEY AV,707-N,,Ralston Street,20,Feet,N,1,Clear,1,Daylight,1,Dry,,"Trafficway, On Road",10/9/21 17:36
7335,857735,1,41.406663,-72.896981,3359836,10/9/21,19:21:00,O,Property Damage Only,O,No Apparent Injury (O),2,Local,0.06,332,LUCIEN DR,LUCIEN DR,,NEW RD,300,Feet,W,1,Clear,4,Dark-Lighted,1,Dry,,"Trafficway, On Road",10/9/21 19:21
4845,857841,1,41.329581,-72.898475,3359942,10/9/21,22:17:00,O,Property Damage Only,O,No Apparent Injury (O),2,USRoute,1.12,5,US-5,5-N,,PARK RD,60,Feet,S,1,Clear,4,Dark-Lighted,1,Dry,,"Trafficway, On Road",10/9/21 22:17
6485,861785,1,41.337003,-72.935262,3363886,10/9/21,23:11:00,A,"Injury of any type (Serious, Minor, Possible)",C,Possible Injury (C),2,Local,0.11,142,DIXWELL AV,DIXWELL AV NO 1,EASTON ST,,,,,1,Clear,4,Dark-Lighted,1,Dry,,"Trafficway, On Road",10/9/21 23:11
8877,857842,1,41.34636,-72.948519,3359943,10/10/21,15:34:00,O,Property Damage Only,O,No Apparent Injury (O),2,Local,0.2,519,THOMAS ST,THOMAS ST,,Furman Road,20,Feet,S,1,Clear,1,Daylight,2,Wet,,"Trafficway, On Road",10/10/21 15:34
4494,856295,1,41.37826,-72.905294,3358396,10/10/21,17:07:00,O,Property Damage Only,O,No Apparent Injury (O),2,State,0.17,15,15-S,15-S-122,,15-S,75,Feet,N,1,Clear,1,Daylight,1,Dry,,"Trafficway, On Road",10/10/21 17:07
5884,857843,1,41.364491,-72.929247,3359944,10/10/21,21:06:00,O,Property Damage Only,O,No Apparent Injury (O),2,Local,0.3,42,BENHAM ST,BENHAM ST,MIX AV,,,,,4,Rain,4,Dark-Lighted,2,Wet,,"Trafficway, On Road",10/10/21 21:06
2698,857844,1,41.35903,-72.925794,3359945,10/11/21,13:07:00,O,Property Damage Only,O,No Apparent Injury (O),2,State,6.71,10,CT-10,10-N,MATHER ST,,,,,1,Clear,1,Daylight,1,Dry,,"Trafficway, On Road",10/11/21 13:07
2699,857845,1,41.347306,-72.933418,3359946,10/11/21,13:46:00,O,Property Damage Only,O,No Apparent Injury (O),2,State,5.81,10,CT-10,10-N,,Scott St,1,TenthsofMile,S,1,Clear,1,Daylight,1,Dry,,"Trafficway, On Road",10/11/21 13:46
4404,856221,1,41.379475,-72.903026,3358322,10/11/21,15:46:00,A,"Injury of any type (Serious, Minor, Possible)",B,Suspected Minor Injury (B),2,State,51.65,15,15-S,15-S,,Exit 61,1,TenthsofMile,N,1,Clear,1,Daylight,1,Dry,,"Trafficway, On Road",10/11/21 15:46
4409,860282,1,41.383631,-72.896231,3362383,10/11/21,16:14:00,O,Property Damage Only,O,No Apparent Injury (O),3,State,52.07,15,15-S,15-S,,15-S-126,3,TenthsofMile,N,1,Clear,1,Daylight,1,Dry,,"Trafficway, On Road",10/11/21 16:14
2700,857846,1,41.367931,-72.920123,3359947,10/11/21,16:41:00,A,"Injury of any type (Serious, Minor, Possible)",B,Suspected Minor Injury (B),2,State,7.39,10,CT-10,10-N,,Connolly Pkwy,300,Feet,N,1,Clear,1,Daylight,1,Dry,,"Trafficway, On Road",10/11/21 16:41
6216,856788,1,41.348714,-72.934708,3358889,10/11/21,18:49:00,A,"Injury of any type (Serious, Minor, Possible)",B,Suspected Minor Injury (B),2,Local,1.22,99,CIRCULAR AV,CIRCULAR AV,BRADLEY AV,,,,,1,Clear,4,Dark-Lighted,1,Dry,,"Trafficway, On Road",10/11/21 18:49
2701,857847,1,41.405668,-72.899053,3359948,10/12/21,7:00:00,O,Property Damage Only,O,No Apparent Injury (O),2,State,10.58,10,CT-10,10-N,,Dickerman St,698,Feet,N,1,Clear,1,Daylight,1,Dry,,"Trafficway, On Road",10/12/21 7:00
4654,857849,1,41.42068,-72.90429,3359950,10/12/21,12:36:00,O,Property Damage Only,O,No Apparent Injury (O),2,State,0.01,453,MOUNT CARMEL AV,453-E,,Whitney Av,25,Feet,E,1,Clear,1,Daylight,1,Dry,,"Trafficway, On Road",10/12/21 12:36
2702,857850,1,41.340967,-72.935129,3359951,10/12/21,14:40:00,A,"Injury of any type (Serious, Minor, Possible)",B,Suspected Minor Injury (B),2,State,5.37,10,CT-10,10-N,,Whiting St,10,Feet,S,1,Clear,1,Daylight,1,Dry,,"Trafficway, On Road",10/12/21 14:40
2703,857851,1,41.415221,-72.902642,3359952,10/12/21,15:49:00,O,Property Damage Only,O,No Apparent Injury (O),2,State,11.26,10,CT-10,10-N,,SHERMAN AVE,330,Feet,N,1,Clear,1,Daylight,1,Dry,,"Trafficway, On Road",10/12/21 15:49