,CrashId,Fatal Case Status,lat,lon,DOT Case Number,Date Of Crash,Time of Crash,Crash Severity,Crash Severity Text Format,Most Severe Injury,Most Severe Injury Text Format,Number Of Motor Vehicles,Route Class Text Format,Milemarker,Road Number,Road Description,Roadway Name,Intersecting Roadway Name,Landmark Description,Distance From Nearest Landmark,Unit Of Measure From Nearest Landmark,Direction From Nearest Landmark,Weather Condition,Weather Condition Text Format,Light Condition,Light Condition Text Format,Road Surface Condition,Road Surface Condition Text Format,Average Daily Traffic,Trafficway Class Text Format,full_date
9197,857852,1,41.335866,-72.924802,3359953,10/12/21,22:54:00,O,Property Damage Only,O,No Apparent Injury (O),2,Local,0.25,591,WINCHESTER AV,WINCHESTER AV,,Marlboro Street,25,Feet,S,1,Clear,4,Dark-Lighted,1,Dry,,"Trafficway, On Road",10/12/21 22:54
2730,865904,1,41.33836,-72.93962,3368003,10/13/21,3:22:00,O,Property Damage Only,O,No Apparent Injury (O),1,State,4.96,10,CT-10,10-N,,Warner Street,75,Feet,E,1,Clear,4,Dark-Lighted,1,Dry,,"Trafficway, Not on Road",10/13/21 3:22
2708,861787,1,41.339469,-72.935252,3363888,10/13/21,5:46:00,O,Property Damage Only,O,No Apparent Injury (O),2,State,5.26,10,CT-10,10-N,,Pine Street ,50,Feet,S,1,Clear,4,Dark-Lighted,1,Dry,,"Trafficway, On Road",10/13/21 5:46
8511,857853,1,41.401594,-72.923986,3359954,10/13/21,8:42:00,O,Property Damage Only,O,No Apparent Injury (O),2,Local,1.84,489,SHEPARD AV,SHEPARD AV,,WEST SHEPARD AVE,75,Feet,N,1,Clear,1,Daylight,1,Dry,,"Trafficway, On Road",10/13/21 8:42
4498,863417,1,41.378202,-72.905299,3365516,10/13/21,11:25:00,O,Property Damage Only,O,No Apparent Injury (O),2,State,0.17,15,15-S,15-S-122,,Exit 61,5,Feet,S,1,Clear,1,Daylight,1,Dry,,"Trafficway, On Road",10/13/21 11:25
2807,876434,1,41.355156,-72.928756,3378531,10/13/21,12:33:00,O,Property Damage Only,O,No Apparent Injury (O),2,State,6.4,10,CT-10,10-N,,Pershing St,50,Feet,S,1,Clear,1,Daylight,1,Dry,,"Trafficway, On Road",10/13/21 12:33
5385,857854,1,41.362226,-72.909057,3359955,10/13/21,15:06:00,O,Property Damage Only,O,No Apparent Injury (O),1,State,2.11,707,WHITNEY AV,707-N,,SWATHMORE STREET ,25,Feet,S,1,Clear,1,Daylight,1,Dry,,"Trafficway, Not on Road",10/13/21 15:06
5390,861788,1,41.380478,-72.902964,3363889,10/13/21,16:05:00,O,Property Damage Only,O,No Apparent Injury (O),2,State,3.42,707,WHITNEY AV,707-N,,Worth Ave,100,Feet,N,1,Clear,1,Daylight,1,Dry,,"Trafficway, On Road",10/13/21 16:05
5886,862532,1,41.36538,-72.93408,3364631,10/13/21,16:21:00,O,Property Damage Only,O,No Apparent Injury (O),2,Local,0.57,42,BENHAM ST,BENHAM ST,CHERRY HILL RD,,,,,1,Clear,1,Daylight,1,Dry,,"Trafficway, On Road",10/13/21 16:21
3576,861998,1,41.380593,-72.900777,3364099,10/13/21,16:44:00,O,Property Damage Only,O,No Apparent Injury (O),2,State,0.22,15,15-N,15-N-125,15-N,,,,,1,Clear,1,Daylight,1,Dry,,"Trafficway, On Road",10/13/21 16:44
4526,858935,1,41.3793972,-72.90375396,3361036,10/13/21,18:25:00,O,Property Damage Only,O,No Apparent Injury (O),2,State,0.16,15,15-S,15-S-123,,Exit 61,10,Feet,S,1,Clear,5,Dark-Not Lighted,1,Dry,,"Trafficway, On Road",10/13/21 18:25
6956,862533,1,41.3353,-72.9322,3364632,10/14/21,4:40:00,O,Property Damage Only,O,No Apparent Injury (O),2,Local,0.64,222,GOODRICH ST,GOODRICH ST,,St Mary Street,30,Feet,E,1,Clear,6,Dark-Unknown Lighting,1,Dry,,"Trafficway, On Road",10/14/21 4:40
2712,862534,1,41.387737,-72.900256,3364633,10/14/21,13:38:00,O,Property Damage Only,O,No Apparent Injury (O),2,State,9.3,10,CT-10,10-N,,Lincoln Street,205,Feet,S,1,Clear,1,Daylight,1,Dry,,"Trafficway, On Road",10/14/21 13:38
8733,868805,1,41.371222,-72.906714,3370903,10/14/21,16:20:00,O,Property Damage Only,O,No Apparent Injury (O),2,Local,0.02,494,SKIFF ST,SKIFF ST,,707-N,100,Feet,W,1,Clear,1,Daylight,1,Dry,,"Trafficway, On Road",10/14/21 16:20
2704,857855,1,41.36941,-72.91924,3359956,10/14/21,18:09:00,O,Property Damage Only,O,No Apparent Injury (O),2,State,7.5,10,CT-10,10-N,,SKIFF ST.,2044,Feet,S,1,Clear,3,Dusk,1,Dry,,"Trafficway, On Road",10/14/21 18:09
4578,857856,1,41.401715,-72.893685,3359957,10/15/21,1:54:00,A,"Injury of any type (Serious, Minor, Possible)",C,Possible Injury (C),1,State,0.33,22,CT-22,22-E,,Ives St.,1,TenthsofMile,S,1,Clear,4,Dark-Lighted,1,Dry,,"Trafficway, On Road",10/15/21 1:54
5885,857857,1,41.364473,-72.929046,3359958,10/15/21,7:31:00,A,"Injury of any type (Serious, Minor, Possible)",B,Suspected Minor Injury (B),2,Local,0.3,42,BENHAM ST,BENHAM ST,MIX AV,,,,,1,Clear,1,Daylight,1,Dry,,"Trafficway, On Road",10/15/21 7:31
6583,862535,1,41.365377,-72.916344,3364634,10/15/21,10:37:00,O,Property Damage Only,O,No Apparent Injury (O),2,Local,0,166,ELGIN ST,ELGIN ST,THORNTON ST,,,,,1,Clear,1,Daylight,1,Dry,,"Trafficway, On Road",10/15/21 10:37
4846,861789,1,41.33547,-72.90026,3363890,10/15/21,12:41:00,O,Property Damage Only,O,No Apparent Injury (O),2,USRoute,1.57,5,US-5,5-N,RIDGE RD,,,,,1,Clear,1,Daylight,1,Dry,,"Trafficway, On Road",10/15/21 12:41
6832,861791,1,41.445255,-72.955597,3363892,10/15/21,14:34:00,O,Property Damage Only,O,No Apparent Injury (O),2,Local,2.04,208,GAYLORD MOUNTAIN RD,GAYLORD MOUNTAIN RD,,HANDY RD,100,Feet,E,1,Clear,1,Daylight,1,Dry,,"Trafficway, On Road",10/15/21 14:34
6833,861792,1,41.444747,-72.953774,3363893,10/15/21,14:45:00,O,Property Damage Only,O,No Apparent Injury (O),1,Local,1.94,208,GAYLORD MOUNTAIN RD,GAYLORD MOUNTAIN RD,,Deer Pond Trl,200,Feet,W,1,Clear,1,Daylight,1,Dry,,"Trafficway, On Road",10/15/21 14:45
2713,862536,1,41.361677,-72.92431,3364635,10/15/21,16:25:00,A,"Injury of any type (Serious, Minor, Possible)",B,Suspected Minor Injury (B),2,State,6.91,10,CT-10,10-N,,Roberts Rd.,35,Feet,S,1,Clear,1,Daylight,1,Dry,,"Trafficway, On Road",10/15/21 16:25
4411,862820,1,41.364689,-72.928138,3364919,10/16/21,0:28:00,A,"Injury of any type (Serious, Minor, Possible)",C,Possible Injury (C),1,State,49.88,15,15-S,15-S,,EXIT #60,3,TenthsofMile,S,1,Clear,4,Dark-Lighted,1,Dry,,"Trafficway, Not on Road",10/16/21 0:28
3537,863376,1,41.379449,-72.902866,3365475,10/16/21,7:47:00,O,Property Damage Only,O,No Apparent Injury (O),2,State,51.64,15,15-N,15-N,,Exit 61,1,TenthsofMile,S,1,Clear,1,Daylight,1,Dry,,"Trafficway, On Road",10/16/21 7:47
3533,859088,1,41.377731,-72.905608,3361189,10/16/21,8:19:00,O,Property Damage Only,O,No Apparent Injury (O),2,State,51.45,15,15-N,15-N,,Exit 61,3,TenthsofMile,S,1,Clear,1,Daylight,1,Dry,,"Trafficway, On Road",10/16/21 8:19
3538,865132,1,41.379252,-72.90318,3367231,10/16/21,8:32:00,A,"Injury of any type (Serious, Minor, Possible)",C,Possible Injury (C),2,State,51.62,15,15-N,15-N,,Exit 61,1,TenthsofMile,S,1,Clear,1,Daylight,1,Dry,,"Trafficway, On Road",10/16/21 8:32
3534,859089,1,41.375348,-72.908559,3361190,10/16/21,8:55:00,O,Property Damage Only,O,No Apparent Injury (O),2,State,51.22,15,15-N,15-N,,15-N-124,2580,Feet,S,1,Clear,1,Daylight,1,Dry,,"Trafficway, On Road",10/16/21 8:55
4495,859091,1,41.378292,-72.905302,3361192,10/16/21,10:05:00,O,Property Damage Only,O,No Apparent Injury (O),2,State,0.17,15,15-S,15-S-122,,15-S,95,Feet,N,1,Clear,1,Daylight,1,Dry,,"Trafficway, On Road",10/16/21 10:05
4410,861983,1,41.368195,-72.916295,3364084,10/16/21,12:58:00,O,Property Damage Only,O,No Apparent Injury (O),2,State,50.58,15,15-S,15-S,,15-S-119,4,TenthsofMile,N,1,Clear,1,Daylight,1,Dry,,"Trafficway, On Road",10/16/21 12:58
2714,862537,1,41.350984,-72.931603,3364636,10/16/21,14:46:00,O,Property Damage Only,O,No Apparent Injury (O),2,State,6.09,10,CT-10,10-N,,beacon ,100,Feet,S,1,Clear,1,Daylight,1,Dry,,"Trafficway, On Road",10/16/21 14:46
3535,861613,1,41.36207,-72.932135,3363714,10/16/21,16:37:00,O,Property Damage Only,O,No Apparent Injury (O),2,State,49.59,15,15-N,15-N,,60 Exit Ramp,0.5,TenthsofMile,S,1,Clear,1,Daylight,1,Dry,,"Trafficway, On Road",10/16/21 16:37
7714,862538,1,41.336332,-72.926673,3364637,10/16/21,17:30:00,O,Property Damage Only,O,No Apparent Injury (O),2,Local,0.51,385,NEWHALL ST,NEWHALL ST,,Marlboro Street ,20,Feet,N,1,Clear,1,Daylight,1,Dry,,"Trafficway, On Road",10/16/21 17:30
2753,867792,1,41.353427,-72.930139,3369891,10/16/21,18:37:00,O,Property Damage Only,O,No Apparent Injury (O),2,State,6.27,10,CT-10,10-N,,Treadwell st,100,Feet,S,1,Clear,4,Dark-Lighted,1,Dry,,"Trafficway, On Road",10/16/21 18:37
2715,862539,1,41.362417,-72.924032,3364638,10/16/21,20:04:00,O,Property Damage Only,O,No Apparent Injury (O),2,State,6.96,10,CT-10,10-N,,Benham St.,110,Feet,S,4,Rain,4,Dark-Lighted,2,Wet,,"Trafficway, On Road",10/16/21 20:04
7771,862540,1,41.383706,-72.904827,3364639,10/16/21,21:15:00,O,Property Damage Only,O,No Apparent Injury (O),1,Local,0.04,143,OLD DIXWELL AV,OLD DIXWELL AV,,dixwell av,10,Feet,W,1,Clear,5,Dark-Not Lighted,1,Dry,,"Trafficway, On Road",10/16/21 21:15
9198,864672,1,41.336602,-72.924775,3366771,10/17/21,1:23:00,A,"Injury of any type (Serious, Minor, Possible)",C,Possible Injury (C),2,Local,0.19,591,WINCHESTER AV,WINCHESTER AV,,Morse Street,20,Feet,S,1,Clear,4,Dark-Lighted,2,Wet,,"Trafficway, On Road",10/17/21 1:23
7229,862541,1,41.341624,-72.897675,3364640,10/17/21,2:47:00,O,Property Damage Only,O,No Apparent Injury (O),2,Local,0.26,275,HUBBARD RD,HUBBARD RD,,State St.,1,TenthsofMile,W,1,Clear,4,Dark-Lighted,2,Wet,,"Trafficway, On Road",10/17/21 2:47
3539,865715,1,41.363053,-72.930548,3367814,10/17/21,5:34:00,O,Property Damage Only,O,No Apparent Injury (O),1,State,49.7,15,15-N,15-N,,15-N-220,3,TenthsofMile,S,1,Clear,5,Dark-Not Lighted,2,Wet,,"Trafficway, On Road",10/17/21 5:34
5888,864673,1,41.364491,-72.929247,3366772,10/17/21,9:47:00,O,Property Damage Only,O,No Apparent Injury (O),2,Local,0.3,42,BENHAM ST,BENHAM ST,MIX AV,,,,,1,Clear,1,Daylight,1,Dry,,"Trafficway, On Road",10/17/21 9:47
2716,862542,1,41.41487,-72.902498,3364641,10/17/21,10:14:00,O,Property Damage Only,O,No Apparent Injury (O),2,State,11.24,10,CT-10,10-N,,sherman ave,175,Feet,N,1,Clear,1,Daylight,1,Dry,,"Trafficway, On Road",10/17/21 10:14
4496,862009,1,41.377995,-72.905379,3364110,10/17/21,11:15:00,O,Property Damage Only,O,No Apparent Injury (O),2,State,0.19,15,15-S,15-S-122,15-S,,,,,1,Clear,1,Daylight,1,Dry,,"Trafficway, On Road",10/17/21 11:15
7207,861793,1,41.420969,-72.889486,3363894,10/17/21,14:47:00,O,Property Damage Only,O,No Apparent Injury (O),2,Local,0.15,268,HOGAN RD,HOGAN RD,,Mt. Carmel Ave.,1,TenthsofMile,S,1,Clear,1,Daylight,1,Dry,,"Trafficway, On Road",10/17/21 14:47
2731,865905,1,41.366978,-72.920926,3368004,10/17/21,16:07:00,O,Property Damage Only,O,No Apparent Injury (O),2,State,7.31,10,CT-10,10-N,,Connelly Pkwy,100,Feet,S,1,Clear,1,Daylight,1,Dry,,"Trafficway, On Road",10/17/21 16:07
2717,862543,1,41.383549,-72.902435,3364642,10/17/21,16:58:00,A,"Injury of any type (Serious, Minor, Possible)",C,Possible Injury (C),2,State,8.95,10,CT-10,10-N,,Whitney Ave,115,Feet,W,1,Clear,1,Daylight,1,Dry,,"Trafficway, On Road",10/17/21 16:58
6778,864674,1,41.385398,-72.927339,3366773,10/17/21,17:37:00,A,"Injury of any type (Serious, Minor, Possible)",B,Suspected Minor Injury (B),1,Local,0.26,197,FOUR ROD RD,FOUR ROD RD,,Earl Ave.,100,Feet,E,1,Clear,1,Daylight,1,Dry,,"Trafficway, On Road",10/17/21 17:37
4497,863379,1,41.378266,-72.905295,3365478,10/18/21,11:54:00,O,Property Damage Only,O,No Apparent Injury (O),2,State,0.17,15,15-S,15-S-122,,15-S,80,Feet,N,1,Clear,1,Daylight,1,Dry,,"Trafficway, On Road",10/18/21 11:54
2718,862544,1,41.383457,-72.902169,3364643,10/18/21,15:45:00,O,Property Damage Only,O,No Apparent Injury (O),2,State,8.97,10,CT-10,10-N,,171-E,85,Feet,W,1,Clear,1,Daylight,2,Wet,,"Trafficway, On Road",10/18/21 15:45
5887,862545,1,41.36454,-72.929179,3364644,10/18/21,15:50:00,A,"Injury of any type (Serious, Minor, Possible)",B,Suspected Minor Injury (B),2,Local,0.3,42,BENHAM ST,BENHAM ST,MIX AV,,,,,1,Clear,1,Daylight,1,Dry,,"Trafficway, On Road",10/18/21 15:50
7820,864675,1,41.358683,-72.910094,3366774,10/18/21,16:11:00,O,Property Damage Only,O,No Apparent Injury (O),2,Local,0.26,,PARK AV,PARK AVE,GILLIES RD,,,,,1,Clear,1,Daylight,1,Dry,,"Trafficway, On Road",10/18/21 16:11
6276,861795,1,41.384701,-72.909908,3363896,10/18/21,21:16:00,O,Property Damage Only,O,No Apparent Injury (O),3,Local,0.14,108,COLONY ST,COLONY ST,,Dixwell Avenue,760,Feet,N,1,Clear,5,Dark-Not Lighted,1,Dry,,"Trafficway, On Road",10/18/21 21:16
6567,861796,1,41.336154,-72.915832,3363897,10/19/21,9:35:00,O,Property Damage Only,O,No Apparent Injury (O),2,Local,0.06,160,EDGEHILL RD,EDGEHILL RD,,ARMORY ST,100,Feet,S,1,Clear,1,Daylight,1,Dry,,"Trafficway, On Road",10/19/21 9:35
2721,864676,1,41.390279,-72.898825,3366775,10/19/21,9:44:00,O,Property Damage Only,O,No Apparent Injury (O),2,State,9.48,10,CT-10,10-N,,FARRELL ST,1,TenthsofMile,S,1,Clear,1,Daylight,1,Dry,,"Trafficway, On Road",10/19/21 9:44
7809,861797,1,41.36824,-72.94208,3363898,10/19/21,11:16:00,A,"Injury of any type (Serious, Minor, Possible)",B,Suspected Minor Injury (B),1,Local,0.08,411,PARADISE AV,PARADISE AV NO 5,,Cooper Lane,130,Feet,S,1,Clear,1,Daylight,1,Dry,,"Trafficway, On Road",10/19/21 11:16
7208,862546,1,41.422349,-72.892154,3364645,10/19/21,14:29:00,O,Property Damage Only,O,No Apparent Injury (O),1,Local,0,268,HOGAN RD,HOGAN RD,,MT CARMEL AVE,1,TenthsofMile,S,1,Clear,1,Daylight,1,Dry,,"Trafficway, On Road",10/19/21 14:29
6077,862547,1,41.33566,-72.936685,3364646,10/19/21,15:06:00,O,Property Damage Only,O,No Apparent Injury (O),2,Local,0.07,92,CHERRY ANN ST,CHERRY ANN ST,,ALSTRUM ST,69,Feet,W,1,Clear,1,Daylight,1,Dry,,"Trafficway, On Road",10/19/21 15:06
2709,861798,1,41.383446,-72.901857,3363899,10/19/21,15:21:00,O,Property Damage Only,O,No Apparent Injury (O),2,State,8.98,10,CT-10,10-N,717-E,,,,,1,Clear,1,Daylight,1,Dry,,"Trafficway, On Road",10/19/21 15:21
2736,866084,1,41.338415,-72.93866,3368183,10/19/21,20:10:00,A,"Injury of any type (Serious, Minor, Possible)",B,Suspected Minor Injury (B),3,State,5.01,10,CT-10,10-N,,Dix Street,500,Feet,W,1,Clear,4,Dark-Lighted,1,Dry,,"Trafficway, On Road",10/19/21 20:10
5391,862548,1,41.36332,-72.90888,3364647,10/19/21,21:17:00,A,"Injury of any type (Serious, Minor, Possible)",B,Suspected Minor Injury (B),2,State,2.19,707,WHITNEY AV,707-N,,,0,,,1,Clear,4,Dark-Lighted,1,Dry,,"Trafficway, On Road",10/19/21 21:17
3581,869333,1,41.38072192,-72.90076272,3371431,10/20/21,9:56:00,A,"Injury of any type (Serious, Minor, Possible)",B,Suspected Minor Injury (B),2,State,0.23,15,15-N,15-N-125,,Exit 62,10,Feet,N,1,Clear,1,Daylight,1,Dry,,"Trafficway, On Road",10/20/21 9:56
2756,869922,1,41.350745,-72.931619,3372020,10/20/21,11:57:00,A,"Injury of any type (Serious, Minor, Possible)",B,Suspected Minor Injury (B),1,State,6.07,10,CT-10,10-N,,LEXINGTON ST,100,Feet,N,1,Clear,1,Daylight,1,Dry,,"Trafficway, On Road",10/20/21 11:57
3536,862402,1,41.35949,-72.9382,3364501,10/20/21,14:31:00,A,"Injury of any type (Serious, Minor, Possible)",B,Suspected Minor Injury (B),2,State,49.23,15,15-N,15-N,,Exit 60,0.800000012,TenthsofMile,S,1,Clear,1,Daylight,1,Dry,,"Trafficway, On Road",10/20/21 14:31
6594,861799,1,41.343736,-72.912062,3363900,10/20/21,17:00:00,O,Property Damage Only,O,No Apparent Injury (O),2,Local,0.09,167,ELI RD,ELI RD,,Whitney Avenue,20,Feet,E,1,Clear,1,Daylight,1,Dry,,"Trafficway, On Road",10/20/21 17:00
4412,863381,1,41.37890676,-72.9038597,3365480,10/20/21,17:13:00,A,"Injury of any type (Serious, Minor, Possible)",C,Possible Injury (C),3,State,51.59,15,15-S,15-S,,60 Exit Ramp,0.25,TenthsofMile,N,1,Clear,1,Daylight,1,Dry,,"Trafficway, On Road",10/20/21 17:13
2755,869878,1,41.402997,-72.898051,3371976,10/20/21,18:34:00,A,"Injury of any type (Serious, Minor, Possible)",C,Possible Injury (C),3,State,10.39,10,CT-10,10-N,,Ives Street,300,Feet,S,1,Clear,4,Dark-Lighted,1,Dry,,"Trafficway, On Road",10/20/21 18:34
2722,864677,1,41.35903,-72.925794,3366776,10/20/21,19:41:00,O,Property Damage Only,O,No Apparent Injury (O),2,State,6.71,10,CT-10,10-N,MATHER ST,,,,,1,Clear,4,Dark-Lighted,1,Dry,,"Trafficway, On Road",10/20/21 19:41
2723,864678,1,41.359185,-72.925714,3366777,10/21/21,14:31:00,O,Property Damage Only,O,No Apparent Injury (O),2,State,6.72,10,CT-10,10-N,,MATHER ST,50,Feet,N,1,Clear,1,Daylight,1,Dry,,"Trafficway, On Road",10/21/21 14:31
7598,864679,1,41.337738,-72.93209,3366778,10/21/21,14:35:00,O,Property Damage Only,O,No Apparent Injury (O),2,Local,0.16,370,MORSE ST,MORSE ST,SAINT MARY ST,,,,,1,Clear,1,Daylight,1,Dry,,"Trafficway, On Road",10/21/21 14:35
4413,863384,1,41.379246,-72.903386,3365483,10/21/21,18:19:00,O,Property Damage Only,O,No Apparent Injury (O),4,State,51.62,15,15-S,15-S,,15-S-126,2,TenthsofMile,S,1,Clear,3,Dusk,1,Dry,,"Trafficway, On Road",10/21/21 18:19
6638,864680,1,41.396316,-72.903977,3366779,10/21/21,18:57:00,O,Property Damage Only,O,No Apparent Injury (O),1,Local,0.96,174,EVERGREEN AV,EVERGREEN AV,TANGLEWOOD DR,,,,,1,Clear,4,Dark-Lighted,1,Dry,,"Trafficway, On Road",10/21/21 18:57
5654,864681,1,41.37667,-72.91547,3366780,10/22/21,9:21:00,A,"Injury of any type (Serious, Minor, Possible)",B,Suspected Minor Injury (B),2,State,0.03,753,CT-10,753-S,SHEPARD AV,,,,,1,Clear,1,Daylight,1,Dry,,"Trafficway, On Road",10/22/21 9:21
5392,864682,1,41.345383,-72.912445,3366781,10/22/21,10:32:00,O,Property Damage Only,O,No Apparent Injury (O),1,State,0.89,707,WHITNEY AV,707-N,,PUTNAM AVE,225,Feet,S,1,Clear,1,Daylight,1,Dry,,"Trafficway, Not on Road",10/22/21 10:32
8802,862549,1,41.376349,-72.919986,3364648,10/22/21,17:19:00,O,Property Damage Only,O,No Apparent Injury (O),2,Local,0.24,495,SKIFF ST EXT,SKIFF ST EXT,,Mix Ave,80,Feet,E,1,Clear,3,Dusk,1,Dry,,"Trafficway, On Road",10/22/21 17:19
4414,863589,1,41.36824,-72.91631,3365688,10/22/21,17:26:00,O,Property Damage Only,O,No Apparent Injury (O),2,State,50.58,15,15-S,15-S,,exit 60,4,TenthsofMile,N,1,Clear,1,Daylight,1,Dry,,"Trafficway, On Road",10/22/21 17:26
8604,863527,1,41.41056,-72.90786,3365626,10/22/21,21:45:00,O,Property Damage Only,O,No Apparent Injury (O),2,Local,1.72,491,SHERMAN AV,SHERMAN AV NO 1,,WHITNEY AVE,4,TenthsofMile,S,1,Clear,5,Dark-Not Lighted,1,Dry,,"Trafficway, On Road",10/22/21 21:45
2724,864683,1,41.381227,-72.912363,3366782,10/22/21,22:20:00,O,Property Damage Only,O,No Apparent Injury (O),2,State,8.4,10,CT-10,10-N,SANFORD ST,,,,,1,Clear,4,Dark-Lighted,1,Dry,,"Trafficway, On Road",10/22/21 22:20
9102,865906,1,41.432872,-72.927187,3368005,10/23/21,2:08:00,A,"Injury of any type (Serious, Minor, Possible)",C,Possible Injury (C),1,Local,0.79,573,WEST TODD ST,WEST TODD ST,,Still Hill Rd,120,Feet,E,1,Clear,4,Dark-Lighted,1,Dry,,"Trafficway, On Road",10/23/21 2:08
4506,870254,1,41.37825,-72.90529,3372352,10/23/21,11:08:00,O,Property Damage Only,O,No Apparent Injury (O),2,State,0.17,15,15-S,15-S-122,,Exit 61,5,Feet,S,1,Clear,1,Daylight,1,Dry,,"Trafficway, On Road",10/23/21 11:08
4420,870255,1,41.37581,-72.90832,3372353,10/23/21,11:27:00,O,Property Damage Only,O,No Apparent Injury (O),1,State,51.24,15,15-S,15-S,,Exit 61,3,TenthsofMile,S,1,Clear,1,Daylight,1,Dry,,"Trafficway, On Road",10/23/21 11:27
3578,865260,1,41.38061,-72.90077,3367359,10/23/21,14:54:00,O,Property Damage Only,O,No Apparent Injury (O),2,State,0.22,15,15-N,15-N-125,,Exit 62,2.5,TenthsofMile,S,1,Clear,1,Daylight,1,Dry,,"Trafficway, On Road",10/23/21 14:54
2719,862551,1,41.42418,-72.90573,3364650,10/23/21,22:55:00,O,Property Damage Only,O,No Apparent Injury (O),2,State,11.9,10,CT-10,10-N,,Todd Street,30,Feet,S,1,Clear,4,Dark-Lighted,1,Dry,,"Trafficway, On Road",10/23/21 22:55
6491,869879,1,41.33807,-72.93515,3371977,10/24/21,11:30:00,O,Property Damage Only,O,No Apparent Injury (O),2,Local,0.19,142,DIXWELL AV,DIXWELL AV NO 1,,Morse St,75,Feet,S,1,Clear,1,Daylight,1,Dry,,"Trafficway, On Road",10/24/21 11:30
2772,870313,1,41.388829,-72.899816,3372411,10/24/21,21:27:00,O,Property Damage Only,O,No Apparent Injury (O),1,State,9.38,10,CT-10,10-N,,Lincoln St.,190,Feet,N,1,Clear,4,Dark-Lighted,1,Dry,,"Trafficway, On Road",10/24/21 21:27
2880,899106,1,41.33847,-72.93962,3401201,10/25/21,7:56:00,O,Property Damage Only,O,No Apparent Injury (O),2,State,4.96,10,CT-10,10-N,,WARNER ST,25,Feet,E,4,Rain,1,Daylight,2,Wet,,"Trafficway, On Road",10/25/21 7:56
7009,864684,1,41.350427,-72.942936,3366783,10/25/21,8:10:00,O,Property Damage Only,O,No Apparent Injury (O),2,Local,0.04,226,GORHAM AV,GORHAM AV,,PINE ROCK AVE,200,Feet,E,1,Clear,1,Daylight,1,Dry,,"Trafficway, On Road",10/25/21 8:10
6487,865907,1,41.337063,-72.93517,3368006,10/25/21,8:50:00,A,"Injury of any type (Serious, Minor, Possible)",B,Suspected Minor Injury (B),2,Local,0.12,142,DIXWELL AV,DIXWELL AV NO 1,DUDLEY ST,,,,S,1,Clear,1,Daylight,1,Dry,,"Trafficway, On Road",10/25/21 8:50
2725,864685,1,41.441367,-72.910733,3366784,10/25/21,12:54:00,O,Property Damage Only,O,No Apparent Injury (O),1,State,13.12,10,CT-10,10-N,,BROOKSVALE AVE,1,TenthsofMile,N,1,Clear,1,Daylight,1,Dry,,"Trafficway, On Road",10/25/21 12:54
4500,865219,1,41.37825,-72.90529,3367318,10/25/21,14:43:00,O,Property Damage Only,O,No Apparent Injury (O),2,State,0.17,15,15-S,15-S-122,,Route 15 South,100,Feet,N,1,Clear,1,Daylight,1,Dry,,"Trafficway, On Road",10/25/21 14:43
7759,864686,1,41.411055,-72.926218,3366785,10/25/21,14:51:00,O,Property Damage Only,O,No Apparent Injury (O),2,Local,0.38,647,OLD COACH HWY,OLD COACH HWY,,Old Coach Hwy,50,Feet,W,1,Clear,1,Daylight,1,Dry,,Non-trafficway,10/25/21 14:51
3577,864279,1,41.380553,-72.900783,3366378,10/25/21,18:27:00,O,Property Damage Only,O,No Apparent Injury (O),2,State,0.22,15,15-N,15-N-125,,15-N,55,Feet,S,1,Clear,5,Dark-Not Lighted,1,Dry,,"Trafficway, On Road",10/25/21 18:27
6637,864203,1,41.38769,-72.906281,3366302,10/25/21,19:58:00,O,Property Damage Only,O,No Apparent Injury (O),2,Local,0.34,174,EVERGREEN AV,EVERGREEN AV,AUSTEN RD,,,,,4,Rain,4,Dark-Lighted,2,Wet,,"Trafficway, On Road",10/25/21 19:58
5655,869923,1,41.375341,-72.915944,3372021,10/26/21,6:40:00,O,Property Damage Only,O,No Apparent Injury (O),2,State,0.12,753,CT-10,753-S,,Skiff St,25,Feet,N,4,Rain,5,Dark-Not Lighted,2,Wet,,"Trafficway, On Road",10/26/21 6:40
3540,865719,1,41.377231,-72.906387,3367818,10/26/21,6:48:00,O,Property Damage Only,O,No Apparent Injury (O),2,State,51.4,15,15-N,15-N,,15-N-124,3,TenthsofMile,S,4,Rain,5,Dark-Not Lighted,2,Wet,,"Trafficway, On Road",10/26/21 6:48
4847,864687,1,41.332423,-72.900559,3366786,10/26/21,8:42:00,O,Property Damage Only,O,No Apparent Injury (O),2,USRoute,1.34,5,US-5,5-N,HYDE ST,,,,,4,Rain,1,Daylight,2,Wet,,"Trafficway, On Road",10/26/21 8:42
5393,864688,1,41.346055,-72.912536,3366787,10/26/21,8:57:00,O,Property Damage Only,O,No Apparent Injury (O),2,State,0.94,707,WHITNEY AV,707-N,PUTNAM AV,,,,,4,Rain,1,Daylight,2,Wet,,"Trafficway, On Road",10/26/21 8:57
4419,868879,1,41.367603,-72.916964,3370977,10/26/21,9:08:00,A,"Injury of any type (Serious, Minor, Possible)",B,Suspected Minor Injury (B),1,State,50.53,15,15-S,15-S,,Exit 60,2,TenthsofMile,N,4,Rain,1,Daylight,2,Wet,,"Trafficway, On Road",10/26/21 9:08
4415,865149,1,41.365911,-72.920423,3367248,10/26/21,9:56:00,O,Property Damage Only,O,No Apparent Injury (O),1,State,50.31,15,15-S,15-S,,Exit 60,2,TenthsofMile,N,4,Rain,1,Daylight,2,Wet,,"Trafficway, On Road",10/26/21 9:56