,CrashId,Fatal Case Status,lat,lon,DOT Case Number,Date Of Crash,Time of Crash,Crash Severity,Crash Severity Text Format,Most Severe Injury,Most Severe Injury Text Format,Number Of Motor Vehicles,Route Class Text Format,Milemarker,Road Number,Road Description,Roadway Name,Intersecting Roadway Name,Landmark Description,Distance From Nearest Landmark,Unit Of Measure From Nearest Landmark,Direction From Nearest Landmark,Weather Condition,Weather Condition Text Format,Light Condition,Light Condition Text Format,Road Surface Condition,Road Surface Condition Text Format,Average Daily Traffic,Trafficway Class Text Format,full_date
2737,866089,1,41.344421,-72.934333,3368188,10/26/21,10:18:00,A,"Injury of any type (Serious, Minor, Possible)",B,Suspected Minor Injury (B),3,State,5.6,10,CT-10,10-N,WOODIN ST,,,,,4,Rain,1,Daylight,2,Wet,,"Trafficway, On Road",10/26/21 10:18
2793,875223,1,41.338398,-72.939378,3377320,10/26/21,15:16:00,O,Property Damage Only,O,No Apparent Injury (O),2,State,4.97,10,CT-10,10-N,,Burke St,20,Feet,W,1,Clear,1,Daylight,1,Dry,,"Trafficway, On Road",10/26/21 15:16
2726,864689,1,41.404186,-72.898548,3366788,10/26/21,15:34:00,O,Property Damage Only,O,No Apparent Injury (O),2,State,10.48,10,CT-10,10-N,,DICKERMAN ST,142,Feet,N,4,Rain,1,Daylight,2,Wet,,"Trafficway, On Road",10/26/21 15:34
8513,867793,1,41.376848,-72.915832,3369892,10/26/21,16:09:00,A,"Injury of any type (Serious, Minor, Possible)",C,Possible Injury (C),2,Local,0.02,489,SHEPARD AV,SHEPARD AV,,DIXWELL AVE. ,50,Feet,W,4,Rain,1,Daylight,2,Wet,,"Trafficway, On Road",10/26/21 16:09
2732,865923,1,41.420807,-72.904601,3368022,10/26/21,16:40:00,O,Property Damage Only,O,No Apparent Injury (O),2,State,11.66,10,CT-10,10-N,WEST WOODS RD NO 1,,,,,4,Rain,1,Daylight,2,Wet,,"Trafficway, On Road",10/26/21 16:40
5395,868838,1,41.347991,-72.913173,3370936,10/26/21,16:45:00,O,Property Damage Only,O,No Apparent Injury (O),2,State,1.08,707,WHITNEY AV,707-N,TREADWELL ST,,,,,4,Rain,1,Daylight,2,Wet,,"Trafficway, On Road",10/26/21 16:45
2727,864690,1,41.41779,-72.903514,3366789,10/26/21,18:11:00,O,Property Damage Only,O,No Apparent Injury (O),2,State,11.45,10,CT-10,10-N,,MT CARMEL AVE,3,TenthsofMile,S,4,Rain,4,Dark-Lighted,2,Wet,,"Trafficway, On Road",10/26/21 18:11
3587,865924,1,41.365311,-72.922218,3368023,10/26/21,23:23:00,O,Property Damage Only,O,No Apparent Injury (O),2,State,0.18,15,15-N,15-N-220,10-N,,,,,4,Rain,4,Dark-Lighted,2,Wet,,"Trafficway, On Road",10/26/21 23:23
5535,865925,1,41.383413,-72.9016,3368024,10/27/21,7:07:00,A,"Injury of any type (Serious, Minor, Possible)",B,Suspected Minor Injury (B),2,State,0.01,717,DIXWELL AV,717-E,,WHITNEY AVE,75,Feet,E,1,Clear,1,Daylight,1,Dry,,"Trafficway, On Road",10/27/21 7:07
2859,889526,1,41.3365709,-72.94262132,3391623,10/27/21,8:15:00,O,Property Damage Only,O,No Apparent Injury (O),1,State,4.75,10,CT-10,10-N,PRESCOTT ST,,,,,1,Clear,1,Daylight,1,Dry,,"Trafficway, On Road",10/27/21 8:15
2999,865926,1,41.375118,-72.915451,3368025,10/27/21,8:46:00,O,Property Damage Only,O,No Apparent Injury (O),2,Local,0.05,144,CT-10,DIXWELL AV NO 2 RT 10 NB,,Skiff St,232,Feet,N,1,Clear,1,Daylight,1,Dry,,"Trafficway, On Road",10/27/21 8:46
2733,865927,1,41.373183,-72.916769,3368026,10/28/21,13:11:00,A,"Injury of any type (Serious, Minor, Possible)",C,Possible Injury (C),2,State,7.79,10,CT-10,10-N,,Dixwell Avenue,100,Feet,W,1,Clear,1,Daylight,1,Dry,,"Trafficway, Not on Road",10/28/21 13:11
7671,865928,1,41.406442,-72.895835,3368027,10/28/21,13:14:00,A,"Injury of any type (Serious, Minor, Possible)",C,Possible Injury (C),2,Local,0.2,382,NEW RD,NEW RD,LUCIEN DR,,,,,1,Clear,1,Daylight,1,Dry,,"Trafficway, On Road",10/28/21 13:14
2728,864691,1,41.35362,-72.93004,3366790,10/28/21,15:27:00,O,Property Damage Only,O,No Apparent Injury (O),2,State,6.28,10,CT-10,10-N,,TREADWELL ST,1,TenthsofMile,S,1,Clear,1,Daylight,1,Dry,,"Trafficway, On Road",10/28/21 15:27
7394,879999,1,41.35462,-72.91913,3382097,10/28/21,18:25:00,A,"Injury of any type (Serious, Minor, Possible)",B,Suspected Minor Injury (B),2,Local,0.54,352,MATHER ST,MATHER ST,MARTIN TER,,,,,1,Clear,4,Dark-Lighted,5,Ice / Frost,,"Trafficway, On Road",10/28/21 18:25
3545,869352,1,41.35591477,-72.94709694,3371450,10/28/21,18:32:00,O,Property Damage Only,O,No Apparent Injury (O),2,State,48.71,15,15-N,15-N,,Exit 60,0.800000012,TenthsofMile,S,1,Clear,5,Dark-Not Lighted,1,Dry,,"Trafficway, On Road",10/28/21 18:32
8872,866629,1,41.343875,-72.935635,3368728,10/28/21,19:32:00,A,"Injury of any type (Serious, Minor, Possible)",B,Suspected Minor Injury (B),5,Local,0.2,518,THIRD ST,THIRD ST,,Dixwell Avenue,25,TenthsofMile,W,1,Clear,4,Dark-Lighted,1,Dry,,"Trafficway, On Road",10/28/21 19:32
6496,892371,1,41.338195,-72.935221,3394467,10/28/21,23:05:00,O,Property Damage Only,O,No Apparent Injury (O),2,Local,0.2,142,DIXWELL AV,DIXWELL AV NO 1,MORSE ST,,,,,1,Clear,4,Dark-Lighted,1,Dry,,"Trafficway, On Road",10/28/21 23:05
4416,865723,1,41.365858,-72.922453,3367822,10/29/21,5:52:00,A,"Injury of any type (Serious, Minor, Possible)",C,Possible Injury (C),2,State,50.21,15,15-S,15-S,,ENTRANCE #59,3,TenthsofMile,S,1,Clear,5,Dark-Not Lighted,1,Dry,,"Trafficway, On Road",10/29/21 5:52
8732,867794,1,41.371864,-72.908012,3369893,10/29/21,7:59:00,A,"Injury of any type (Serious, Minor, Possible)",C,Possible Injury (C),3,Local,0.1,494,SKIFF ST,SKIFF ST,,Whitney Avenue,1,TenthsofMile,W,1,Clear,1,Daylight,1,Dry,,"Trafficway, On Road",10/29/21 7:59
4499,865164,1,41.378339,-72.90533,3367263,10/29/21,9:52:00,A,"Injury of any type (Serious, Minor, Possible)",C,Possible Injury (C),2,State,0.17,15,15-S,15-S-122,,Whitney Ave,500,Feet,S,1,Clear,1,Daylight,1,Dry,,"Trafficway, On Road",10/29/21 9:52
5536,867335,1,41.383366,-72.901267,3369434,10/29/21,12:49:00,O,Property Damage Only,O,No Apparent Injury (O),2,State,0.03,717,DIXWELL AV,717-E,,Whitney Ave,160,Feet,E,1,Clear,1,Daylight,1,Dry,,"Trafficway, On Road",10/29/21 12:49
8512,864692,1,41.38478,-72.921376,3366791,10/29/21,13:39:00,O,Property Damage Only,O,No Apparent Injury (O),2,Local,0.67,489,SHEPARD AV,SHEPARD AV,FOUR ROD RD,,,,,1,Clear,1,Daylight,1,Dry,,"Trafficway, On Road",10/29/21 13:39
3579,865724,1,41.380642,-72.900764,3367823,10/29/21,14:27:00,O,Property Damage Only,O,No Apparent Injury (O),2,State,0.22,15,15-N,15-N-125,15-N-125,,,,,1,Clear,1,Daylight,1,Dry,,"Trafficway, On Road",10/29/21 14:27
8731,864694,1,41.3745605,-72.916257,3366793,10/29/21,18:28:00,O,Property Damage Only,O,No Apparent Injury (O),2,Local,0.55,494,SKIFF ST,SKIFF ST,,Dixwell Ave,25,Feet,W,1,Clear,4,Dark-Lighted,1,Dry,,"Trafficway, On Road",10/29/21 18:28
3541,865725,1,41.365511,-72.925266,3367824,10/29/21,20:02:00,O,Property Damage Only,O,No Apparent Injury (O),2,State,50.03,15,15-N,15-N,,Exit #61,0.5,TenthsofMile,S,1,Clear,5,Dark-Not Lighted,1,Dry,,"Trafficway, On Road",10/29/21 20:02
2775,870541,1,41.383677,-72.901869,3372639,10/29/21,21:17:00,A,"Injury of any type (Serious, Minor, Possible)",C,Possible Injury (C),3,State,8.98,10,CT-10,10-N,717-E,,,,,1,Clear,4,Dark-Lighted,1,Dry,,"Trafficway, On Road",10/29/21 21:17
8982,864695,1,41.356094,-72.912151,3366794,10/30/21,2:17:00,O,Property Damage Only,O,No Apparent Injury (O),1,Local,0.68,548,WAITE ST,WAITE ST,,WHITNEY AVE,105,Feet,W,4,Rain,4,Dark-Lighted,2,Wet,,"Trafficway, On Road",10/30/21 2:17
5394,864696,1,41.341749,-72.912908,3366795,10/30/21,4:22:00,A,"Injury of any type (Serious, Minor, Possible)",C,Possible Injury (C),1,State,0.63,707,WHITNEY AV,707-N,,BLAKE ST,300,Feet,N,4,Rain,4,Dark-Lighted,2,Wet,,"Trafficway, On Road",10/30/21 4:22
4484,870366,1,41.36595,-72.924336,3372464,10/30/21,9:53:00,O,Property Damage Only,O,No Apparent Injury (O),2,State,0.17,15,15-S,15-S-118,,15-S,200,Feet,S,4,Rain,1,Daylight,2,Wet,,"Trafficway, On Road",10/30/21 9:53
7314,864697,1,41.345296,-72.926981,3366796,10/30/21,10:42:00,O,Property Damage Only,O,No Apparent Injury (O),1,Local,0.11,317,LEEDER HILL DR,LEEDER HILL DR,,Putnam Ave,600,Feet,N,4,Rain,1,Daylight,2,Wet,,Non-trafficway,10/30/21 10:42
5534,864698,1,41.383081,-72.898406,3366797,10/30/21,11:06:00,O,Property Damage Only,O,No Apparent Injury (O),2,State,0.18,717,DIXWELL AV,717-E,,Washington Ave,185,Feet,E,4,Rain,1,Daylight,2,Wet,,"Trafficway, On Road",10/30/21 11:06
5778,864699,1,41.352276,-72.953437,3366798,10/30/21,11:26:00,O,Property Damage Only,O,No Apparent Injury (O),2,Local,0.15,,BELDEN RD,BELDEN RD,,Woodin St,790,Feet,N,4,Rain,1,Daylight,2,Wet,,"Trafficway, On Road",10/30/21 11:26
2729,864700,1,41.360055,-72.925387,3366799,10/30/21,13:03:00,O,Property Damage Only,O,No Apparent Injury (O),2,State,6.79,10,CT-10,10-N,RED ROCK TER,,,,,4,Rain,1,Daylight,2,Wet,,"Trafficway, On Road",10/30/21 13:03
2757,869925,1,41.372641,-72.917088,3372023,10/30/21,15:52:00,O,Property Damage Only,O,No Apparent Injury (O),2,State,7.75,10,CT-10,10-N,,Skiff Street,1,TenthsofMile,S,4,Rain,1,Daylight,2,Wet,,"Trafficway, On Road",10/30/21 15:52
7065,866856,1,41.389272,-72.913873,3368955,10/30/21,16:32:00,O,Property Damage Only,O,No Apparent Injury (O),1,Local,0.09,713,HAMDEN HILLS DR,HAMDEN HILLS DR,GLEN RIDGE RD,,,,,4,Rain,1,Daylight,2,Wet,,"Trafficway, Not on Road",10/30/21 16:32
5889,867337,1,41.364491,-72.929247,3369436,10/30/21,18:13:00,A,"Injury of any type (Serious, Minor, Possible)",A,Suspected Serious Injury (A),1,Local,0.3,42,BENHAM ST,BENHAM ST,MIX  AVE,,,,,4,Rain,5,Dark-Not Lighted,2,Wet,,"Trafficway, Not on Road",10/30/21 18:13
3000,875224,1,41.376476,-72.915079,3377321,10/30/21,19:09:00,A,"Injury of any type (Serious, Minor, Possible)",C,Possible Injury (C),1,Local,0.15,144,CT-10,DIXWELL AV NO 2 RT 10 NB,,Shepard Ave,130,Feet,N,4,Rain,4,Dark-Lighted,2,Wet,,"Trafficway, On Road",10/30/21 19:09
2743,867338,1,41.35903,-72.925794,3369437,10/30/21,19:16:00,O,Property Damage Only,O,No Apparent Injury (O),3,State,6.71,10,CT-10,10-N,MATHER ST,,,,N,1,Clear,4,Dark-Lighted,1,Dry,,"Trafficway, On Road",10/30/21 19:16
6489,867390,1,41.338195,-72.935221,3369489,10/31/21,6:56:00,O,Property Damage Only,O,No Apparent Injury (O),2,Local,0.2,142,DIXWELL AV,DIXWELL AV NO 1,MORSE ST,,,,,1,Clear,1,Daylight,1,Dry,,"Trafficway, On Road",10/31/21 6:56
3544,867221,1,41.360756,-72.935126,3369320,10/31/21,7:23:00,A,"Injury of any type (Serious, Minor, Possible)",B,Suspected Minor Injury (B),2,State,49.41,15,15-N,15-N,,Exit 60,0.5,TenthsofMile,S,1,Clear,1,Daylight,2,Wet,,"Trafficway, On Road",10/31/21 7:23
3542,865731,1,41.361219,-72.933995,3367830,10/31/21,7:42:00,O,Property Damage Only,O,No Apparent Injury (O),2,State,49.48,15,15-N,15-N,,Exit 60 off ramp ,5,TenthsofMile,S,4,Rain,1,Daylight,2,Wet,,"Trafficway, On Road",10/31/21 7:42
8239,869926,1,41.34597,-72.94184,3372024,10/31/21,8:43:00,O,Property Damage Only,O,No Apparent Injury (O),2,Local,0.03,458,ROCHFORD AV,ROCHFORD AV,,WOODIN ST,152,Feet,N,1,Clear,1,Daylight,1,Dry,,"Trafficway, Not on Road",10/31/21 8:43
6220,869927,1,41.3613,-72.9373,3372025,10/31/21,9:59:00,O,Property Damage Only,O,No Apparent Injury (O),2,Local,0.33,99,CIRCULAR AV,CIRCULAR AV,,Cherry Hill RD,25,Feet,W,1,Clear,1,Daylight,1,Dry,,"Trafficway, Not on Road",10/31/21 9:59
6222,870542,1,41.358797,-72.937336,3372640,10/31/21,13:37:00,O,Property Damage Only,O,No Apparent Injury (O),3,Local,0.5,99,CIRCULAR AV,CIRCULAR AV,PLAINS RD,,,,,1,Clear,1,Daylight,1,Dry,,"Trafficway, On Road",10/31/21 13:37
7507,867795,1,41.368158,-72.925932,3369894,10/31/21,17:53:00,A,"Injury of any type (Serious, Minor, Possible)",B,Suspected Minor Injury (B),1,Local,0.31,366,MIX AV,MIX AV,,Hamden Plaza,200,Feet,S,2,Cloudy,3,Dusk,1,Dry,,"Trafficway, On Road",10/31/21 17:53
6488,866376,1,41.338195,-72.935221,3368475,10/31/21,20:52:00,O,Property Damage Only,O,No Apparent Injury (O),2,Local,0.2,142,DIXWELL AV,DIXWELL AV NO 1,MORSE ST,,,,,1,Clear,4,Dark-Lighted,1,Dry,,"Trafficway, On Road",10/31/21 20:52
2734,865929,1,41.420807,-72.904601,3368028,11/1/21,6:43:00,O,Property Damage Only,O,No Apparent Injury (O),2,State,11.66,10,CT-10,10-N,WEST WOODS RD NO 1,,,,,1,Clear,1,Daylight,1,Dry,,"Trafficway, On Road",11/1/21 6:43
2735,865930,1,41.403988,-72.898459,3368029,11/1/21,8:23:00,O,Property Damage Only,O,No Apparent Injury (O),2,State,10.46,10,CT-10,10-N,,DICKERMAN ST,100,Feet,N,1,Clear,1,Daylight,1,Dry,,"Trafficway, On Road",11/1/21 8:23
3580,865870,1,41.38062,-72.900772,3367969,11/1/21,8:57:00,O,Property Damage Only,O,No Apparent Injury (O),2,State,0.22,15,15-N,15-N-125,,EXIT 61 Entrance Ramp,10,Feet,S,1,Clear,1,Daylight,1,Dry,,"Trafficway, On Road",11/1/21 8:57
2751,867485,1,41.34244,-72.93451,3369584,11/1/21,10:43:00,O,Property Damage Only,O,No Apparent Injury (O),2,State,5.47,10,CT-10,10-N,HAMDEN PARK DR,,,,,1,Clear,1,Daylight,1,Dry,,"Trafficway, On Road",11/1/21 10:43
2758,869928,1,41.34466,-72.93439,3372026,11/1/21,11:51:00,O,Property Damage Only,O,No Apparent Injury (O),2,State,5.6,10,CT-10,10-N,WOODIN ST,,,,,1,Clear,1,Daylight,1,Dry,,"Trafficway, On Road",11/1/21 11:51
2759,869929,1,41.362661,-72.9238,3372027,11/1/21,14:52:00,O,Property Damage Only,O,No Apparent Injury (O),2,State,6.98,10,CT-10,10-N,,Benham St,15,Feet,N,1,Clear,1,Daylight,1,Dry,,"Trafficway, On Road",11/1/21 14:52
5658,875225,1,41.374487,-72.915926,3377322,11/1/21,15:03:00,O,Property Damage Only,O,No Apparent Injury (O),2,State,0.17,753,CT-10,753-S,SKIFF ST,,,,,1,Clear,1,Daylight,1,Dry,,"Trafficway, On Road",11/1/21 15:03
4418,867411,1,41.37789393,-72.9054785,3369510,11/1/21,15:22:00,O,Property Damage Only,O,No Apparent Injury (O),2,State,51.44,15,15-S,15-S,,Whitney Ave,750,Feet,S,1,Clear,1,Daylight,1,Dry,,"Trafficway, On Road",11/1/21 15:22
2738,866090,1,41.37375,-72.916282,3368189,11/1/21,15:49:00,O,Property Damage Only,O,No Apparent Injury (O),2,State,7.83,10,CT-10,10-N,,Skiff St.,250,Feet,S,1,Clear,1,Daylight,1,Dry,,"Trafficway, On Road",11/1/21 15:49
6218,866091,1,41.346514,-72.934123,3368190,11/2/21,7:49:00,A,"Injury of any type (Serious, Minor, Possible)",C,Possible Injury (C),2,Local,1.36,99,CIRCULAR AV,CIRCULAR AV,HELEN ST,,,,,1,Clear,1,Daylight,1,Dry,,"Trafficway, On Road",11/2/21 7:49
4502,867413,1,41.378285,-72.905294,3369512,11/2/21,10:24:00,O,Property Damage Only,O,No Apparent Injury (O),2,State,0.17,15,15-S,15-S-122,,15-S,90,Feet,N,1,Clear,1,Daylight,1,Dry,,"Trafficway, On Road",11/2/21 10:24
2760,869930,1,41.345741,-72.93413,3372028,11/3/21,6:56:00,O,Property Damage Only,O,No Apparent Injury (O),2,State,5.7,10,CT-10,10-N,,PUTNAM AV,224,Feet,S,1,Clear,1,Daylight,1,Dry,,"Trafficway, On Road",11/3/21 6:56
8605,867796,1,41.41368,-72.9039,3369895,11/3/21,15:59:00,O,Property Damage Only,O,No Apparent Injury (O),2,Local,2.02,491,SHERMAN AV,SHERMAN AV NO 1,,WHITNEY AVE,1,TenthsofMile,W,1,Clear,1,Daylight,1,Dry,,"Trafficway, On Road",11/3/21 15:59
2739,866092,1,41.405399,-72.898903,3368191,11/3/21,16:18:00,O,Property Damage Only,O,No Apparent Injury (O),2,State,10.56,10,CT-10,10-N,WOODRUFF ST,,,,,1,Clear,1,Daylight,1,Dry,,"Trafficway, On Road",11/3/21 16:18
2740,866093,1,41.40516,-72.89886,3368192,11/3/21,16:35:00,O,Property Damage Only,O,No Apparent Injury (O),2,State,10.54,10,CT-10,10-N,,Dickerman St,200,Feet,N,1,Clear,1,Daylight,1,Dry,,"Trafficway, On Road",11/3/21 16:35
2741,866630,1,41.437123,-72.908962,3368729,11/3/21,17:09:00,O,Property Damage Only,O,No Apparent Injury (O),2,State,12.82,10,CT-10,10-N,,SHEPARD AVE,75,Feet,N,1,Clear,1,Daylight,1,Dry,,"Trafficway, On Road",11/3/21 17:09
9331,869932,1,41.345506,-72.940774,3372030,11/3/21,17:37:00,O,Property Damage Only,O,No Apparent Injury (O),2,Local,1.36,598,WOODIN ST,WOODIN ST,FAIRVIEW AV,,,,,1,Clear,1,Daylight,1,Dry,,"Trafficway, On Road",11/3/21 17:37
2754,867797,1,41.34668,-72.93373,3369896,11/4/21,7:50:00,O,Property Damage Only,O,No Apparent Injury (O),2,State,5.77,10,CT-10,10-N,,PUTNAM AVE,50,Feet,N,1,Clear,1,Daylight,1,Dry,,"Trafficway, On Road",11/4/21 7:50
2750,867450,1,41.38097,-72.91259,3369549,11/4/21,8:17:00,O,Property Damage Only,O,No Apparent Injury (O),2,State,8.4,10,CT-10,10-N,SANFORD ST,,,,,1,Clear,1,Daylight,1,Dry,,"Trafficway, On Road",11/4/21 8:17
8215,866235,1,41.353453,-72.902757,3368334,11/4/21,8:46:00,A,"Injury of any type (Serious, Minor, Possible)",C,Possible Injury (C),2,Local,1.29,452,RIDGE RD,RIDGE RD,WAITE ST,,0,,,1,Clear,1,Daylight,1,Dry,,"Trafficway, On Road",11/4/21 8:46
2761,869989,1,41.34431,-72.93429,3372087,11/4/21,13:01:00,O,Property Damage Only,O,No Apparent Injury (O),2,State,5.6,10,CT-10,10-N,WOODIN ST,,,,,1,Clear,1,Daylight,1,Dry,,"Trafficway, On Road",11/4/21 13:01
3571,866453,1,41.37889299,-72.90352041,3368552,11/4/21,16:37:00,O,Property Damage Only,O,No Apparent Injury (O),2,State,0.21,15,15-N,15-N-124,,15-N-125A,50,Feet,N,1,Clear,1,Daylight,1,Dry,,"Trafficway, On Road",11/4/21 16:37
2744,867391,1,41.40587,-72.89913,3369490,11/4/21,16:59:00,O,Property Damage Only,O,No Apparent Injury (O),2,State,10.6,10,CT-10,10-N,,HOME PL,169,Feet,S,1,Clear,1,Daylight,1,Dry,,"Trafficway, On Road",11/4/21 16:59
2742,866631,1,41.36608,-72.92163,3368730,11/4/21,18:39:00,O,Property Damage Only,O,No Apparent Injury (O),2,State,7.23,10,CT-10,10-N,,RT 15 Connector,20,Feet,S,1,Clear,4,Dark-Lighted,1,Dry,,"Trafficway, On Road",11/4/21 18:39
7772,871961,1,41.384063,-72.906871,3374059,11/4/21,19:18:00,O,Property Damage Only,O,No Apparent Injury (O),4,Local,0.14,143,OLD DIXWELL AV,OLD DIXWELL AV,,EVERGREEN AV,85,Feet,E,1,Clear,4,Dark-Lighted,1,Dry,,"Trafficway, On Road",11/4/21 19:18
2762,869990,1,41.42094,-72.90474,3372088,11/5/21,7:57:00,O,Property Damage Only,O,No Apparent Injury (O),2,State,11.68,10,CT-10,10-N,,,,,,1,Clear,1,Daylight,1,Dry,,"Trafficway, On Road",11/5/21 7:57
6221,869991,1,41.35881,-72.93742,3372089,11/5/21,8:49:00,O,Property Damage Only,O,No Apparent Injury (O),2,Local,0.5,99,CIRCULAR AV,CIRCULAR AV,PLAINS RD,,,,,1,Clear,1,Daylight,1,Dry,,"Trafficway, On Road",11/5/21 8:49
2748,867430,1,41.35071,-72.93158,3369529,11/5/21,10:00:00,O,Property Damage Only,O,No Apparent Injury (O),2,State,6.07,10,CT-10,10-N,,LEXINGTON ST,100,Feet,N,1,Clear,1,Daylight,1,Dry,,"Trafficway, On Road",11/5/21 10:00
2763,870003,1,41.410226,-72.900691,3372101,11/5/21,14:59:00,O,Property Damage Only,O,No Apparent Injury (O),2,State,10.92,10,CT-10,10-N,SLEEPING GIANT DR,,,,,1,Clear,1,Daylight,1,Dry,,"Trafficway, On Road",11/5/21 14:59
2745,867392,1,41.352107,-72.930944,3369491,11/5/21,16:35:00,A,"Injury of any type (Serious, Minor, Possible)",C,Possible Injury (C),2,State,6.16,10,CT-10,10-N,CONCORD ST,,,,,2,Cloudy,1,Daylight,1,Dry,,"Trafficway, On Road",11/5/21 16:35
4509,872310,1,41.378124,-72.905302,3374408,11/5/21,16:43:00,A,"Injury of any type (Serious, Minor, Possible)",C,Possible Injury (C),2,State,0.18,15,15-S,15-S-122,,15-S,30,Feet,N,1,Clear,1,Daylight,1,Dry,,"Trafficway, On Road",11/5/21 16:43
5396,869992,1,41.38077,-72.90286,3372090,11/5/21,17:33:00,O,Property Damage Only,O,No Apparent Injury (O),2,State,3.44,707,WHITNEY AV,707-N,WORTH AV,,,,,1,Clear,1,Daylight,1,Dry,,"Trafficway, On Road",11/5/21 17:33
4501,867292,1,41.378261,-72.905292,3369391,11/5/21,18:58:00,O,Property Damage Only,O,No Apparent Injury (O),2,State,0.17,15,15-S,15-S-122,,15-S,75,Feet,N,1,Clear,5,Dark-Not Lighted,1,Dry,,"Trafficway, On Road",11/5/21 18:58
2794,875226,1,41.406199,-72.899296,3377323,11/5/21,19:38:00,A,"Injury of any type (Serious, Minor, Possible)",C,Possible Injury (C),2,State,10.63,10,CT-10,10-N,,woodruff st,500,Feet,N,1,Clear,4,Dark-Lighted,1,Dry,,"Trafficway, On Road",11/5/21 19:38
5890,867393,1,41.36447,-72.92902,3369492,11/5/21,21:15:00,O,Property Damage Only,O,No Apparent Injury (O),2,Local,0.29,42,BENHAM ST,BENHAM ST,,Mix Avenue,10,Feet,E,1,Clear,5,Dark-Not Lighted,1,Dry,,"Trafficway, On Road",11/5/21 21:15
8950,870314,1,41.364455,-72.930564,3372412,11/6/21,0:28:00,O,Property Damage Only,O,No Apparent Injury (O),1,Local,0.35,535,VANTAGE RD,VANTAGE RD,,Benham Street,100,Feet,S,1,Clear,5,Dark-Not Lighted,1,Dry,,"Trafficway, On Road",11/6/21 0:28
2746,867394,1,41.393733,-72.897026,3369493,11/6/21,1:39:00,O,Property Damage Only,O,No Apparent Injury (O),1,State,9.75,10,CT-10,10-N,,Carmel St.,100,Feet,N,1,Clear,4,Dark-Lighted,1,Dry,,"Trafficway, Not on Road",11/6/21 1:39
3550,872311,1,41.375156,-72.908725,3374409,11/6/21,9:05:00,O,Property Damage Only,O,No Apparent Injury (O),2,State,51.2,15,15-N,15-N,,15-N-124,5,TenthsofMile,S,1,Clear,1,Daylight,1,Dry,,"Trafficway, On Road",11/6/21 9:05
5398,872312,1,41.378116,-72.905307,3374410,11/6/21,9:05:00,O,Property Damage Only,O,No Apparent Injury (O),2,State,3.22,707,WHITNEY AV,707-N,MILLBROOK RD,,,,,1,Clear,1,Daylight,1,Dry,,"Trafficway, On Road",11/6/21 9:05
2747,867395,1,41.340328,-72.935189,3369494,11/6/21,13:59:00,O,Property Damage Only,O,No Apparent Injury (O),2,State,5.32,10,CT-10,10-N,GEORGE ST,,,,,1,Clear,1,Daylight,1,Dry,,"Trafficway, On Road",11/6/21 13:59
6490,867396,1,41.336795,-72.935217,3369495,11/6/21,14:41:00,O,Property Damage Only,O,No Apparent Injury (O),2,Local,0.09,142,DIXWELL AV,DIXWELL AV NO 1,,EASTON ST,75,Feet,S,1,Clear,1,Daylight,1,Dry,,"Trafficway, On Road",11/6/21 14:41
2783,871962,1,41.442678,-72.910776,3374060,11/6/21,14:51:00,O,Property Damage Only,O,No Apparent Injury (O),2,State,13.21,10,CT-10,10-N,BROOKSVALE AV,,,,,1,Clear,1,Daylight,1,Dry,,"Trafficway, On Road",11/6/21 14:51
6219,867397,1,41.355717,-72.936708,3369496,11/6/21,16:04:00,O,Property Damage Only,O,No Apparent Injury (O),2,Local,0.72,99,CIRCULAR AV,CIRCULAR AV,,Taft Street,10,Feet,N,1,Clear,1,Daylight,1,Dry,,"Trafficway, On Road",11/6/21 16:04
2764,870004,1,41.353243,-72.930376,3372102,11/6/21,19:32:00,A,"Injury of any type (Serious, Minor, Possible)",C,Possible Injury (C),2,State,6.25,10,CT-10,10-N,,Church Street,30,Feet,N,1,Clear,4,Dark-Lighted,1,Dry,,"Trafficway, On Road",11/6/21 19:32
6358,870005,1,41.340396,-72.905578,3372103,11/6/21,23:38:00,A,"Injury of any type (Serious, Minor, Possible)",A,Suspected Serious Injury (A),2,Local,0.4,128,DAVIS ST,DAVIS ST,,MARSHALL RD,50,Feet,W,1,Clear,4,Dark-Lighted,1,Dry,,"Trafficway, On Road",11/6/21 23:38
2749,867431,1,41.362661,-72.9238,3369530,11/7/21,7:14:00,O,Property Damage Only,O,No Apparent Injury (O),2,State,6.98,10,CT-10,10-N,BENHAM ST,,,,,1,Clear,1,Daylight,1,Dry,,"Trafficway, On Road",11/7/21 7:14
2777,870544,1,41.33827,-72.935347,3372642,11/7/21,19:15:00,O,Property Damage Only,O,No Apparent Injury (O),2,State,5.17,10,CT-10,10-N,Dixwell Ave No 1,,,,,1,Clear,4,Dark-Lighted,1,Dry,,"Trafficway, On Road",11/7/21 19:15
5895,875228,1,41.36459,-72.92914,3377325,11/7/21,20:13:00,O,Property Damage Only,O,No Apparent Injury (O),2,Local,0.3,42,BENHAM ST,BENHAM ST,MIX AV,,,,,1,Clear,4,Dark-Lighted,1,Dry,,"Trafficway, On Road",11/7/21 20:13
2808,877275,1,41.382904,-72.907787,3379372,11/7/21,20:23:00,A,"Injury of any type (Serious, Minor, Possible)",B,Suspected Minor Injury (B),1,State,8.67,10,CT-10,10-N,EVERGREEN AV,,,,,1,Clear,4,Dark-Lighted,1,Dry,,"Trafficway, On Road",11/7/21 20:23
4504,869410,1,41.378124,-72.905304,3371508,11/8/21,11:07:00,O,Property Damage Only,O,No Apparent Injury (O),2,State,0.18,15,15-S,15-S-122,15-S,,,,,1,Clear,1,Daylight,1,Dry,,"Trafficway, On Road",11/8/21 11:07