,CrashId,Fatal Case Status,lat,lon,DOT Case Number,Date Of Crash,Time of Crash,Crash Severity,Crash Severity Text Format,Most Severe Injury,Most Severe Injury Text Format,Number Of Motor Vehicles,Route Class Text Format,Milemarker,Road Number,Road Description,Roadway Name,Intersecting Roadway Name,Landmark Description,Distance From Nearest Landmark,Unit Of Measure From Nearest Landmark,Direction From Nearest Landmark,Weather Condition,Weather Condition Text Format,Light Condition,Light Condition Text Format,Road Surface Condition,Road Surface Condition Text Format,Average Daily Traffic,Trafficway Class Text Format,full_date
2767,870026,1,41.338272,-72.940921,3372124,11/9/21,5:34:00,O,Property Damage Only,O,No Apparent Injury (O),2,State,4.88,10,CT-10,10-N,ARCH ST,,,,,1,Clear,4,Dark-Lighted,1,Dry,,"Trafficway, On Road",11/9/21 5:34
8216,870006,1,41.336001,-72.900636,3372104,11/9/21,8:20:00,O,Property Damage Only,O,No Apparent Injury (O),2,Local,0.04,452,RIDGE RD,RIDGE RD,,STATE ST,175,Feet,W,1,Clear,1,Daylight,1,Dry,,"Trafficway, On Road",11/9/21 8:20
2768,870027,1,41.369422,-72.919249,3372125,11/9/21,8:39:00,A,"Injury of any type (Serious, Minor, Possible)",C,Possible Injury (C),2,State,7.5,10,CT-10,10-N,,Connolly Pkwy,925,Feet,N,1,Clear,1,Daylight,1,Dry,,"Trafficway, On Road",11/9/21 8:39
2765,870007,1,41.338381,-72.937141,3372105,11/9/21,10:46:00,O,Property Damage Only,O,No Apparent Injury (O),2,State,5.08,10,CT-10,10-N,,Alstrum ST,150,Feet,W,1,Clear,1,Daylight,1,Dry,,"Trafficway, On Road",11/9/21 10:46
2769,870043,1,41.403803,-72.898341,3372141,11/9/21,12:53:00,O,Property Damage Only,O,No Apparent Injury (O),2,State,10.45,10,CT-10,10-N,22-E,,,,,1,Clear,1,Daylight,1,Dry,,"Trafficway, On Road",11/9/21 12:53
4505,869440,1,41.37829,-72.90529,3371538,11/9/21,14:24:00,O,Property Damage Only,O,No Apparent Injury (O),2,State,0.17,15,15-S,15-S-122,,Exit 60,10,TenthsofMile,N,1,Clear,1,Daylight,1,Dry,,"Trafficway, On Road",11/9/21 14:24
6223,870545,1,41.352294,-72.935862,3372643,11/9/21,15:17:00,A,"Injury of any type (Serious, Minor, Possible)",C,Possible Injury (C),2,Local,0.96,99,CIRCULAR AV,CIRCULAR AV,BEACON ST,,,,,1,Clear,1,Daylight,1,Dry,,"Trafficway, On Road",11/9/21 15:17
8106,870044,1,41.34593,-72.912925,3372142,11/9/21,17:50:00,O,Property Damage Only,O,No Apparent Injury (O),2,Local,0.02,439,PUTNAM AV,PUTNAM AV,,WHITNEY AVE,50,Feet,W,1,Clear,4,Dark-Lighted,1,Dry,,"Trafficway, On Road",11/9/21 17:50
4639,870008,1,41.40006,-72.89768,3372106,11/9/21,18:27:00,O,Property Damage Only,O,No Apparent Injury (O),2,State,0,40,40-S,40-S-6,10-N,,,,,1,Clear,4,Dark-Lighted,1,Dry,,"Trafficway, On Road",11/9/21 18:27
2875,893690,1,41.401603,-72.897665,3395786,11/10/21,1:25:00,A,"Injury of any type (Serious, Minor, Possible)",C,Possible Injury (C),1,State,10.29,10,CT-10,10-N,RT 40,,,,,1,Clear,4,Dark-Lighted,1,Dry,,"Trafficway, Not on Road",11/10/21 1:25
6302,870046,1,41.36695,-72.91993,3372144,11/10/21,8:30:00,O,Property Damage Only,O,No Apparent Injury (O),2,Local,0.22,111,CONNOLLY PKWY,CONNOLLY PKWY,,Dixwell Av,100,Feet,E,1,Clear,1,Daylight,1,Dry,,"Trafficway, On Road",11/10/21 8:30
2874,892372,1,41.3447,-72.93439,3394468,11/10/21,16:18:00,O,Property Damage Only,O,No Apparent Injury (O),2,State,5.62,10,CT-10,10-N,,WOODIN ST,125,Feet,N,1,Clear,1,Daylight,1,Dry,,"Trafficway, On Road",11/10/21 16:18
6699,869880,1,41.346763,-72.940313,3371978,11/11/21,0:40:00,A,"Injury of any type (Serious, Minor, Possible)",C,Possible Injury (C),3,Local,0.59,176,FAIRVIEW AV,FAIRVIEW AV,,HELEN ST,560,Feet,S,1,Clear,4,Dark-Lighted,1,Dry,,"Trafficway, On Road",11/11/21 0:40
8734,870047,1,41.372416,-72.910049,3372145,11/11/21,3:15:00,O,Property Damage Only,O,No Apparent Injury (O),1,Local,0.21,494,SKIFF ST,SKIFF ST,,WHITNEY AVE,1125,Feet,W,1,Clear,4,Dark-Lighted,1,Dry,,"Trafficway, On Road",11/11/21 3:15
5688,870048,1,41.399211,-72.907646,3372146,11/11/21,9:07:00,O,Property Damage Only,O,No Apparent Injury (O),2,Local,0.22,626,ANNS FARM RD,ANNS FARM RD,,KNOB HILL ROAD,300,Feet,E,1,Clear,1,Daylight,1,Dry,,"Trafficway, On Road",11/11/21 9:07
7357,872211,1,41.361169,-72.925538,3374309,11/11/21,9:43:00,O,Property Damage Only,O,No Apparent Injury (O),2,Local,0.06,660,MAPLEWOOD TER,MAPLEWOOD TER NO 2,,Dixwell Ave.,200,Feet,W,1,Clear,1,Daylight,1,Dry,,"Trafficway, On Road",11/11/21 9:43
2795,875229,1,41.350468,-72.931676,3377326,11/11/21,13:47:00,O,Property Damage Only,O,No Apparent Injury (O),2,State,6.05,10,CT-10,10-N,,Lexington St.,20,Feet,S,1,Clear,1,Daylight,1,Dry,,"Trafficway, On Road",11/11/21 13:47
7411,870354,1,41.334405,-72.898884,3372452,11/11/21,16:18:00,A,"Injury of any type (Serious, Minor, Possible)",C,Possible Injury (C),2,Local,0.04,360,MERRITT ST,MERRITT ST,,jean st,122,Feet,E,1,Clear,3,Dusk,1,Dry,,"Trafficway, On Road",11/11/21 16:18
3582,870242,1,41.3805775,-72.90076912,3372340,11/11/21,17:19:00,A,"Injury of any type (Serious, Minor, Possible)",B,Suspected Minor Injury (B),2,State,0.22,15,15-N,15-N-125,,exit 61 on ramp,30,Feet,W,1,Clear,4,Dark-Lighted,1,Dry,,"Trafficway, On Road",11/11/21 17:19
4503,868896,1,41.378193,-72.905289,3370994,11/11/21,17:55:00,O,Property Damage Only,O,No Apparent Injury (O),2,State,0.18,15,15-S,15-S-122,15-S-122,Rt 15 Southbound,10,Feet,W,1,Clear,5,Dark-Not Lighted,1,Dry,,"Trafficway, On Road",11/11/21 17:55
9016,870355,1,41.345315,-72.937414,3372453,11/11/21,18:38:00,O,Property Damage Only,O,No Apparent Injury (O),2,Local,0.24,553,WARREN ST,WARREN ST,,WOODIN ST,61,Feet,S,1,Clear,4,Dark-Lighted,1,Dry,,"Trafficway, On Road",11/11/21 18:38
7027,872212,1,41.35473,-72.93217,3374310,11/12/21,1:24:00,O,Property Damage Only,O,No Apparent Injury (O),2,Local,0.09,230,GRANDVIEW AV,GRANDVIEW AV,,Millis St,15,Feet,S,1,Clear,5,Dark-Not Lighted,1,Dry,,"Trafficway, On Road",11/12/21 1:24
2766,870009,1,41.396845,-72.897016,3372107,11/12/21,6:36:00,O,Property Damage Only,O,No Apparent Injury (O),2,State,9.96,10,CT-10,10-N,,CANNON ST,15,Feet,N,1,Clear,1,Daylight,2,Wet,,"Trafficway, On Road",11/12/21 6:36
5656,870010,1,41.374902,-72.916001,3372108,11/12/21,11:02:00,O,Property Damage Only,O,No Apparent Injury (O),2,State,0.15,753,CT-10,753-S,,SKIFF ST,125,Feet,N,1,Clear,1,Daylight,2,Wet,,"Trafficway, On Road",11/12/21 11:02
2784,871963,1,41.372727,-72.916889,3374061,11/12/21,11:26:00,A,"Injury of any type (Serious, Minor, Possible)",B,Suspected Minor Injury (B),1,State,7.76,10,CT-10,10-N,,Skiff St,665,Feet,S,4,Rain,1,Daylight,2,Wet,,"Trafficway, On Road",11/12/21 11:26
4510,873641,1,41.378205,-72.905276,3375738,11/12/21,15:37:00,O,Property Damage Only,O,No Apparent Injury (O),2,State,0.17,15,15-S,15-S-122,,15-N,70,Feet,N,1,Clear,1,Daylight,2,Wet,,"Trafficway, On Road",11/12/21 15:37
5891,870356,1,41.362755,-72.924017,3372454,11/12/21,21:31:00,A,"Injury of any type (Serious, Minor, Possible)",C,Possible Injury (C),2,Local,0.01,42,BENHAM ST,BENHAM ST,,Dixwell Avenue,10,Feet,W,1,Clear,4,Dark-Lighted,2,Wet,,"Trafficway, On Road",11/12/21 21:31
2796,875230,1,41.374487,-72.915926,3377327,11/12/21,22:10:00,A,"Injury of any type (Serious, Minor, Possible)",B,Suspected Minor Injury (B),2,State,7.89,10,CT-10,10-N,SKIFF ST,,,,,2,Cloudy,4,Dark-Lighted,2,Wet,,"Trafficway, On Road",11/12/21 22:10
2792,873401,1,41.385952,-72.901013,3375498,11/12/21,23:06:00,A,"Injury of any type (Serious, Minor, Possible)",B,Suspected Minor Injury (B),2,State,9.17,10,CT-10,10-N,,Colonial dr,50,TenthsofMile,S,1,Clear,4,Dark-Lighted,1,Dry,,"Trafficway, On Road",11/12/21 23:06
4848,870546,1,41.330192,-72.899176,3372644,11/12/21,23:11:00,O,Property Damage Only,O,No Apparent Injury (O),2,USRoute,1.18,5,US-5,5-N,,PARK RD,200,Feet,N,1,Clear,5,Dark-Not Lighted,2,Wet,,"Trafficway, On Road",11/12/21 23:11
8983,870357,1,41.356894,-72.914793,3372455,11/13/21,1:01:00,O,Property Damage Only,O,No Apparent Injury (O),1,Local,0.83,548,WAITE ST,WAITE ST,,CORAM ST,165,Feet,W,2,Cloudy,4,Dark-Lighted,2,Wet,,"Trafficway, On Road",11/13/21 1:01
2809,877276,1,41.3382744,-72.9410796,3379373,11/13/21,2:10:00,O,Property Damage Only,O,No Apparent Injury (O),2,State,4.88,10,CT-10,10-N,ARCH ST,,,,,1,Clear,4,Dark-Lighted,2,Wet,,"Trafficway, On Road",11/13/21 2:10
4511,873649,1,41.378082,-72.905331,3375746,11/13/21,10:15:00,O,Property Damage Only,O,No Apparent Injury (O),2,State,0.18,15,15-S,15-S-122,15-S,,,,,1,Clear,1,Daylight,1,Dry,,"Trafficway, On Road",11/13/21 10:15
2770,870285,1,41.341819,-72.934967,3372383,11/13/21,10:16:00,O,Property Damage Only,O,No Apparent Injury (O),2,State,5.42,10,CT-10,10-N,NORTH ST,,,,,1,Clear,1,Daylight,1,Dry,,"Trafficway, On Road",11/13/21 10:16
2773,870315,1,41.346418,-72.933872,3372413,11/13/21,10:55:00,O,Property Damage Only,O,No Apparent Injury (O),2,State,5.75,10,CT-10,10-N,,Circular Ave,25,Feet,N,1,Clear,1,Daylight,1,Dry,,"Trafficway, On Road",11/13/21 10:55
5893,871964,1,41.366716,-72.940777,3374062,11/13/21,17:18:00,O,Property Damage Only,O,No Apparent Injury (O),2,Local,0.92,42,BENHAM ST,BENHAM ST,,Lane st,45,Feet,E,2,Cloudy,4,Dark-Lighted,2,Wet,,"Trafficway, On Road",11/13/21 17:18
2778,870556,1,41.34477,-72.93438,3372654,11/13/21,17:36:00,A,"Injury of any type (Serious, Minor, Possible)",C,Possible Injury (C),2,State,5.62,10,CT-10,10-N,,Woodin St.,25,Feet,N,4,Rain,4,Dark-Lighted,2,Wet,,"Trafficway, On Road",11/13/21 17:36
2779,870557,1,41.367106,-72.920713,3372655,11/14/21,12:42:00,O,Property Damage Only,O,No Apparent Injury (O),2,State,7.32,10,CT-10,10-N,,CONNOLLY PKWY,150,Feet,S,1,Clear,1,Daylight,1,Dry,,"Trafficway, On Road",11/14/21 12:42
2782,870826,1,41.36185,-72.9244,3372924,11/14/21,21:07:00,A,"Injury of any type (Serious, Minor, Possible)",C,Possible Injury (C),2,State,6.92,10,CT-10,10-N,ROBERT ST,,,,,1,Clear,4,Dark-Lighted,1,Dry,,"Trafficway, On Road",11/14/21 21:07
5397,870558,1,41.343736,-72.912062,3372656,11/15/21,1:05:00,A,"Injury of any type (Serious, Minor, Possible)",A,Suspected Serious Injury (A),1,State,0.77,707,WHITNEY AV,707-N,ELI RD,,,,,1,Clear,4,Dark-Lighted,1,Dry,,"Trafficway, On Road",11/15/21 1:05
4483,870268,1,41.365932,-72.924398,3372366,11/15/21,6:49:00,O,Property Damage Only,O,No Apparent Injury (O),2,State,0.17,15,15-S,15-S-118,,15-S,35,Feet,S,1,Clear,1,Daylight,1,Dry,,"Trafficway, On Road",11/15/21 6:49
4421,870269,1,41.378073,-72.905316,3372367,11/15/21,8:38:00,O,Property Damage Only,O,No Apparent Injury (O),2,State,51.46,15,15-S,15-S,,Route 15,20,Feet,S,1,Clear,1,Daylight,1,Dry,,"Trafficway, On Road",11/15/21 8:38
4422,870270,1,41.378013,-72.905297,3372368,11/15/21,12:08:00,O,Property Damage Only,O,No Apparent Injury (O),2,State,51.45,15,15-S,15-S,,Route 15,10,Feet,S,1,Clear,1,Daylight,1,Dry,,"Trafficway, On Road",11/15/21 12:08
2771,870286,1,41.429092,-72.906553,3372384,11/15/21,15:29:00,O,Property Damage Only,O,No Apparent Injury (O),2,State,12.24,10,CT-10,10-N,,Tuttle Ave.,1,TenthsofMile,N,1,Clear,1,Daylight,1,Dry,,"Trafficway, On Road",11/15/21 15:29
4423,870272,1,41.37890676,-72.9038597,3372370,11/15/21,16:33:00,O,Property Damage Only,O,No Apparent Injury (O),2,State,51.59,15,15-S,15-S,,Rt 15 Southbound,10,Feet,W,1,Clear,5,Dark-Not Lighted,1,Dry,,"Trafficway, On Road",11/15/21 16:33
2785,871965,1,41.339733,-72.935193,3374063,11/15/21,17:52:00,A,"Injury of any type (Serious, Minor, Possible)",B,Suspected Minor Injury (B),1,State,5.28,10,CT-10,10-N,,Pine Street ,55,Feet,N,1,Clear,5,Dark-Not Lighted,1,Dry,,"Trafficway, On Road",11/15/21 17:52
2780,870559,1,41.35142,-72.931262,3372657,11/15/21,18:26:00,O,Property Damage Only,O,No Apparent Injury (O),2,State,6.12,10,CT-10,10-N,,BEACON ST,60,Feet,N,1,Clear,4,Dark-Lighted,1,Dry,,"Trafficway, On Road",11/15/21 18:26
2781,870560,1,41.35643,-72.927781,3372658,11/16/21,7:46:00,A,"Injury of any type (Serious, Minor, Possible)",C,Possible Injury (C),2,State,6.5,10,CT-10,10-N,,Homestead Av,25,Feet,S,1,Clear,1,Daylight,1,Dry,,"Trafficway, On Road",11/16/21 7:46
3553,873661,1,41.365511,-72.925266,3375758,11/16/21,9:58:00,O,Property Damage Only,O,No Apparent Injury (O),2,State,50.03,15,15-N,15-N,,Exit 60,1,TenthsofMile,N,1,Clear,1,Daylight,1,Dry,,"Trafficway, On Road",11/16/21 9:58
4427,873662,1,41.379618,-72.90272,3375759,11/16/21,9:58:00,A,"Injury of any type (Serious, Minor, Possible)",B,Suspected Minor Injury (B),3,State,51.67,15,15-S,15-S,,15-S-123,1,TenthsofMile,N,1,Clear,1,Daylight,1,Dry,,"Trafficway, On Road",11/16/21 9:58
8991,870561,1,41.366237,-72.914216,3372659,11/16/21,10:11:00,O,Property Damage Only,O,No Apparent Injury (O),1,Local,0,232,WAKEFIELD ST,WAKEFIELD ST,THORTON ST,,,,,1,Clear,1,Daylight,1,Dry,,"Trafficway, On Road",11/16/21 10:11
2786,871966,1,41.3833,-72.9025,3374064,11/16/21,15:52:00,O,Property Damage Only,O,No Apparent Injury (O),2,State,8.95,10,CT-10,10-N,,707-N,125,Feet,W,1,Clear,1,Daylight,1,Dry,,"Trafficway, On Road",11/16/21 15:52
7066,871967,1,41.38925,-72.910766,3374065,11/16/21,18:41:00,A,"Injury of any type (Serious, Minor, Possible)",C,Possible Injury (C),2,Local,0.45,713,HAMDEN HILLS DR,HAMDEN HILLS DR,ASPEN CIR,,,,,1,Clear,5,Dark-Not Lighted,1,Dry,,"Trafficway, On Road",11/16/21 18:41
3547,871749,1,41.365491,-72.925585,3373847,11/16/21,18:47:00,O,Property Damage Only,O,No Apparent Injury (O),2,State,50.01,15,15-N,15-N,,Exit 60,4,TenthsofMile,N,1,Clear,5,Dark-Not Lighted,1,Dry,,"Trafficway, On Road",11/16/21 18:47
5657,870703,1,41.376909,-72.915866,3372801,11/16/21,19:11:00,A,"Injury of any type (Serious, Minor, Possible)",C,Possible Injury (C),2,State,0.03,753,CT-10,753-S,SHEPARD AV,,,,,1,Clear,4,Dark-Lighted,1,Dry,,"Trafficway, On Road",11/16/21 19:11
2797,875231,1,41.347181,-72.933527,3377328,11/16/21,21:40:00,A,"Injury of any type (Serious, Minor, Possible)",B,Suspected Minor Injury (B),2,State,5.8,10,CT-10,10-N,,CIRCULAR AVE,310,Feet,N,1,Clear,4,Dark-Lighted,1,Dry,,"Trafficway, On Road",11/16/21 21:40
3548,871751,1,41.38086171,-72.90055701,3373849,11/17/21,7:44:00,O,Property Damage Only,O,No Apparent Injury (O),2,State,51.77,15,15-N,15-N,,61 Entrance Ramp,25,Feet,N,1,Clear,1,Daylight,1,Dry,,"Trafficway, On Road",11/17/21 7:44
2787,871968,1,41.37431,-72.915832,3374066,11/17/21,14:45:00,A,"Injury of any type (Serious, Minor, Possible)",C,Possible Injury (C),1,State,7.88,10,CT-10,10-N,,CONNOLLY PARKWAY,1,TenthsofMile,N,1,Clear,1,Daylight,1,Dry,,"Trafficway, On Road",11/17/21 14:45
3004,879650,1,41.374954,-72.915559,3381748,11/17/21,14:49:00,A,"Injury of any type (Serious, Minor, Possible)",B,Suspected Minor Injury (B),2,Local,0.04,144,CT-10,DIXWELL AV NO 2 RT 10 NB,,Skiff St,190,Feet,N,1,Clear,1,Daylight,1,Dry,,"Trafficway, On Road",11/17/21 14:49
6779,893691,1,41.385424,-72.928497,3395787,11/17/21,15:16:00,A,"Injury of any type (Serious, Minor, Possible)",B,Suspected Minor Injury (B),2,Local,0.2,197,FOUR ROD RD,FOUR ROD RD,EARL AV,,,,,1,Clear,1,Daylight,1,Dry,,"Trafficway, On Road",11/17/21 15:16
4439,881198,1,41.37789393,-72.9054785,3383296,11/17/21,16:22:00,O,Property Damage Only,O,No Apparent Injury (O),2,State,51.44,15,15-S,15-S,,Exit 61 South,10,Feet,S,1,Clear,1,Daylight,1,Dry,,"Trafficway, On Road",11/17/21 16:22
8735,870827,1,41.374253,-72.914828,3372925,11/17/21,16:29:00,O,Property Damage Only,O,No Apparent Injury (O),2,Local,0.49,494,SKIFF ST,SKIFF ST,,Dixwell Avenue,300,Feet,E,1,Clear,4,Dark-Lighted,1,Dry,,"Trafficway, On Road",11/17/21 16:29
5892,870828,1,41.364158,-72.927592,3372926,11/17/21,18:40:00,O,Property Damage Only,O,No Apparent Injury (O),2,Local,0.22,42,BENHAM ST,BENHAM ST,GARFIELD ST,,,,,1,Clear,4,Dark-Lighted,1,Dry,,"Trafficway, On Road",11/17/21 18:40
8514,870829,1,41.435019,-72.913014,3372927,11/17/21,20:38:00,O,Property Damage Only,O,No Apparent Injury (O),1,Local,4.28,489,SHEPARD AV,SHEPARD AV,,WHITNEY AVE,1350,Feet,W,1,Clear,4,Dark-Lighted,1,Dry,,"Trafficway, On Road",11/17/21 20:38
5705,877277,1,41.364595,-72.914717,3379374,11/18/21,7:27:00,A,"Injury of any type (Serious, Minor, Possible)",C,Possible Injury (C),2,Local,0,15,ARDMORE ST,ARDMORE ST,GREENWAY ST,,,,,1,Clear,1,Daylight,1,Dry,,"Trafficway, On Road",11/18/21 7:27
5401,877278,1,41.380216,-72.903073,3379375,11/18/21,8:17:00,O,Property Damage Only,O,No Apparent Injury (O),2,State,3.4,707,WHITNEY AV,707-N,,Worth Av,200,Feet,S,1,Clear,1,Daylight,1,Dry,,"Trafficway, On Road",11/18/21 8:17
4424,871794,1,41.38368873,-72.89610987,3373892,11/18/21,15:16:00,O,Property Damage Only,O,No Apparent Injury (O),2,State,52.08,15,15-S,15-S,,Exit 62,0.300000012,TenthsofMile,N,1,Clear,1,Daylight,1,Dry,,"Trafficway, On Road",11/18/21 15:16
2810,877279,1,41.363735,-72.923106,3379376,11/18/21,16:05:00,O,Property Damage Only,O,No Apparent Injury (O),2,State,7.06,10,CT-10,10-N,WHEELER ST,,,,,1,Clear,4,Dark-Lighted,1,Dry,,"Trafficway, On Road",11/18/21 16:05
6495,881448,1,41.338245,-72.935216,3383546,11/18/21,18:20:00,O,Property Damage Only,O,No Apparent Injury (O),2,Local,0.2,142,DIXWELL AV,DIXWELL AV NO 1,MORSE ST,,,,,1,Clear,4,Dark-Lighted,1,Dry,,"Trafficway, On Road",11/18/21 18:20
6639,891030,1,41.3916,-72.9043,3393127,11/18/21,18:34:00,O,Property Damage Only,O,No Apparent Injury (O),1,Local,0.62,174,EVERGREEN AV,EVERGREEN AV,,Forest Street,300,Feet,S,1,Clear,4,Dark-Lighted,1,Dry,,"Trafficway, On Road",11/18/21 18:34
3551,872482,1,41.379212,-72.90328,3374580,11/18/21,18:59:00,O,Property Damage Only,O,No Apparent Injury (O),2,State,51.61,15,15-N,15-N,,Exit 61,1,TenthsofMile,S,1,Clear,5,Dark-Not Lighted,1,Dry,,"Trafficway, On Road",11/18/21 18:59
2798,875232,1,41.43276,-72.90791,3377329,11/18/21,21:38:00,O,Property Damage Only,O,No Apparent Injury (O),2,State,12.51,10,CT-10,10-N,,LAWRENCE RD,300,Feet,N,2,Cloudy,4,Dark-Lighted,2,Wet,,"Trafficway, On Road",11/18/21 21:38
6595,871250,1,41.34349,-72.91196,3373348,11/19/21,9:33:00,O,Property Damage Only,O,No Apparent Injury (O),2,Local,0.08,167,ELI RD,ELI RD,,707-n,50,Feet,S,1,Clear,1,Daylight,1,Dry,,"Trafficway, On Road",11/19/21 9:33
4507,871809,1,41.37825,-72.90529,3373907,11/19/21,10:28:00,A,"Injury of any type (Serious, Minor, Possible)",C,Possible Injury (C),2,State,0.17,15,15-S,15-S-122,,RT 15,20,Feet,N,1,Clear,1,Daylight,1,Dry,,"Trafficway, On Road",11/19/21 10:28
2799,875233,1,41.39274,-72.897344,3377330,11/19/21,10:44:00,O,Property Damage Only,O,No Apparent Injury (O),2,State,9.67,10,CT-10,10-N,FOREST ST,,,,,1,Clear,1,Daylight,1,Dry,,"Trafficway, On Road",11/19/21 10:44
4508,871810,1,41.37822,-72.90529,3373908,11/19/21,13:35:00,O,Property Damage Only,O,No Apparent Injury (O),2,State,0.17,15,15-S,15-S-122,,RT 15,10,Feet,N,1,Clear,1,Daylight,1,Dry,,"Trafficway, On Road",11/19/21 13:35
2788,871994,1,41.405412,-72.898934,3374092,11/19/21,14:26:00,O,Property Damage Only,O,No Apparent Injury (O),2,State,10.56,10,CT-10,10-N,WOODRUFF ST,,,,,1,Clear,1,Daylight,1,Dry,,"Trafficway, On Road",11/19/21 14:26
4425,871814,1,41.36321,-72.93051,3373912,11/19/21,15:15:00,O,Property Damage Only,O,No Apparent Injury (O),2,State,49.72,15,15-S,15-S,,Exit 60,5,TenthsofMile,S,1,Clear,1,Daylight,1,Dry,,"Trafficway, On Road",11/19/21 15:15
4426,871815,1,41.37890676,-72.9038597,3373913,11/19/21,15:15:00,O,Property Damage Only,O,No Apparent Injury (O),2,State,51.59,15,15-S,15-S,,Exit 61,0.100000001,TenthsofMile,N,1,Clear,1,Daylight,1,Dry,,"Trafficway, On Road",11/19/21 15:15
2789,871995,1,41.44801,-72.91008,3374093,11/19/21,20:43:00,O,Property Damage Only,O,No Apparent Injury (O),1,State,13.58,10,CT-10,10-N,,BITTERSWEET LANE,1,TenthsofMile,S,1,Clear,4,Dark-Lighted,1,Dry,,"Trafficway, On Road",11/19/21 20:43
3549,871834,1,41.34879669,-72.96580923,3373932,11/20/21,2:49:00,A,"Injury of any type (Serious, Minor, Possible)",C,Possible Injury (C),1,State,47.58,15,15-N,15-N,,15-N-117,3690,Feet,N,1,Clear,5,Dark-Not Lighted,1,Dry,,"Trafficway, On Road",11/20/21 2:49
3001,875234,1,41.374487,-72.915926,3377331,11/20/21,17:05:00,O,Property Damage Only,O,No Apparent Injury (O),2,Local,0,144,CT-10,DIXWELL AV NO 2 RT 10 NB,SKIFF ST,,,,,1,Clear,4,Dark-Lighted,1,Dry,,"Trafficway, On Road",11/20/21 17:05
3552,872488,1,41.383644,-72.896037,3374586,11/20/21,17:24:00,A,"Injury of any type (Serious, Minor, Possible)",C,Possible Injury (C),2,State,52.08,15,15-N,15-N,,15-N-127,300,Feet,S,1,Clear,5,Dark-Not Lighted,1,Dry,,"Trafficway, On Road",11/20/21 17:24
5894,871996,1,41.364491,-72.929247,3374094,11/20/21,20:25:00,O,Property Damage Only,O,No Apparent Injury (O),2,Local,0.3,42,BENHAM ST,BENHAM ST,MIX AV,,,,,1,Clear,4,Dark-Lighted,1,Dry,,"Trafficway, On Road",11/20/21 20:25
8515,872213,1,41.382169,-72.920053,3374311,11/21/21,0:34:00,O,Property Damage Only,O,No Apparent Injury (O),2,Local,0.47,489,SHEPARD AV,SHEPARD AV,,Sanford St.,20,Feet,N,1,Clear,4,Dark-Lighted,1,Dry,,"Trafficway, On Road",11/21/21 0:34
2791,872296,1,41.339178,-72.93526,3374394,11/21/21,10:55:00,A,"Injury of any type (Serious, Minor, Possible)",B,Suspected Minor Injury (B),2,State,5.24,10,CT-10,10-N,,Arch St,150,Feet,N,1,Clear,1,Daylight,1,Dry,,"Trafficway, On Road",11/21/21 10:55
2790,871997,1,41.373832,-72.91639,3374095,11/21/21,11:44:00,O,Property Damage Only,O,No Apparent Injury (O),2,State,7.84,10,CT-10,10-N,,SKIFF ST.,250,Feet,S,1,Clear,1,Daylight,1,Dry,,"Trafficway, On Road",11/21/21 11:44
7508,875235,1,41.364583,-72.929212,3377332,11/21/21,13:00:00,A,"Injury of any type (Serious, Minor, Possible)",C,Possible Injury (C),2,Local,0.01,366,MIX AV,MIX AV,,Benham Street,25,Feet,N,1,Clear,1,Daylight,1,Dry,,"Trafficway, On Road",11/21/21 13:00
5399,875236,1,41.34552,-72.91238,3377333,11/22/21,11:56:00,O,Property Damage Only,O,No Apparent Injury (O),2,State,0.9,707,WHITNEY AV,707-N,,PUTNAM AVE,175,Feet,S,1,Clear,1,Daylight,1,Dry,,"Trafficway, On Road",11/22/21 11:56
2806,875797,1,41.356243,-72.927877,3377894,11/22/21,16:24:00,O,Property Damage Only,O,No Apparent Injury (O),2,State,6.49,10,CT-10,10-N,FOCH ST,,,,,1,Clear,3,Dusk,1,Dry,,"Trafficway, On Road",11/22/21 16:24
2800,875238,1,41.338637,-72.935229,3377335,11/22/21,20:29:00,O,Property Damage Only,O,No Apparent Injury (O),2,State,5.21,10,CT-10,10-N,,Arch St,130,Feet,N,1,Clear,4,Dark-Lighted,1,Dry,,"Trafficway, On Road",11/22/21 20:29
7164,877160,1,41.347142,-72.936653,3379257,11/22/21,20:49:00,A,"Injury of any type (Serious, Minor, Possible)",B,Suspected Minor Injury (B),3,Local,0.13,251,HELEN ST,HELEN ST,,Murray Street,100,Feet,W,1,Clear,4,Dark-Lighted,1,Dry,,"Trafficway, On Road",11/22/21 20:49
6106,877280,1,41.353293,-72.93194,3379377,11/22/21,20:51:00,O,Property Damage Only,O,No Apparent Injury (O),2,Local,0.08,97,CHURCH ST,CHURCH ST,,Dixwell,100,Feet,E,1,Clear,4,Dark-Lighted,1,Dry,,"Trafficway, On Road",11/22/21 20:51
5402,878468,1,41.383144,-72.901974,3380565,11/23/21,8:57:00,O,Property Damage Only,O,No Apparent Injury (O),2,State,3.6,707,WHITNEY AV,707-N,,10-N,110,Feet,S,1,Clear,1,Daylight,1,Dry,,"Trafficway, On Road",11/23/21 8:57
2811,877281,1,41.405123,-72.898802,3379378,11/23/21,9:26:00,A,"Injury of any type (Serious, Minor, Possible)",C,Possible Injury (C),2,State,10.54,10,CT-10,10-N,,Ives St.,1,TenthsofMile,N,1,Clear,1,Daylight,1,Dry,,"Trafficway, On Road",11/23/21 9:26