,CrashId,Fatal Case Status,lat,lon,DOT Case Number,Date Of Crash,Time of Crash,Crash Severity,Crash Severity Text Format,Most Severe Injury,Most Severe Injury Text Format,Number Of Motor Vehicles,Route Class Text Format,Milemarker,Road Number,Road Description,Roadway Name,Intersecting Roadway Name,Landmark Description,Distance From Nearest Landmark,Unit Of Measure From Nearest Landmark,Direction From Nearest Landmark,Weather Condition,Weather Condition Text Format,Light Condition,Light Condition Text Format,Road Surface Condition,Road Surface Condition Text Format,Average Daily Traffic,Trafficway Class Text Format,full_date
5403,878490,1,41.355729,-72.912094,3380587,11/23/21,13:54:00,O,Property Damage Only,O,No Apparent Injury (O),1,State,1.63,707,WHITNEY AV,707-N,,Waite St.,100,Feet,S,1,Clear,1,Daylight,1,Dry,,"Trafficway, On Road",11/23/21 13:54
2812,877282,1,41.354015,-72.929695,3379379,11/23/21,14:04:00,A,"Injury of any type (Serious, Minor, Possible)",B,Suspected Minor Injury (B),2,State,6.31,10,CT-10,10-N,TREADWELL ST,,,,,1,Clear,1,Daylight,1,Dry,,"Trafficway, On Road",11/23/21 14:04
6492,875239,1,41.337364,-72.93518,3377336,11/23/21,15:05:00,A,"Injury of any type (Serious, Minor, Possible)",B,Suspected Minor Injury (B),2,Local,0.14,142,DIXWELL AV,DIXWELL AV NO 1,,DUDLEY ST,75,Feet,N,1,Clear,1,Daylight,1,Dry,,"Trafficway, On Road",11/23/21 15:05
8736,875240,1,41.374178,-72.91493,3377337,11/23/21,15:18:00,A,"Injury of any type (Serious, Minor, Possible)",C,Possible Injury (C),2,Local,0.49,494,SKIFF ST,SKIFF ST,,Dixwell Avenue,320,Feet,E,1,Clear,1,Daylight,1,Dry,,"Trafficway, On Road",11/23/21 15:18
8516,875241,1,41.377294,-72.916022,3377338,11/23/21,16:00:00,A,"Injury of any type (Serious, Minor, Possible)",C,Possible Injury (C),2,Local,0.06,489,SHEPARD AV,SHEPARD AV,,DIXWELL AVE,260,Feet,N,1,Clear,1,Daylight,1,Dry,,"Trafficway, On Road",11/23/21 16:00
7509,877283,1,41.368897,-72.925471,3379380,11/23/21,16:16:00,O,Property Damage Only,O,No Apparent Injury (O),2,Local,0.37,366,MIX AV,MIX AV,,BENHAM ST,1930,Feet,N,1,Clear,4,Dark-Lighted,1,Dry,,"Trafficway, On Road",11/23/21 16:16
6596,875242,1,41.343304,-72.911913,3377339,11/23/21,17:40:00,O,Property Damage Only,O,No Apparent Injury (O),2,Local,0.07,167,ELI RD,ELI RD,,707-N,125,Feet,E,1,Clear,3,Dusk,1,Dry,,"Trafficway, On Road",11/23/21 17:40
2801,875243,1,41.353834,-72.929842,3377340,11/23/21,19:13:00,O,Property Damage Only,O,No Apparent Injury (O),2,State,6.3,10,CT-10,10-N,,TREADWELL ST,75,Feet,S,1,Clear,1,Daylight,1,Dry,,"Trafficway, On Road",11/23/21 19:13
4428,873755,1,41.39965,-72.867757,3375852,11/23/21,19:42:00,O,Property Damage Only,O,No Apparent Injury (O),2,State,52.99,15,15-S,15-S,,Exit 63,5,TenthsofMile,N,1,Clear,5,Dark-Not Lighted,1,Dry,,"Trafficway, On Road",11/23/21 19:42
9054,879651,1,41.328324,-72.896488,3381749,11/24/21,7:33:00,A,"Injury of any type (Serious, Minor, Possible)",B,Suspected Minor Injury (B),2,Local,0.5,562,WELTON ST,WELTON ST,,Albert rd,220,Feet,N,1,Clear,1,Daylight,1,Dry,,"Trafficway, On Road",11/24/21 7:33
2813,877284,1,41.33832,-72.94075,3379381,11/24/21,9:46:00,O,Property Damage Only,O,No Apparent Injury (O),2,State,4.9,10,CT-10,10-N,,Warner St,200,Feet,W,1,Clear,1,Daylight,1,Dry,,"Trafficway, On Road",11/24/21 9:46
4431,874175,1,41.369385,-72.915074,3376272,11/24/21,14:40:00,O,Property Damage Only,O,No Apparent Injury (O),3,State,50.68,15,15-S,15-S,,15-S-119,5,TenthsofMile,N,1,Clear,1,Daylight,1,Dry,,"Trafficway, On Road",11/24/21 14:40
4429,873766,1,41.381493,-72.899782,3375863,11/24/21,15:22:00,O,Property Damage Only,O,No Apparent Injury (O),2,State,51.88,15,15-S,15-S,,Exit 62,200,Feet,N,1,Clear,1,Daylight,1,Dry,,"Trafficway, On Road",11/24/21 15:22
9045,877285,1,41.332182,-72.898915,3379382,11/24/21,15:42:00,O,Property Damage Only,O,No Apparent Injury (O),2,Local,0.08,560,WEBB ST,WEBB ST,,cook st,320,Feet,S,1,Clear,1,Daylight,1,Dry,,"Trafficway, On Road",11/24/21 15:42
2814,877286,1,41.344251,-72.934374,3379383,11/24/21,15:47:00,O,Property Damage Only,O,No Apparent Injury (O),2,State,5.59,10,CT-10,10-N,,Woodin St,65,Feet,S,1,Clear,4,Dark-Lighted,1,Dry,,"Trafficway, On Road",11/24/21 15:47
6224,875244,1,41.352272,-72.935943,3377341,11/24/21,16:53:00,O,Property Damage Only,O,No Apparent Injury (O),2,Local,0.96,99,CIRCULAR AV,CIRCULAR AV,PEARL AV,,,,,1,Clear,4,Dark-Lighted,1,Dry,,"Trafficway, On Road",11/24/21 16:53
7165,877287,1,41.346751,-72.935107,3379384,11/24/21,17:11:00,O,Property Damage Only,O,No Apparent Injury (O),2,Local,0.05,251,HELEN ST,HELEN ST,NOTKINS ST,,,,,1,Clear,4,Dark-Lighted,1,Dry,,"Trafficway, On Road",11/24/21 17:11
4430,873774,1,41.346524,-72.968641,3375871,11/24/21,21:00:00,A,"Injury of any type (Serious, Minor, Possible)",C,Possible Injury (C),1,State,47.4,15,15-S,15-S,,exit 59,7,TenthsofMile,N,1,Clear,5,Dark-Not Lighted,1,Dry,,"Trafficway, On Road",11/24/21 21:00
7512,881886,1,41.373866,-72.921974,3383984,11/25/21,3:51:00,O,Property Damage Only,O,No Apparent Injury (O),1,Local,0.76,366,MIX AV,MIX AV,,Skiff St ,2,TenthsofMile,S,1,Clear,5,Dark-Not Lighted,1,Dry,,"Trafficway, On Road",11/25/21 3:51
4432,875505,1,41.347319,-72.96776037,3377602,11/25/21,10:53:00,O,Property Damage Only,O,No Apparent Injury (O),2,State,47.44,15,15-S,15-S,,Exit 59,0.300000012,TenthsofMile,N,1,Clear,1,Daylight,1,Dry,,"Trafficway, On Road",11/25/21 10:53
2802,875245,1,41.367106,-72.920713,3377342,11/25/21,12:12:00,O,Property Damage Only,O,No Apparent Injury (O),2,State,7.32,10,CT-10,10-N,,CONNOLLY PKWY,50,Feet,S,1,Clear,1,Daylight,1,Dry,,"Trafficway, On Road",11/25/21 12:12
3572,882546,1,41.38011769,-72.90080128,3384644,11/25/21,18:26:00,O,Property Damage Only,O,No Apparent Injury (O),2,State,0.05,15,15-N,15-N-124,,Exit 62,5,TenthsofMile,S,1,Clear,5,Dark-Not Lighted,1,Dry,,"Trafficway, On Road",11/25/21 18:26
2826,879652,1,41.401767,-72.89768,3381750,11/26/21,11:32:00,O,Property Damage Only,O,No Apparent Injury (O),1,State,10.3,10,CT-10,10-N,,IVES ST,150,Feet,S,4,Rain,1,Daylight,2,Wet,,"Trafficway, On Road",11/26/21 11:32
2803,875246,1,41.388314,-72.90004,3377343,11/26/21,14:37:00,O,Property Damage Only,O,No Apparent Injury (O),2,State,9.34,10,CT-10,10-N,LINCOLN ST,,,,,1,Clear,1,Daylight,1,Dry,,"Trafficway, On Road",11/26/21 14:37
6493,875248,1,41.33836,-72.935175,3377345,11/27/21,11:00:00,A,"Injury of any type (Serious, Minor, Possible)",C,Possible Injury (C),3,Local,0.2,142,DIXWELL AV,DIXWELL AV NO 1,MORSE ST,,,,,1,Clear,1,Daylight,1,Dry,,"Trafficway, On Road",11/27/21 11:00
7663,875249,1,41.346658,-72.93641,3377346,11/27/21,14:54:00,O,Property Damage Only,,,2,Local,0.08,380,MURRAY ST,MURRAY ST,,Helen Street,100,Feet,S,2,Cloudy,1,Daylight,1,Dry,,"Trafficway, On Road",11/27/21 14:54
5400,875250,1,41.362307,-72.909091,3377347,11/27/21,14:56:00,A,"Injury of any type (Serious, Minor, Possible)",B,Suspected Minor Injury (B),2,State,2.12,707,WHITNEY AV,707-N,SWARTHMORE ST,,,,W,1,Clear,1,Daylight,1,Dry,,"Trafficway, On Road",11/27/21 14:56
2824,878513,1,41.349044,-72.932413,3380610,11/27/21,19:44:00,O,Property Damage Only,O,No Apparent Injury (O),2,State,5.93,10,CT-10,10-N,NEWTON ST,,,,,1,Clear,4,Dark-Lighted,1,Dry,,"Trafficway, On Road",11/27/21 19:44
2825,878514,1,41.344167,-72.93437,3380611,11/27/21,20:28:00,A,"Injury of any type (Serious, Minor, Possible)",C,Possible Injury (C),2,State,5.59,10,CT-10,10-N,,woodin street,75,Feet,S,1,Clear,4,Dark-Lighted,1,Dry,,"Trafficway, On Road",11/27/21 20:28
2860,891497,1,41.33833,-72.940945,3393594,11/28/21,1:20:00,O,Property Damage Only,O,No Apparent Injury (O),2,State,4.89,10,CT-10,10-N,,Fitch Street,20,Feet,E,1,Clear,4,Dark-Lighted,1,Dry,,"Trafficway, On Road",11/28/21 1:20
2827,879653,1,41.364352,-72.922775,3381751,11/28/21,11:01:00,A,"Injury of any type (Serious, Minor, Possible)",B,Suspected Minor Injury (B),2,State,7.11,10,CT-10,10-N,,Weybosset ,75,Feet,S,7,Snow,1,Daylight,2,Wet,,"Trafficway, On Road",11/28/21 11:01
6957,878515,1,41.33525,-72.92868,3380612,11/29/21,13:11:00,O,Property Damage Only,O,No Apparent Injury (O),3,Local,0.46,222,GOODRICH ST,GOODRICH ST,,BUTLER ST,80,Feet,E,1,Clear,1,Daylight,1,Dry,,"Trafficway, On Road",11/29/21 13:11
2805,875251,1,41.40567,-72.89904,3377348,11/29/21,13:20:00,O,Property Damage Only,O,No Apparent Injury (O),2,State,10.58,10,CT-10,10-N,,WOOODRUFF STREET,100,Feet,N,1,Clear,1,Daylight,1,Dry,,"Trafficway, On Road",11/29/21 13:20
4512,874072,1,41.37819,-72.90529,3376169,11/29/21,14:52:00,O,Property Damage Only,O,No Apparent Injury (O),2,State,0.18,15,15-S,15-S-122,,Exit 61,1,TenthsofMile,S,1,Clear,1,Daylight,1,Dry,,"Trafficway, On Road",11/29/21 14:52
4513,881228,1,41.37833,-72.90529,3383326,11/29/21,16:57:00,O,Property Damage Only,O,No Apparent Injury (O),2,State,0.17,15,15-S,15-S-122,,RT 15,10,Feet,N,1,Clear,5,Dark-Not Lighted,1,Dry,,"Trafficway, On Road",11/29/21 16:57
3555,879470,1,41.37764714,-72.90568566,3381568,11/29/21,17:38:00,O,Property Damage Only,O,No Apparent Injury (O),1,State,51.44,15,15-N,15-N,,Exit 61,0.200000003,TenthsofMile,S,1,Clear,5,Dark-Not Lighted,1,Dry,,"Trafficway, On Road",11/29/21 17:38
3554,877371,1,41.375273,-72.908627,3379468,11/29/21,17:53:00,O,Property Damage Only,O,No Apparent Injury (O),2,State,51.21,15,15-N,15-N,,15-N-124,5,TenthsofMile,S,1,Clear,5,Dark-Not Lighted,1,Dry,,"Trafficway, On Road",11/29/21 17:53
2815,877289,1,41.36596,-72.9217,3379386,11/29/21,22:30:00,O,Property Damage Only,O,No Apparent Injury (O),2,State,7.22,10,CT-10,10-N,RT 15 on ramp,,,,,1,Clear,4,Dark-Lighted,1,Dry,,"Trafficway, On Road",11/29/21 22:30
2816,877290,1,41.34588,-72.93412,3379387,11/29/21,22:43:00,O,Property Damage Only,O,No Apparent Injury (O),2,State,5.71,10,CT-10,10-N,,Putnam ave,50,Feet,S,1,Clear,4,Dark-Lighted,1,Dry,,"Trafficway, On Road",11/29/21 22:43
4850,878516,1,41.332811,-72.900564,3380613,11/30/21,6:43:00,A,"Injury of any type (Serious, Minor, Possible)",C,Possible Injury (C),3,USRoute,1.37,5,US-5,5-N,COOK ST,,,,,1,Clear,1,Daylight,1,Dry,,"Trafficway, On Road",11/30/21 6:43
5896,875252,1,41.364751,-72.930668,3377349,11/30/21,7:31:00,O,Property Damage Only,O,No Apparent Injury (O),2,Local,0.37,42,BENHAM ST,BENHAM ST,VANTAGE RD,,,,,2,Cloudy,1,Daylight,1,Dry,,"Trafficway, On Road",11/30/21 7:31
3583,880350,1,41.3805775,-72.90076912,3382448,11/30/21,8:45:00,O,Property Damage Only,O,No Apparent Injury (O),2,State,0.22,15,15-N,15-N-125,,15-N,50,Feet,S,1,Clear,1,Daylight,1,Dry,,"Trafficway, On Road",11/30/21 8:45
2828,879654,1,41.442669,-72.910818,3381752,11/30/21,12:32:00,O,Property Damage Only,O,No Apparent Injury (O),2,State,13.21,10,CT-10,10-N,BROOKSVALE AV,,,,,1,Clear,1,Daylight,1,Dry,,"Trafficway, On Road",11/30/21 12:32
2829,879684,1,41.349489,-72.932255,3381782,11/30/21,14:40:00,O,Property Damage Only,O,No Apparent Injury (O),2,State,5.96,10,CT-10,10-N,,Collins St.,50,Feet,S,1,Clear,1,Daylight,1,Dry,,"Trafficway, On Road",11/30/21 14:40
2817,877291,1,41.365961,-72.921656,3379388,11/30/21,16:44:00,A,"Injury of any type (Serious, Minor, Possible)",C,Possible Injury (C),2,State,7.22,10,CT-10,10-N,,RT 15,15,Feet,S,1,Clear,4,Dark-Lighted,1,Dry,,"Trafficway, On Road",11/30/21 16:44
9103,877292,1,41.431036,-72.92111,3379389,11/30/21,17:01:00,O,Property Damage Only,O,No Apparent Injury (O),1,Local,1.12,573,WEST TODD ST,WEST TODD ST,,Chatterton Way,30,Feet,E,1,Clear,4,Dark-Lighted,1,Dry,,"Trafficway, On Road",11/30/21 17:01
6494,877293,1,41.337535,-72.935177,3379390,11/30/21,17:48:00,O,Property Damage Only,O,No Apparent Injury (O),2,Local,0.15,142,DIXWELL AV,DIXWELL AV NO 1,,arch st,200,Feet,S,1,Clear,4,Dark-Lighted,1,Dry,,"Trafficway, On Road",11/30/21 17:48
7541,878525,1,41.358534,-72.943109,3380623,12/1/21,7:50:00,O,Property Damage Only,O,No Apparent Injury (O),2,Local,0.2,368,MORGAN LA,MORGAN LA,,White Dr.,100,Feet,W,1,Clear,1,Daylight,1,Dry,,"Trafficway, On Road",12/1/21 7:50
8517,878517,1,41.40094,-72.92403,3380614,12/1/21,8:26:00,O,Property Damage Only,O,No Apparent Injury (O),2,Local,1.79,489,SHEPARD AV,SHEPARD AV,,West Shepard Ave,150,Feet,S,1,Clear,1,Daylight,1,Dry,,"Trafficway, On Road",12/1/21 8:26
2818,877294,1,41.37114,-72.91805,3379391,12/1/21,12:08:00,O,Property Damage Only,O,No Apparent Injury (O),2,State,7.63,10,CT-10,10-N,,Connolly Pkwy,0.300000012,TenthsofMile,N,1,Clear,1,Daylight,1,Dry,,"Trafficway, On Road",12/1/21 12:08
2835,880105,1,41.346477,-72.933845,3382203,12/1/21,14:14:00,O,Property Damage Only,O,No Apparent Injury (O),2,State,5.74,10,CT-10,10-N,CIRCULAR AV,,25,Feet,S,1,Clear,1,Daylight,1,Dry,,"Trafficway, On Road",12/1/21 14:14
8315,877295,1,41.385241,-72.906854,3379392,12/1/21,16:51:00,A,"Injury of any type (Serious, Minor, Possible)",C,Possible Injury (C),3,Local,0,480,SCHOOL ST,SCHOOL ST,HAMDEN HILLS DR,,,,,1,Clear,4,Dark-Lighted,1,Dry,,"Trafficway, On Road",12/1/21 16:51
2819,877296,1,41.352279,-72.930762,3379393,12/1/21,16:56:00,A,"Injury of any type (Serious, Minor, Possible)",B,Suspected Minor Injury (B),2,State,6.18,10,CT-10,10-N,,Concord St,90,Feet,N,1,Clear,4,Dark-Lighted,1,Dry,,"Trafficway, On Road",12/1/21 16:56
2820,877297,1,41.373805,-72.916238,3379394,12/1/21,17:24:00,O,Property Damage Only,O,No Apparent Injury (O),2,State,7.84,10,CT-10,10-N,,Dixwell Ave.,250,Feet,S,1,Clear,4,Dark-Lighted,1,Dry,,"Trafficway, On Road",12/1/21 17:24
3002,877298,1,41.376795,-72.915141,3379395,12/1/21,19:41:00,O,Property Damage Only,O,No Apparent Injury (O),2,Local,0.16,144,CT-10,DIXWELL AV NO 2 RT 10 NB,,Dixwell Ave.,30,Feet,S,1,Clear,4,Dark-Lighted,1,Dry,,"Trafficway, On Road",12/1/21 19:41
8107,879685,1,41.344621,-72.92083,3381783,12/2/21,5:55:00,A,"Injury of any type (Serious, Minor, Possible)",C,Possible Injury (C),2,Local,0.45,439,PUTNAM AV,PUTNAM AV,PARAMOUNT AV,,0,Feet,,1,Clear,5,Dark-Not Lighted,1,Dry,,"Trafficway, On Road",12/2/21 5:55
4433,877024,1,41.35929,-72.9391,3379121,12/2/21,8:02:00,O,Property Damage Only,O,No Apparent Injury (O),2,State,49.19,15,15-S,15-S,,Exit 60,10,TenthsofMile,S,1,Clear,1,Daylight,2,Wet,,"Trafficway, On Road",12/2/21 8:02
2821,877299,1,41.417206,-72.9033,3379396,12/2/21,10:36:00,O,Property Damage Only,O,No Apparent Injury (O),2,State,11.41,10,CT-10,10-N,,Mt Carmel Avenue,1,TenthsofMile,S,1,Clear,1,Daylight,1,Dry,,"Trafficway, On Road",12/2/21 10:36
9332,877300,1,41.347741,-72.948928,3379397,12/2/21,11:28:00,O,Property Damage Only,O,No Apparent Injury (O),3,Local,0.89,598,WOODIN ST,WOODIN ST,WILMOT RD,,,,,1,Clear,1,Daylight,1,Dry,,"Trafficway, On Road",12/2/21 11:28
3558,881572,1,41.380607,-72.900776,3383670,12/2/21,12:47:00,O,Property Damage Only,O,No Apparent Injury (O),2,State,51.76,15,15-N,15-N,,Exit 61,5,Feet,N,1,Clear,1,Daylight,1,Dry,,"Trafficway, On Road",12/2/21 12:47
4514,881573,1,41.37819,-72.9053,3383671,12/2/21,14:22:00,O,Property Damage Only,O,No Apparent Injury (O),2,State,0.18,15,15-S,15-S-122,,Exit 61,5,Feet,S,1,Clear,1,Daylight,1,Dry,,"Trafficway, On Road",12/2/21 14:22
4440,881235,1,41.3658,-72.92412,3383333,12/2/21,16:18:00,O,Property Damage Only,O,No Apparent Injury (O),2,State,50.11,15,15-S,15-S,,Exit 60,1,TenthsofMile,S,1,Clear,5,Dark-Not Lighted,1,Dry,,"Trafficway, On Road",12/2/21 16:18
4444,882552,1,41.365862,-72.920951,3384650,12/2/21,16:25:00,O,Property Damage Only,O,No Apparent Injury (O),2,State,50.28,15,15-S,15-S,,Exit 60,100,Feet,N,1,Clear,4,Dark-Lighted,1,Dry,,"Trafficway, On Road",12/2/21 16:25
8901,877302,1,41.4244,-72.9115,3379399,12/3/21,10:23:00,O,Property Damage Only,O,No Apparent Injury (O),1,,,,TODD ST,152 TODD ST,,Whitney Avenue,1,TenthsofMile,W,1,Clear,1,Daylight,1,Dry,,"Trafficway, Not on Road",12/3/21 10:23
9229,880106,1,41.355464,-72.946308,3382204,12/3/21,13:10:00,A,"Injury of any type (Serious, Minor, Possible)",C,Possible Injury (C),2,Local,0.09,594,WINTERGREEN AV,WINTERGREEN AV,PLEASANT DR,,,,,1,Clear,1,Daylight,1,Dry,,"Trafficway, On Road",12/3/21 13:10
2830,879686,1,41.404725,-72.898713,3381784,12/3/21,13:26:00,O,Property Damage Only,O,No Apparent Injury (O),2,State,10.51,10,CT-10,10-N,,DICKERMAN ST.,2,TenthsofMile,N,1,Clear,1,Daylight,1,Dry,,"Trafficway, Not on Road",12/3/21 13:26
8984,877303,1,41.355957,-72.91153,3379400,12/3/21,14:32:00,A,"Injury of any type (Serious, Minor, Possible)",C,Possible Injury (C),2,Local,0.65,548,WAITE ST,WAITE ST,,WHITNEY AVE,45,Feet,E,1,Clear,1,Daylight,1,Dry,,"Trafficway, On Road",12/3/21 14:32
2822,877304,1,41.386105,-72.90093,3379401,12/3/21,15:06:00,O,Property Damage Only,O,No Apparent Injury (O),2,State,9.18,10,CT-10,10-N,,School St,100,Feet,N,1,Clear,1,Daylight,1,Dry,,"Trafficway, On Road",12/3/21 15:06
5538,884410,1,41.38316,-72.89889,3386508,12/3/21,15:25:00,O,Property Damage Only,O,No Apparent Injury (O),2,State,0.15,717,DIXWELL AV,717-E,,Washinton St,40,Feet,E,1,Clear,1,Daylight,1,Dry,,"Trafficway, On Road",12/3/21 15:25
3003,877305,1,41.376827,-72.915373,3379402,12/3/21,16:47:00,A,"Injury of any type (Serious, Minor, Possible)",C,Possible Injury (C),2,Local,0.17,144,CT-10,DIXWELL AV NO 2 RT 10 NB,753-S,,,,,1,Clear,1,Daylight,1,Dry,,"Trafficway, On Road",12/3/21 16:47
7510,877306,1,41.369424,-72.92512,3379403,12/3/21,17:30:00,A,"Injury of any type (Serious, Minor, Possible)",A,Suspected Serious Injury (A),1,Local,0.41,366,MIX AV,MIX AV,,SKIFF ST,2860,Feet,S,1,Clear,4,Dark-Lighted,1,Dry,,"Trafficway, On Road",12/3/21 17:30
2833,880000,1,41.342424,-72.934807,3382098,12/3/21,17:59:00,O,Property Damage Only,O,No Apparent Injury (O),3,State,5.47,10,CT-10,10-N,,Hamden Park Dr,40,Feet,S,1,Clear,4,Dark-Lighted,1,Dry,,"Trafficway, On Road",12/3/21 17:59
2823,877307,1,41.414727,-72.90239,3379404,12/3/21,22:33:00,O,Property Damage Only,O,No Apparent Injury (O),2,State,11.23,10,CT-10,10-N,,SHERMAN AVE.,50,Feet,N,1,Clear,4,Dark-Lighted,1,Dry,,"Trafficway, On Road",12/3/21 22:33
5404,879687,1,41.347924,-72.913148,3381785,12/3/21,22:42:00,O,Property Damage Only,O,No Apparent Injury (O),1,State,1.08,707,WHITNEY AV,707-N,,Putnam Ave,1,TenthsofMile,N,1,Clear,4,Dark-Lighted,1,Dry,,"Trafficway, On Road",12/3/21 22:42
4434,878090,1,41.378238,-72.905291,3380187,12/4/21,8:56:00,O,Property Damage Only,O,No Apparent Injury (O),2,State,51.47,15,15-S,15-S,,Route 15,20,Feet,S,1,Clear,1,Daylight,1,Dry,,"Trafficway, On Road",12/4/21 8:56
2836,881449,1,41.339205,-72.93521,3383547,12/4/21,9:24:00,O,Property Damage Only,O,No Apparent Injury (O),2,State,5.24,10,CT-10,10-N,,Pine St.,200,Feet,S,1,Clear,1,Daylight,1,Dry,,"Trafficway, On Road",12/4/21 9:24
4435,878094,1,41.378094,-72.905317,3380191,12/5/21,14:27:00,O,Property Damage Only,O,No Apparent Injury (O),2,State,51.46,15,15-S,15-S,,15-S-122,20,Feet,S,1,Clear,1,Daylight,1,Dry,,"Trafficway, On Road",12/5/21 14:27
8831,879688,1,41.34543,-72.895586,3381786,12/5/21,20:26:00,O,Property Damage Only,O,No Apparent Injury (O),2,,,,STATE ST,2364 STATE ST,,STATE ST,275,Feet,W,1,Clear,5,Dark-Not Lighted,1,Dry,,"Trafficway, On Road",12/5/21 20:26
6964,953844,1,41.335659,-72.933739,3450984,12/5/21,23:44:00,O,Property Damage Only,O,No Apparent Injury (O),1,Local,0.73,222,GOODRICH ST,GOODRICH ST,,Gem Street,50,Feet,E,1,Clear,4,Dark-Lighted,1,Dry,,"Trafficway, On Road",12/5/21 23:44
4445,882733,1,41.379098,-72.903589,3384831,12/6/21,8:34:00,O,Property Damage Only,O,No Apparent Injury (O),1,State,51.61,15,15-S,15-S,,Exit 60,100,Feet,S,4,Rain,1,Daylight,2,Wet,,"Trafficway, On Road",12/6/21 8:34
2831,879689,1,41.386109,-72.900887,3381787,12/6/21,13:18:00,O,Property Damage Only,O,No Apparent Injury (O),2,State,9.18,10,CT-10,10-N,COLONIAL DR,,,,,1,Clear,1,Daylight,1,Dry,,"Trafficway, On Road",12/6/21 13:18
8316,879690,1,41.385241,-72.906854,3381788,12/6/21,17:07:00,A,"Injury of any type (Serious, Minor, Possible)",C,Possible Injury (C),2,Local,0,480,SCHOOL ST,SCHOOL ST,HAMDEN HILLS DR,,,,,1,Clear,4,Dark-Lighted,1,Dry,,"Trafficway, On Road",12/6/21 17:07
2878,896311,1,41.352922,-72.930443,3398407,12/6/21,19:03:00,O,Property Damage Only,O,No Apparent Injury (O),2,State,6.23,10,CT-10,10-N,,Church St,26,Feet,N,1,Clear,4,Dark-Lighted,1,Dry,,"Trafficway, On Road",12/6/21 19:03
8803,879691,1,41.37842,-72.923218,3381789,12/7/21,8:07:00,O,Property Damage Only,O,No Apparent Injury (O),2,Local,0.47,495,SKIFF ST EXT,SKIFF ST EXT,,Howard Drive,200,Feet,E,1,Clear,1,Daylight,1,Dry,,"Trafficway, On Road",12/7/21 8:07
5405,880003,1,41.371094,-72.90632,3382101,12/7/21,13:00:00,O,Property Damage Only,O,No Apparent Injury (O),2,State,2.74,707,WHITNEY AV,707-N,SKIFF ST,,,,,1,Clear,1,Daylight,1,Dry,,"Trafficway, On Road",12/7/21 13:00
2861,891498,1,41.364544,-72.922692,3393595,12/7/21,21:37:00,O,Property Damage Only,O,No Apparent Injury (O),2,State,7.13,10,CT-10,10-N,,ROUTE 15 ,200,Feet,S,1,Clear,4,Dark-Lighted,1,Dry,,"Trafficway, On Road",12/7/21 21:37
2832,879692,1,41.442374,-72.91079,3381790,12/8/21,17:30:00,O,Property Damage Only,O,No Apparent Injury (O),1,State,13.19,10,CT-10,10-N,,Brooksvale Avenue,100,Feet,S,7,Snow,4,Dark-Lighted,2,Wet,,"Trafficway, On Road",12/8/21 17:30
7209,880001,1,41.419365,-72.88808,3382099,12/8/21,23:36:00,A,"Injury of any type (Serious, Minor, Possible)",B,Suspected Minor Injury (B),1,Local,0.29,268,HOGAN RD,HOGAN RD,,Mt CARMEL AVE,1500,Feet,S,1,Clear,4,Dark-Lighted,3,Snow,,"Trafficway, On Road",12/8/21 23:36
2834,880002,1,41.383446,-72.901857,3382100,12/9/21,0:08:00,O,Property Damage Only,O,No Apparent Injury (O),2,State,8.98,10,CT-10,10-N,717-E,,,,,1,Clear,4,Dark-Lighted,2,Wet,,"Trafficway, On Road",12/9/21 0:08
4436,879150,1,41.36636,-72.91876,3381248,12/9/21,2:00:00,O,Property Damage Only,O,No Apparent Injury (O),1,State,50.4,15,15-S,15-S,,Exit 60 off ramp ,2,TenthsofMile,N,7,Snow,5,Dark-Not Lighted,5,Ice / Frost,,"Trafficway, On Road",12/9/21 2:00
4437,880614,1,41.36708,-72.91754,3382712,12/9/21,2:31:00,O,Property Damage Only,O,No Apparent Injury (O),2,State,50.48,15,15-S,15-S,,EXIT #60,3,TenthsofMile,N,7,Snow,5,Dark-Not Lighted,5,Ice / Frost,,"Trafficway, On Road",12/9/21 2:31
4438,880616,1,41.3659,-72.92053,3382714,12/9/21,5:07:00,O,Property Damage Only,O,No Apparent Injury (O),1,State,50.31,15,15-S,15-S,,Exit 60,1,TenthsofMile,N,2,Cloudy,5,Dark-Not Lighted,5,Ice / Frost,,"Trafficway, On Road",12/9/21 5:07
6769,879713,1,41.39274,-72.89752,3381811,12/9/21,8:05:00,O,Property Damage Only,O,No Apparent Injury (O),2,Local,0.01,196,FOREST ST,FOREST ST,,,,,,1,Clear,1,Daylight,1,Dry,,"Trafficway, On Road",12/9/21 8:05
6226,893692,1,41.352287,-72.935826,3395788,12/9/21,19:43:00,O,Property Damage Only,O,No Apparent Injury (O),2,Local,0.96,99,CIRCULAR AV,CIRCULAR AV,BEACON ST,,,,,1,Clear,4,Dark-Lighted,1,Dry,,"Trafficway, On Road",12/9/21 19:43
4527,879258,1,41.37939,-72.90369,3381356,12/9/21,20:15:00,O,Property Damage Only,O,No Apparent Injury (O),2,State,0.16,15,15-S,15-S-123,,Exit 61 On Ramp,50,Feet,N,1,Clear,5,Dark-Not Lighted,1,Dry,,"Trafficway, On Road",12/9/21 20:15
7599,881450,1,41.336647,-72.923598,3383548,12/10/21,9:19:00,A,"Injury of any type (Serious, Minor, Possible)",B,Suspected Minor Injury (B),1,Local,0.61,370,MORSE ST,MORSE ST,,North Sheffield St,80,Feet,E,1,Clear,1,Daylight,1,Dry,,"Trafficway, On Road",12/10/21 9:19
8985,879714,1,41.355932,-72.911492,3381812,12/10/21,14:57:00,O,Property Damage Only,O,No Apparent Injury (O),2,Local,0.64,548,WAITE ST,WAITE ST,,Whitney Avenue,50,Feet,E,1,Clear,1,Daylight,1,Dry,,"Trafficway, On Road",12/10/21 14:57