,CrashId,Fatal Case Status,lat,lon,DOT Case Number,Date Of Crash,Time of Crash,Crash Severity,Crash Severity Text Format,Most Severe Injury,Most Severe Injury Text Format,Number Of Motor Vehicles,Route Class Text Format,Milemarker,Road Number,Road Description,Roadway Name,Intersecting Roadway Name,Landmark Description,Distance From Nearest Landmark,Unit Of Measure From Nearest Landmark,Direction From Nearest Landmark,Weather Condition,Weather Condition Text Format,Light Condition,Light Condition Text Format,Road Surface Condition,Road Surface Condition Text Format,Average Daily Traffic,Trafficway Class Text Format,full_date
6983,879715,1,41.360392,-72.911501,3381813,12/10/21,15:29:00,O,Property Damage Only,O,No Apparent Injury (O),2,Local,0.3,225,GORDON ST,GORDON ST,HAWTHORNE AV,,,,W,1,Clear,1,Daylight,1,Dry,,"Trafficway, On Road",12/10/21 15:29
2837,881451,1,41.428375,-72.906312,3383549,12/10/21,17:04:00,A,"Injury of any type (Serious, Minor, Possible)",C,Possible Injury (C),3,State,12.19,10,CT-10,10-N,,TUTTLE AVE,46,Feet,S,1,Clear,5,Dark-Not Lighted,1,Dry,,"Trafficway, On Road",12/10/21 17:04
2838,881452,1,41.33833,-72.937723,3383550,12/10/21,17:14:00,O,Property Damage Only,O,No Apparent Injury (O),2,State,5.06,10,CT-10,10-N,,Dix Street,100,Feet,E,1,Clear,4,Dark-Lighted,1,Dry,,"Trafficway, On Road",12/10/21 17:14
3556,879498,1,41.364509,-72.928165,3381596,12/10/21,18:46:00,A,"Injury of any type (Serious, Minor, Possible)",B,Suspected Minor Injury (B),2,State,49.86,15,15-N,15-N,,Exit 60,200,Feet,S,1,Clear,4,Dark-Lighted,1,Dry,,"Trafficway, On Road",12/10/21 18:46
2850,884523,1,41.405399,-72.898903,3386621,12/11/21,10:44:00,O,Property Damage Only,O,No Apparent Injury (O),2,State,10.56,10,CT-10,10-N,WOODRUFF ST,,,,,4,Rain,1,Daylight,2,Wet,,"Trafficway, On Road",12/11/21 10:44
2839,881453,1,41.415742,-72.902805,3383551,12/11/21,18:32:00,O,Property Damage Only,O,No Apparent Injury (O),2,State,11.3,10,CT-10,10-N,,SHERMAN AVE,525,Feet,N,1,Clear,5,Dark-Not Lighted,2,Wet,,"Trafficway, On Road",12/11/21 18:32
7511,879716,1,41.373866,-72.921974,3381814,12/11/21,20:12:00,O,Property Damage Only,O,No Apparent Injury (O),2,Local,0.76,366,MIX AV,MIX AV,,east gate ln,10,Feet,E,1,Clear,4,Dark-Lighted,1,Dry,,"Trafficway, On Road",12/11/21 20:12
8144,879717,1,41.407038,-72.916892,3381815,12/11/21,20:42:00,O,Property Damage Only,O,No Apparent Injury (O),1,Local,0,705,RAINBOW CT,RAINBOW CT,,ROCKY TOP RD,10,Feet,N,4,Rain,5,Dark-Not Lighted,2,Wet,,Non-trafficway,12/11/21 20:42
3557,880355,1,41.382098,-72.898622,3382453,12/12/21,13:00:00,O,Property Damage Only,O,No Apparent Injury (O),1,State,51.91,15,15-N,15-N,,15-N-125,2,TenthsofMile,N,1,Clear,1,Daylight,1,Dry,,"Trafficway, On Road",12/12/21 13:00
3005,879718,1,41.377019,-72.915095,3381816,12/12/21,13:58:00,O,Property Damage Only,O,No Apparent Injury (O),2,Local,0.17,144,CT-10,DIXWELL AV NO 2 RT 10 NB,753-S,,,,,1,Clear,1,Daylight,1,Dry,,"Trafficway, On Road",12/12/21 13:58
2876,895023,1,41.365974,-72.921666,3397119,12/12/21,14:35:00,A,"Injury of any type (Serious, Minor, Possible)",B,Suspected Minor Injury (B),2,State,7.22,10,CT-10,10-N,,RT 15,25,Feet,S,1,Clear,1,Daylight,1,Dry,,"Trafficway, On Road",12/12/21 14:35
5901,897518,1,41.36457,-72.92923,3399613,12/13/21,8:51:00,O,Property Damage Only,O,No Apparent Injury (O),2,Local,0.3,42,BENHAM ST,BENHAM ST,MIX AV,,,,,1,Clear,1,Daylight,1,Dry,,"Trafficway, On Road",12/13/21 8:51
2847,882216,1,41.413984,-72.902091,3384314,12/13/21,11:17:00,A,"Injury of any type (Serious, Minor, Possible)",B,Suspected Minor Injury (B),2,State,11.18,10,CT-10,10-N,,SHERMAN AVE,50,Feet,N,1,Clear,1,Daylight,1,Dry,,"Trafficway, On Road",12/13/21 11:17
4852,904362,1,41.359149,-72.889253,3404491,12/14/21,5:54:00,A,"Injury of any type (Serious, Minor, Possible)",B,Suspected Minor Injury (B),2,USRoute,3.3,5,US-5,5-N,,Olds St,40,Feet,N,1,Clear,4,Dark-Lighted,1,Dry,,"Trafficway, On Road",12/14/21 5:54
5406,881887,1,41.3435,-72.91224,3383985,12/14/21,8:27:00,O,Property Damage Only,O,No Apparent Injury (O),2,State,0.77,707,WHITNEY AV,707-N,ELI RD,,,,,1,Clear,1,Daylight,1,Dry,,"Trafficway, On Road",12/14/21 8:27
4442,881576,1,41.378723,-72.904277,3383674,12/14/21,10:49:00,A,"Injury of any type (Serious, Minor, Possible)",C,Possible Injury (C),2,State,51.56,15,15-S,15-S,,Exit 61,5,Feet,S,1,Clear,1,Daylight,1,Dry,,"Trafficway, On Road",12/14/21 10:49
5898,891499,1,41.366105,-72.937274,3393596,12/14/21,16:13:00,O,Property Damage Only,O,No Apparent Injury (O),2,Local,0.74,42,BENHAM ST,BENHAM ST,,Circular Ave,100,Feet,W,1,Clear,4,Dark-Lighted,1,Dry,,"Trafficway, On Road",12/14/21 16:13
2862,891500,1,41.352541,-72.930647,3393597,12/14/21,19:08:00,O,Property Damage Only,O,No Apparent Injury (O),2,State,6.2,10,CT-10,10-N,,Church st ,100,Feet,S,1,Clear,4,Dark-Lighted,1,Dry,,"Trafficway, On Road",12/14/21 19:08
2840,881504,1,41.416178,-72.902906,3383602,12/14/21,21:25:00,O,Property Damage Only,O,No Apparent Injury (O),2,State,11.33,10,CT-10,10-N,,SHERMAN AVE,700,Feet,N,1,Clear,4,Dark-Lighted,1,Dry,,"Trafficway, On Road",12/14/21 21:25
2841,881505,1,41.383446,-72.901857,3383603,12/14/21,22:28:00,O,Property Damage Only,O,No Apparent Injury (O),2,State,8.98,10,CT-10,10-N,717-E,,,,,1,Clear,4,Dark-Lighted,1,Dry,,"Trafficway, On Road",12/14/21 22:28
4441,881316,1,41.378054,-72.905316,3383414,12/15/21,8:37:00,A,"Injury of any type (Serious, Minor, Possible)",C,Possible Injury (C),2,State,51.46,15,15-S,15-S,,Exit 61,0.100000001,TenthsofMile,S,1,Clear,1,Daylight,1,Dry,,"Trafficway, On Road",12/15/21 8:37
4638,880410,1,41.396909,-72.889443,3382508,12/15/21,11:49:00,O,Property Damage Only,O,No Apparent Injury (O),2,State,2.54,40,40-S,40-S,,Whitney Ave.,5,TenthsofMile,E,1,Clear,1,Daylight,1,Dry,,"Trafficway, On Road",12/15/21 11:49
7353,881506,1,41.353351,-72.928119,3383604,12/15/21,16:00:00,O,Property Damage Only,O,No Apparent Injury (O),2,Local,0,342,MANILA AV,MANILA AV,,Treadwell St,10,Feet,S,1,Clear,1,Daylight,1,Dry,,"Trafficway, On Road",12/15/21 16:00
5899,891501,1,41.362777,-72.924084,3393598,12/15/21,16:49:00,O,Property Damage Only,O,No Apparent Injury (O),2,Local,0.01,42,BENHAM ST,BENHAM ST,,Dixwell Ave,50,Feet,W,4,Rain,4,Dark-Lighted,2,Wet,,"Trafficway, On Road",12/15/21 16:49
2848,882659,1,41.367024,-72.920732,3384757,12/15/21,21:00:00,O,Property Damage Only,O,No Apparent Injury (O),2,State,7.32,10,CT-10,10-N,CONNOLLY PKWY,,,,,1,Clear,4,Dark-Lighted,2,Wet,,"Trafficway, On Road",12/15/21 21:00
8804,881522,1,41.37475,-72.9164,3383620,12/15/21,21:29:00,O,Property Damage Only,O,No Apparent Injury (O),2,Local,0.03,495,SKIFF ST EXT,SKIFF ST EXT,,Dixwell Ave,50,Feet,W,4,Rain,4,Dark-Lighted,2,Wet,,"Trafficway, On Road",12/15/21 21:29
8880,881888,1,41.384579,-72.911385,3383986,12/15/21,22:23:00,O,Property Damage Only,O,No Apparent Injury (O),2,Local,0.16,520,THOMPSON ST,THOMPSON ST,,COLONY ST.,1,TenthsofMile,S,4,Rain,4,Dark-Lighted,2,Wet,,"Trafficway, On Road",12/15/21 22:23
9139,881523,1,41.419797,-72.921257,3383621,12/16/21,12:39:00,O,Property Damage Only,O,No Apparent Injury (O),2,Local,0,575,WEST WOODS RD,WEST WOODS RD NO 1,SHEPARD AV,,,,,1,Clear,1,Daylight,1,Dry,,"Trafficway, On Road",12/16/21 12:39
5537,881889,1,41.38324,-72.89953,3383987,12/16/21,16:49:00,O,Property Damage Only,O,No Apparent Injury (O),2,State,0.12,717,DIXWELL AV,717-E,,WASHINGTON AVE.,75,Feet,W,1,Clear,4,Dark-Lighted,1,Dry,,"Trafficway, On Road",12/16/21 16:49
2846,881890,1,41.338833,-72.935143,3383988,12/16/21,16:57:00,O,Property Damage Only,O,No Apparent Injury (O),2,State,5.22,10,CT-10,10-N,,Arch Street,150,TenthsofMile,N,1,Clear,3,Dusk,1,Dry,,"Trafficway, On Road",12/16/21 16:57
4515,883469,1,41.37823,-72.90528,3385567,12/16/21,17:36:00,O,Property Damage Only,O,No Apparent Injury (O),2,State,0.17,15,15-S,15-S-122,,EXIT 61,1,Feet,S,1,Clear,4,Dark-Lighted,1,Dry,,"Trafficway, On Road",12/16/21 17:36
8623,884524,1,41.40674,-72.91251,3386622,12/16/21,18:27:00,O,Property Damage Only,O,No Apparent Injury (O),2,,,,SHERMAN AV,SHERMAN AVE Ext,,Whitney Avenue,1,TenthsofMile,S,1,Clear,4,Dark-Lighted,1,Dry,,"Trafficway, On Road",12/16/21 18:27
8922,891502,1,41.350495,-72.919767,3393599,12/17/21,1:00:00,O,Property Damage Only,O,No Apparent Injury (O),1,Local,0.6,527,TREADWELL ST,TREADWELL ST,,LAKE ST,100,TenthsofMile,E,1,Clear,4,Dark-Lighted,1,Dry,,"Trafficway, On Road",12/17/21 1:00
8518,881524,1,41.376631,-72.915448,3383622,12/17/21,9:37:00,O,Property Damage Only,O,No Apparent Injury (O),2,Local,0,489,SHEPARD AV,SHEPARD AV,DIXWELL AVE,,,,,1,Clear,1,Daylight,1,Dry,,"Trafficway, On Road",12/17/21 9:37
5539,891503,1,41.38342,-72.90122,3393600,12/17/21,11:37:00,O,Property Damage Only,O,No Apparent Injury (O),2,State,0.03,717,DIXWELL AV,717-E,,Whitney Ave,150,Feet,E,1,Clear,1,Daylight,1,Dry,,"Trafficway, On Road",12/17/21 11:37
2879,896312,1,41.413826,-72.902035,3398408,12/17/21,11:52:00,A,"Injury of any type (Serious, Minor, Possible)",C,Possible Injury (C),2,State,11.17,10,CT-10,10-N,SHERMAN AV NO 2,,,,,1,Clear,1,Daylight,1,Dry,,"Trafficway, On Road",12/17/21 11:52
2842,881525,1,41.40431,-72.89845,3383623,12/17/21,12:23:00,O,Property Damage Only,O,No Apparent Injury (O),2,State,10.48,10,CT-10,10-N,,Dickerman St,0.100000001,TenthsofMile,N,1,Clear,1,Daylight,1,Dry,,"Trafficway, On Road",12/17/21 12:23
5660,881555,1,41.376631,-72.915448,3383653,12/17/21,14:04:00,A,"Injury of any type (Serious, Minor, Possible)",C,Possible Injury (C),2,State,0.03,753,CT-10,753-S,SHEPARD AV,,,,,1,Clear,1,Daylight,1,Dry,,"Trafficway, On Road",12/17/21 14:04
4443,881578,1,41.366216,-72.919065,3383676,12/17/21,14:49:00,O,Property Damage Only,O,No Apparent Injury (O),2,State,50.39,15,15-S,15-S,,15-S-119,2,TenthsofMile,N,1,Clear,1,Daylight,1,Dry,,"Trafficway, On Road",12/17/21 14:49
2843,881556,1,41.3609,-72.92474,3383654,12/17/21,14:54:00,O,Property Damage Only,O,No Apparent Injury (O),2,State,6.85,10,CT-10,10-N,,Maplewood Ter,5,Feet,S,1,Clear,1,Daylight,1,Dry,,"Trafficway, On Road",12/17/21 14:54
3559,882631,1,41.364053,-72.92890102,3384729,12/17/21,16:00:00,O,Property Damage Only,O,No Apparent Injury (O),2,State,49.81,15,15-N,15-N,,Exit 60,2,TenthsofMile,S,1,Clear,1,Daylight,1,Dry,,"Trafficway, On Road",12/17/21 16:00
6959,892006,1,41.335171,-72.927559,3394103,12/17/21,21:23:00,A,"Injury of any type (Serious, Minor, Possible)",C,Possible Injury (C),3,Local,0.4,222,GOODRICH ST,GOODRICH ST,,Shepard ST,100,Feet,E,1,Clear,4,Dark-Lighted,1,Dry,,"Trafficway, On Road",12/17/21 21:23
7801,881557,1,41.398734,-72.93212,3383655,12/17/21,23:17:00,O,Property Damage Only,O,No Apparent Injury (O),1,Local,0.08,611,PARADISE AV,PARADISE AV NO 4,,West Shepard Avenue,400,Feet,S,1,Clear,4,Dark-Lighted,1,Dry,,"Trafficway, On Road",12/17/21 23:17
2868,892030,1,41.404135,-72.89849,3394127,12/18/21,13:34:00,O,Property Damage Only,O,No Apparent Injury (O),2,State,10.47,10,CT-10,10-N,,Dickerman St,130,Feet,N,1,Clear,1,Daylight,1,Dry,,"Trafficway, On Road",12/18/21 13:34
5900,891639,1,41.36472,-72.93051,3393736,12/18/21,20:01:00,O,Property Damage Only,O,No Apparent Injury (O),2,Local,0.37,42,BENHAM ST,BENHAM ST,VANTAGE RD,,,,W,4,Rain,4,Dark-Lighted,2,Wet,,"Trafficway, On Road",12/18/21 20:01
2844,881559,1,41.42055,-72.90451,3383657,12/18/21,21:35:00,O,Property Damage Only,O,No Apparent Injury (O),2,State,11.66,10,CT-10,10-N,WEST WOODS RD NO 1,,,,,4,Rain,4,Dark-Lighted,2,Wet,,"Trafficway, On Road",12/18/21 21:35
8903,881560,1,41.42739,-72.91623,3383658,12/18/21,23:27:00,O,Property Damage Only,O,No Apparent Injury (O),1,Local,0.01,525,TODD ST,TODD ST,,Shepard Ave.,66,Feet,E,4,Rain,4,Dark-Lighted,2,Wet,,"Trafficway, Not on Road",12/18/21 23:27
6359,881891,1,41.34173,-72.9125,3383989,12/19/21,14:21:00,O,Property Damage Only,O,No Apparent Injury (O),2,Local,0.79,128,DAVIS ST,DAVIS ST,,Whitney Ave,50,,E,1,Clear,1,Daylight,1,Dry,,"Trafficway, On Road",12/19/21 14:21
6700,882660,1,41.343303,-72.941097,3384758,12/19/21,15:23:00,A,"Injury of any type (Serious, Minor, Possible)",C,Possible Injury (C),2,Local,0.35,176,FAIRVIEW AV,FAIRVIEW AV,JONES RD,,,,,1,Clear,1,Daylight,1,Dry,,"Trafficway, On Road",12/19/21 15:23
2851,884525,1,41.353775,-72.930006,3386623,12/19/21,17:15:00,A,"Injury of any type (Serious, Minor, Possible)",C,Possible Injury (C),2,State,6.29,10,CT-10,10-N,MILLIS ST,,0,,,1,Clear,4,Dark-Lighted,1,Dry,,"Trafficway, On Road",12/19/21 17:15
2845,881561,1,41.362808,-72.923803,3383659,12/19/21,18:47:00,O,Property Damage Only,O,No Apparent Injury (O),2,State,6.99,10,CT-10,10-N,,Benham Ave,25,Feet,N,1,Clear,4,Dark-Lighted,1,Dry,,"Trafficway, On Road",12/19/21 18:47
4528,892841,1,41.3793972,-72.90375396,3394937,12/20/21,7:24:00,O,Property Damage Only,O,No Apparent Injury (O),2,State,0.16,15,15-S,15-S-123,,Exit 61,10,Feet,S,1,Clear,1,Daylight,1,Dry,,"Trafficway, On Road",12/20/21 7:24
8108,884526,1,41.343763,-72.928643,3386624,12/20/21,11:17:00,A,"Injury of any type (Serious, Minor, Possible)",B,Suspected Minor Injury (B),2,Local,0.86,439,PUTNAM AV,PUTNAM AV,,GALLAGHER RD,615,Feet,E,1,Clear,1,Daylight,1,Dry,,"Trafficway, On Road",12/20/21 11:17
2863,891640,1,41.34732,-72.93339,3393737,12/20/21,15:24:00,O,Property Damage Only,O,No Apparent Injury (O),2,State,5.81,10,CT-10,10-N,,Scott St,315,Feet,S,1,Clear,1,Daylight,1,Dry,,"Trafficway, On Road",12/20/21 15:24
5722,882217,1,41.33044,-72.89907,3384315,12/20/21,20:35:00,O,Property Damage Only,O,No Apparent Injury (O),2,Local,0.1,20,ATLAS ST,ATLAS ST,,STATE ST,100,Feet,E,1,Clear,4,Dark-Lighted,1,Dry,,"Trafficway, On Road",12/20/21 20:35
5661,884527,1,41.375657,-72.915858,3386625,12/21/21,13:04:00,O,Property Damage Only,O,No Apparent Injury (O),2,State,0.1,753,CT-10,753-S,,SHEPARD AVE,400,Feet,S,1,Clear,1,Daylight,1,Dry,,"Trafficway, On Road",12/21/21 13:04
2852,884528,1,41.346275,-72.93386,3386626,12/21/21,16:56:00,O,Property Damage Only,O,No Apparent Injury (O),2,State,5.74,10,CT-10,10-N,CIRCULAR AV,,,,,1,Clear,4,Dark-Lighted,1,Dry,,"Trafficway, On Road",12/21/21 16:56
9177,884529,1,41.386,-72.9002,3386627,12/21/21,17:40:00,O,Property Damage Only,O,No Apparent Injury (O),2,,,,WHITNEY AV,2447 WHITNEY AVE,,WHITNEY AVE,1000,Feet,E,1,Clear,1,Daylight,1,Dry,,Non-trafficway,12/21/21 17:40
2869,892031,1,41.391949,-72.897785,3394128,12/22/21,9:02:00,A,"Injury of any type (Serious, Minor, Possible)",B,Suspected Minor Injury (B),2,State,9.61,10,CT-10,10-N,ELM ST,,,,,4,Rain,1,Daylight,2,Wet,,"Trafficway, On Road",12/22/21 9:02
4449,892618,1,41.380406,-72.901444,3394714,12/22/21,15:36:00,O,Property Damage Only,O,No Apparent Injury (O),1,State,51.77,15,15-S,15-S,,Exit 61,0.200000003,TenthsofMile,S,1,Clear,1,Daylight,1,Dry,,"Trafficway, On Road",12/22/21 15:36
2864,891641,1,41.404455,-72.898623,3393738,12/22/21,16:17:00,O,Property Damage Only,O,No Apparent Injury (O),2,State,10.5,10,CT-10,10-N,,Whitney Ave.,250,Feet,N,1,Clear,1,Daylight,1,Dry,,"Trafficway, On Road",12/22/21 16:17
4446,883529,1,41.365802,-72.924767,3385627,12/22/21,17:23:00,O,Property Damage Only,O,No Apparent Injury (O),2,State,50.08,15,15-S,15-S,,Exit 60,40,Feet,S,1,Clear,4,Dark-Lighted,1,Dry,,"Trafficway, On Road",12/22/21 17:23
4447,884519,1,41.37890676,-72.9038597,3386617,12/22/21,18:29:00,O,Property Damage Only,O,No Apparent Injury (O),2,State,51.59,15,15-S,15-S,,Exit 61 On-Ramp,10,Feet,S,1,Clear,5,Dark-Not Lighted,1,Dry,,"Trafficway, On Road",12/22/21 18:29
8217,891642,1,41.358815,-72.900544,3393739,12/23/21,9:18:00,A,"Injury of any type (Serious, Minor, Possible)",C,Possible Injury (C),2,Local,1.68,452,RIDGE RD,RIDGE RD,HAVERFORD ST,,,,,1,Clear,1,Daylight,1,Dry,,"Trafficway, On Road",12/23/21 9:18
2865,891643,1,41.392735,-72.897298,3393740,12/23/21,14:39:00,O,Property Damage Only,O,No Apparent Injury (O),2,State,9.67,10,CT-10,10-N,FOREST ST,,,,,1,Clear,1,Daylight,1,Dry,,"Trafficway, On Road",12/23/21 14:39
4448,890651,1,41.378967,-72.903847,3392748,12/23/21,16:04:00,O,Property Damage Only,O,No Apparent Injury (O),1,State,51.59,15,15-S,15-S,,Exit 61,0.100000001,TenthsofMile,N,1,Clear,1,Daylight,1,Dry,,"Trafficway, On Road",12/23/21 16:04
3560,884010,1,41.361414,-72.933505,3386108,12/24/21,0:26:00,O,Property Damage Only,O,No Apparent Injury (O),1,State,49.51,15,15-N,15-N,,Exit 60,5,TenthsofMile,S,8,Blowing Snow,5,Dark-Not Lighted,5,Ice / Frost,,"Trafficway, On Road",12/24/21 0:26
8519,891644,1,41.380528,-72.917515,3393741,12/24/21,1:26:00,O,Property Damage Only,O,No Apparent Injury (O),1,Local,0.3,489,SHEPARD AV,SHEPARD AV,MIX AV,,,,,7,Snow,4,Dark-Lighted,3,Snow,,"Trafficway, On Road",12/24/21 1:26
8520,891699,1,41.38071,-72.91762,3393796,12/24/21,1:32:00,O,Property Damage Only,O,No Apparent Injury (O),1,Local,0.31,489,SHEPARD AV,SHEPARD AV,,MIX AVE,35,Feet,W,8,Blowing Snow,4,Dark-Lighted,3,Snow,,"Trafficway, On Road",12/24/21 1:32
8522,893693,1,41.380741,-72.917661,3395789,12/24/21,1:39:00,O,Property Damage Only,O,No Apparent Injury (O),1,Local,0.31,489,SHEPARD AV,SHEPARD AV,,MIX AVE,60,Feet,W,8,Blowing Snow,4,Dark-Lighted,3,Snow,,"Trafficway, On Road",12/24/21 1:39
5752,884530,1,41.35451,-72.93528,3386628,12/24/21,8:26:00,O,Property Damage Only,O,No Apparent Injury (O),2,Local,0,27,BANK ST,BANK ST,CHURCH ST,,,,,7,Snow,1,Daylight,4,Slush,,"Trafficway, On Road",12/24/21 8:26
2853,884531,1,41.356528,-72.92772,3386629,12/24/21,11:02:00,O,Property Damage Only,O,No Apparent Injury (O),2,State,6.51,10,CT-10,10-N,,HOMESTEAD AVE.,30,Feet,S,2,Cloudy,1,Daylight,5,Ice / Frost,,"Trafficway, On Road",12/24/21 11:02
2867,891715,1,41.35877,-72.92599,3393812,12/24/21,11:06:00,O,Property Damage Only,O,No Apparent Injury (O),2,State,6.69,10,CT-10,10-N,,Mather Street,100,Feet,S,1,Clear,1,Daylight,2,Wet,,"Trafficway, On Road",12/24/21 11:06
2854,884532,1,41.35283,-72.930454,3386630,12/24/21,13:53:00,O,Property Damage Only,O,No Apparent Injury (O),2,State,6.22,10,CT-10,10-N,CHURCH ST,,,,S,2,Cloudy,1,Daylight,5,Ice / Frost,,"Trafficway, On Road",12/24/21 13:53
2855,884533,1,41.350468,-72.931676,3386631,12/24/21,19:14:00,O,Property Damage Only,O,No Apparent Injury (O),2,State,6.05,10,CT-10,10-N,LEXINGTON ST,,,,,1,Clear,4,Dark-Lighted,1,Dry,,"Trafficway, On Road",12/24/21 19:14
5408,892032,1,41.344082,-72.912092,3394129,12/25/21,14:53:00,A,"Injury of any type (Serious, Minor, Possible)",C,Possible Injury (C),2,State,0.8,707,WHITNEY AV,707-N,AUGUR ST,,,,S,1,Clear,1,Daylight,2,Wet,,"Trafficway, On Road",12/25/21 14:53
5409,896313,1,41.355969,-72.911773,3398409,12/25/21,15:35:00,A,"Injury of any type (Serious, Minor, Possible)",B,Suspected Minor Injury (B),2,State,1.65,707,WHITNEY AV,707-N,WAITE ST,,,,,1,Clear,1,Daylight,1,Dry,,"Trafficway, On Road",12/25/21 15:35
2856,884534,1,41.428799,-72.906454,3386632,12/26/21,11:46:00,O,Property Damage Only,O,No Apparent Injury (O),2,State,12.22,10,CT-10,10-N,,TUTTLE AVE,110,Feet,N,1,Clear,1,Daylight,1,Dry,,"Trafficway, On Road",12/26/21 11:46
4452,957698,1,41.380444,-72.901433,3454838,12/26/21,12:42:00,O,Property Damage Only,O,No Apparent Injury (O),2,State,51.77,15,15-S,15-S,,Exit 61,5,TenthsofMile,N,1,Clear,1,Daylight,1,Dry,,"Trafficway, On Road",12/26/21 12:42
6958,883908,1,41.33525,-72.92928,3386006,12/26/21,17:08:00,O,Property Damage Only,O,No Apparent Injury (O),4,Local,0.49,222,GOODRICH ST,GOODRICH ST,,Butler Street,20,Feet,W,1,Clear,4,Dark-Lighted,1,Dry,,"Trafficway, On Road",12/26/21 17:08
2870,892033,1,41.40097,-72.89771,3394130,12/26/21,17:35:00,O,Property Damage Only,O,No Apparent Injury (O),2,State,10.25,10,CT-10,10-N,,Charlton Hill Rd.,50,Feet,S,1,Clear,4,Dark-Lighted,1,Dry,,"Trafficway, On Road",12/26/21 17:35
2871,892034,1,41.358996,-72.925837,3394131,12/26/21,18:07:00,O,Property Damage Only,O,No Apparent Injury (O),2,State,6.71,10,CT-10,10-N,MATHER ST,,,,,1,Clear,4,Dark-Lighted,1,Dry,,"Trafficway, On Road",12/26/21 18:07
4516,892487,1,41.37824,-72.90527,3394583,12/27/21,9:14:00,O,Property Damage Only,O,No Apparent Injury (O),2,State,0.17,15,15-S,15-S-122,15-S-122,,,,,1,Clear,1,Daylight,1,Dry,,"Trafficway, On Road",12/27/21 9:14
4485,892665,1,41.365867,-72.924684,3394761,12/27/21,14:48:00,O,Property Damage Only,O,No Apparent Injury (O),2,State,0.19,15,15-S,15-S-118,,Rt 15 SB,10,Feet,W,1,Clear,1,Daylight,1,Dry,,"Trafficway, On Road",12/27/21 14:48
2866,891645,1,41.424188,-72.905676,3393742,12/27/21,16:02:00,A,"Injury of any type (Serious, Minor, Possible)",C,Possible Injury (C),2,State,11.91,10,CT-10,10-N,TODD ST,,,,,1,Clear,1,Daylight,1,Dry,,"Trafficway, On Road",12/27/21 16:02
3584,893536,1,41.380469,-72.900772,3395632,12/27/21,17:18:00,O,Property Damage Only,O,No Apparent Injury (O),2,State,0.21,15,15-N,15-N-125,15-N-125,,,,,1,Clear,5,Dark-Not Lighted,1,Dry,,"Trafficway, On Road",12/27/21 17:18
5897,884535,1,41.36275,-72.924127,3386633,12/27/21,18:08:00,O,Property Damage Only,O,No Apparent Injury (O),2,Local,0.01,42,BENHAM ST,BENHAM ST,,DIXWELL AVE,80,Feet,W,1,Clear,1,Daylight,1,Dry,,"Trafficway, On Road",12/27/21 18:08
2857,884536,1,41.406687,-72.89939,3386634,12/27/21,22:17:00,O,Property Damage Only,O,No Apparent Injury (O),2,State,10.66,10,CT-10,10-N,,Home Pl,110,Feet,N,7,Snow,4,Dark-Lighted,2,Wet,,"Trafficway, On Road",12/27/21 22:17
7513,884537,1,41.374957,-72.921236,3386635,12/28/21,9:52:00,O,Property Damage Only,O,No Apparent Injury (O),2,Local,0.84,366,MIX AV,MIX AV,TOWNE HOUSE RD pvt rd,Skiff St ext,565,Feet,S,1,Clear,1,Daylight,2,Wet,,"Trafficway, On Road",12/28/21 9:52
4851,892035,1,41.33251,-72.900571,3394132,12/28/21,15:42:00,A,"Injury of any type (Serious, Minor, Possible)",C,Possible Injury (C),1,USRoute,1.35,5,US-5,5-N,,HYDE ST,50,Feet,N,1,Clear,1,Daylight,1,Dry,,"Trafficway, Not on Road",12/28/21 15:42
2877,895024,1,41.36376,-72.92322,3397120,12/28/21,17:55:00,O,Property Damage Only,O,No Apparent Injury (O),2,State,7.06,10,CT-10,10-N,WHEELER ST,,,,,1,Clear,1,Daylight,1,Dry,,"Trafficway, On Road",12/28/21 17:55
2872,892036,1,41.427992,-72.906184,3394133,12/28/21,20:15:00,A,"Injury of any type (Serious, Minor, Possible)",C,Possible Injury (C),2,State,12.17,10,CT-10,10-N,,Tuttle Avenue,190,Feet,S,1,Clear,4,Dark-Lighted,1,Dry,,"Trafficway, On Road",12/28/21 20:15
7600,892037,1,41.336806,-72.924765,3394134,12/28/21,20:35:00,O,Property Damage Only,O,No Apparent Injury (O),2,Local,0.54,370,MORSE ST,MORSE ST,WINCHESTER AV,,,,,1,Clear,4,Dark-Lighted,1,Dry,,"Trafficway, On Road",12/28/21 20:35
4450,892849,1,41.366586,-72.918285,3394945,12/30/21,7:19:00,A,"Injury of any type (Serious, Minor, Possible)",C,Possible Injury (C),2,State,50.43,15,15-S,15-S,,Exit 60,3,TenthsofMile,N,4,Rain,1,Daylight,2,Wet,,"Trafficway, On Road",12/30/21 7:19
5410,899107,1,41.36503,-72.90852,3401202,12/30/21,9:27:00,O,Property Damage Only,O,No Apparent Injury (O),2,State,2.32,707,WHITNEY AV,707-N,WAKEFIELD ST,,,,,4,Rain,1,Daylight,2,Wet,,"Trafficway, On Road",12/30/21 9:27
2881,899108,1,41.357651,-72.926851,3401203,12/30/21,12:30:00,A,"Injury of any type (Serious, Minor, Possible)",C,Possible Injury (C),3,State,6.6,10,CT-10,10-N,,Haig St.,100,Feet,N,1,Clear,1,Daylight,1,Dry,,"Trafficway, On Road",12/30/21 12:30