,CrashId,Fatal Case Status,lat,lon,DOT Case Number,Date Of Crash,Time of Crash,Crash Severity,Crash Severity Text Format,Most Severe Injury,Most Severe Injury Text Format,Number Of Motor Vehicles,Route Class Text Format,Milemarker,Road Number,Road Description,Roadway Name,Intersecting Roadway Name,Landmark Description,Distance From Nearest Landmark,Unit Of Measure From Nearest Landmark,Direction From Nearest Landmark,Weather Condition,Weather Condition Text Format,Light Condition,Light Condition Text Format,Road Surface Condition,Road Surface Condition Text Format,Average Daily Traffic,Trafficway Class Text Format,full_date
8806,895025,1,41.374755,-72.916578,3397121,12/31/21,10:30:00,O,Property Damage Only,O,No Apparent Injury (O),2,Local,0.04,495,SKIFF ST EXT,SKIFF ST EXT,,DIXWELL AVE,147,Feet,W,1,Clear,1,Daylight,1,Dry,,"Trafficway, On Road",12/31/21 10:30
2873,892038,1,41.394475,-72.896791,3394135,12/31/21,12:38:00,A,"Injury of any type (Serious, Minor, Possible)",B,Suspected Minor Injury (B),2,State,9.8,10,CT-10,10-N,,GLENHAM RD.,30,Feet,N,2,Cloudy,1,Daylight,1,Dry,,"Trafficway, On Road",12/31/21 12:38
8111,902631,1,41.343634,-72.926614,3402760,12/31/21,15:16:00,O,Property Damage Only,O,No Apparent Injury (O),2,Local,0.75,439,PUTNAM AV,PUTNAM AV,,Newhall st,55,Feet,W,1,Clear,1,Daylight,1,Dry,,"Trafficway, On Road",12/31/21 15:16
7010,892373,1,41.347714,-72.934389,3394469,12/31/21,18:21:00,O,Property Damage Only,O,No Apparent Injury (O),2,Local,0.52,226,GORHAM AV,GORHAM AV,CIRCULAR AV,,,,,2,Cloudy,4,Dark-Lighted,2,Wet,,"Trafficway, On Road",12/31/21 18:21
5677,892039,1,41.33695,-72.93638,3394136,12/31/21,18:30:00,O,Property Damage Only,O,No Apparent Injury (O),3,Local,0.09,8,ALSTRUM ST,ALSTRUM ST,,Easton Street ,15,Feet,S,1,Clear,4,Dark-Lighted,1,Dry,,"Trafficway, On Road",12/31/21 18:30
1007,894686,1,41.346275,-72.93386,3396782,1/1/22,7:17:00,A,"Injury of any type (Serious, Minor, Possible)",C,Possible Injury (C),2,State,5.74,10,CT-10,10-N,,Treadwell Street,75,Feet,N,1,Clear,1,Daylight,1,Dry,24800,"Trafficway, On Road",1/1/22 7:17
54,890945,1,41.363608,-72.923336,922034,1/1/22,10:30:00,K,Fatal (Kill),K,Fatal Injury (K),2,State,7.05,10,CT-10,10-N,,BENHAM ST,57,Feet,S,1,Clear,1,Daylight,1,Dry,38500,"Trafficway, On Road",1/1/22 10:30
5073,917855,1,41.336634,-72.911487,3415012,1/1/22,15:56:00,O,Property Damage Only,O,No Apparent Injury (O),2,State,0.26,707,WHITNEY AV,707-N,ARMORY ST,,,,,2,Cloudy,1,Daylight,2,Wet,14300,"Trafficway, On Road",1/1/22 15:56
8521,892040,1,41.380534,-72.917253,3394137,1/1/22,20:26:00,O,Property Damage Only,O,No Apparent Injury (O),1,Local,0.29,489,SHEPARD AV,SHEPARD AV,,Mix Avenue,30,Feet,S,4,Rain,4,Dark-Lighted,2,Wet,,"Trafficway, Not on Road",1/1/22 20:26
4111,898966,1,41.378174,-72.905307,3401061,1/2/22,12:49:00,O,Property Damage Only,O,No Apparent Injury (O),2,State,0.18,15,15-S,15-S-122,15-S-122,,,,,1,Clear,1,Daylight,1,Dry,58000,"Trafficway, On Road",1/2/22 12:49
6315,891716,1,41.370904,-72.947316,3393813,1/2/22,12:49:00,A,"Injury of any type (Serious, Minor, Possible)",B,Suspected Minor Injury (B),2,Local,0.13,114,COOPER LA,COOPER LA,,Correne Dr.,200,Feet,W,2,Cloudy,1,Daylight,2,Wet,,"Trafficway, On Road",1/2/22 12:49
3173,892774,1,41.382489,-72.898009,3394870,1/2/22,21:02:00,O,Property Damage Only,O,No Apparent Injury (O),2,State,51.95,15,15-N,15-N,,15-N-127,5,TenthsofMile,S,1,Clear,5,Dark-Not Lighted,1,Dry,73500,"Trafficway, On Road",1/2/22 21:02
4677,926420,1,41.32991,-72.89882,3423574,1/2/22,23:43:00,O,Property Damage Only,O,No Apparent Injury (O),2,USRoute,1.15,5,US-5,5-N,,Park Street,80,Feet,S,1,Clear,4,Dark-Lighted,1,Dry,14500,"Trafficway, On Road",1/2/22 23:43
6497,893694,1,41.338195,-72.935221,3395790,1/3/22,8:48:00,A,"Injury of any type (Serious, Minor, Possible)",C,Possible Injury (C),2,Local,0.2,142,DIXWELL AV,DIXWELL AV NO 1,,Arch St,20,Feet,N,1,Clear,1,Daylight,1,Dry,,"Trafficway, On Road",1/3/22 8:48
703,892072,1,41.40653,-72.89939,3394169,1/3/22,15:14:00,O,Property Damage Only,O,No Apparent Injury (O),2,State,10.65,10,CT-10,10-N,,Home Place,50,Feet,N,1,Clear,1,Daylight,1,Dry,25600,"Trafficway, On Road",1/3/22 15:14
4096,892073,1,41.366225,-72.921497,3394170,1/3/22,15:34:00,O,Property Damage Only,O,No Apparent Injury (O),2,State,0,15,15-S,15-S-118,10-N,,,,,1,Clear,1,Daylight,1,Dry,58100,"Trafficway, On Road",1/3/22 15:34
8737,892374,1,41.37336,-72.91291,3394470,1/4/22,17:04:00,O,Property Damage Only,O,No Apparent Injury (O),2,Local,0.37,494,SKIFF ST,SKIFF ST,,Whitney Avenue,4,TenthsofMile,W,1,Clear,4,Dark-Lighted,1,Dry,,"Trafficway, On Road",1/4/22 17:04
192,893695,1,41.366968,-72.920845,3395791,1/4/22,17:16:00,O,Property Damage Only,O,No Apparent Injury (O),2,State,7.31,10,CT-10,10-N,,CONNOLLY PKY,70,Feet,N,1,Clear,4,Dark-Lighted,1,Dry,32900,"Trafficway, On Road",1/4/22 17:16
1606,892375,1,41.370726,-72.9183,3394471,1/4/22,18:03:00,O,Property Damage Only,O,No Apparent Injury (O),2,State,7.6,10,CT-10,10-N,,skiff st.,3,TenthsofMile,S,1,Clear,4,Dark-Lighted,1,Dry,22100,"Trafficway, On Road",1/4/22 18:03
4072,894144,1,41.36611972,-72.92165007,3396240,1/5/22,6:36:00,O,Property Damage Only,O,No Apparent Injury (O),2,State,50.25,15,15-S,15-S,,Exit 60,2,TenthsofMile,N,4,Rain,5,Dark-Not Lighted,2,Wet,66000,"Trafficway, On Road",1/5/22 6:36
3715,894722,1,41.3810812,-72.90038342,3396818,1/5/22,6:38:00,A,"Injury of any type (Serious, Minor, Possible)",C,Possible Injury (C),2,State,51.84,15,15-S,15-S,,Exit #62,100,Feet,N,5,Sleet or Hail ,5,Dark-Not Lighted,5,Ice / Frost,73500,"Trafficway, On Road",1/5/22 6:38
3250,894319,1,41.3785,-72.9043,3396415,1/5/22,6:47:00,O,Property Damage Only,O,No Apparent Injury (O),2,State,51.54,15,15-N,15-N,,Exit 61,2,TenthsofMile,S,5,Sleet or Hail ,4,Dark-Lighted,5,Ice / Frost,69900,"Trafficway, On Road",1/5/22 6:47
3084,904375,1,41.361466,-72.933358,3404504,1/5/22,6:51:00,O,Property Damage Only,O,No Apparent Injury (O),2,State,49.52,15,15-N,15-N,,15-N-220,5,TenthsofMile,S,6,Freezing Rain or Freezing Drizzle,5,Dark-Not Lighted,5,Ice / Frost,79100,"Trafficway, On Road",1/5/22 6:51
4620,894254,1,41.400164,-72.896722,3396350,1/5/22,6:52:00,O,Property Damage Only,O,No Apparent Injury (O),1,State,0.05,40,40-S,40-S-6,,Whitney Ave,200,Feet,E,4,Rain,1,Daylight,5,Ice / Frost,14400,"Trafficway, On Road",1/5/22 6:52
6578,894687,1,41.36119,-72.93573,3396783,1/5/22,6:59:00,O,Property Damage Only,O,No Apparent Injury (O),2,Local,0.06,165,ELEANOR ST,ELEANOR ST,,Cherry Hill,250,Feet,W,6,Freezing Rain or Freezing Drizzle,1,Daylight,5,Ice / Frost,,"Trafficway, On Road",1/5/22 6:59
7067,893696,1,41.385222,-72.907232,3395792,1/5/22,7:02:00,A,"Injury of any type (Serious, Minor, Possible)",C,Possible Injury (C),2,Local,0.59,713,HAMDEN HILLS DR,HAMDEN HILLS DR,,EVERGREEN AVE,75,Feet,W,4,Rain,1,Daylight,5,Ice / Frost,,"Trafficway, On Road",1/5/22 7:02
3688,894145,1,41.366615,-72.91817,3396241,1/5/22,7:12:00,A,"Injury of any type (Serious, Minor, Possible)",B,Suspected Minor Injury (B),3,State,50.44,15,15-S,15-S,,Exit 60,2,TenthsofMile,N,4,Rain,4,Dark-Lighted,2,Wet,73800,"Trafficway, On Road",1/5/22 7:12
7859,892377,1,41.32959,-72.90024,3394473,1/5/22,7:36:00,O,Property Damage Only,O,No Apparent Injury (O),1,Local,0.08,414,PARK RD,PARK RD,,State Street,1,TenthsofMile,W,4,Rain,1,Daylight,5,Ice / Frost,,"Trafficway, On Road",1/5/22 7:36
9140,892378,1,41.421856,-72.91078,3394474,1/5/22,7:40:00,O,Property Damage Only,O,No Apparent Injury (O),1,Local,0.63,575,WEST WOODS RD,WEST WOODS RD NO 1,,KIMBERLY RD,1,TenthsofMile,W,6,Freezing Rain or Freezing Drizzle,1,Daylight,5,Ice / Frost,,"Trafficway, On Road",1/5/22 7:40
6577,892074,1,41.361175,-72.935762,3394171,1/5/22,7:52:00,O,Property Damage Only,O,No Apparent Injury (O),1,Local,0.05,165,ELEANOR ST,ELEANOR ST,,Vantage Road,48,Feet,W,6,Freezing Rain or Freezing Drizzle,1,Daylight,5,Ice / Frost,,"Trafficway, On Road",1/5/22 7:52
6701,892075,1,41.342675,-72.941202,3394172,1/5/22,7:54:00,O,Property Damage Only,O,No Apparent Injury (O),2,Local,0.3,176,FAIRVIEW AV,FAIRVIEW AV,FIRST ST,,,,,6,Freezing Rain or Freezing Drizzle,1,Daylight,5,Ice / Frost,,"Trafficway, On Road",1/5/22 7:54
4567,892379,1,41.396985,-72.891364,3394475,1/5/22,8:00:00,O,Property Damage Only,O,No Apparent Injury (O),2,State,0.68,22,CT-22,22-E,,ROLLING RIDGE ROAD,200,Feet,W,6,Freezing Rain or Freezing Drizzle,1,Daylight,5,Ice / Frost,4200,"Trafficway, On Road",1/5/22 8:00
7860,894688,1,41.329554,-72.900133,3396784,1/5/22,8:18:00,O,Property Damage Only,O,No Apparent Injury (O),1,Local,0.07,414,PARK RD,PARK RD,,State Street,1,TenthsofMile,W,6,Freezing Rain or Freezing Drizzle,1,Daylight,5,Ice / Frost,,"Trafficway, On Road",1/5/22 8:18
7952,892380,1,41.343138,-72.945598,3394476,1/5/22,8:33:00,A,"Injury of any type (Serious, Minor, Possible)",A,Suspected Serious Injury (A),1,Local,0.47,664,PINE ROCK AV,PINE ROCK AV NO 2,WESTERFIELD RD,,,,,6,Freezing Rain or Freezing Drizzle,1,Daylight,5,Ice / Frost,,"Trafficway, On Road",1/5/22 8:33
4582,894260,1,41.400645,-72.89627,3396356,1/5/22,8:34:00,O,Property Damage Only,O,No Apparent Injury (O),2,State,2.99,40,40-N,40-N,,Whitney Ave,300,Feet,E,4,Rain,1,Daylight,5,Ice / Frost,20700,"Trafficway, On Road",1/5/22 8:34
4617,893635,1,41.39815,-72.89127,3395731,1/5/22,8:41:00,O,Property Damage Only,O,No Apparent Injury (O),2,State,2.67,40,40-S,40-S,,Exit 2,5,TenthsofMile,W,4,Rain,1,Daylight,2,Wet,23200,"Trafficway, On Road",1/5/22 8:41
4622,894262,1,41.40104,-72.89824,3396358,1/5/22,9:20:00,O,Property Damage Only,O,No Apparent Injury (O),2,State,0.2,40,40-S,40-S-9,,Whitney Ave,200,Feet,E,4,Rain,1,Daylight,5,Ice / Frost,14400,"Trafficway, On Road",1/5/22 9:20
8218,893697,1,41.341064,-72.902343,3395793,1/5/22,9:38:00,O,Property Damage Only,O,No Apparent Injury (O),2,Local,0.42,452,RIDGE RD,RIDGE RD,WESTCOTT RD,,,,,1,Clear,1,Daylight,5,Ice / Frost,,"Trafficway, On Road",1/5/22 9:38
2123,892076,1,41.385258,-72.901281,3394173,1/5/22,10:06:00,O,Property Damage Only,O,No Apparent Injury (O),2,State,9.12,10,CT-10,10-N,,SCHOOL STREET,270,Feet,N,4,Rain,1,Daylight,2,Wet,17100,"Trafficway, On Road",1/5/22 10:06
3711,993008,1,41.378047,-72.905355,3488199,1/5/22,13:24:00,O,Property Damage Only,O,No Apparent Injury (O),2,State,51.45,15,15-S,15-S,,15-S-122,5,Feet,S,1,Clear,1,Daylight,1,Dry,73800,"Trafficway, On Road",1/5/22 13:24
8805,894689,1,41.374976,-72.916864,3396785,1/5/22,16:59:00,O,Property Damage Only,O,No Apparent Injury (O),2,Local,0.07,495,SKIFF ST EXT,SKIFF ST EXT,,MIx Avenue ,2,TenthsofMile,E,4,Rain,4,Dark-Lighted,2,Wet,,"Trafficway, On Road",1/5/22 16:59
7818,893698,1,41.359427,-72.913108,3395794,1/5/22,17:13:00,O,Property Damage Only,O,No Apparent Injury (O),2,Local,0.1,413,PARK AV,PARK AV,,WEATON ST,250,Feet,E,1,Clear,5,Dark-Not Lighted,1,Dry,,"Trafficway, On Road",1/5/22 17:13
704,893699,1,41.405723,-72.899087,3395795,1/5/22,17:17:00,O,Property Damage Only,O,No Apparent Injury (O),2,State,10.59,10,CT-10,10-N,,WOODRUFF ST.,75,Feet,N,1,Clear,4,Dark-Lighted,2,Wet,25600,"Trafficway, On Road",1/5/22 17:17
8109,893700,1,41.344354,-72.929852,3395796,1/6/22,11:22:00,A,"Injury of any type (Serious, Minor, Possible)",C,Possible Injury (C),4,Local,0.94,439,PUTNAM AV,PUTNAM AV,,GALLAGHER RD,215,Feet,E,1,Clear,1,Daylight,1,Dry,,"Trafficway, On Road",1/6/22 11:22
7068,893701,1,41.389519,-72.912156,3395797,1/7/22,4:15:00,O,Property Damage Only,O,No Apparent Injury (O),1,Local,0.18,713,HAMDEN HILLS DR,HAMDEN HILLS DR,,Sherman Lane,500,Feet,N,7,Snow,4,Dark-Lighted,3,Snow,,"Trafficway, On Road",1/7/22 4:15
8527,902567,1,41.380528,-72.917515,3402696,1/7/22,7:12:00,O,Property Damage Only,O,No Apparent Injury (O),1,Local,0.3,489,SHEPARD AV,SHEPARD AV,MIX AV,,,,,7,Snow,4,Dark-Lighted,5,Ice / Frost,,"Trafficway, On Road",1/7/22 7:12
3082,893738,1,41.36467,-72.92795,3395834,1/7/22,11:15:00,O,Property Damage Only,O,No Apparent Injury (O),1,State,49.88,15,15-N,15-N,,Exit 60,1,TenthsofMile,S,1,Clear,1,Daylight,4,Slush,79100,"Trafficway, On Road",1/7/22 11:15
1419,893702,1,41.352397,-72.930796,3395798,1/7/22,14:02:00,A,"Injury of any type (Serious, Minor, Possible)",C,Possible Injury (C),3,State,6.19,10,CT-10,10-N,,CONCORD ST,125,Feet,N,1,Clear,1,Daylight,1,Dry,22700,"Trafficway, On Road",1/7/22 14:02
5719,893889,1,41.329803,-72.89786,3395985,1/7/22,17:20:00,A,"Injury of any type (Serious, Minor, Possible)",C,Possible Injury (C),2,Local,0.04,18,ARMSTRONG ST,ARMSTRONG ST,,state street,210,Feet,E,7,Snow,4,Dark-Lighted,3,Snow,,"Trafficway, On Road",1/7/22 17:20
1724,893890,1,41.34342,-72.9345,3395986,1/7/22,19:22:00,O,Property Damage Only,O,No Apparent Injury (O),2,State,5.54,10,CT-10,10-N,,Woodin Street,40,TenthsofMile,S,1,Clear,4,Dark-Lighted,1,Dry,21200,"Trafficway, On Road",1/7/22 19:22
9002,894690,1,41.3412,-72.93982,3396786,1/7/22,21:39:00,O,Property Damage Only,O,No Apparent Injury (O),1,Local,0,552,WARNER ST,WARNER ST,MOTT ST,,0,,,1,Clear,4,Dark-Lighted,5,Ice / Frost,,"Trafficway, On Road",1/7/22 21:39
4673,894891,1,41.32988,-72.89886,3396987,1/7/22,21:55:00,O,Property Damage Only,O,No Apparent Injury (O),2,USRoute,1.15,5,US-5,5-N,,park rd,25,Feet,N,1,Clear,4,Dark-Lighted,1,Dry,14500,"Trafficway, On Road",1/7/22 21:55
705,894740,1,41.40419,-72.89853,3396836,1/8/22,13:48:00,O,Property Damage Only,O,No Apparent Injury (O),2,State,10.48,10,CT-10,10-N,,Dickerman Street,30,Feet,N,1,Clear,1,Daylight,1,Dry,25600,"Trafficway, On Road",1/8/22 13:48
3006,898954,1,41.37537,-72.91533,3401049,1/8/22,15:08:00,O,Property Damage Only,O,No Apparent Injury (O),2,Local,0.07,144,CT-10,DIXWELL AV NO 2 RT 10 NB,,SKIFF ST.,300,Feet,N,1,Clear,1,Daylight,1,Dry,,"Trafficway, On Road",1/8/22 15:08
7515,898955,1,41.369466,-72.925059,3401050,1/8/22,16:28:00,O,Property Damage Only,O,No Apparent Injury (O),2,Local,0.41,366,MIX AV,MIX AV,,,,,,1,Clear,1,Daylight,1,Dry,,"Trafficway, On Road",1/8/22 16:28
3373,894279,1,41.365727,-72.923729,3396375,1/9/22,1:21:00,A,"Injury of any type (Serious, Minor, Possible)",B,Suspected Minor Injury (B),3,State,50.11,15,15-N,15-N,,Exit 59,5,TenthsofMile,N,1,Clear,5,Dark-Not Lighted,1,Dry,60700,"Trafficway, On Road",1/9/22 1:21
5738,896314,1,41.343385,-72.916435,3398410,1/9/22,3:57:00,O,Property Damage Only,O,No Apparent Injury (O),2,Local,0.23,21,AUGUR ST,AUGUR ST,,Lilac Avenue,25,Feet,S,1,Clear,4,Dark-Lighted,5,Ice / Frost,,"Trafficway, On Road",1/9/22 3:57
3630,895859,1,41.364789,-72.927963,3397955,1/9/22,7:44:00,A,"Injury of any type (Serious, Minor, Possible)",C,Possible Injury (C),3,State,49.89,15,15-S,15-S,,Exit 60,3,TenthsofMile,S,1,Clear,1,Daylight,1,Dry,79100,Non-trafficway,1/9/22 7:44
7662,893891,1,41.351907,-72.955048,3395987,1/9/22,10:01:00,O,Property Damage Only,O,No Apparent Injury (O),2,Local,0.1,377,MUELLER DR,MUELLER DR,,SAINT MIHIEL DRIVE,150,Feet,W,1,Clear,1,Daylight,1,Dry,,"Trafficway, On Road",1/9/22 10:01
1933,896315,1,41.382439,-72.910531,3398411,1/10/22,7:34:00,A,"Injury of any type (Serious, Minor, Possible)",C,Possible Injury (C),1,State,8.54,10,CT-10,10-N,,THOMPSON ST.,200,Feet,S,1,Clear,1,Daylight,1,Dry,18600,Non-trafficway,1/10/22 7:34
4857,893892,1,41.38301,-72.90205,3395988,1/10/22,7:34:00,O,Property Damage Only,O,No Apparent Injury (O),2,State,3.59,707,WHITNEY AV,707-N,,Dixwell Ave.,50,Feet,S,1,Clear,1,Daylight,1,Dry,17100,"Trafficway, On Road",1/10/22 7:34
3162,896351,1,41.376273,-72.907572,3398447,1/10/22,13:30:00,O,Property Damage Only,O,No Apparent Injury (O),3,State,51.3,15,15-N,15-N,,15-N-124,4,TenthsofMile,S,1,Clear,1,Daylight,1,Dry,73800,"Trafficway, On Road",1/10/22 13:30
9037,919869,1,41.383121,-72.899079,3417026,1/10/22,15:18:00,A,"Injury of any type (Serious, Minor, Possible)",C,Possible Injury (C),2,Local,0,554,WASHINGTON AV,WASHINGTON AV,,Washington,50,Feet,E,1,Clear,1,Daylight,1,Dry,,"Trafficway, On Road",1/10/22 15:18
1607,896316,1,41.373185,-72.916694,3398412,1/10/22,16:29:00,O,Property Damage Only,O,No Apparent Injury (O),2,State,7.79,10,CT-10,10-N,,Skiff Street,1,TenthsofMile,S,1,Clear,1,Daylight,1,Dry,22100,"Trafficway, On Road",1/10/22 16:29
4858,894741,1,41.38049,-72.902925,3396837,1/10/22,17:09:00,O,Property Damage Only,O,No Apparent Injury (O),2,State,3.42,707,WHITNEY AV,707-N,,Worth Ave,100,Feet,S,1,Clear,4,Dark-Lighted,1,Dry,17100,"Trafficway, On Road",1/10/22 17:09
1420,896317,1,41.350231,-72.931832,3398413,1/10/22,17:17:00,O,Property Damage Only,O,No Apparent Injury (O),2,State,6.03,10,CT-10,10-N,,Beacon Street,100,Feet,S,1,Clear,4,Dark-Lighted,1,Dry,22700,"Trafficway, On Road",1/10/22 17:17
7166,894742,1,41.348698,-72.940571,3396838,1/11/22,11:28:00,A,"Injury of any type (Serious, Minor, Possible)",C,Possible Injury (C),1,Local,0.36,251,HELEN ST,HELEN ST,LANGER ST,,,,,1,Clear,1,Daylight,1,Dry,,"Trafficway, Not on Road",1/11/22 11:28
6702,894743,1,41.341874,-72.941312,3396839,1/11/22,11:47:00,O,Property Damage Only,O,No Apparent Injury (O),2,Local,0.25,176,FAIRVIEW AV,FAIRVIEW AV,NORTH ST,,,,,1,Clear,1,Daylight,1,Dry,,"Trafficway, On Road",1/11/22 11:47
4859,899277,1,41.34645,-72.912648,3401372,1/11/22,12:24:00,O,Property Damage Only,O,No Apparent Injury (O),2,State,0.97,707,WHITNEY AV,707-N,,Putnam Ave,150,Feet,N,1,Clear,1,Daylight,1,Dry,17100,"Trafficway, On Road",1/11/22 12:24
1008,896318,1,41.345523,-72.934188,3398414,1/11/22,19:34:00,O,Property Damage Only,O,No Apparent Injury (O),2,State,5.68,10,CT-10,10-N,,Putnam Avenue,300,Feet,S,1,Clear,4,Dark-Lighted,1,Dry,24800,"Trafficway, On Road",1/11/22 19:34
4977,899303,1,41.343612,-72.912081,3401398,1/12/22,8:51:00,O,Property Damage Only,O,No Apparent Injury (O),2,State,0.77,707,WHITNEY AV,707-N,ELI RD,,,,,1,Clear,1,Daylight,1,Dry,14400,"Trafficway, On Road",1/12/22 8:51
6284,896319,1,41.352471,-72.932297,3398415,1/12/22,15:09:00,O,Property Damage Only,O,No Apparent Injury (O),2,Local,0.14,110,CONCORD ST,CONCORD ST,,Dixwell Ave,500,Feet,W,1,Clear,99,Unknown,1,Dry,,"Trafficway, On Road",1/12/22 15:09
1421,896320,1,41.352472,-72.930597,3398416,1/12/22,15:19:00,O,Property Damage Only,O,No Apparent Injury (O),2,State,6.19,10,CT-10,10-N,,CHURCH ST,115,Feet,S,1,Clear,1,Daylight,1,Dry,22700,"Trafficway, On Road",1/12/22 15:19
2569,896321,1,41.338322,-72.937911,3398417,1/12/22,17:48:00,A,"Injury of any type (Serious, Minor, Possible)",A,Suspected Serious Injury (A),1,State,5.05,10,CT-10,10-N,BOWEN ST,,,,,1,Clear,4,Dark-Lighted,1,Dry,11200,"Trafficway, On Road",1/12/22 17:48
8606,896322,1,41.398457,-72.91973,3398418,1/12/22,18:00:00,A,"Injury of any type (Serious, Minor, Possible)",B,Suspected Minor Injury (B),1,Local,0.58,491,SHERMAN AV,SHERMAN AV NO 1,,Overlook Drive ,265,Feet,S,1,Clear,4,Dark-Lighted,1,Dry,,"Trafficway, On Road",1/12/22 18:00
55,896323,1,41.362984,-72.923639,3398419,1/12/22,20:15:00,A,"Injury of any type (Serious, Minor, Possible)",C,Possible Injury (C),2,State,7,10,CT-10,10-N,,Benham st,100,Feet,N,1,Clear,4,Dark-Lighted,1,Dry,38500,"Trafficway, On Road",1/12/22 20:15
6498,896324,1,41.335762,-72.935153,3398420,1/12/22,21:06:00,O,Property Damage Only,O,No Apparent Injury (O),2,Local,0.02,142,DIXWELL AV,DIXWELL AV NO 1,GOODRICH ST,,,,N,1,Clear,4,Dark-Lighted,1,Dry,,"Trafficway, On Road",1/12/22 21:06
8523,896325,1,41.421671,-72.92025,3398421,1/13/22,6:14:00,O,Property Damage Only,O,No Apparent Injury (O),1,Local,3.16,489,SHEPARD AV,SHEPARD AV,,Hillfield Dr.,0.100000001,TenthsofMile,N,1,Clear,4,Dark-Lighted,1,Dry,,"Trafficway, On Road",1/13/22 6:14
1422,898180,1,41.352547,-72.930718,3400275,1/13/22,14:19:00,A,"Injury of any type (Serious, Minor, Possible)",B,Suspected Minor Injury (B),2,State,6.2,10,CT-10,10-N,,Church Street,100,Feet,S,1,Clear,1,Daylight,1,Dry,22700,"Trafficway, On Road",1/13/22 14:19
9173,898956,1,41.341093,-72.93719,3401051,1/13/22,14:39:00,O,Property Damage Only,O,No Apparent Injury (O),2,Local,0.05,579,WHITING ST,WHITING ST,,Dix St.,250,Feet,E,1,Clear,1,Daylight,1,Dry,,"Trafficway, On Road",1/13/22 14:39
9333,898957,1,41.345556,-72.942037,3401052,1/13/22,14:42:00,A,"Injury of any type (Serious, Minor, Possible)",B,Suspected Minor Injury (B),3,Local,1.29,598,WOODIN ST,WOODIN ST,SUNSET RD,,,,,1,Clear,1,Daylight,1,Dry,,"Trafficway, On Road",1/13/22 14:42
56,896326,1,41.362928,-72.923789,3398422,1/13/22,15:25:00,A,"Injury of any type (Serious, Minor, Possible)",C,Possible Injury (C),2,State,7,10,CT-10,10-N,,BENHAM ST,1000,Feet,N,1,Clear,1,Daylight,1,Dry,38500,"Trafficway, On Road",1/13/22 15:25
1934,896327,1,41.381695,-72.911585,3398423,1/13/22,16:58:00,O,Property Damage Only,O,No Apparent Injury (O),2,State,8.47,10,CT-10,10-N,,Westminster Street,20,Feet,S,1,Clear,4,Dark-Lighted,1,Dry,18600,"Trafficway, On Road",1/13/22 16:58
1533,910661,1,41.347098,-72.933495,3408802,1/13/22,17:06:00,A,"Injury of any type (Serious, Minor, Possible)",B,Suspected Minor Injury (B),4,State,5.8,10,CT-10,10-N,,Putnam Ave,292,Feet,N,1,Clear,4,Dark-Lighted,1,Dry,22500,"Trafficway, On Road",1/13/22 17:06
4547,896328,1,41.403746,-72.897863,3398424,1/14/22,9:49:00,A,"Injury of any type (Serious, Minor, Possible)",C,Possible Injury (C),2,State,0.02,22,CT-22,22-E,,Whitney Avenue,120,Feet,E,1,Clear,1,Daylight,1,Dry,5600,"Trafficway, On Road",1/14/22 9:49
380,902632,1,41.35575,-72.92835,3402761,1/14/22,11:01:00,O,Property Damage Only,O,No Apparent Injury (O),2,State,6.45,10,CT-10,10-N,,PERSHING,300,Feet,N,1,Clear,1,Daylight,1,Dry,27800,"Trafficway, On Road",1/14/22 11:01
5283,898958,1,41.363184,-72.909011,3401053,1/14/22,15:37:00,A,"Injury of any type (Serious, Minor, Possible)",C,Possible Injury (C),3,State,2.18,707,WHITNEY AV,707-N,ARDMORE ST,,,,,1,Clear,1,Daylight,1,Dry,11800,"Trafficway, On Road",1/14/22 15:37
8524,896329,1,41.428867,-72.915856,3398425,1/15/22,6:29:00,A,"Injury of any type (Serious, Minor, Possible)",C,Possible Injury (C),1,Local,3.83,489,SHEPARD AV,SHEPARD AV,,W. Todd St,30,Feet,N,1,Clear,1,Daylight,1,Dry,,"Trafficway, On Road",1/15/22 6:29
5902,898959,1,41.368463,-72.950571,3401054,1/15/22,10:19:00,A,"Injury of any type (Serious, Minor, Possible)",C,Possible Injury (C),2,Local,1.44,42,BENHAM ST,BENHAM ST,DUNBAR HILL RD,,,,,1,Clear,1,Daylight,1,Dry,,"Trafficway, On Road",1/15/22 10:19
8738,898960,1,41.37246,-72.91041,3401055,1/15/22,12:16:00,O,Property Damage Only,O,No Apparent Injury (O),2,Local,0.23,494,SKIFF ST,SKIFF ST,,Whitney Ave.,3,TenthsofMile,E,1,Clear,1,Daylight,1,Dry,,"Trafficway, On Road",1/15/22 12:16
8114,908991,1,41.345695,-72.932932,3407133,1/15/22,16:06:00,O,Property Damage Only,O,No Apparent Injury (O),2,Local,1.12,439,PUTNAM AV,PUTNAM AV,,DIXWELL AVE,355,Feet,E,1,Clear,1,Daylight,1,Dry,,"Trafficway, On Road",1/15/22 16:06
2570,896344,1,41.338347,-72.939954,3398440,1/15/22,17:04:00,A,"Injury of any type (Serious, Minor, Possible)",C,Possible Injury (C),2,State,4.94,10,CT-10,10-N,WARNER ST,,,,,1,Clear,4,Dark-Lighted,1,Dry,11200,"Trafficway, On Road",1/15/22 17:04
6227,908992,1,41.3486,-72.93475,3407134,1/15/22,20:16:00,O,Property Damage Only,O,No Apparent Injury (O),2,Local,1.23,99,CIRCULAR AV,CIRCULAR AV,,Bradley Avenue,25,Feet,S,1,Clear,4,Dark-Lighted,1,Dry,,"Trafficway, On Road",1/15/22 20:16