,CrashId,Fatal Case Status,lat,lon,DOT Case Number,Date Of Crash,Time of Crash,Crash Severity,Crash Severity Text Format,Most Severe Injury,Most Severe Injury Text Format,Number Of Motor Vehicles,Route Class Text Format,Milemarker,Road Number,Road Description,Roadway Name,Intersecting Roadway Name,Landmark Description,Distance From Nearest Landmark,Unit Of Measure From Nearest Landmark,Direction From Nearest Landmark,Weather Condition,Weather Condition Text Format,Light Condition,Light Condition Text Format,Road Surface Condition,Road Surface Condition Text Format,Average Daily Traffic,Trafficway Class Text Format,full_date
7861,898961,1,41.3298,-72.90037,3401056,1/17/22,11:18:00,O,Property Damage Only,,,2,Local,0.09,414,PARK RD,PARK RD,,State Street,200,Feet,W,4,Rain,4,Dark-Lighted,4,Slush,,"Trafficway, On Road",1/17/22 11:18
3716,907919,1,41.3819,-72.89916,3406061,1/17/22,12:47:00,O,Property Damage Only,O,No Apparent Injury (O),1,State,51.91,15,15-S,15-S,,Exit 62,1,TenthsofMile,N,2,Cloudy,1,Daylight,2,Wet,73500,"Trafficway, On Road",1/17/22 12:47
8525,896345,1,41.4168,-72.92241,3398441,1/17/22,19:05:00,O,Property Damage Only,O,No Apparent Injury (O),2,Local,2.9,489,SHEPARD AV,SHEPARD AV,,APPLE TREE LANE,150,Feet,S,8,Blowing Snow,5,Dark-Not Lighted,5,Ice / Frost,,"Trafficway, On Road",1/17/22 19:05
8607,899278,1,41.40059,-72.915209,3401373,1/17/22,20:09:00,O,Property Damage Only,O,No Apparent Injury (O),1,Local,0.87,491,SHERMAN AV,SHERMAN AV NO 1,,Crest Way,2,TenthsofMile,N,7,Snow,4,Dark-Lighted,5,Ice / Frost,,"Trafficway, On Road",1/17/22 20:09
8526,898972,1,41.41562,-72.92227,3401067,1/17/22,20:15:00,O,Property Damage Only,O,No Apparent Injury (O),2,Local,2.83,489,SHEPARD AV,SHEPARD AV,FANS ROCK RD,,,,,97,Other,4,Dark-Lighted,5,Ice / Frost,,"Trafficway, On Road",1/17/22 20:15
6798,902633,1,41.346581,-72.950117,3402762,1/18/22,7:17:00,O,Property Damage Only,O,No Apparent Injury (O),1,Local,0.04,203,FURMAN LA,FURMAN LA,FURMAN RD,,20,,,1,Clear,1,Daylight,5,Ice / Frost,,"Trafficway, On Road",1/18/22 7:17
7672,902634,1,41.413915,-72.895593,3402763,1/18/22,9:01:00,A,"Injury of any type (Serious, Minor, Possible)",C,Possible Injury (C),1,Local,0.73,382,NEW RD,NEW RD,,Sherman Ave,50,Feet,N,1,Clear,1,Daylight,1,Dry,,"Trafficway, Not on Road",1/18/22 9:01
2525,899110,1,41.37992,-72.91364,3401205,1/18/22,13:49:00,O,Property Damage Only,O,No Apparent Injury (O),2,State,8.29,10,CT-10,10-N,,SANFORD STREET,450,Feet,S,1,Clear,1,Daylight,1,Dry,11300,"Trafficway, On Road",1/18/22 13:49
5904,912954,1,41.36456,-72.92945,3411094,1/18/22,17:51:00,O,Property Damage Only,O,No Apparent Injury (O),2,Local,0.31,42,BENHAM ST,BENHAM ST,,Mix Avenue,10,Feet,W,1,Clear,4,Dark-Lighted,1,Dry,,"Trafficway, On Road",1/18/22 17:51
596,899118,1,41.41612626,-72.90337632,3401213,1/18/22,18:48:00,A,"Injury of any type (Serious, Minor, Possible)",B,Suspected Minor Injury (B),1,State,11.34,10,CT-10,10-N,,SHERMAN AVE,2,TenthsofMile,N,1,Clear,5,Dark-Not Lighted,1,Dry,26100,"Trafficway, On Road",1/18/22 18:48
1009,899119,1,41.344654,-72.93434,3401214,1/19/22,10:23:00,O,Property Damage Only,O,No Apparent Injury (O),2,State,5.61,10,CT-10,10-N,,Woodin Street,50,Feet,N,1,Clear,1,Daylight,1,Dry,24800,"Trafficway, On Road",1/19/22 10:23
7937,899279,1,41.35368,-72.94192,3401374,1/19/22,11:24:00,O,Property Damage Only,O,No Apparent Injury (O),2,Local,0.55,429,PINE ROCK AV,PINE ROCK AV NO 1,,Brook St,1,TenthsofMile,N,1,Clear,1,Daylight,1,Dry,,"Trafficway, On Road",1/19/22 11:24
7716,902646,1,41.34032,-72.92653,3402775,1/19/22,13:13:00,O,Property Damage Only,O,No Apparent Injury (O),2,Local,0.24,385,NEWHALL ST,NEWHALL ST,,Mill Rock Road,100,Feet,N,1,Clear,1,Daylight,1,Dry,,"Trafficway, On Road",1/19/22 13:13
3689,904097,1,41.373435,-72.910818,3404226,1/19/22,13:28:00,O,Property Damage Only,O,No Apparent Injury (O),2,State,51.03,15,15-S,15-S,,15-S-123,5,Feet,S,1,Clear,1,Daylight,1,Dry,73800,"Trafficway, On Road",1/19/22 13:28
5479,902647,1,41.383462,-72.901635,3402776,1/20/22,5:30:00,O,Property Damage Only,O,No Apparent Injury (O),2,State,0.01,717,DIXWELL AV,717-E,10-N,,,,,4,Rain,4,Dark-Lighted,2,Wet,15700,"Trafficway, On Road",1/20/22 5:30
58,908973,1,41.363788,-72.923257,3407115,1/20/22,8:10:00,O,Property Damage Only,O,No Apparent Injury (O),2,State,7.06,10,CT-10,10-N,PALMER AV,,,,,7,Snow,1,Daylight,2,Wet,38500,"Trafficway, On Road",1/20/22 8:10
6017,908655,1,41.44477,-72.91488,3406797,1/20/22,10:21:00,O,Property Damage Only,O,No Apparent Injury (O),1,Local,0.32,66,BROOKSVALE AV,BROOKSVALE AV,,Farmington Dr.,9,TenthsofMile,N,7,Snow,1,Daylight,5,Ice / Frost,,"Trafficway, On Road",1/20/22 10:21
6780,912878,1,41.385424,-72.928497,3411018,1/20/22,16:28:00,O,Property Damage Only,O,No Apparent Injury (O),2,Local,0.2,197,FOUR ROD RD,FOUR ROD RD,EARL AV,,,,,1,Clear,1,Daylight,1,Dry,,"Trafficway, On Road",1/20/22 16:28
2124,899281,1,41.387684,-72.900338,3401376,1/20/22,17:51:00,A,"Injury of any type (Serious, Minor, Possible)",A,Suspected Serious Injury (A),1,State,9.29,10,CT-10,10-N,,Lincoln St.,248.3999939,Feet,S,1,Clear,5,Dark-Not Lighted,1,Dry,17100,"Trafficway, On Road",1/20/22 17:51
1010,899282,1,41.346373,-72.933916,3401377,1/20/22,23:26:00,O,Property Damage Only,O,No Apparent Injury (O),2,State,5.74,10,CT-10,10-N,PUTNAM AV,,,,,1,Clear,4,Dark-Lighted,1,Dry,24800,"Trafficway, On Road",1/20/22 23:26
5903,902658,1,41.364491,-72.929247,3402787,1/21/22,7:08:00,O,Property Damage Only,O,No Apparent Injury (O),2,Local,0.3,42,BENHAM ST,BENHAM ST,MIX AV,Benham Street ,5,Feet,N,1,Clear,1,Daylight,1,Dry,,"Trafficway, On Road",1/21/22 7:08
2126,909016,1,41.388321,-72.900033,3407158,1/21/22,11:51:00,O,Property Damage Only,O,No Apparent Injury (O),2,State,9.34,10,CT-10,10-N,LINCOLN ST,,,,,1,Clear,1,Daylight,1,Dry,17100,"Trafficway, On Road",1/21/22 11:51
1935,903028,1,41.38278,-72.9088,3403157,1/21/22,15:13:00,O,Property Damage Only,O,No Apparent Injury (O),2,State,8.63,10,CT-10,10-N,,EVERGREEN AVE,100,Feet,W,1,Clear,1,Daylight,1,Dry,18600,"Trafficway, On Road",1/21/22 15:13
3083,898041,1,41.36386672,-72.92919776,3400136,1/21/22,15:16:00,O,Property Damage Only,O,No Apparent Injury (O),2,State,49.79,15,15-N,15-N,,Exit 59,0.200000003,TenthsofMile,N,1,Clear,1,Daylight,1,Dry,79100,"Trafficway, On Road",1/21/22 15:16
4110,897550,1,41.378246,-72.905295,3399645,1/21/22,15:30:00,O,Property Damage Only,O,No Apparent Injury (O),2,State,0.17,15,15-S,15-S-122,,15-S,70,Feet,N,1,Clear,1,Daylight,1,Dry,58000,"Trafficway, On Road",1/21/22 15:30
4112,899125,1,41.37827,-72.905291,3401220,1/21/22,17:42:00,O,Property Damage Only,O,No Apparent Injury (O),2,State,0.17,15,15-S,15-S-122,,15-S,80,Feet,N,1,Clear,5,Dark-Not Lighted,1,Dry,58000,"Trafficway, On Road",1/21/22 17:42
291,899268,1,41.360234,-72.925241,3401363,1/22/22,17:12:00,O,Property Damage Only,O,No Apparent Injury (O),2,State,6.8,10,CT-10,10-N,,Red Rock Ter.,30,Feet,N,1,Clear,4,Dark-Lighted,1,Dry,32000,"Trafficway, On Road",1/22/22 17:12
1725,899283,1,41.342272,-72.934803,3401378,1/22/22,19:23:00,A,"Injury of any type (Serious, Minor, Possible)",B,Suspected Minor Injury (B),2,State,5.46,10,CT-10,10-N,,FIRST ST. ,50,Feet,S,1,Clear,4,Dark-Lighted,1,Dry,21200,"Trafficway, On Road",1/22/22 19:23
8337,899284,1,41.34322,-72.937716,3401379,1/22/22,22:21:00,O,Property Damage Only,O,No Apparent Injury (O),2,Local,0.18,484,SECOND ST,SECOND ST,,WARREN ST,40,Feet,W,1,Clear,4,Dark-Lighted,1,Dry,,"Trafficway, On Road",1/22/22 22:21
9230,899285,1,41.355414,-72.963397,3401380,1/23/22,11:04:00,O,Property Damage Only,O,No Apparent Injury (O),3,Local,1.42,594,WINTERGREEN AV,WINTERGREEN AV,PERRY RD,,,,,1,Clear,1,Daylight,1,Dry,,"Trafficway, On Road",1/23/22 11:04
8739,899286,1,41.371233,-72.906719,3401381,1/23/22,11:28:00,O,Property Damage Only,O,No Apparent Injury (O),2,Local,0.02,494,SKIFF ST,SKIFF ST,,WHITNEY AVE,50,Feet,W,1,Clear,1,Daylight,1,Dry,,"Trafficway, On Road",1/23/22 11:28
6961,910153,1,41.335272,-72.92902,3408294,1/23/22,18:02:00,A,"Injury of any type (Serious, Minor, Possible)",C,Possible Injury (C),2,Local,0.48,222,GOODRICH ST,GOODRICH ST,BUTLER ST,,,,,1,Clear,4,Dark-Lighted,1,Dry,,"Trafficway, On Road",1/23/22 18:02
193,899304,1,41.366926,-72.920817,3401399,1/24/22,17:12:00,O,Property Damage Only,O,No Apparent Injury (O),2,State,7.31,10,CT-10,10-N,,CONNOLLY PKWY,70,Feet,S,1,Clear,4,Dark-Lighted,1,Dry,32900,"Trafficway, On Road",1/24/22 17:12
4167,899130,1,41.3793972,-72.90375396,3401225,1/24/22,17:14:00,O,Property Damage Only,O,No Apparent Injury (O),2,State,0.16,15,15-S,15-S-123,,707-N,101,Feet,N,1,Clear,5,Dark-Not Lighted,1,Dry,58000,"Trafficway, On Road",1/24/22 17:14
7676,903029,1,41.4156,-72.8942,3403158,1/25/22,0:55:00,O,Property Damage Only,O,No Apparent Injury (O),1,,99062,,NEW RD,New Road,,Sherman Avenue,25,TenthsofMile,N,8,Blowing Snow,4,Dark-Lighted,3,Snow,,"Trafficway, On Road",1/25/22 0:55
5944,903030,1,41.34104,-72.92494,3403159,1/25/22,12:41:00,O,Property Damage Only,O,No Apparent Injury (O),1,Local,0.09,675,BLAKE CIR,BLAKE CIR,,Blake Road,100,Feet,W,1,Clear,1,Daylight,1,Dry,,"Trafficway, On Road",1/25/22 12:41
1613,914254,1,41.368309,-72.919829,3412394,1/25/22,13:31:00,O,Property Damage Only,O,No Apparent Injury (O),2,State,7.42,10,CT-10,10-N,,Connolly Prkwy.,1,TenthsofMile,N,1,Clear,1,Daylight,1,Dry,22100,"Trafficway, On Road",1/25/22 13:31
3923,899635,1,41.37846,-72.90533,3401730,1/25/22,15:41:00,O,Property Damage Only,O,No Apparent Injury (O),2,State,51.48,15,15-S,15-S,,Rt 15 south,100,Feet,N,1,Clear,1,Daylight,1,Dry,69900,"Trafficway, On Road",1/25/22 15:41
2125,903031,1,41.388314,-72.90004,3403160,1/25/22,16:03:00,O,Property Damage Only,O,No Apparent Injury (O),2,State,9.34,10,CT-10,10-N,LINCOLN ST,,,,,1,Clear,1,Daylight,1,Dry,17100,"Trafficway, On Road",1/25/22 16:03
381,903032,1,41.35903,-72.925794,3403161,1/25/22,17:06:00,A,"Injury of any type (Serious, Minor, Possible)",C,Possible Injury (C),2,State,6.71,10,CT-10,10-N,MATHER ST,,,,,1,Clear,4,Dark-Lighted,1,Dry,27800,"Trafficway, On Road",1/25/22 17:06
8986,903033,1,41.355699,-72.910499,3403162,1/25/22,17:11:00,O,Property Damage Only,O,No Apparent Injury (O),2,Local,0.59,548,WAITE ST,WAITE ST,FORD ST,,,,,1,Clear,1,Daylight,1,Dry,,"Trafficway, On Road",1/25/22 17:11
4113,902779,1,41.37817,-72.90531,3402908,1/25/22,20:00:00,O,Property Damage Only,O,No Apparent Injury (O),2,State,0.18,15,15-S,15-S-122,,Rt 15 SB,10,Feet,W,1,Clear,5,Dark-Not Lighted,1,Dry,58000,"Trafficway, On Road",1/25/22 20:00
8219,903034,1,41.33841773,-72.90199172,3403163,1/25/22,22:16:00,A,"Injury of any type (Serious, Minor, Possible)",A,Suspected Serious Injury (A),1,Local,0.23,452,RIDGE RD,RIDGE RD,,Davis Street,582,Feet,S,1,Clear,4,Dark-Lighted,1,Dry,,"Trafficway, On Road",1/25/22 22:16
1726,903035,1,41.3445,-72.934419,3403164,1/26/22,8:04:00,O,Property Damage Only,O,No Apparent Injury (O),2,State,5.6,10,CT-10,10-N,WOODIN ST,,,,W,1,Clear,1,Daylight,1,Dry,21200,"Trafficway, On Road",1/26/22 8:04
8112,903036,1,41.345689,-72.932986,3403165,1/26/22,10:52:00,O,Property Damage Only,O,No Apparent Injury (O),2,Local,1.12,439,PUTNAM AV,PUTNAM AV,,Dixwell Avenue,150,Feet,E,1,Clear,1,Daylight,1,Dry,,"Trafficway, On Road",1/26/22 10:52
7113,904439,1,41.352445,-72.900665,3404568,1/26/22,12:12:00,O,Property Damage Only,O,No Apparent Injury (O),2,Local,1.03,242,HARTFORD TPK,HARTFORD TPK,,Waite Street,50,Feet,S,1,Clear,1,Daylight,1,Dry,,"Trafficway, On Road",1/26/22 12:12
7886,903037,1,41.35468,-72.92766,3403166,1/26/22,14:05:00,O,Property Damage Only,O,No Apparent Injury (O),2,Local,0,425,PERSHING ST,PERSHING ST,MARNE ST,,,,,1,Clear,1,Daylight,1,Dry,,"Trafficway, On Road",1/26/22 14:05
7717,903038,1,41.341911,-72.9259,3403167,1/26/22,14:41:00,A,"Injury of any type (Serious, Minor, Possible)",C,Possible Injury (C),1,Local,0.13,385,NEWHALL ST,NEWHALL ST,,Augur Street,60,Feet,N,1,Clear,1,Daylight,1,Dry,,"Trafficway, On Road",1/26/22 14:41
1727,903039,1,41.339189,-72.935231,3403168,1/26/22,15:19:00,O,Property Damage Only,O,No Apparent Injury (O),2,State,5.24,10,CT-10,10-N,,Pine St,150,Feet,S,1,Clear,1,Daylight,1,Dry,21200,"Trafficway, On Road",1/26/22 15:19
2285,903040,1,41.38451,-72.901478,3403169,1/26/22,15:42:00,O,Property Damage Only,O,No Apparent Injury (O),2,State,9.06,10,CT-10,10-N,SCHOOL ST,,,,S,1,Clear,1,Daylight,1,Dry,16700,"Trafficway, On Road",1/26/22 15:42
6373,899305,1,41.425363,-72.934519,3401400,1/26/22,18:19:00,O,Property Damage Only,O,No Apparent Injury (O),2,Local,0.24,133,DEERFIELD DR,DEERFIELD DR,,EXETER RD.,250,Feet,E,1,Clear,4,Dark-Lighted,1,Dry,,"Trafficway, On Road",1/26/22 18:19
6960,909017,1,41.33507,-72.9268,3407159,1/26/22,23:26:00,O,Property Damage Only,O,No Apparent Injury (O),2,Local,0.36,222,GOODRICH ST,GOODRICH ST,NEWHALL ST,,,,,1,Clear,4,Dark-Lighted,1,Dry,,"Trafficway, On Road",1/26/22 23:26
7114,914255,1,41.35033,-72.90196,3412395,1/27/22,8:04:00,O,Property Damage Only,O,No Apparent Injury (O),2,Local,0.87,242,HARTFORD TPK,HARTFORD TPK,,,,,,1,Clear,1,Daylight,1,Dry,,"Trafficway, On Road",1/27/22 8:04
3698,932170,1,41.37791,-72.90551,3429323,1/27/22,9:58:00,O,Property Damage Only,O,No Apparent Injury (O),2,State,51.44,15,15-S,15-S,,Exit 61,5,Feet,S,1,Clear,1,Daylight,1,Dry,73800,"Trafficway, On Road",1/27/22 9:58
597,903041,1,41.417677,-72.903539,3403170,1/27/22,11:42:00,O,Property Damage Only,O,No Apparent Injury (O),2,State,11.44,10,CT-10,10-N,,SHERMAN AVE,1,TenthsofMile,N,1,Clear,1,Daylight,1,Dry,26100,"Trafficway, On Road",1/27/22 11:42
7862,902585,1,41.329721,-72.898647,3402714,1/27/22,15:46:00,O,Property Damage Only,O,No Apparent Injury (O),2,Local,0,414,PARK RD,PARK RD,5-N,,,,N,1,Clear,1,Daylight,1,Dry,,"Trafficway, On Road",1/27/22 15:46
1608,903042,1,41.368216,-72.919864,3403171,1/27/22,19:52:00,O,Property Damage Only,O,No Apparent Injury (O),2,State,7.41,10,CT-10,10-N,,connolly parkway,2,TenthsofMile,N,1,Clear,4,Dark-Lighted,1,Dry,22100,"Trafficway, On Road",1/27/22 19:52
382,904440,1,41.358999,-72.925797,3404569,1/27/22,20:23:00,A,"Injury of any type (Serious, Minor, Possible)",B,Suspected Minor Injury (B),2,State,6.71,10,CT-10,10-N,MATHER ST,,,,,1,Clear,4,Dark-Lighted,1,Dry,27800,"Trafficway, On Road",1/27/22 20:23
6499,902971,1,41.337304,-72.935246,3403100,1/27/22,20:41:00,O,Property Damage Only,O,No Apparent Injury (O),2,Local,0.13,142,DIXWELL AV,DIXWELL AV NO 1,,"EASTON ST,.",40,Feet,S,1,Clear,4,Dark-Lighted,1,Dry,,"Trafficway, On Road",1/27/22 20:41
2526,914233,1,41.3811,-72.91266,3412373,1/28/22,11:53:00,O,Property Damage Only,O,No Apparent Injury (O),2,State,8.4,10,CT-10,10-N,SANFORD ST,,,,,7,Snow,1,Daylight,2,Wet,11300,"Trafficway, On Road",1/28/22 11:53
706,903043,1,41.406139,-72.899236,3403172,1/28/22,13:12:00,O,Property Damage Only,O,No Apparent Injury (O),2,State,10.62,10,CT-10,10-N,,HOME PLACE,45,Feet,S,1,Clear,1,Daylight,1,Dry,25600,"Trafficway, On Road",1/28/22 13:12
57,904450,1,41.36519,-72.922165,3404579,1/28/22,14:40:00,O,Property Damage Only,O,No Apparent Injury (O),2,State,7.18,10,CT-10,10-N,,RT15,100,Feet,S,1,Clear,1,Daylight,1,Dry,38500,"Trafficway, On Road",1/28/22 14:40
598,904451,1,41.414553,-72.902285,3404580,1/28/22,14:48:00,O,Property Damage Only,O,No Apparent Injury (O),2,State,11.21,10,CT-10,10-N,,SHERMAN AVE,100,Feet,N,1,Clear,1,Daylight,1,Dry,26100,"Trafficway, On Road",1/28/22 14:48
8113,903044,1,41.3457,-72.914655,3403173,1/28/22,15:13:00,O,Property Damage Only,O,No Apparent Injury (O),1,Local,0.11,439,PUTNAM AV,PUTNAM AV,,Glendale St,5,Feet,E,8,Blowing Snow,1,Daylight,1,Dry,,"Trafficway, Not on Road",1/28/22 15:13
1423,903045,1,41.3505,-72.93157,3403174,1/29/22,7:16:00,O,Property Damage Only,O,No Apparent Injury (O),1,State,6.06,10,CT-10,10-N,,Lexington Avenue,50,Feet,E,8,Blowing Snow,2,Dawn,5,Ice / Frost,22700,"Trafficway, On Road",1/29/22 7:16
5761,903046,1,41.36092,-72.93118,3403175,1/29/22,8:55:00,O,Property Damage Only,O,No Apparent Injury (O),1,Local,0.44,32,BATTIS RD,BATTIS RD,,Grandview Ave,400,Feet,S,7,Snow,1,Daylight,3,Snow,,"Trafficway, On Road",1/29/22 8:55
9334,903047,1,41.35119,-72.95992,3403176,1/29/22,14:41:00,O,Property Damage Only,O,No Apparent Injury (O),1,Local,0.27,598,WOODIN ST,WOODIN ST,,WINTERGREEN AVE.,0.5,TenthsofMile,E,7,Snow,1,Daylight,3,Snow,,"Trafficway, Not on Road",1/29/22 14:41
9335,903048,1,41.3512,-72.95992,3403177,1/29/22,14:41:00,O,Property Damage Only,O,No Apparent Injury (O),1,Local,0.27,598,WOODIN ST,WOODIN ST,,WINTERGREEN AVE.,0.5,TenthsofMile,E,7,Snow,1,Daylight,3,Snow,,"Trafficway, Not on Road",1/29/22 14:41
707,903049,1,41.41373,-72.90197,3403178,1/29/22,20:38:00,O,Property Damage Only,O,No Apparent Injury (O),2,State,11.16,10,CT-10,10-N,,Shermaan Ave.,50,Feet,S,7,Snow,4,Dark-Lighted,3,Snow,25600,"Trafficway, On Road",1/29/22 20:38
7938,904452,1,41.35418,-72.94169,3404581,1/30/22,0:20:00,O,Property Damage Only,O,No Apparent Injury (O),2,Local,0.58,429,PINE ROCK AV,PINE ROCK AV NO 1,,Blacey St,25,Feet,S,1,Clear,4,Dark-Lighted,3,Snow,,"Trafficway, On Road",1/30/22 0:20
1891,904453,1,41.420994,-72.904738,3404582,1/30/22,13:33:00,A,"Injury of any type (Serious, Minor, Possible)",B,Suspected Minor Injury (B),2,State,11.68,10,CT-10,10-N,,Mt Carmel Ave,65,Feet,S,1,Clear,1,Daylight,1,Dry,19300,"Trafficway, On Road",1/30/22 13:33
8115,909018,1,41.34559,-72.93273,3407160,1/30/22,13:39:00,O,Property Damage Only,O,No Apparent Injury (O),2,Local,1.11,439,PUTNAM AV,PUTNAM AV,,dixwell ave,120,Feet,E,1,Clear,1,Daylight,1,Dry,,"Trafficway, On Road",1/30/22 13:39
6500,903050,1,41.33575,-72.93517,3403179,1/30/22,23:45:00,O,Property Damage Only,O,No Apparent Injury (O),2,Local,0.02,142,DIXWELL AV,DIXWELL AV NO 1,GOODRICH ST,,,,,1,Clear,4,Dark-Lighted,5,Ice / Frost,,"Trafficway, On Road",1/30/22 23:45
2571,904454,1,41.338413,-72.938819,3404583,1/31/22,5:33:00,A,"Injury of any type (Serious, Minor, Possible)",B,Suspected Minor Injury (B),2,State,5,10,CT-10,10-N,,Burke Street,105,Feet,E,1,Clear,4,Dark-Lighted,5,Ice / Frost,11200,"Trafficway, On Road",1/31/22 5:33
3166,932513,1,41.37503,-72.90887,3429666,1/31/22,9:28:00,O,Property Damage Only,O,No Apparent Injury (O),3,State,51.19,15,15-N,15-N,,Exit 61,5,TenthsofMile,S,1,Clear,1,Daylight,3,Snow,73800,"Trafficway, On Road",1/31/22 9:28
3097,932172,1,41.355865,-72.947307,3429325,1/31/22,11:47:00,O,Property Damage Only,O,No Apparent Injury (O),1,State,48.69,15,15-N,15-N,,15-N-220,10,TenthsofMile,S,1,Clear,1,Daylight,1,Dry,79100,"Trafficway, On Road",1/31/22 11:47
1730,915639,1,41.34241,-72.93472,3412796,1/31/22,11:49:00,O,Property Damage Only,O,No Apparent Injury (O),2,State,5.47,10,CT-10,10-N,FIRST ST,,,,,1,Clear,1,Daylight,1,Dry,21200,"Trafficway, On Road",1/31/22 11:49
5161,904455,1,41.365086,-72.908475,3404584,1/31/22,15:41:00,O,Property Damage Only,O,No Apparent Injury (O),2,State,2.32,707,WHITNEY AV,707-N,WAKEFIELD ST,,,,,1,Clear,1,Daylight,1,Dry,13400,"Trafficway, On Road",1/31/22 15:41
708,910909,1,41.405167,-72.898831,3409050,1/31/22,17:11:00,O,Property Damage Only,O,No Apparent Injury (O),2,State,10.54,10,CT-10,10-N,,Ives St,1,TenthsofMile,N,1,Clear,1,Daylight,2,Wet,25600,"Trafficway, On Road",1/31/22 17:11
59,913585,1,41.36455,-72.92265,3411725,2/1/22,6:24:00,O,Property Damage Only,O,No Apparent Injury (O),2,State,7.13,10,CT-10,10-N,,Dewey St.,50,Feet,N,1,Clear,1,Daylight,1,Dry,38500,"Trafficway, On Road",2/1/22 6:24
2572,904456,1,41.33837,-72.93874,3404585,2/1/22,12:54:00,O,Property Damage Only,O,No Apparent Injury (O),2,State,5.01,10,CT-10,10-N,,Dix St,100,Feet,W,1,Clear,1,Daylight,1,Dry,11200,"Trafficway, On Road",2/1/22 12:54
3634,932515,1,41.362516,-72.931674,3429668,2/1/22,14:44:00,O,Property Damage Only,O,No Apparent Injury (O),2,State,49.64,15,15-S,15-S,,Exit 60,5,TenthsofMile,S,1,Clear,1,Daylight,1,Dry,79100,"Trafficway, On Road",2/1/22 14:44
6501,904457,1,41.336464,-72.935245,3404586,2/1/22,19:11:00,O,Property Damage Only,O,No Apparent Injury (O),2,Local,0.07,142,DIXWELL AV,DIXWELL AV NO 1,,Easton St,200,Feet,S,1,Clear,4,Dark-Lighted,1,Dry,,"Trafficway, On Road",2/1/22 19:11
7069,911392,1,41.388321,-72.909774,3409532,2/1/22,21:49:00,A,"Injury of any type (Serious, Minor, Possible)",C,Possible Injury (C),2,Local,0.34,713,HAMDEN HILLS DR,HAMDEN HILLS DR,,Aspen Circle,1,TenthsofMile,W,1,Clear,4,Dark-Lighted,2,Wet,,"Trafficway, On Road",2/1/22 21:49
7427,917196,1,41.339742,-72.926446,3414353,2/2/22,8:48:00,A,"Injury of any type (Serious, Minor, Possible)",C,Possible Injury (C),2,Local,0.68,365,MILL ROCK RD,MILL ROCK RD,NEWHALL ST,,,,,2,Cloudy,1,Daylight,1,Dry,,"Trafficway, On Road",2/2/22 8:48
6016,908161,1,41.45992336,-72.91865285,3406303,2/2/22,12:11:00,A,"Injury of any type (Serious, Minor, Possible)",C,Possible Injury (C),1,Local,1.46,66,BROOKSVALE AV,BROOKSVALE AV,MT SANFORD RD NO 2,,,,,1,Clear,1,Daylight,1,Dry,,"Trafficway, On Road",2/2/22 12:11
3382,907498,1,41.380305,-72.901134,3405640,2/2/22,14:33:00,O,Property Damage Only,O,No Apparent Injury (O),2,State,0.03,15,15-N,15-N-124,,15-N,10,Feet,E,1,Clear,1,Daylight,1,Dry,58100,"Trafficway, On Road",2/2/22 14:33
7395,913587,1,41.356563,-72.921132,3411727,2/2/22,15:43:00,A,"Injury of any type (Serious, Minor, Possible)",B,Suspected Minor Injury (B),1,Local,0.71,352,MATHER ST,MATHER ST,,Waite Street,85,Feet,N,2,Cloudy,1,Daylight,2,Wet,,"Trafficway, On Road",2/2/22 15:43
383,911393,1,41.358686,-72.925953,3409533,2/2/22,16:29:00,O,Property Damage Only,O,No Apparent Injury (O),2,State,6.69,10,CT-10,10-N,,Mather Street,100,Feet,S,1,Clear,1,Daylight,1,Dry,27800,"Trafficway, On Road",2/2/22 16:29
9104,904458,1,41.432949,-72.92773,3404587,2/2/22,19:39:00,A,"Injury of any type (Serious, Minor, Possible)",C,Possible Injury (C),2,Local,0.76,573,WEST TODD ST,WEST TODD ST,STILL HILL RD,,,,,1,Clear,4,Dark-Lighted,1,Dry,,"Trafficway, On Road",2/2/22 19:39
3085,907303,1,41.363041,-72.930437,3405445,2/2/22,19:56:00,A,"Injury of any type (Serious, Minor, Possible)",C,Possible Injury (C),1,State,49.7,15,15-N,15-N,,15-N-220,3,TenthsofMile,S,1,Clear,5,Dark-Not Lighted,1,Dry,79100,"Trafficway, On Road",2/2/22 19:56
7167,913588,1,41.347523,-72.937814,3411728,2/3/22,1:01:00,O,Property Damage Only,O,No Apparent Injury (O),2,Local,0.2,251,HELEN ST,HELEN ST,,Alenier Street,50,Feet,W,1,Clear,5,Dark-Not Lighted,1,Dry,,"Trafficway, On Road",2/3/22 1:01
5905,913589,1,41.366006,-72.936157,3411729,2/3/22,1:21:00,A,"Injury of any type (Serious, Minor, Possible)",B,Suspected Minor Injury (B),1,Local,0.68,42,BENHAM ST,BENHAM ST,,Denslow Hill Road,140,Feet,E,1,Clear,4,Dark-Lighted,1,Dry,,"Trafficway, On Road",2/3/22 1:21
717,917846,1,41.40969,-72.9006,3415003,2/3/22,10:54:00,O,Property Damage Only,O,No Apparent Injury (O),2,State,10.88,10,CT-10,10-N,EVERGREEN AV,,,,,6,Freezing Rain or Freezing Drizzle,1,Daylight,2,Wet,25600,"Trafficway, On Road",2/3/22 10:54
1531,904459,1,41.346809,-72.933652,3404588,2/3/22,12:28:00,O,Property Damage Only,O,No Apparent Injury (O),2,State,5.78,10,CT-10,10-N,,Circular Ave,100,Feet,N,4,Rain,1,Daylight,2,Wet,22500,"Trafficway, On Road",2/3/22 12:28
8271,911408,1,41.38233,-72.91844,3409548,2/3/22,13:50:00,O,Property Damage Only,O,No Apparent Injury (O),2,Local,0.31,477,SANFORD ST,SANFORD ST,MILLPOND RD,,,,,4,Rain,1,Daylight,2,Wet,,"Trafficway, On Road",2/3/22 13:50