,CrashId,Fatal Case Status,lat,lon,DOT Case Number,Date Of Crash,Time of Crash,Crash Severity,Crash Severity Text Format,Most Severe Injury,Most Severe Injury Text Format,Number Of Motor Vehicles,Route Class Text Format,Milemarker,Road Number,Road Description,Roadway Name,Intersecting Roadway Name,Landmark Description,Distance From Nearest Landmark,Unit Of Measure From Nearest Landmark,Direction From Nearest Landmark,Weather Condition,Weather Condition Text Format,Light Condition,Light Condition Text Format,Road Surface Condition,Road Surface Condition Text Format,Average Daily Traffic,Trafficway Class Text Format,full_date
7516,917156,1,41.376383,-72.920357,3414313,2/3/22,13:56:00,O,Property Damage Only,O,No Apparent Injury (O),2,Local,0.95,366,MIX AV,MIX AV,SKIFF ST EXT,,,,,4,Rain,1,Daylight,2,Wet,,"Trafficway, On Road",2/3/22 13:56
1728,904460,1,41.339205,-72.93521,3404589,2/3/22,14:27:00,O,Property Damage Only,O,No Apparent Injury (O),2,State,5.24,10,CT-10,10-N,,Arch Street,100,Feet,N,4,Rain,1,Daylight,2,Wet,21200,"Trafficway, On Road",2/3/22 14:27
1936,915627,1,41.381241,-72.912168,3412784,2/3/22,19:44:00,O,Property Damage Only,O,No Apparent Injury (O),2,State,8.42,10,CT-10,10-N,,Sanford St,50,Feet,N,4,Rain,4,Dark-Lighted,2,Wet,18600,"Trafficway, On Road",2/3/22 19:44
2127,911409,1,41.390429,-72.898777,3409549,2/4/22,8:32:00,A,"Injury of any type (Serious, Minor, Possible)",C,Possible Injury (C),2,State,9.49,10,CT-10,10-N,,Farrell St,200,Feet,S,4,Rain,1,Daylight,2,Wet,17100,"Trafficway, On Road",2/4/22 8:32
1610,911410,1,41.369387,-72.919148,3409550,2/4/22,19:07:00,O,Property Damage Only,O,No Apparent Injury (O),2,State,7.5,10,CT-10,10-N,,entrance of the hamden plaza,20,Feet,S,4,Rain,4,Dark-Lighted,2,Wet,22100,"Trafficway, On Road",2/4/22 19:07
7995,953845,1,41.336061,-72.919401,3450985,2/4/22,23:53:00,O,Property Damage Only,O,No Apparent Injury (O),1,Local,0.15,438,PROSPECT ST,PROSPECT ST,MORSE ST,,,,,7,Snow,4,Dark-Lighted,5,Ice / Frost,,"Trafficway, Not on Road",2/4/22 23:53
6508,919639,1,41.33834,-72.93529,3416796,2/5/22,13:32:00,O,Property Damage Only,O,No Apparent Injury (O),2,Local,0.2,142,DIXWELL AV,DIXWELL AV NO 1,10-N,arch street,10,Feet,N,1,Clear,1,Daylight,1,Dry,,"Trafficway, On Road",2/5/22 13:32
4860,912662,1,41.347991,-72.913173,3410802,2/5/22,18:13:00,O,Property Damage Only,O,No Apparent Injury (O),2,State,1.08,707,WHITNEY AV,707-N,TREADWELL ST,,,,,1,Clear,4,Dark-Lighted,1,Dry,17100,"Trafficway, On Road",2/5/22 18:13
709,911411,1,41.413826,-72.902035,3409551,2/5/22,19:21:00,O,Property Damage Only,O,No Apparent Injury (O),2,State,11.17,10,CT-10,10-N,SHERMAN AV NO 2,,,,,1,Clear,4,Dark-Lighted,1,Dry,25600,"Trafficway, On Road",2/5/22 19:21
2528,919640,1,41.38085,-72.91256,3416797,2/7/22,8:10:00,O,Property Damage Only,O,No Apparent Injury (O),2,State,8.38,10,CT-10,10-N,,Sanford St,55,Feet,S,7,Snow,1,Daylight,2,Wet,11300,"Trafficway, On Road",2/7/22 8:10
293,913590,1,41.35986,-72.92534,3411730,2/7/22,8:39:00,O,Property Damage Only,O,No Apparent Injury (O),2,State,6.78,10,CT-10,10-N,,Lee St,100,Feet,S,7,Snow,1,Daylight,2,Wet,32000,"Trafficway, On Road",2/7/22 8:39
1615,917847,1,41.368412,-72.919838,3415004,2/8/22,8:01:00,O,Property Damage Only,O,No Apparent Injury (O),2,State,7.42,10,CT-10,10-N,,Connelly Prkwy.,528,Feet,N,2,Cloudy,1,Daylight,2,Wet,22100,"Trafficway, On Road",2/8/22 8:01
1616,917848,1,41.368961,-72.919508,3415005,2/8/22,8:14:00,O,Property Damage Only,O,No Apparent Injury (O),2,State,7.46,10,CT-10,10-N,,Connelly Prkwy.,750,Feet,N,2,Cloudy,1,Daylight,2,Wet,22100,"Trafficway, On Road",2/8/22 8:14
5284,911412,1,41.356557,-72.911098,3409552,2/8/22,17:01:00,O,Property Damage Only,O,No Apparent Injury (O),2,State,1.7,707,WHITNEY AV,707-N,,Waite Street,265,Feet,N,2,Cloudy,1,Daylight,1,Dry,11800,"Trafficway, On Road",2/8/22 17:01
3773,934395,1,41.37932,-72.90309,3431546,2/9/22,9:58:00,O,Property Damage Only,O,No Apparent Injury (O),2,State,51.64,15,15-S,15-S,,Exit 61,1,TenthsofMile,N,1,Clear,1,Daylight,1,Dry,72100,"Trafficway, On Road",2/9/22 9:58
1609,910987,1,41.370065,-72.918798,3409128,2/9/22,12:50:00,A,"Injury of any type (Serious, Minor, Possible)",C,Possible Injury (C),2,State,7.55,10,CT-10,10-N,,Connolly Parkway,2,TenthsofMile,N,1,Clear,1,Daylight,1,Dry,22100,"Trafficway, On Road",2/9/22 12:50
5480,911413,1,41.383171,-72.899685,3409553,2/10/22,14:54:00,O,Property Damage Only,O,No Apparent Injury (O),2,State,0.11,717,DIXWELL AV,717-E,,Washington Ave,155,Feet,W,1,Clear,1,Daylight,1,Dry,15700,"Trafficway, On Road",2/10/22 14:54
6228,912992,1,41.350703,-72.935381,3411132,2/10/22,15:22:00,O,Property Damage Only,O,No Apparent Injury (O),2,Local,1.08,99,CIRCULAR AV,CIRCULAR AV,COLLINS ST,,,,,1,Clear,1,Daylight,1,Dry,,"Trafficway, On Road",2/10/22 15:22
7396,913591,1,41.348813,-72.914194,3411731,2/10/22,18:27:00,A,"Injury of any type (Serious, Minor, Possible)",C,Possible Injury (C),2,Local,0.07,352,MATHER ST,MATHER ST,,Treadwell Street,400,Feet,N,1,Clear,4,Dark-Lighted,1,Dry,,"Trafficway, On Road",2/10/22 18:27
3008,913592,1,41.37636,-72.91502,3411732,2/10/22,20:54:00,O,Property Damage Only,O,No Apparent Injury (O),2,Local,0.14,144,CT-10,DIXWELL AV NO 2 RT 10 NB,,Shepard Ave,20,Feet,S,1,Clear,4,Dark-Lighted,1,Dry,,"Trafficway, On Road",2/10/22 20:54
7641,911762,1,41.423274,-72.883118,3409902,2/11/22,7:38:00,A,"Injury of any type (Serious, Minor, Possible)",C,Possible Injury (C),1,Local,0.63,375,MOUNT CARMEL AV,MOUNT CARMEL AV,,RIDGE ROAD,200,Feet,W,1,Clear,1,Daylight,1,Dry,,"Trafficway, On Road",2/11/22 7:38
292,913252,1,41.362661,-72.9238,3411392,2/11/22,7:54:00,O,Property Damage Only,O,No Apparent Injury (O),2,State,6.98,10,CT-10,10-N,BENHAM ST,,,,,1,Clear,1,Daylight,1,Dry,32000,"Trafficway, On Road",2/11/22 7:54
297,920951,1,41.362034,-72.924143,3418108,2/11/22,13:13:00,A,"Injury of any type (Serious, Minor, Possible)",C,Possible Injury (C),2,State,6.94,10,CT-10,10-N,,Benham St,240,Feet,S,1,Clear,1,Daylight,1,Dry,32000,"Trafficway, On Road",2/11/22 13:13
8328,920905,1,41.3529,-72.89194,3418062,2/11/22,15:36:00,O,Property Damage Only,O,No Apparent Injury (O),2,Local,0.41,483,SEBEC ST,SEBEC ST,,STATE STREET ,50,Feet,W,1,Clear,1,Daylight,1,Dry,,"Trafficway, On Road",2/11/22 15:36
3408,911763,1,41.36533,-72.92207,3409903,2/11/22,16:49:00,O,Property Damage Only,O,No Apparent Injury (O),2,State,0.18,15,15-N,15-N-220,10-N,,,,,1,Clear,1,Daylight,1,Dry,58000,"Trafficway, On Road",2/11/22 16:49
7642,911764,1,41.423462,-72.884665,3409904,2/11/22,17:14:00,O,Property Damage Only,O,No Apparent Injury (O),1,Local,0.55,375,MOUNT CARMEL AV,MOUNT CARMEL AV,,Outer Ridge Rd.,300,Feet,W,1,Clear,1,Daylight,1,Dry,,"Trafficway, On Road",2/11/22 17:14
3007,911765,1,41.374487,-72.915926,3409905,2/11/22,18:09:00,A,"Injury of any type (Serious, Minor, Possible)",B,Suspected Minor Injury (B),2,Local,0,144,CT-10,DIXWELL AV NO 2 RT 10 NB,SKIFF ST,,,,,1,Clear,4,Dark-Lighted,1,Dry,,"Trafficway, On Road",2/11/22 18:09
7397,926435,1,41.35577,-72.92076,3423589,2/11/22,23:20:00,A,"Injury of any type (Serious, Minor, Possible)",B,Suspected Minor Injury (B),1,Local,0.66,352,MATHER ST,MATHER ST,,Waite St,100,Feet,E,1,Clear,5,Dark-Not Lighted,1,Dry,,"Trafficway, On Road",2/11/22 23:20
3087,912052,1,41.36218,-72.93206,3410192,2/11/22,23:21:00,O,Property Damage Only,O,No Apparent Injury (O),1,State,49.6,15,15-N,15-N,,EXIT #60,3,TenthsofMile,S,1,Clear,5,Dark-Not Lighted,1,Dry,79100,"Trafficway, On Road",2/11/22 23:21
3175,912054,1,41.38335,-72.8965,3410194,2/12/22,3:13:00,O,Property Damage Only,O,No Apparent Injury (O),1,State,52.05,15,15-N,15-N,,EXIT #62,500,Feet,S,1,Clear,5,Dark-Not Lighted,1,Dry,73500,"Trafficway, On Road",2/12/22 3:13
8741,915628,1,41.372469,-72.910303,3412785,2/12/22,11:08:00,A,"Injury of any type (Serious, Minor, Possible)",C,Possible Injury (C),2,Local,0.23,494,SKIFF ST,SKIFF ST,,DIXWELL AVENUE,1,TenthsofMile,E,1,Clear,1,Daylight,1,Dry,,"Trafficway, On Road",2/12/22 11:08
1532,910154,1,41.347811,-72.933096,3408295,2/12/22,11:18:00,O,Property Damage Only,O,No Apparent Injury (O),2,State,5.85,10,CT-10,10-N,,PUTMAN AV,568,Feet,N,1,Clear,1,Daylight,1,Dry,22500,"Trafficway, On Road",2/12/22 11:18
7354,912890,1,41.363407,-72.958885,3411030,2/12/22,13:21:00,O,Property Damage Only,O,No Apparent Injury (O),1,Local,0.06,344,MANSUR RD,MANSUR RD,,Cassella Dr,350,Feet,E,1,Clear,1,Daylight,1,Dry,,"Trafficway, On Road",2/12/22 13:21
600,912966,1,41.420531,-72.904505,3411106,2/12/22,17:16:00,O,Property Damage Only,O,No Apparent Injury (O),2,State,11.65,10,CT-10,10-N,,MT. CARMEL AVE.,50,Feet,S,1,Clear,1,Daylight,1,Dry,26100,"Trafficway, On Road",2/12/22 17:16
6503,913593,1,41.336797,-72.935182,3411733,2/12/22,17:44:00,O,Property Damage Only,O,No Apparent Injury (O),2,Local,0.1,142,DIXWELL AV,DIXWELL AV NO 1,,Easton Street,50,Feet,S,1,Clear,4,Dark-Lighted,1,Dry,,"Trafficway, On Road",2/12/22 17:44
6502,912967,1,41.337081,-72.935248,3411107,2/12/22,19:07:00,O,Property Damage Only,O,No Apparent Injury (O),2,Local,0.12,142,DIXWELL AV,DIXWELL AV NO 1,DUDLEY ST,,,,N,1,Clear,4,Dark-Lighted,1,Dry,,"Trafficway, On Road",2/12/22 19:07
9141,913594,1,41.42215,-72.91212,3411734,2/13/22,9:30:00,O,Property Damage Only,O,No Apparent Injury (O),2,Local,0.55,575,WEST WOODS RD,WEST WOODS RD NO 1,,Eramo Ter.,1,TenthsofMile,E,7,Snow,1,Daylight,3,Snow,,"Trafficway, On Road",2/13/22 9:30
710,912968,1,41.41352,-72.90197,3411108,2/13/22,13:48:00,O,Property Damage Only,O,No Apparent Injury (O),2,State,11.15,10,CT-10,10-N,,Sherman Ave,200,Feet,S,1,Clear,1,Daylight,2,Wet,25600,"Trafficway, On Road",2/13/22 13:48
4583,915907,1,41.40124,-72.89769,3413064,2/13/22,15:51:00,O,Property Damage Only,O,No Apparent Injury (O),2,State,3.08,40,40-N,40-N,10-N,,0,,,1,Clear,1,Daylight,2,Wet,20700,"Trafficway, On Road",2/13/22 15:51
3388,910018,1,41.38057,-72.90077,3408159,2/13/22,16:19:00,O,Property Damage Only,O,No Apparent Injury (O),2,State,0.22,15,15-N,15-N-125,,Exit 61,50,Feet,S,1,Clear,1,Daylight,2,Wet,58000,"Trafficway, On Road",2/13/22 16:19
384,923017,1,41.35851,-72.92613,3420174,2/14/22,8:45:00,O,Property Damage Only,O,No Apparent Injury (O),2,State,6.67,10,CT-10,10-N,,Mather St.,200,Feet,S,1,Clear,1,Daylight,1,Dry,27800,"Trafficway, On Road",2/14/22 8:45
3717,910218,1,41.381272,-72.900098,3408359,2/14/22,9:14:00,A,"Injury of any type (Serious, Minor, Possible)",C,Possible Injury (C),2,State,51.86,15,15-S,15-S,,15-S-123,3,TenthsofMile,N,1,Clear,1,Daylight,1,Dry,73500,"Trafficway, On Road",2/14/22 9:14
6303,912969,1,41.36556,-72.91655,3411109,2/14/22,15:34:00,O,Property Damage Only,O,No Apparent Injury (O),1,Local,0.02,111,CONNOLLY PKWY,CONNOLLY PKWY,,Dixwell Avenue,2.5,TenthsofMile,E,1,Clear,1,Daylight,1,Dry,,"Trafficway, On Road",2/14/22 15:34
3274,908693,1,41.380667,-72.900765,3406835,2/14/22,17:33:00,A,"Injury of any type (Serious, Minor, Possible)",B,Suspected Minor Injury (B),2,State,51.76,15,15-N,15-N-12,,15-N,5,Feet,E,1,Clear,4,Dark-Lighted,1,Dry,68500,"Trafficway, On Road",2/14/22 17:33
599,911766,1,41.41483,-72.90249,3409906,2/14/22,19:18:00,O,Property Damage Only,O,No Apparent Injury (O),2,State,11.24,10,CT-10,10-N,,SHERMAN AVE,175,Feet,N,1,Clear,4,Dark-Lighted,1,Dry,26100,"Trafficway, On Road",2/14/22 19:18
8118,916226,1,41.343632,-72.92673,3413383,2/15/22,7:41:00,O,Property Damage Only,O,No Apparent Injury (O),2,Local,0.74,439,PUTNAM AV,PUTNAM AV,NEWHALL ST,,,,,1,Clear,1,Daylight,1,Dry,,"Trafficway, On Road",2/15/22 7:41
3086,911554,1,41.36398,-72.929023,3409694,2/15/22,10:16:00,O,Property Damage Only,O,No Apparent Injury (O),1,State,49.8,15,15-N,15-N,,Exit 60,2,TenthsofMile,S,1,Clear,1,Daylight,1,Dry,79100,"Trafficway, On Road",2/15/22 10:16
712,912993,1,41.405743,-72.899048,3411133,2/15/22,11:04:00,O,Property Damage Only,O,No Apparent Injury (O),2,State,10.59,10,CT-10,10-N,,Woodruff St,5,TenthsofMile,N,1,Clear,1,Daylight,1,Dry,25600,"Trafficway, On Road",2/15/22 11:04
6229,913014,1,41.34655,-72.93419,3411154,2/15/22,14:04:00,O,Property Damage Only,O,No Apparent Injury (O),2,Local,1.36,99,CIRCULAR AV,CIRCULAR AV,HELEN ST,,,,,1,Clear,1,Daylight,1,Dry,,"Trafficway, On Road",2/15/22 14:04
4168,910052,1,41.37934,-72.90354,3408193,2/15/22,16:24:00,O,Property Damage Only,O,No Apparent Injury (O),2,State,0.17,15,15-S,15-S-123,,Exit 61,100,Feet,S,1,Clear,1,Daylight,1,Dry,58000,"Trafficway, On Road",2/15/22 16:24
722,923668,1,41.40624,-72.89927,3420823,2/15/22,17:20:00,O,Property Damage Only,O,No Apparent Injury (O),2,State,10.63,10,CT-10,10-N,,Dickerman Street,1000,Feet,N,1,Clear,1,Daylight,1,Dry,25600,"Trafficway, On Road",2/15/22 17:20
1611,912970,1,41.3694,-72.919171,3411110,2/15/22,19:01:00,A,"Injury of any type (Serious, Minor, Possible)",A,Suspected Serious Injury (A),1,State,7.5,10,CT-10,10-N,,2135 Dixwell Ave driveway,5,Feet,N,1,Clear,4,Dark-Lighted,1,Dry,22100,"Trafficway, On Road",2/15/22 19:01
4548,912971,1,41.403496,-72.895602,3411111,2/15/22,19:18:00,A,"Injury of any type (Serious, Minor, Possible)",C,Possible Injury (C),2,State,0.14,22,CT-22,22-E,NEW RD,,,,,1,Clear,4,Dark-Lighted,1,Dry,5600,"Trafficway, On Road",2/15/22 19:18
711,912972,1,41.411845,-72.901384,3411112,2/16/22,8:54:00,O,Property Damage Only,O,No Apparent Injury (O),2,State,11.03,10,CT-10,10-N,,Brown Street,165,Feet,N,1,Clear,1,Daylight,1,Dry,25600,"Trafficway, On Road",2/16/22 8:54
9017,917523,1,41.344621,-72.937401,3414680,2/16/22,9:38:00,O,Property Damage Only,O,No Apparent Injury (O),3,Local,0.19,553,WARREN ST,WARREN ST,FOURTH ST,,,,,1,Clear,1,Daylight,1,Dry,,"Trafficway, On Road",2/16/22 9:38
5074,923684,1,41.333814,-72.912109,3420839,2/16/22,17:33:00,O,Property Damage Only,O,No Apparent Injury (O),2,State,0.07,707,WHITNEY AV,707-N,EAST ROCK PARK RD (PRIV),ARMORY ST,1030,Feet,S,1,Clear,1,Daylight,1,Dry,14300,"Trafficway, On Road",2/16/22 17:33
8842,912973,1,41.430424,-72.929095,3411113,2/16/22,17:40:00,O,Property Damage Only,O,No Apparent Injury (O),1,Local,0.72,507,STILL HILL RD,STILL HILL RD,,DOUGLAS ROAD ,150,Feet,N,1,Clear,5,Dark-Not Lighted,1,Dry,,"Trafficway, On Road",2/16/22 17:40
715,916227,1,41.414054,-72.902211,3413384,2/17/22,7:10:00,O,Property Damage Only,O,No Apparent Injury (O),2,State,11.18,10,CT-10,10-N,,Sherman Ave,25,Feet,S,1,Clear,1,Daylight,1,Dry,25600,"Trafficway, On Road",2/17/22 7:10
3924,910079,1,41.378164,-72.905323,3408220,2/17/22,9:10:00,A,"Injury of any type (Serious, Minor, Possible)",C,Possible Injury (C),2,State,51.46,15,15-S,15-S,,Exit 61,5,Feet,S,1,Clear,1,Daylight,2,Wet,69900,"Trafficway, On Road",2/17/22 9:10
5071,912974,1,41.33491,-72.911686,3411114,2/17/22,14:51:00,O,Property Damage Only,O,No Apparent Injury (O),2,State,0.14,707,WHITNEY AV,707-N,,Armory Street,250,Feet,S,1,Clear,1,Daylight,1,Dry,14300,"Trafficway, On Road",2/17/22 14:51
5286,912975,1,41.358875,-72.909874,3411115,2/17/22,18:26:00,A,"Injury of any type (Serious, Minor, Possible)",A,Suspected Serious Injury (A),1,State,1.88,707,WHITNEY AV,707-N,,Gillies Road,100,Feet,N,1,Clear,4,Dark-Lighted,1,Dry,11800,"Trafficway, On Road",2/17/22 18:26
7215,919641,1,41.357023,-72.928408,3416798,2/17/22,19:44:00,O,Property Damage Only,O,No Apparent Injury (O),2,Local,0.05,271,HOMESTEAD AV,HOMESTEAD AV,,Dixwell Ave,200,Feet,W,1,Clear,4,Dark-Lighted,1,Dry,,"Trafficway, On Road",2/17/22 19:44
6834,927509,1,41.4262,-72.9437,3424663,2/17/22,19:53:00,O,Property Damage Only,O,No Apparent Injury (O),1,Local,0.19,208,GAYLORD MOUNTAIN RD,GAYLORD MOUNTAIN RD,,West Woods Road,100,Feet,S,1,Clear,4,Dark-Lighted,1,Dry,,"Trafficway, On Road",2/17/22 19:53
8744,917794,1,41.372356,-72.909962,3414951,2/17/22,23:08:00,O,Property Damage Only,O,No Apparent Injury (O),1,Local,0.21,494,SKIFF ST,SKIFF ST,,Whitney Avenue,2,TenthsofMile,W,4,Rain,4,Dark-Lighted,2,Wet,,"Trafficway, On Road",2/17/22 23:08
3268,910108,1,41.380616,-72.900765,3408249,2/18/22,10:22:00,O,Property Damage Only,O,No Apparent Injury (O),2,State,51.76,15,15-N,15-N,,Exit 61,5,Feet,S,1,Clear,1,Daylight,1,Dry,68500,"Trafficway, On Road",2/18/22 10:22
4980,917849,1,41.33941,-72.9128,3415006,2/18/22,11:35:00,A,"Injury of any type (Serious, Minor, Possible)",B,Suspected Minor Injury (B),2,State,0.47,707,WHITNEY AV,707-N,DEEPWOOD DR,,,,,1,Clear,1,Daylight,1,Dry,14400,"Trafficway, On Road",2/18/22 11:35
8116,912994,1,41.343682,-72.926341,3411134,2/18/22,15:42:00,A,"Injury of any type (Serious, Minor, Possible)",C,Possible Injury (C),2,Local,0.74,439,PUTNAM AV,PUTNAM AV,,Newhall Street,10,Feet,W,1,Clear,1,Daylight,1,Dry,,"Trafficway, On Road",2/18/22 15:42
8117,913595,1,41.345709,-72.914163,3411735,2/18/22,17:35:00,O,Property Damage Only,O,No Apparent Injury (O),2,Local,0.09,439,PUTNAM AV,PUTNAM AV,,Whitney Ave.,475,Feet,W,1,Clear,4,Dark-Lighted,1,Dry,,"Trafficway, On Road",2/18/22 17:35
4114,911090,1,41.378183,-72.905303,3409230,2/18/22,19:20:00,O,Property Damage Only,O,No Apparent Injury (O),2,State,0.18,15,15-S,15-S-122,,15-S,55,Feet,N,1,Clear,5,Dark-Not Lighted,1,Dry,58000,"Trafficway, On Road",2/18/22 19:20
1424,912664,1,41.352055,-72.930859,3410804,2/18/22,21:17:00,O,Property Damage Only,O,No Apparent Injury (O),2,State,6.15,10,CT-10,10-N,OREGON AV,,,,,1,Clear,4,Dark-Lighted,1,Dry,22700,"Trafficway, On Road",2/18/22 21:17
7214,913596,1,41.35703,-72.9283,3411736,2/19/22,4:17:00,O,Property Damage Only,O,No Apparent Injury (O),2,Local,0.04,271,HOMESTEAD AV,HOMESTEAD AV,,Dixwell Ave,100,Feet,W,1,Clear,4,Dark-Lighted,1,Dry,,"Trafficway, On Road",2/19/22 4:17
7364,913597,1,41.33633,-72.92789,3411737,2/19/22,7:49:00,O,Property Damage Only,O,No Apparent Injury (O),2,Local,0.1,349,MARLBORO ST,MARLBORO ST,,Shepard St.,95,Feet,W,1,Clear,1,Daylight,1,Dry,,"Trafficway, On Road",2/19/22 7:49
4169,912931,1,41.37939,-72.90378,3411071,2/19/22,12:15:00,O,Property Damage Only,O,No Apparent Injury (O),2,State,0.16,15,15-S,15-S-123,,Exit #61,100,Feet,S,1,Clear,1,Daylight,5,Ice / Frost,58000,"Trafficway, On Road",2/19/22 12:15
5739,912977,1,41.34355,-72.91513,3411117,2/19/22,12:56:00,O,Property Damage Only,O,No Apparent Injury (O),2,Local,0.16,21,AUGUR ST,AUGUR ST,,JAENICKE LN.,70,Feet,E,7,Snow,1,Daylight,2,Wet,,"Trafficway, On Road",2/19/22 12:56
3088,914584,1,41.34858,-72.96605,3412724,2/19/22,16:28:00,O,Property Damage Only,O,No Apparent Injury (O),1,State,47.56,15,15-N,15-N,,Carbonella Drive,1,TenthsofMile,W,7,Snow,1,Daylight,5,Ice / Frost,79100,"Trafficway, On Road",2/19/22 16:28
4861,913444,1,41.38305,-72.90202,3411584,2/19/22,17:21:00,O,Property Damage Only,O,No Apparent Injury (O),2,State,3.59,707,WHITNEY AV,707-N,,Dixwell Avenue,100,Feet,S,1,Clear,3,Dusk,1,Dry,17100,"Trafficway, On Road",2/19/22 17:21
1729,914290,1,41.339853,-72.935156,3412430,2/19/22,18:22:00,A,"Injury of any type (Serious, Minor, Possible)",B,Suspected Minor Injury (B),2,State,5.29,10,CT-10,10-N,,Pine Street,100,Feet,N,1,Clear,4,Dark-Lighted,5,Ice / Frost,21200,"Trafficway, On Road",2/19/22 18:22
7644,939499,1,41.423145,-72.882212,3436646,2/20/22,1:40:00,O,Property Damage Only,O,No Apparent Injury (O),1,Local,0.68,375,MOUNT CARMEL AV,MOUNT CARMEL AV,,Ridge Road,150,Feet,E,1,Clear,5,Dark-Not Lighted,1,Dry,,"Trafficway, On Road",2/20/22 1:40
2530,923669,1,41.377147,-72.915129,3420824,2/20/22,14:00:00,O,Property Damage Only,O,No Apparent Injury (O),2,State,8.07,10,CT-10,10-N,,Shepard Ave,120,Feet,N,1,Clear,1,Daylight,1,Dry,11300,"Trafficway, On Road",2/20/22 14:00
5162,915629,1,41.37106,-72.906279,3412786,2/21/22,8:09:00,O,Property Damage Only,O,No Apparent Injury (O),2,State,2.74,707,WHITNEY AV,707-N,SKIFF ST,,,,,1,Clear,1,Daylight,1,Dry,13400,"Trafficway, Not on Road",2/21/22 8:09
4115,912119,1,41.378269,-72.905326,3410259,2/21/22,17:28:00,A,"Injury of any type (Serious, Minor, Possible)",C,Possible Injury (C),2,State,0.17,15,15-S,15-S-122,15-S-122,,,,,1,Clear,5,Dark-Not Lighted,1,Dry,58000,"Trafficway, On Road",2/21/22 17:28
9152,917158,1,41.418322,-72.949254,3414315,2/21/22,18:34:00,A,"Injury of any type (Serious, Minor, Possible)",B,Suspected Minor Injury (B),1,Local,0.11,655,WEST WOODS RD,WEST WOODS RD NO 2,,Gaylord MT Road,2350,Feet,S,1,Clear,4,Dark-Lighted,1,Dry,,"Trafficway, On Road",2/21/22 18:34
6392,912879,1,41.339852,-72.938292,3411019,2/22/22,6:01:00,O,Property Damage Only,O,No Apparent Injury (O),2,Local,0.1,141,DIX ST,DIX ST,,Pine Street,50,Feet,N,1,Clear,2,Dawn,1,Dry,,"Trafficway, On Road",2/22/22 6:01
602,917850,1,41.418906,-72.903985,3415007,2/22/22,17:04:00,O,Property Damage Only,O,No Apparent Injury (O),1,State,11.53,10,CT-10,10-N,,Mt Carmel Road,1,TenthsofMile,S,4,Rain,1,Daylight,2,Wet,26100,"Trafficway, Not on Road",2/22/22 17:04
3417,912384,1,41.365655,-72.924405,3410524,2/22/22,18:10:00,A,"Injury of any type (Serious, Minor, Possible)",C,Possible Injury (C),1,State,0.07,15,15-N,15-N-220,,15-N-220,50,Feet,N,4,Rain,5,Dark-Not Lighted,2,Wet,53100,"Trafficway, On Road",2/22/22 18:10
7317,927510,1,41.35129,-72.92254,3424664,2/22/22,19:07:00,O,Property Damage Only,O,No Apparent Injury (O),3,Local,0.8,317,LEEDER HILL DR,LEEDER HILL DR,,Treadwell St,500,Feet,S,4,Rain,4,Dark-Lighted,2,Wet,,"Trafficway, On Road",2/22/22 19:07
5285,912665,1,41.356902,-72.910578,3410805,2/22/22,21:04:00,A,"Injury of any type (Serious, Minor, Possible)",B,Suspected Minor Injury (B),2,State,1.74,707,WHITNEY AV,707-N,,FORD ST,55,Feet,S,4,Rain,4,Dark-Lighted,2,Wet,11800,"Trafficway, On Road",2/22/22 21:04
6640,917851,1,41.40209,-72.90291,3415008,2/23/22,8:15:00,O,Property Damage Only,O,No Apparent Injury (O),2,Local,1.37,174,EVERGREEN AV,EVERGREEN AV,,DICKERMAN ST,30,Feet,S,2,Cloudy,1,Daylight,2,Wet,,"Trafficway, On Road",2/23/22 8:15
7315,912666,1,41.34615,-72.92053,3410806,2/23/22,9:41:00,O,Property Damage Only,O,No Apparent Injury (O),2,Local,0.43,317,LEEDER HILL DR,LEEDER HILL DR,,Treadwell Street,25,TenthsofMile,S,1,Clear,99,Unknown,1,Dry,,"Trafficway, On Road",2/23/22 9:41
718,919643,1,41.403989,-72.898445,3416800,2/23/22,12:58:00,O,Property Damage Only,O,No Apparent Injury (O),2,State,10.46,10,CT-10,10-N,,Dickerman,40,Feet,N,1,Clear,1,Daylight,1,Dry,25600,"Trafficway, On Road",2/23/22 12:58
3251,912131,1,41.378345,-72.904567,3410271,2/23/22,13:37:00,O,Property Damage Only,O,No Apparent Injury (O),3,State,51.52,15,15-N,15-N,,Exit 61,2,TenthsofMile,S,1,Clear,1,Daylight,1,Dry,69900,"Trafficway, On Road",2/23/22 13:37
3383,912501,1,41.38011769,-72.90080128,3410641,2/23/22,14:37:00,O,Property Damage Only,O,No Apparent Injury (O),2,State,0.05,15,15-N,15-N-124,15-N-124,,,,,1,Clear,1,Daylight,1,Dry,58100,"Trafficway, On Road",2/23/22 14:37
1013,920906,1,41.344656,-72.934208,3418063,2/23/22,15:02:00,A,"Injury of any type (Serious, Minor, Possible)",C,Possible Injury (C),1,State,5.61,10,CT-10,10-N,,Woodin Street,50,Feet,N,1,Clear,1,Daylight,1,Dry,24800,"Trafficway, On Road",2/23/22 15:02
2128,919623,1,41.38494,-72.90138,3416780,2/23/22,18:51:00,O,Property Damage Only,O,No Apparent Injury (O),2,State,9.09,10,CT-10,10-N,WHITNEY AVE,School St,200,Feet,N,1,Clear,4,Dark-Lighted,1,Dry,17100,"Trafficway, On Road",2/23/22 18:51
4676,923685,1,41.331993,-72.900387,3420840,2/23/22,23:12:00,O,Property Damage Only,O,No Apparent Injury (O),2,USRoute,1.31,5,US-5,5-N,,Hyde St.,100,Feet,S,1,Clear,4,Dark-Lighted,1,Dry,14500,"Trafficway, Not on Road",2/23/22 23:12