,CrashId,Fatal Case Status,lat,lon,DOT Case Number,Date Of Crash,Time of Crash,Crash Severity,Crash Severity Text Format,Most Severe Injury,Most Severe Injury Text Format,Number Of Motor Vehicles,Route Class Text Format,Milemarker,Road Number,Road Description,Roadway Name,Intersecting Roadway Name,Landmark Description,Distance From Nearest Landmark,Unit Of Measure From Nearest Landmark,Direction From Nearest Landmark,Weather Condition,Weather Condition Text Format,Light Condition,Light Condition Text Format,Road Surface Condition,Road Surface Condition Text Format,Average Daily Traffic,Trafficway Class Text Format,full_date
3174,911518,1,41.38385394,-72.89549562,3409658,2/24/22,1:24:00,O,Property Damage Only,O,No Apparent Injury (O),1,State,52.11,15,15-N,15-N,,15-N-127,200,Feet,S,1,Clear,5,Dark-Not Lighted,1,Dry,73500,"Trafficway, On Road",2/24/22 1:24
3934,937051,1,41.3786,-72.90471,3434201,2/24/22,7:43:00,O,Property Damage Only,O,No Apparent Injury (O),2,State,51.53,15,15-S,15-S,,Exit 61,5,Feet,S,1,Clear,1,Daylight,1,Dry,69900,"Trafficway, On Road",2/24/22 7:43
8955,942693,1,41.35381,-72.940464,3439839,2/24/22,14:42:00,O,Property Damage Only,O,No Apparent Injury (O),2,Local,0.27,540,VILLAGE CIR,VILLAGE CIR,MEADOW RD,,,,,1,Clear,1,Daylight,1,Dry,,"Trafficway, On Road",2/24/22 14:42
1426,916228,1,41.35135,-72.93131,3413385,2/24/22,15:08:00,O,Property Damage Only,O,No Apparent Injury (O),2,State,6.11,10,CT-10,10-N,BEACON ST,,,,,1,Clear,1,Daylight,1,Dry,22700,"Trafficway, On Road",2/24/22 15:08
3925,912142,1,41.378689,-72.904387,3410282,2/24/22,15:27:00,O,Property Damage Only,O,No Apparent Injury (O),2,State,51.55,15,15-S,15-S,,Route 15 South,100,Feet,N,1,Clear,1,Daylight,1,Dry,69900,"Trafficway, On Road",2/24/22 15:27
713,913253,1,41.41419,-72.902142,3411393,2/24/22,18:42:00,A,"Injury of any type (Serious, Minor, Possible)",B,Suspected Minor Injury (B),2,State,11.19,10,CT-10,10-N,,SHERMAN AVE,20,Feet,S,1,Clear,4,Dark-Lighted,1,Dry,25600,"Trafficway, On Road",2/24/22 18:42
6526,913254,1,41.344031,-72.934659,3411394,2/24/22,20:48:00,O,Property Damage Only,O,No Apparent Injury (O),2,,,,DIXWELL AV,DIXWELL AVE,,Third Street,100,Feet,N,1,Clear,4,Dark-Lighted,1,Dry,,"Trafficway, Not on Road",2/24/22 20:48
3163,914370,1,41.3775,-72.90595,3412510,2/24/22,21:38:00,O,Property Damage Only,O,No Apparent Injury (O),3,State,51.43,15,15-N,15-N,,Exit 61,3,TenthsofMile,S,1,Clear,5,Dark-Not Lighted,1,Dry,73800,"Trafficway, On Road",2/24/22 21:38
6309,926436,1,41.33291,-72.90022,3423590,2/25/22,3:09:00,O,Property Damage Only,O,No Apparent Injury (O),2,Local,0.12,112,COOK ST,COOK ST,,State Street,50,Feet,E,7,Snow,4,Dark-Lighted,5,Ice / Frost,,"Trafficway, On Road",2/25/22 3:09
3108,960167,1,41.34723,-72.9676,3457307,2/25/22,7:07:00,O,Property Damage Only,O,No Apparent Injury (O),1,State,47.44,15,15-N,15-N,,Exit 59,8,TenthsofMile,N,6,Freezing Rain or Freezing Drizzle,1,Daylight,4,Slush,79100,"Trafficway, Not on Road",2/25/22 7:07
6504,917159,1,41.33825,-72.93524,3414316,2/25/22,10:55:00,O,Property Damage Only,O,No Apparent Injury (O),2,Local,0.2,142,DIXWELL AV,DIXWELL AV NO 1,10-N,,,,,2,Cloudy,1,Daylight,5,Ice / Frost,,"Trafficway, On Road",2/25/22 10:55
5260,913598,1,41.34819,-72.91319,3411738,2/25/22,10:58:00,O,Property Damage Only,O,No Apparent Injury (O),1,State,1.09,707,WHITNEY AV,707-N,WHITNEY AVE,Mather Street,50,Feet,N,6,Freezing Rain or Freezing Drizzle,1,Daylight,5,Ice / Frost,11900,"Trafficway, Not on Road",2/25/22 10:58
7070,919624,1,41.389419,-72.911382,3416781,2/25/22,11:26:00,A,"Injury of any type (Serious, Minor, Possible)",B,Suspected Minor Injury (B),2,Local,0.23,713,HAMDEN HILLS DR,HAMDEN HILLS DR,,SHERMAN LANE,50,Feet,W,5,Sleet or Hail ,1,Daylight,5,Ice / Frost,,"Trafficway, On Road",2/25/22 11:26
7257,913255,1,41.397064,-72.910071,3411395,2/25/22,12:20:00,O,Property Damage Only,O,No Apparent Injury (O),2,Local,0.64,302,KNOB HILL DR,KNOB HILL DR,,FLOWER DRIVE,300,Feet,S,7,Snow,1,Daylight,5,Ice / Frost,,"Trafficway, On Road",2/25/22 12:20
8742,917160,1,41.37161,-72.90758,3414317,2/25/22,12:54:00,O,Property Damage Only,O,No Apparent Injury (O),2,Local,0.07,494,SKIFF ST,SKIFF ST,,Whitney Ave,1,TenthsofMile,W,2,Cloudy,1,Daylight,4,Slush,,"Trafficway, On Road",2/25/22 12:54
6963,919625,1,41.334925,-72.924993,3416782,2/25/22,15:24:00,O,Property Damage Only,O,No Apparent Injury (O),2,Local,0.26,222,GOODRICH ST,GOODRICH ST,WINCHESTER AV,,,,,4,Rain,1,Daylight,2,Wet,,"Trafficway, On Road",2/25/22 15:24
298,920952,1,41.36276,-72.92404,3418109,2/25/22,16:27:00,O,Property Damage Only,O,No Apparent Injury (O),2,State,6.98,10,CT-10,10-N,DIXWELL AVE,Benham Hill Road,10,Feet,N,1,Clear,1,Daylight,1,Dry,32000,"Trafficway, On Road",2/25/22 16:27
1425,915919,1,41.353739,-72.929904,3413076,2/25/22,17:59:00,O,Property Damage Only,O,No Apparent Injury (O),2,State,6.29,10,CT-10,10-N,MILLIS ST,,,,,1,Clear,4,Dark-Lighted,1,Dry,22700,"Trafficway, On Road",2/25/22 17:59
6732,919626,1,41.391228,-72.899333,3416783,2/25/22,20:09:00,O,Property Damage Only,O,No Apparent Injury (O),2,Local,0.05,182,FARRELL ST,FARRELL ST,LINDEN AV,,,,,1,Clear,4,Dark-Lighted,3,Snow,,"Trafficway, On Road",2/25/22 20:09
6230,919627,1,41.348728,-72.934813,3416784,2/26/22,2:04:00,O,Property Damage Only,O,No Apparent Injury (O),2,Local,1.22,99,CIRCULAR AV,CIRCULAR AV,BRADLEY AV,,,,,1,Clear,4,Dark-Lighted,1,Dry,,"Trafficway, Not on Road",2/26/22 2:04
61,917172,1,41.36375,-72.92307,3414329,2/26/22,13:14:00,O,Property Damage Only,O,No Apparent Injury (O),2,State,7.06,10,CT-10,10-N,WHEELER ST,,,,,1,Clear,1,Daylight,1,Dry,38500,"Trafficway, On Road",2/26/22 13:14
2608,917173,1,41.33829,-72.94099,3414330,2/26/22,14:50:00,A,"Injury of any type (Serious, Minor, Possible)",B,Suspected Minor Injury (B),2,State,4.88,10,CT-10,10-N,ARCH ST,,,,,1,Clear,1,Daylight,1,Dry,10700,"Trafficway, On Road",2/26/22 14:50
7718,917174,1,41.3369,-72.9268,3414331,2/26/22,20:04:00,O,Property Damage Only,O,No Apparent Injury (O),2,Local,0.48,385,NEWHALL ST,NEWHALL ST,,Morse Street,100,Feet,S,1,Clear,4,Dark-Lighted,1,Dry,,"Trafficway, On Road",2/26/22 20:04
3209,913421,1,41.37969722,-72.90240194,3411561,2/27/22,11:52:00,O,Property Damage Only,O,No Apparent Injury (O),2,State,51.67,15,15-N,15-N,,15-N-124,5,TenthsofMile,S,1,Clear,1,Daylight,1,Dry,72100,"Trafficway, On Road",2/27/22 11:52
8528,913599,1,41.382169,-72.920053,3411739,2/27/22,15:52:00,O,Property Damage Only,O,No Apparent Injury (O),2,Local,0.47,489,SHEPARD AV,SHEPARD AV,SANFORD ST,,,,,1,Clear,1,Daylight,1,Dry,,"Trafficway, On Road",2/27/22 15:52
3926,914221,1,41.37833,-72.90532,3412361,2/28/22,8:39:00,O,Property Damage Only,O,No Apparent Injury (O),2,State,51.47,15,15-S,15-S,,RT 15,10,Feet,N,1,Clear,1,Daylight,1,Dry,69900,"Trafficway, On Road",2/28/22 8:39
2527,917852,1,41.38014,-72.91345,3415009,2/28/22,8:56:00,A,"Injury of any type (Serious, Minor, Possible)",C,Possible Injury (C),2,State,8.31,10,CT-10,10-N,,SANFORD ST,1,TenthsofMile,S,1,Clear,1,Daylight,1,Dry,11300,"Trafficway, On Road",2/28/22 8:56
1012,917853,1,41.34599,-72.93398,3415010,2/28/22,10:01:00,O,Property Damage Only,O,No Apparent Injury (O),2,State,5.74,10,CT-10,10-N,CIRCULAR AV,,,,,1,Clear,1,Daylight,1,Dry,24800,"Trafficway, On Road",2/28/22 10:01
2444,917854,1,41.40005,-72.89759,3415011,2/28/22,10:05:00,O,Property Damage Only,O,No Apparent Injury (O),2,State,10.19,10,CT-10,10-N,,Rt.40,10,Feet,S,1,Clear,1,Daylight,1,Dry,13000,"Trafficway, On Road",2/28/22 10:05
3240,912805,1,41.38105,-72.90027,3410945,2/28/22,16:24:00,O,Property Damage Only,O,No Apparent Injury (O),2,State,51.79,15,15-N,15-N,,Entrance Ramp 61,1,TenthsofMile,N,1,Clear,1,Daylight,1,Dry,71100,"Trafficway, On Road",2/28/22 16:24
4116,916299,1,41.37814,-72.90531,3413456,2/28/22,16:24:00,O,Property Damage Only,O,No Apparent Injury (O),2,State,0.18,15,15-S,15-S-122,,Entrance Ramp 61,10,Feet,N,1,Clear,1,Daylight,1,Dry,58000,"Trafficway, On Road",2/28/22 16:24
5072,913256,1,41.336431,-72.911398,3411396,2/28/22,16:46:00,A,"Injury of any type (Serious, Minor, Possible)",C,Possible Injury (C),3,State,0.25,707,WHITNEY AV,707-N,,Armory St.,50,Feet,S,1,Clear,3,Dusk,1,Dry,14300,"Trafficway, On Road",2/28/22 16:46
714,913600,1,41.405858,-72.899096,3411740,2/28/22,16:55:00,O,Property Damage Only,O,No Apparent Injury (O),2,State,10.6,10,CT-10,10-N,,WOODRUFF ST.,100,Feet,N,1,Clear,1,Daylight,1,Dry,25600,"Trafficway, On Road",2/28/22 16:55
601,913601,1,41.417878,-72.90362,3411741,2/28/22,17:25:00,A,"Injury of any type (Serious, Minor, Possible)",C,Possible Injury (C),2,State,11.46,10,CT-10,10-N,,WEST WOODS RD.,2,TenthsofMile,S,1,Clear,1,Daylight,1,Dry,26100,"Trafficway, On Road",2/28/22 17:25
4978,913602,1,41.343736,-72.912062,3411742,3/1/22,7:41:00,O,Property Damage Only,O,No Apparent Injury (O),2,State,0.78,707,WHITNEY AV,707-N,,,,,,1,Clear,1,Daylight,1,Dry,14400,"Trafficway, On Road",3/1/22 7:41
7601,917175,1,41.337937,-72.933419,3414332,3/1/22,8:49:00,O,Property Damage Only,O,No Apparent Injury (O),2,Local,0.09,370,MORSE ST,MORSE ST,,Columbus St.,50,Feet,E,1,Clear,1,Daylight,1,Dry,,"Trafficway, On Road",3/1/22 8:49
8807,919644,1,41.37483,-72.9165,3416801,3/1/22,16:02:00,O,Property Damage Only,O,No Apparent Injury (O),2,Local,0.04,495,SKIFF ST EXT,SKIFF ST EXT,,Dixwell Avenue ,100,Feet,W,1,Clear,1,Daylight,1,Dry,,"Trafficway, On Road",3/1/22 16:02
5542,913603,1,41.37523,-72.91596,3411743,3/1/22,16:40:00,O,Property Damage Only,O,No Apparent Injury (O),2,State,0.12,753,CT-10,753-S,,Skiff Street ,200,Feet,N,1,Clear,1,Daylight,1,Dry,15800,"Trafficway, On Road",3/1/22 16:40
6456,913604,1,41.373537,-72.914468,3411744,3/2/22,12:43:00,O,Property Damage Only,O,No Apparent Injury (O),1,,,,DIXWELL AV,2335 Dixwell Avenue,,Skiff Street,100,Feet,S,1,Clear,1,Daylight,1,Dry,,Unknown,3/2/22 12:43
716,917176,1,41.40525,-72.898833,3414333,3/2/22,13:21:00,O,Property Damage Only,O,No Apparent Injury (O),2,State,10.55,10,CT-10,10-N,,Woodruff Street,50,Feet,S,1,Clear,1,Daylight,1,Dry,25600,"Trafficway, On Road",3/2/22 13:21
7754,913605,1,41.34562,-72.93552,3411745,3/2/22,17:13:00,O,Property Damage Only,O,No Apparent Injury (O),2,Local,0.04,396,NOTKINS ST,NOTKINS ST,,Woodin Street,100,Feet,N,99,Unknown,99,Unknown,99,Unknown,,"Trafficway, On Road",3/2/22 17:13
6962,916229,1,41.335185,-72.927892,3413386,3/2/22,19:37:00,A,"Injury of any type (Serious, Minor, Possible)",B,Suspected Minor Injury (B),2,Local,0.42,222,GOODRICH ST,GOODRICH ST,SHEPARD ST,,,,,1,Clear,4,Dark-Lighted,1,Dry,,"Trafficway, On Road",3/2/22 19:37
4170,914223,1,41.3793972,-72.90375396,3412363,3/3/22,9:08:00,O,Property Damage Only,O,No Apparent Injury (O),2,State,0.16,15,15-S,15-S-123,,RT 15,10,Feet,S,1,Clear,1,Daylight,1,Dry,58000,"Trafficway, On Road",3/3/22 9:08
1738,925174,1,41.338765,-72.935135,3422329,3/3/22,12:07:00,O,Property Damage Only,O,No Apparent Injury (O),2,State,5.22,10,CT-10,10-N,,Morse st,100,Feet,N,1,Clear,1,Daylight,1,Dry,21200,"Trafficway, On Road",3/3/22 12:07
3390,917677,1,41.380663,-72.900751,3414834,3/3/22,16:07:00,O,Property Damage Only,O,No Apparent Injury (O),2,State,0.23,15,15-N,15-N-125,,15-N,15,Feet,S,1,Clear,1,Daylight,1,Dry,58000,"Trafficway, On Road",3/3/22 16:07
8808,920907,1,41.37645,-72.920262,3418064,3/3/22,17:29:00,O,Property Damage Only,O,No Apparent Injury (O),2,Local,0.26,495,SKIFF ST EXT,SKIFF ST EXT,MIX AV,,,,,1,Clear,1,Daylight,1,Dry,,"Trafficway, On Road",3/3/22 17:29
60,916230,1,41.36406,-72.92309,3413387,3/3/22,17:51:00,O,Property Damage Only,O,No Apparent Injury (O),2,State,7.08,10,CT-10,10-N,,Weybosset St,100,Feet,S,1,Clear,4,Dark-Lighted,1,Dry,38500,"Trafficway, On Road",3/3/22 17:51
1011,913606,1,41.34482,-72.93439,3411746,3/4/22,6:54:00,O,Property Damage Only,O,No Apparent Injury (O),2,State,5.63,10,CT-10,10-N,,WOODIN ST.,120,Feet,N,1,Clear,1,Daylight,1,Dry,24800,"Trafficway, On Road",3/4/22 6:54
3389,915819,1,41.38056,-72.90077,3412976,3/4/22,8:24:00,O,Property Damage Only,O,No Apparent Injury (O),2,State,0.22,15,15-N,15-N-125,,Exit 61,10,Feet,S,1,Clear,1,Daylight,1,Dry,58000,"Trafficway, On Road",3/4/22 8:24
719,919645,1,41.411263,-72.901076,3416802,3/4/22,12:52:00,O,Property Damage Only,O,No Apparent Injury (O),2,State,10.99,10,CT-10,10-N,RENSHAW RD,Evergreen Avenue,1,TenthsofMile,N,1,Clear,1,Daylight,1,Dry,25600,"Trafficway, On Road",3/4/22 12:52
1427,917197,1,41.348711,-72.932649,3414354,3/4/22,19:33:00,O,Property Damage Only,O,No Apparent Injury (O),2,State,5.91,10,CT-10,10-N,,Scott Street ,10,Feet,S,1,Clear,4,Dark-Lighted,1,Dry,22700,"Trafficway, On Road",3/4/22 19:33
2443,915641,1,41.40099,-72.89764,3412798,3/4/22,20:22:00,O,Property Damage Only,O,No Apparent Injury (O),2,State,10.25,10,CT-10,10-N,,Route 40,100,Feet,S,1,Clear,4,Dark-Lighted,1,Dry,13000,"Trafficway, On Road",3/4/22 20:22
8743,917198,1,41.37116,-72.90666,3414355,3/5/22,13:38:00,O,Property Damage Only,O,No Apparent Injury (O),2,Local,0.02,494,SKIFF ST,SKIFF ST,,Whitney Avenue,150,Feet,W,1,Clear,1,Daylight,1,Dry,,"Trafficway, On Road",3/5/22 13:38
6507,918019,1,41.338195,-72.935221,3415176,3/5/22,15:08:00,A,"Injury of any type (Serious, Minor, Possible)",B,Suspected Minor Injury (B),2,Local,0.2,142,DIXWELL AV,DIXWELL AV NO 1,MORSE ST,,,,,1,Clear,1,Daylight,1,Dry,,"Trafficway, On Road",3/5/22 15:08
9142,917199,1,41.41976,-72.92109,3414356,3/5/22,16:41:00,O,Property Damage Only,O,No Apparent Injury (O),2,Local,0.01,575,WEST WOODS RD,WEST WOODS RD NO 1,,SHEPARD AVE,5,Feet,E,1,Clear,1,Daylight,1,Dry,,"Trafficway, On Road",3/5/22 16:41
7115,919647,1,41.357653,-72.897457,3416804,3/5/22,17:34:00,O,Property Damage Only,O,No Apparent Injury (O),2,Local,1.44,242,HARTFORD TPK,HARTFORD TPK,HIGH MEADOW RD,,,,,1,Clear,1,Daylight,1,Dry,,"Trafficway, On Road",3/5/22 17:34
1614,917200,1,41.369206,-72.919176,3414357,3/5/22,21:12:00,O,Property Damage Only,O,No Apparent Injury (O),2,State,7.49,10,CT-10,10-N,,SKIFF ST. ,250,Feet,S,1,Clear,4,Dark-Lighted,1,Dry,22100,"Trafficway, On Road",3/5/22 21:12
4568,918794,1,41.401036,-72.893325,3415951,3/5/22,22:17:00,O,Property Damage Only,O,No Apparent Injury (O),1,State,0.38,22,CT-22,22-E,,Patterson Rd,1,TenthsofMile,N,1,Clear,4,Dark-Lighted,1,Dry,4200,"Trafficway, On Road",3/5/22 22:17
3176,915759,1,41.38243,-72.89803,3412916,3/5/22,23:34:00,O,Property Damage Only,O,No Apparent Injury (O),1,State,51.94,15,15-N,15-N,,Exit 62,2,TenthsofMile,N,1,Clear,5,Dark-Not Lighted,1,Dry,73500,"Trafficway, On Road",3/5/22 23:34
3089,916434,1,41.3472,-72.96767,3413591,3/6/22,14:38:00,O,Property Damage Only,O,No Apparent Injury (O),2,State,47.44,15,15-N,15-N,,Exit 59,3,TenthsofMile,N,1,Clear,1,Daylight,2,Wet,79100,"Trafficway, On Road",3/6/22 14:38
3269,916435,1,41.38046,-72.90073,3413592,3/6/22,18:01:00,O,Property Damage Only,O,No Apparent Injury (O),2,State,51.75,15,15-N,15-N,,Route 15 North,100,Feet,S,1,Clear,5,Dark-Not Lighted,1,Dry,68500,"Trafficway, On Road",3/6/22 18:01
6318,920355,1,41.359591,-72.955211,3417512,3/7/22,11:34:00,A,"Injury of any type (Serious, Minor, Possible)",C,Possible Injury (C),2,Local,0.03,605,COUNTRY HILLS RD,COUNTRY HILLS RD NO 1,,WINTERGREEN AV,162,Feet,S,1,Clear,1,Daylight,1,Dry,,"Trafficway, On Road",3/7/22 11:34
1619,923670,1,41.374059,-72.916124,3420825,3/7/22,14:06:00,O,Property Damage Only,O,No Apparent Injury (O),2,State,7.86,10,CT-10,10-N,,SKIFF ST,165,Feet,S,1,Clear,1,Daylight,1,Dry,22100,"Trafficway, On Road",3/7/22 14:06
4863,920908,1,41.383446,-72.901857,3418065,3/7/22,14:30:00,O,Property Damage Only,O,No Apparent Injury (O),2,State,3.62,707,WHITNEY AV,707-N,717-E,,,,,1,Clear,1,Daylight,1,Dry,17100,"Trafficway, On Road",3/7/22 14:30
8530,920909,1,41.401018,-72.92403,3418066,3/7/22,16:11:00,O,Property Damage Only,O,No Apparent Injury (O),2,Local,1.8,489,SHEPARD AV,SHEPARD AV,,West Shepard Aveneu,100,Feet,S,2,Cloudy,1,Daylight,1,Dry,,"Trafficway, On Road",3/7/22 16:11
3164,916916,1,41.366675,-72.917892,3414073,3/7/22,18:25:00,O,Property Damage Only,O,No Apparent Injury (O),2,State,50.43,15,15-N,15-N,,Entrance ramp 60,500,Feet,N,1,Clear,5,Dark-Not Lighted,2,Wet,73800,"Trafficway, On Road",3/7/22 18:25
294,918020,1,41.359675,-72.925481,3415177,3/8/22,8:15:00,O,Property Damage Only,O,No Apparent Injury (O),2,State,6.76,10,CT-10,10-N,,Red Rock Terrace,150,Feet,S,1,Clear,1,Daylight,1,Dry,32000,"Trafficway, On Road",3/8/22 8:15
4979,915642,1,41.341518,-72.912839,3412799,3/8/22,9:54:00,O,Property Damage Only,O,No Apparent Injury (O),2,State,0.61,707,WHITNEY AV,707-N,,Davis St,20,Feet,S,1,Clear,1,Daylight,1,Dry,14400,"Trafficway, On Road",3/8/22 9:54
8119,918795,1,41.343924,-72.925303,3415952,3/8/22,14:50:00,O,Property Damage Only,O,No Apparent Injury (O),2,Local,0.68,439,PUTNAM AV,PUTNAM AV,,Newhall Street,300,Feet,W,1,Clear,1,Daylight,1,Dry,,"Trafficway, On Road",3/8/22 14:50
4117,917692,1,41.378197,-72.905298,3414849,3/8/22,15:10:00,O,Property Damage Only,O,No Apparent Injury (O),2,State,0.17,15,15-S,15-S-122,,15-S,10,Feet,N,1,Clear,1,Daylight,1,Dry,58000,"Trafficway, On Road",3/8/22 15:10
1617,920910,1,41.369585,-72.919025,3418067,3/8/22,16:10:00,O,Property Damage Only,O,No Apparent Injury (O),1,State,7.51,10,CT-10,10-N,,Connelly parkway,1000,Feet,N,1,Clear,1,Daylight,1,Dry,22100,"Trafficway, On Road",3/8/22 16:10
3927,915762,1,41.378618,-72.904591,3412919,3/8/22,17:14:00,A,"Injury of any type (Serious, Minor, Possible)",B,Suspected Minor Injury (B),2,State,51.53,15,15-S,15-S,,Whitney Ave Hamden,200,Feet,S,1,Clear,1,Daylight,1,Dry,69900,"Trafficway, On Road",3/8/22 17:14
3632,923946,1,41.35730254,-72.94392125,3421101,3/8/22,18:58:00,O,Property Damage Only,O,No Apparent Injury (O),2,State,48.91,15,15-S,15-S,,Exit 60,5,TenthsofMile,S,1,Clear,5,Dark-Not Lighted,1,Dry,79100,"Trafficway, On Road",3/8/22 18:58
6393,919791,1,41.34056,-72.93823,3416948,3/9/22,15:53:00,O,Property Damage Only,O,No Apparent Injury (O),2,Local,0.15,141,DIX ST,DIX ST,,George St,15,Feet,S,8,Blowing Snow,1,Daylight,2,Wet,,"Trafficway, On Road",3/9/22 15:53
3691,923796,1,41.366321,-72.918777,3420951,3/10/22,4:30:00,A,"Injury of any type (Serious, Minor, Possible)",B,Suspected Minor Injury (B),1,State,50.4,15,15-S,15-S,,Exit 60,2,TenthsofMile,N,5,Sleet or Hail ,4,Dark-Lighted,5,Ice / Frost,73800,"Trafficway, On Road",3/10/22 4:30
1534,921971,1,41.347898,-72.933046,3419128,3/10/22,6:41:00,A,"Injury of any type (Serious, Minor, Possible)",B,Suspected Minor Injury (B),2,State,5.86,10,CT-10,10-N,,scott st,175,Feet,S,1,Clear,1,Daylight,1,Dry,22500,"Trafficway, On Road",3/10/22 6:41
8318,921972,1,41.384329,-72.900259,3419129,3/10/22,6:42:00,O,Property Damage Only,O,No Apparent Injury (O),3,Local,0.35,480,SCHOOL ST,SCHOOL ST,,Whitney Ave,100,Feet,E,1,Clear,1,Daylight,1,Dry,,"Trafficway, On Road",3/10/22 6:42
8988,925533,1,41.356635,-72.914247,3422687,3/10/22,7:49:00,O,Property Damage Only,O,No Apparent Injury (O),2,Local,0.8,548,WAITE ST,WAITE ST,CORAM ST,,,Feet,,1,Clear,1,Daylight,1,Dry,,"Trafficway, On Road",3/10/22 7:49
7011,920911,1,41.34956,-72.94034,3418068,3/10/22,11:36:00,O,Property Damage Only,O,No Apparent Injury (O),2,Local,0.19,226,GORHAM AV,GORHAM AV,,Langer Street,60,Feet,W,1,Clear,1,Daylight,1,Dry,,"Trafficway, On Road",3/10/22 11:36
8532,921974,1,41.38478,-72.921376,3419131,3/10/22,15:42:00,O,Property Damage Only,O,No Apparent Injury (O),2,Local,0.67,489,SHEPARD AV,SHEPARD AV,,FOUR ROD RD,10,Feet,N,1,Clear,1,Daylight,1,Dry,,"Trafficway, On Road",3/10/22 15:42
3409,921477,1,41.365315,-72.922137,3418634,3/11/22,5:59:00,A,"Injury of any type (Serious, Minor, Possible)",B,Suspected Minor Injury (B),2,State,0.18,15,15-N,15-N-220,10-N,,,,,1,Clear,4,Dark-Lighted,1,Dry,58000,"Trafficway, On Road",3/11/22 5:59
8317,920877,1,41.385185,-72.906824,3418034,3/11/22,10:32:00,A,"Injury of any type (Serious, Minor, Possible)",B,Suspected Minor Injury (B),2,Local,0,480,SCHOOL ST,SCHOOL ST,HAMDEN HILLS DR,,,,,1,Clear,1,Daylight,1,Dry,,"Trafficway, On Road",3/11/22 10:32
4674,919649,1,41.330435,-72.899424,3416806,3/12/22,9:04:00,A,"Injury of any type (Serious, Minor, Possible)",C,Possible Injury (C),3,USRoute,1.2,5,US-5,5-N,,Atlas Street,50,Feet,N,4,Rain,1,Daylight,2,Wet,14500,"Trafficway, On Road",3/12/22 9:04
6505,917829,1,41.335531,-72.935233,3414986,3/12/22,20:56:00,O,Property Damage Only,O,No Apparent Injury (O),2,Local,0.01,142,DIXWELL AV,DIXWELL AV NO 1,CHERRY ANN ST,,,,,2,Cloudy,4,Dark-Lighted,2,Wet,,"Trafficway, On Road",3/12/22 20:56
4675,920912,1,41.33123,-72.90013,3418069,3/12/22,22:20:00,O,Property Damage Only,O,No Apparent Injury (O),1,USRoute,1.26,5,US-5,5-N,,BENTON STREET ,15,Feet,N,1,Clear,4,Dark-Lighted,5,Ice / Frost,14500,"Trafficway, Not on Road",3/12/22 22:20
7602,918813,1,41.338195,-72.935221,3415970,3/12/22,23:52:00,A,"Injury of any type (Serious, Minor, Possible)",B,Suspected Minor Injury (B),2,Local,0,370,MORSE ST,MORSE ST,RT 10,,,,,7,Snow,4,Dark-Lighted,5,Ice / Frost,,"Trafficway, On Road",3/12/22 23:52
5907,923671,1,41.36461,-72.93047,3420826,3/13/22,1:54:00,O,Property Damage Only,O,No Apparent Injury (O),1,Local,0.37,42,BENHAM ST,BENHAM ST,,Vantage Road,10,Feet,E,8,Blowing Snow,4,Dark-Lighted,5,Ice / Frost,,"Trafficway, Not on Road",3/13/22 1:54
8987,917856,1,41.35603,-72.91169,3415013,3/13/22,3:33:00,O,Property Damage Only,O,No Apparent Injury (O),1,Local,0.66,548,WAITE ST,WAITE ST,,Whitney Avenue,5,Feet,E,8,Blowing Snow,4,Dark-Lighted,5,Ice / Frost,,"Trafficway, On Road",3/13/22 3:33
8529,917448,1,41.42025,-72.92112,3414605,3/13/22,5:41:00,O,Property Damage Only,O,No Apparent Injury (O),1,Local,3.15,489,SHEPARD AV,SHEPARD AV,,Hillfield Rd.,50,Feet,S,1,Clear,4,Dark-Lighted,1,Dry,,"Trafficway, Not on Road",3/13/22 5:41
4118,918254,1,41.3784,-72.90531,3415411,3/13/22,11:38:00,O,Property Damage Only,O,No Apparent Injury (O),2,State,0.16,15,15-S,15-S-122,,Exit 61,10,Feet,S,1,Clear,1,Daylight,1,Dry,58000,"Trafficway, On Road",3/13/22 11:38
4178,918276,1,41.37946,-72.90415,3415433,3/13/22,13:11:00,O,Property Damage Only,O,No Apparent Injury (O),2,State,0.14,15,15-S,15-S-123,,Exit 61,10,Feet,S,1,Clear,1,Daylight,1,Dry,54900,"Trafficway, On Road",3/13/22 13:11
1739,925175,1,41.341577,-72.934962,3422330,3/13/22,15:27:00,A,"Injury of any type (Serious, Minor, Possible)",A,Suspected Serious Injury (A),2,State,5.41,10,CT-10,10-N,,NORTH ST,59,Feet,S,1,Clear,1,Daylight,1,Dry,21200,"Trafficway, On Road",3/13/22 15:27
6506,917857,1,41.338195,-72.935221,3415014,3/13/22,16:58:00,O,Property Damage Only,O,No Apparent Injury (O),2,Local,0.2,142,DIXWELL AV,DIXWELL AV NO 1,MORSE ST,,,,,1,Clear,1,Daylight,1,Dry,,"Trafficway, On Road",3/13/22 16:58
1737,924920,1,41.34451,-72.93443,3422075,3/13/22,17:20:00,O,Property Damage Only,O,No Apparent Injury (O),2,State,5.6,10,CT-10,10-N,WOODIN ST,,,,,1,Clear,1,Daylight,1,Dry,21200,"Trafficway, On Road",3/13/22 17:20
8221,926437,1,41.33707,-72.90186,3423591,3/13/22,23:24:00,O,Property Damage Only,O,No Apparent Injury (O),1,Local,0.13,452,RIDGE RD,RIDGE RD,,Franklin Rd,400,Feet,W,1,Clear,5,Dark-Not Lighted,1,Dry,,"Trafficway, Not on Road",3/13/22 23:24