,CrashId,Fatal Case Status,lat,lon,DOT Case Number,Date Of Crash,Time of Crash,Crash Severity,Crash Severity Text Format,Most Severe Injury,Most Severe Injury Text Format,Number Of Motor Vehicles,Route Class Text Format,Milemarker,Road Number,Road Description,Roadway Name,Intersecting Roadway Name,Landmark Description,Distance From Nearest Landmark,Unit Of Measure From Nearest Landmark,Direction From Nearest Landmark,Weather Condition,Weather Condition Text Format,Light Condition,Light Condition Text Format,Road Surface Condition,Road Surface Condition Text Format,Average Daily Traffic,Trafficway Class Text Format,full_date
8220,917558,1,41.343706,-72.902581,3414715,3/14/22,10:35:00,A,"Injury of any type (Serious, Minor, Possible)",B,Suspected Minor Injury (B),2,Local,0.59,452,RIDGE RD,RIDGE RD,LONDON DR,,,,,1,Clear,1,Daylight,1,Dry,,"Trafficway, On Road",3/14/22 10:35
1428,917858,1,41.353894,-72.92982,3415015,3/14/22,11:53:00,A,"Injury of any type (Serious, Minor, Possible)",B,Suspected Minor Injury (B),2,State,6.3,10,CT-10,10-N,,TREADWELL ST.,20,Feet,S,1,Clear,1,Daylight,1,Dry,22700,"Trafficway, On Road",3/14/22 11:53
6597,919650,1,41.343736,-72.912062,3416807,3/14/22,15:43:00,O,Property Damage Only,O,No Apparent Injury (O),2,Local,0.09,167,ELI RD,ELI RD,,Whitney Avenue,5,Feet,S,1,Clear,1,Daylight,1,Dry,,"Trafficway, On Road",3/14/22 15:43
7316,921450,1,41.345377,-72.926936,3418607,3/14/22,20:35:00,O,Property Damage Only,O,No Apparent Injury (O),1,Local,0.12,317,LEEDER HILL DR,LEEDER HILL DR,,Putnam Ave,100,Feet,N,1,Clear,4,Dark-Lighted,1,Dry,,"Trafficway, On Road",3/14/22 20:35
2287,921451,1,41.384274,-72.901584,3418608,3/15/22,7:04:00,A,"Injury of any type (Serious, Minor, Possible)",B,Suspected Minor Injury (B),3,State,9.04,10,CT-10,10-N,,School St,20,Feet,S,1,Clear,1,Daylight,1,Dry,16700,"Trafficway, On Road",3/15/22 7:04
3928,918694,1,41.37825,-72.90531,3415851,3/15/22,8:10:00,O,Property Damage Only,O,No Apparent Injury (O),2,State,51.47,15,15-S,15-S,,RT 15,10,Feet,N,1,Clear,1,Daylight,1,Dry,69900,"Trafficway, On Road",3/15/22 8:10
4747,921452,1,41.33926,-72.89707,3418609,3/15/22,10:35:00,O,Property Damage Only,O,No Apparent Injury (O),2,USRoute,1.86,5,US-5,5-N,BATTI RD,,,,,1,Clear,1,Daylight,1,Dry,11900,"Trafficway, On Road",3/15/22 10:35
4564,917859,1,41.403459,-72.895467,3415016,3/15/22,14:42:00,O,Property Damage Only,O,No Apparent Injury (O),1,State,0.15,22,CT-22,22-E,,South New Rd.,15,Feet,E,1,Clear,1,Daylight,1,Dry,4300,"Trafficway, Not on Road",3/15/22 14:42
1731,917860,1,41.338966,-72.935229,3415017,3/15/22,15:51:00,O,Property Damage Only,O,No Apparent Injury (O),2,State,5.23,10,CT-10,10-N,,ARCH ST.,200,Feet,N,1,Clear,1,Daylight,1,Dry,21200,"Trafficway, On Road",3/15/22 15:51
4105,924392,1,41.36611972,-72.92165007,3421547,3/15/22,16:28:00,O,Property Damage Only,O,No Apparent Injury (O),1,State,0.18,15,15-S,15-S-119,,Exit 59,10,TenthsofMile,N,1,Clear,1,Daylight,1,Dry,58000,"Trafficway, Not on Road",3/15/22 16:28
5440,919651,1,41.38309,-72.89847,3416808,3/15/22,17:47:00,O,Property Damage Only,O,No Apparent Injury (O),2,State,0.17,717,DIXWELL AV,717-E,,WASHINGTON AVE,100,Feet,E,1,Clear,1,Daylight,1,Dry,18900,"Trafficway, On Road",3/15/22 17:47
4862,919652,1,41.381108,-72.902712,3416809,3/16/22,15:02:00,A,"Injury of any type (Serious, Minor, Possible)",C,Possible Injury (C),2,State,3.46,707,WHITNEY AV,707-N,,Worth Ave.,1,TenthsofMile,N,1,Clear,1,Daylight,1,Dry,17100,"Trafficway, On Road",3/16/22 15:02
5287,920878,1,41.362465,-72.909133,3418035,3/16/22,21:51:00,O,Property Damage Only,O,No Apparent Injury (O),2,State,2.13,707,WHITNEY AV,707-N,,WOODLAWN ST,50,Feet,N,1,Clear,4,Dark-Lighted,1,Dry,11800,"Trafficway, On Road",3/16/22 21:51
3690,920657,1,41.377983,-72.905388,3417814,3/17/22,14:03:00,O,Property Damage Only,O,No Apparent Injury (O),2,State,51.45,15,15-S,15-S,,15-S-122,30,Feet,N,4,Rain,1,Daylight,2,Wet,73800,"Trafficway, On Road",3/17/22 14:03
296,919653,1,41.360048,-72.92523,3416810,3/17/22,15:11:00,O,Property Damage Only,O,No Apparent Injury (O),2,State,6.79,10,CT-10,10-N,RED ROCK TER,,,,,1,Clear,1,Daylight,1,Dry,32000,"Trafficway, On Road",3/17/22 15:11
2288,921975,1,41.384415,-72.901496,3419132,3/17/22,19:02:00,A,"Injury of any type (Serious, Minor, Possible)",C,Possible Injury (C),1,State,9.06,10,CT-10,10-N,SCHOOL ST,,0,,,2,Cloudy,4,Dark-Lighted,2,Wet,16700,"Trafficway, On Road",3/17/22 19:02
2412,919654,1,41.45427,-72.9085,3416811,3/18/22,9:29:00,O,Property Damage Only,O,No Apparent Injury (O),2,State,14.01,10,CT-10,10-N,,Willow Street,200,Feet,N,1,Clear,1,Daylight,1,Dry,14300,"Trafficway, On Road",3/18/22 9:29
2364,923672,1,41.39347,-72.897088,3420827,3/18/22,10:41:00,A,"Injury of any type (Serious, Minor, Possible)",C,Possible Injury (C),2,State,9.73,10,CT-10,10-N,,Forest St,100,Feet,N,1,Clear,1,Daylight,1,Dry,14800,"Trafficway, On Road",3/18/22 10:41
2286,918264,1,41.38451,-72.901478,3415421,3/18/22,10:56:00,A,"Injury of any type (Serious, Minor, Possible)",B,Suspected Minor Injury (B),2,State,9.06,10,CT-10,10-N,SCHOOL ST,,,,,1,Clear,1,Daylight,1,Dry,16700,"Trafficway, On Road",3/18/22 10:56
3929,919503,1,41.378637,-72.904304,3416660,3/18/22,12:44:00,O,Property Damage Only,O,No Apparent Injury (O),2,State,51.55,15,15-S,15-S,,15-S-123,10,Feet,S,1,Clear,1,Daylight,1,Dry,69900,"Trafficway, On Road",3/18/22 12:44
4103,919673,1,41.36584,-72.924826,3416830,3/18/22,16:01:00,O,Property Damage Only,O,No Apparent Injury (O),2,State,0.2,15,15-S,15-S-118,,60 Entrance,300,Feet,S,1,Clear,1,Daylight,1,Dry,58000,"Trafficway, On Road",3/18/22 16:01
3407,919686,1,41.38058,-72.90078,3416843,3/18/22,20:22:00,O,Property Damage Only,O,No Apparent Injury (O),2,State,0.22,15,15-N,Entrance 61 on ramp ,,Route 15 ,10,Feet,S,1,Clear,5,Dark-Not Lighted,1,Dry,58000,"Trafficway, On Road",3/18/22 20:22
6879,923673,1,41.3472,-72.942,3420828,3/18/22,22:27:00,A,"Injury of any type (Serious, Minor, Possible)",C,Possible Injury (C),1,Local,0.12,217,GLENBROOK AV,GLENBROOK AV,,Woodin Street,400,Feet,N,1,Clear,4,Dark-Lighted,1,Dry,,"Trafficway, On Road",3/18/22 22:27
8745,919655,1,41.374389,-72.915541,3416812,3/19/22,10:12:00,O,Property Damage Only,O,No Apparent Injury (O),2,Local,0.52,494,SKIFF ST,SKIFF ST,,,,,,1,Clear,1,Daylight,2,Wet,,"Trafficway, On Road",3/19/22 10:12
6070,919656,1,41.360338,-72.914044,3416813,3/19/22,16:42:00,O,Property Damage Only,O,No Apparent Injury (O),2,Local,0.23,87,CENTRAL AV,CENTRAL AV,,Weaton Street,20,Feet,W,99,Unknown,99,Unknown,99,Unknown,,"Trafficway, On Road",3/19/22 16:42
4177,920666,1,41.36641,-72.922328,3417823,3/20/22,12:29:00,O,Property Damage Only,O,No Apparent Injury (O),2,State,0.14,15,15-S,15-S-119,,10-N,100,Feet,N,1,Clear,1,Daylight,1,Dry,54900,"Trafficway, On Road",3/20/22 12:29
4885,919657,1,41.38346,-72.90153,3416814,3/20/22,13:04:00,O,Property Damage Only,O,No Apparent Injury (O),2,State,3.62,707,WHITNEY AV,717-E,707-N,,,,,1,Clear,1,Daylight,1,Dry,17100,"Trafficway, On Road",3/20/22 13:04
8338,921453,1,41.34328,-72.93767,3418610,3/20/22,13:14:00,O,Property Damage Only,O,No Apparent Injury (O),2,Local,0.18,484,SECOND ST,SECOND ST,,Warren Street,25,Feet,W,1,Clear,1,Daylight,1,Dry,,"Trafficway, On Road",3/20/22 13:14
2573,921454,1,41.338371,-72.936916,3418611,3/20/22,14:52:00,O,Property Damage Only,O,No Apparent Injury (O),2,State,5.1,10,CT-10,10-N,,Alstrum Street,50,Feet,W,1,Clear,1,Daylight,1,Dry,11200,"Trafficway, On Road",3/20/22 14:52
7168,921455,1,41.348695,-72.940898,3418612,3/20/22,16:25:00,A,"Injury of any type (Serious, Minor, Possible)",B,Suspected Minor Injury (B),2,Local,0.37,251,HELEN ST,HELEN ST,,Rochford Ave,10,Feet,W,1,Clear,1,Daylight,1,Dry,,"Trafficway, On Road",3/20/22 16:25
3391,922022,1,41.38074,-72.90069,3419179,3/21/22,8:29:00,O,Property Damage Only,O,No Apparent Injury (O),3,State,0.23,15,15-N,15-N-125,,Whitney,2,TenthsofMile,N,1,Clear,1,Daylight,1,Dry,58000,"Trafficway, On Road",3/21/22 8:29
2529,921456,1,41.381008,-72.912468,3418613,3/21/22,16:03:00,O,Property Damage Only,O,No Apparent Injury (O),2,State,8.39,10,CT-10,10-N,,SANFORD STREET ,50,Feet,S,1,Clear,1,Daylight,1,Dry,11300,"Trafficway, On Road",3/21/22 16:03
4981,921457,1,41.346024,-72.912455,3418614,3/21/22,17:11:00,O,Property Damage Only,O,No Apparent Injury (O),2,State,0.94,707,WHITNEY AV,707-N,PUTNAM AV,,,,,1,Clear,1,Daylight,1,Dry,14400,"Trafficway, On Road",3/21/22 17:11
8617,919276,1,41.412001,-72.90724,3416433,3/21/22,20:46:00,O,Property Damage Only,O,No Apparent Injury (O),2,,,,SHERMAN AV,SHERMAN AV NO 1,,Sherman Ave,50,Feet,N,1,Clear,4,Dark-Lighted,1,Dry,,"Trafficway, On Road",3/21/22 20:46
7116,919658,1,41.35021,-72.90206,3416815,3/22/22,10:57:00,O,Property Damage Only,O,No Apparent Injury (O),2,Local,0.86,242,HARTFORD TPK,HARTFORD TPK,,Ridge Rd,50,Feet,N,1,Clear,1,Daylight,1,Dry,,"Trafficway, On Road",3/22/22 10:57
1735,923018,1,41.342918,-72.934645,3420175,3/22/22,12:51:00,A,"Injury of any type (Serious, Minor, Possible)",C,Possible Injury (C),2,State,5.5,10,CT-10,10-N,,Woodin Street,300,Feet,W,1,Clear,1,Daylight,1,Dry,21200,"Trafficway, On Road",3/22/22 12:51
5482,921458,1,41.38314,-72.89903,3418615,3/22/22,13:55:00,O,Property Damage Only,O,No Apparent Injury (O),3,State,0.14,717,DIXWELL AV,717-E,WASHINGTON AV,,,,,1,Clear,1,Daylight,1,Dry,15700,"Trafficway, On Road",3/22/22 13:55
3930,924404,1,41.37851,-72.9043,3421559,3/22/22,15:21:00,O,Property Damage Only,O,No Apparent Injury (O),2,State,51.54,15,15-S,15-S,,Exit 61,2,TenthsofMile,N,1,Clear,1,Daylight,1,Dry,69900,"Trafficway, On Road",3/22/22 15:21
3385,920688,1,41.378898,-72.903426,3417845,3/23/22,7:48:00,O,Property Damage Only,O,No Apparent Injury (O),1,State,0.21,15,15-N,15-N-124,707-N,,,,S,1,Clear,1,Daylight,1,Dry,58000,"Trafficway, On Road",3/23/22 7:48
5481,920832,1,41.383446,-72.901857,3417989,3/23/22,12:36:00,O,Property Damage Only,O,No Apparent Injury (O),2,State,0,717,DIXWELL AV,717-E,,Whitney Ave,250,Feet,W,1,Clear,1,Daylight,1,Dry,15700,"Trafficway, On Road",3/23/22 12:36
1535,923598,1,41.347694,-72.933227,3420753,3/23/22,15:25:00,O,Property Damage Only,O,No Apparent Injury (O),2,State,5.84,10,CT-10,10-N,,Circular Avenue,1000,Feet,N,1,Clear,1,Daylight,1,Dry,22500,"Trafficway, On Road",3/23/22 15:25
194,921459,1,41.366364,-72.921294,3418616,3/23/22,15:28:00,O,Property Damage Only,O,No Apparent Injury (O),2,State,7.26,10,CT-10,10-N,,CONNOLLY PKWY,300,Feet,S,1,Clear,1,Daylight,1,Dry,32900,"Trafficway, On Road",3/23/22 15:28
1618,921460,1,41.373965,-72.916196,3418617,3/23/22,15:48:00,O,Property Damage Only,O,No Apparent Injury (O),2,State,7.85,10,CT-10,10-N,,Skiff St,200,Feet,S,1,Clear,1,Daylight,1,Dry,22100,"Trafficway, On Road",3/23/22 15:48
8531,921461,1,41.421796,-72.920171,3418618,3/23/22,20:42:00,O,Property Damage Only,O,No Apparent Injury (O),1,Local,3.27,489,SHEPARD AV,SHEPARD AV,,Hillfield Road,1,TenthsofMile,N,1,Clear,5,Dark-Not Lighted,1,Dry,,"Trafficway, On Road",3/23/22 20:42
1734,922714,1,41.338549,-72.935244,3419871,3/23/22,22:06:00,O,Property Damage Only,O,No Apparent Injury (O),2,State,5.2,10,CT-10,10-N,,Arch Street,25,Feet,N,1,Clear,4,Dark-Lighted,1,Dry,21200,"Trafficway, On Road",3/23/22 22:06
9070,921462,1,41.40054,-72.928015,3418619,3/24/22,6:20:00,O,Property Damage Only,O,No Apparent Injury (O),1,Local,0.24,570,WEST SHEPARD AV,WEST SHEPARD AV,,Laura Rd,200,Feet,W,4,Rain,4,Dark-Lighted,2,Wet,,"Trafficway, Not on Road",3/24/22 6:20
301,927750,1,41.362661,-72.9238,3424904,3/24/22,9:41:00,O,Property Damage Only,O,No Apparent Injury (O),2,State,6.98,10,CT-10,10-N,BENHAM ST,,,,,1,Clear,1,Daylight,1,Dry,32000,"Trafficway, On Road",3/24/22 9:41
1430,923687,1,41.35093,-72.93136,3420842,3/24/22,9:55:00,O,Property Damage Only,O,No Apparent Injury (O),1,State,6.09,10,CT-10,10-N,,Beacon Street,250,Feet,S,4,Rain,1,Daylight,2,Wet,22700,"Trafficway, On Road",3/24/22 9:55
9038,923182,1,41.383121,-72.899079,3420339,3/25/22,2:38:00,A,"Injury of any type (Serious, Minor, Possible)",C,Possible Injury (C),2,Local,0,554,WASHINGTON AV,WASHINGTON AV,,Whitney Ave,10,Feet,E,4,Rain,4,Dark-Lighted,2,Wet,,"Trafficway, On Road",3/25/22 2:38
7810,921463,1,41.377203,-72.937015,3418620,3/25/22,3:05:00,A,"Injury of any type (Serious, Minor, Possible)",B,Suspected Minor Injury (B),1,Local,0.77,411,PARADISE AV,PARADISE AV NO 5,,Benham St,1,TenthsofMile,N,4,Rain,5,Dark-Not Lighted,2,Wet,,"Trafficway, On Road",3/25/22 3:05
3410,922994,1,41.365297,-72.922222,3420151,3/25/22,12:50:00,A,"Injury of any type (Serious, Minor, Possible)",C,Possible Injury (C),2,State,0.18,15,15-N,15-N-220,10-N,,,,,1,Clear,1,Daylight,1,Dry,58000,"Trafficway, On Road",3/25/22 12:50
5906,921464,1,41.369158,-72.958229,3418621,3/25/22,15:06:00,A,"Injury of any type (Serious, Minor, Possible)",C,Possible Injury (C),1,Local,1.88,42,BENHAM ST,BENHAM ST,,BENHAM HILL PLACE,50,Feet,W,1,Clear,1,Daylight,1,Dry,,"Trafficway, On Road",3/25/22 15:06
1893,923223,1,41.424277,-72.905711,3420380,3/25/22,18:13:00,A,"Injury of any type (Serious, Minor, Possible)",B,Suspected Minor Injury (B),2,State,11.91,10,CT-10,10-N,TODD ST,,,,,1,Clear,1,Daylight,1,Dry,19300,"Trafficway, On Road",3/25/22 18:13
2027,922982,1,41.424879,-72.905765,3420139,3/25/22,18:17:00,O,Property Damage Only,O,No Apparent Injury (O),2,State,11.95,10,CT-10,10-N,,Todd ST.,100,Feet,N,1,Clear,1,Daylight,1,Dry,17800,"Trafficway, On Road",3/25/22 18:17
62,921465,1,41.36477,-72.92266,3418622,3/25/22,19:43:00,O,Property Damage Only,O,No Apparent Injury (O),2,State,7.14,10,CT-10,10-N,DEWEY ST,,,,,1,Clear,4,Dark-Lighted,1,Dry,38500,"Trafficway, On Road",3/25/22 19:43
720,920818,1,41.409731,-72.900507,3417975,3/26/22,3:15:00,A,"Injury of any type (Serious, Minor, Possible)",C,Possible Injury (C),2,State,10.88,10,CT-10,10-N,EVERGREEN AV,,,,,1,Clear,4,Dark-Lighted,1,Dry,25600,"Trafficway, On Road",3/26/22 3:15
5483,923688,1,41.383371,-72.900719,3420843,3/26/22,12:05:00,O,Property Damage Only,O,No Apparent Injury (O),2,State,0.06,717,DIXWELL AV,717-E,,Washington Avenue,450,Feet,W,1,Clear,1,Daylight,1,Dry,15700,"Trafficway, On Road",3/26/22 12:05
603,921466,1,41.420807,-72.904601,3418623,3/26/22,23:45:00,A,"Injury of any type (Serious, Minor, Possible)",C,Possible Injury (C),2,State,11.66,10,CT-10,10-N,WEST WOODS RD NO 1,,,,,4,Rain,4,Dark-Lighted,2,Wet,26100,"Trafficway, On Road",3/26/22 23:45
6374,929431,1,41.42423,-72.9319,3426585,3/27/22,4:13:00,O,Property Damage Only,O,No Apparent Injury (O),1,Local,0.39,133,DEERFIELD DR,DEERFIELD DR,STILL HILL RD,,,,,99,Unknown,4,Dark-Lighted,2,Wet,,"Trafficway, On Road",3/27/22 4:13
9199,922995,1,41.33741,-72.92475,3420152,3/27/22,10:00:00,O,Property Damage Only,O,No Apparent Injury (O),2,Local,0.13,591,WINCHESTER AV,WINCHESTER AV,,BRYDEN TERRACE,125,Feet,N,1,Clear,99,Unknown,1,Dry,,"Trafficway, On Road",3/27/22 10:00
299,923689,1,41.362661,-72.9238,3420844,3/27/22,11:00:00,O,Property Damage Only,O,No Apparent Injury (O),2,State,6.98,10,CT-10,10-N,BENHAM ST,,,,,1,Clear,1,Daylight,1,Dry,32000,"Trafficway, On Road",3/27/22 11:00
7407,920808,1,41.35678,-72.92993,3417965,3/27/22,17:44:00,O,Property Damage Only,O,No Apparent Injury (O),2,Local,0.07,359,MERRIMAC ST,MERRIMAC ST,SAINT JAMES ST,,,,,1,Clear,1,Daylight,1,Dry,,"Trafficway, On Road",3/27/22 17:44
3252,924428,1,41.378167,-72.904844,3421583,3/27/22,19:17:00,O,Property Damage Only,O,No Apparent Injury (O),1,State,51.5,15,15-N,15-N,,Exit 61,2,TenthsofMile,S,7,Snow,4,Dark-Lighted,2,Wet,69900,"Trafficway, On Road",3/27/22 19:17
3165,921893,1,41.37007,-72.91415,3419050,3/28/22,4:33:00,O,Property Damage Only,O,No Apparent Injury (O),2,State,50.74,15,15-N,15-N,,Exit 60,0.800000012,TenthsofMile,S,7,Snow,5,Dark-Not Lighted,5,Ice / Frost,73800,"Trafficway, On Road",3/28/22 4:33
3631,921894,1,41.361031,-72.934828,3419051,3/28/22,4:50:00,O,Property Damage Only,O,No Apparent Injury (O),1,State,49.45,15,15-S,15-S,,Exit 60,0.75,TenthsofMile,S,7,Snow,5,Dark-Not Lighted,3,Snow,79100,"Trafficway, On Road",3/28/22 4:50
3090,922472,1,41.359281,-72.938802,3419629,3/28/22,4:59:00,A,"Injury of any type (Serious, Minor, Possible)",C,Possible Injury (C),2,State,49.2,15,15-N,15-N,,15-N-220,0.800000012,TenthsofMile,S,7,Snow,5,Dark-Not Lighted,5,Ice / Frost,79100,"Trafficway, On Road",3/28/22 4:59
3718,922474,1,41.382744,-72.897777,3419631,3/28/22,5:15:00,A,"Injury of any type (Serious, Minor, Possible)",C,Possible Injury (C),2,State,51.99,15,15-S,15-S,,15-S-126,0.200000003,TenthsofMile,N,7,Snow,5,Dark-Not Lighted,3,Snow,73500,"Trafficway, On Road",3/28/22 5:15
3091,922475,1,41.365224,-72.926612,3419632,3/28/22,5:16:00,O,Property Damage Only,O,No Apparent Injury (O),2,State,49.96,15,15-N,15-N,,15-N-220,0.5,TenthsofMile,S,7,Snow,5,Dark-Not Lighted,3,Snow,79100,"Trafficway, On Road",3/28/22 5:16
3770,921072,1,41.380076,-72.902024,3418229,3/28/22,5:56:00,O,Property Damage Only,O,No Apparent Injury (O),1,State,51.72,15,15-S,15-S,,Exit 62,1,TenthsofMile,N,7,Snow,5,Dark-Not Lighted,5,Ice / Frost,72100,"Trafficway, On Road",3/28/22 5:56
3093,924430,1,41.36071,-72.9352,3421585,3/28/22,6:53:00,A,"Injury of any type (Serious, Minor, Possible)",C,Possible Injury (C),5,State,49.41,15,15-N,15-N,,Exit 60,5,TenthsofMile,S,7,Snow,1,Daylight,5,Ice / Frost,79100,"Trafficway, On Road",3/28/22 6:53
5909,928418,1,41.36592,-72.93623,3425572,3/28/22,6:56:00,O,Property Damage Only,O,No Apparent Injury (O),2,Local,0.69,42,BENHAM ST,BENHAM ST,,Circular Avenue,25,Feet,W,7,Snow,1,Daylight,5,Ice / Frost,,"Trafficway, On Road",3/28/22 6:56
5163,922996,1,41.371288,-72.906285,3420153,3/28/22,7:05:00,O,Property Damage Only,O,No Apparent Injury (O),2,State,2.74,707,WHITNEY AV,707-N,SKIFF ST,,,,,1,Clear,1,Daylight,5,Ice / Frost,13400,"Trafficway, On Road",3/28/22 7:05
5543,921478,1,41.37484,-72.91602,3418635,3/28/22,7:05:00,O,Property Damage Only,O,No Apparent Injury (O),2,State,0.15,753,CT-10,753-S,,Skiff Street,5,Feet,N,1,Clear,1,Daylight,5,Ice / Frost,15800,"Trafficway, On Road",3/28/22 7:05
5544,923690,1,41.375061,-72.916004,3420845,3/28/22,7:10:00,O,Property Damage Only,O,No Apparent Injury (O),2,State,0.14,753,CT-10,753-S,,Skiff Street,25,Feet,N,7,Snow,1,Daylight,5,Ice / Frost,15800,"Trafficway, On Road",3/28/22 7:10
3092,922477,1,41.361107,-72.934302,3419634,3/28/22,7:14:00,O,Property Damage Only,O,No Apparent Injury (O),2,State,49.46,15,15-N,15-N,,Exit #60,0.5,TenthsofMile,S,7,Snow,1,Daylight,3,Snow,79100,"Trafficway, On Road",3/28/22 7:14
4766,923599,1,41.342382,-72.895384,3420754,3/28/22,7:23:00,A,"Injury of any type (Serious, Minor, Possible)",C,Possible Injury (C),2,USRoute,2.1,5,US-5,5-N,,London dr,320,Feet,N,97,Other,1,Daylight,5,Ice / Frost,10100,"Trafficway, On Road",3/28/22 7:23
8121,923674,1,41.346278,-72.93378,3420829,3/28/22,7:43:00,O,Property Damage Only,O,No Apparent Injury (O),2,Local,1.18,439,PUTNAM AV,PUTNAM AV,,Dixwell Ave,10,Feet,E,9,Severe Crosswinds,1,Daylight,5,Ice / Frost,,"Trafficway, On Road",3/28/22 7:43
387,928419,1,41.358749,-72.925972,3425573,3/28/22,8:42:00,O,Property Damage Only,O,No Apparent Injury (O),2,State,6.69,10,CT-10,10-N,,Mather st,40,Feet,S,1,Clear,1,Daylight,5,Ice / Frost,27800,"Trafficway, On Road",3/28/22 8:42
9232,927511,1,41.355147,-72.945773,3424665,3/28/22,10:35:00,O,Property Damage Only,O,No Apparent Injury (O),2,Local,0.06,594,WINTERGREEN AV,WINTERGREEN AV,,Pleasant,100,Feet,E,1,Clear,1,Daylight,1,Dry,,"Trafficway, On Road",3/28/22 10:35
63,923183,1,41.365307,-72.922222,3420340,3/28/22,13:14:00,A,"Injury of any type (Serious, Minor, Possible)",C,Possible Injury (C),2,State,7.19,10,CT-10,10-N,,Dewey St,110,Feet,N,1,Clear,1,Daylight,1,Dry,38500,"Trafficway, On Road",3/28/22 13:14
8923,923019,1,41.353164,-72.927384,3420176,3/28/22,22:34:00,O,Property Damage Only,O,No Apparent Injury (O),2,Local,0.12,527,TREADWELL ST,TREADWELL ST,,MANILA AVE.,150,Feet,E,1,Clear,4,Dark-Lighted,1,Dry,,"Trafficway, On Road",3/28/22 22:34
1536,923600,1,41.34687,-72.933604,3420755,3/29/22,8:07:00,A,"Injury of any type (Serious, Minor, Possible)",B,Suspected Minor Injury (B),2,State,5.78,10,CT-10,10-N,,Putnam  Ave,200,Feet,N,1,Clear,1,Daylight,1,Dry,22500,"Trafficway, On Road",3/29/22 8:07
4982,922997,1,41.34596,-72.91242,3420154,3/29/22,8:38:00,O,Property Damage Only,O,No Apparent Injury (O),2,State,0.93,707,WHITNEY AV,707-N,,,,,,1,Clear,1,Daylight,1,Dry,14400,"Trafficway, On Road",3/29/22 8:38
4983,923601,1,41.34189,-72.912841,3420756,3/29/22,21:20:00,O,Property Damage Only,O,No Apparent Injury (O),2,State,0.62,707,WHITNEY AV,707-N,DAVIS ST,,,,,1,Clear,4,Dark-Lighted,1,Dry,14400,"Trafficway, On Road",3/29/22 21:20
1892,923020,1,41.42214,-72.90523,3420177,3/30/22,8:23:00,O,Property Damage Only,O,No Apparent Injury (O),2,State,11.76,10,CT-10,10-N,,West Woods Rd.,1,TenthsofMile,N,1,Clear,1,Daylight,1,Dry,19300,"Trafficway, On Road",3/30/22 8:23
1014,923691,1,41.346275,-72.93386,3420846,3/30/22,14:09:00,O,Property Damage Only,O,No Apparent Injury (O),2,State,5.74,10,CT-10,10-N,,,,,,2,Cloudy,1,Daylight,1,Dry,24800,"Trafficway, On Road",3/30/22 14:09
3931,925171,1,41.37807,-72.905327,3422326,3/30/22,20:50:00,A,"Injury of any type (Serious, Minor, Possible)",C,Possible Injury (C),2,State,51.46,15,15-S,15-S,,Entrance Ramp 61,10,Feet,S,1,Clear,5,Dark-Not Lighted,1,Dry,69900,"Trafficway, On Road",3/30/22 20:50
4119,923876,1,41.37822,-72.90526,3421031,3/31/22,11:26:00,O,Property Damage Only,O,No Apparent Injury (O),2,State,0.17,15,15-S,15-S-122,,Exit 62,0.100000001,TenthsofMile,S,1,Clear,1,Daylight,1,Dry,58000,"Trafficway, On Road",3/31/22 11:26
8944,927552,1,41.357668,-72.938882,3424706,4/1/22,10:13:00,O,Property Damage Only,O,No Apparent Injury (O),2,Local,0.21,534,VALLEY RD,VALLEY RD,,Gilbert Avenue,200,Feet,N,1,Clear,1,Daylight,1,Dry,,"Trafficway, On Road",4/1/22 10:13
3241,922706,1,41.381044,-72.900279,3419863,4/1/22,10:46:00,O,Property Damage Only,O,No Apparent Injury (O),2,State,51.79,15,15-N,15-N,,Exit 62,1,TenthsofMile,S,1,Clear,1,Daylight,1,Dry,71100,"Trafficway, On Road",4/1/22 10:46
721,923602,1,41.406798,-72.89943,3420757,4/1/22,13:06:00,A,"Injury of any type (Serious, Minor, Possible)",A,Suspected Serious Injury (A),2,State,10.67,10,CT-10,10-N,,Woodruff Street,1,TenthsofMile,N,1,Clear,1,Daylight,1,Dry,25600,"Trafficway, On Road",4/1/22 13:06
604,922998,1,41.41461,-72.90213,3420155,4/1/22,13:19:00,O,Property Damage Only,O,No Apparent Injury (O),3,State,11.22,10,CT-10,10-N,,SHERMAN AVENUE,50,Feet,N,1,Clear,1,Daylight,1,Dry,26100,"Trafficway, On Road",4/1/22 13:19
4120,924468,1,41.378262,-72.905299,3421623,4/1/22,16:30:00,O,Property Damage Only,O,No Apparent Injury (O),2,State,0.17,15,15-S,15-S-122,,15-N,3,Feet,N,4,Rain,1,Daylight,2,Wet,58000,"Trafficway, On Road",4/1/22 16:30
3392,922766,1,41.38059,-72.90077,3419923,4/1/22,17:52:00,O,Property Damage Only,O,No Apparent Injury (O),2,State,0.22,15,15-N,15-N-125,,Entrance Ramp 61,10,Feet,N,1,Clear,1,Daylight,2,Wet,58000,"Trafficway, On Road",4/1/22 17:52
3905,924473,1,41.38058,-72.90117,3421628,4/1/22,18:32:00,O,Property Damage Only,O,No Apparent Injury (O),3,State,51.79,15,15-S,15-S,,15-S-123,2,TenthsofMile,N,1,Clear,1,Daylight,1,Dry,71100,"Trafficway, On Road",4/1/22 18:32