,CrashId,Fatal Case Status,lat,lon,DOT Case Number,Date Of Crash,Time of Crash,Crash Severity,Crash Severity Text Format,Most Severe Injury,Most Severe Injury Text Format,Number Of Motor Vehicles,Route Class Text Format,Milemarker,Road Number,Road Description,Roadway Name,Intersecting Roadway Name,Landmark Description,Distance From Nearest Landmark,Unit Of Measure From Nearest Landmark,Direction From Nearest Landmark,Weather Condition,Weather Condition Text Format,Light Condition,Light Condition Text Format,Road Surface Condition,Road Surface Condition Text Format,Average Daily Traffic,Trafficway Class Text Format,full_date
2129,923603,1,41.38932,-72.8995,3420758,4/1/22,18:36:00,O,Property Damage Only,O,No Apparent Injury (O),2,State,9.41,10,CT-10,10-N,,Lincoln St.,1,TenthsofMile,N,2,Cloudy,1,Daylight,1,Dry,17100,"Trafficway, On Road",4/1/22 18:36
1429,923023,1,41.35304,-72.93027,3420180,4/1/22,22:03:00,O,Property Damage Only,O,No Apparent Injury (O),2,State,6.24,10,CT-10,10-N,,Church Street,50,Feet,N,1,Clear,4,Dark-Lighted,1,Dry,22700,"Trafficway, On Road",4/1/22 22:03
5976,923692,1,41.33579,-72.93793,3420847,4/2/22,3:36:00,O,Property Damage Only,O,No Apparent Injury (O),1,Local,0.01,52,BOWEN ST,BOWEN ST,Cherry Ann Street ,,,,,1,Clear,4,Dark-Lighted,1,Dry,,"Trafficway, Not on Road",4/2/22 3:36
6979,923024,1,41.3354,-72.93154,3420181,4/2/22,13:20:00,O,Property Damage Only,O,No Apparent Injury (O),2,Local,0,224,GOODYEAR ST,GOODYEAR ST,Goodrich St,,,,,1,Clear,1,Daylight,1,Dry,,"Trafficway, On Road",4/2/22 13:20
8224,939993,1,41.34993,-72.90209,3437140,4/3/22,2:19:00,O,Property Damage Only,O,No Apparent Injury (O),1,Local,1.04,452,RIDGE RD,RIDGE RD,HARTFORD TPK,,,,,1,Clear,4,Dark-Lighted,1,Dry,,"Trafficway, On Road",4/3/22 2:19
5164,929478,1,41.36324,-72.90894,3426632,4/3/22,3:54:00,O,Property Damage Only,O,No Apparent Injury (O),1,State,2.19,707,WHITNEY AV,707-N,,Santa Fe Avenue,40,Feet,S,1,Clear,4,Dark-Lighted,1,Dry,13400,"Trafficway, Not on Road",4/3/22 3:54
7227,926438,1,41.3423,-72.9017,3423592,4/3/22,6:24:00,O,Property Damage Only,O,No Apparent Injury (O),2,,,,HUBBARD PL,170 HUBBARD PL,,Ridge Road,150,Feet,E,1,Clear,4,Dark-Lighted,1,Dry,,"Trafficway, Not on Road",4/3/22 6:24
6641,926745,1,41.40949,-72.9005,3423899,4/3/22,7:13:00,O,Property Damage Only,O,No Apparent Injury (O),1,Local,1.91,174,EVERGREEN AV,EVERGREEN AV,,Evergren Avenue,50,Feet,S,1,Clear,1,Daylight,1,Dry,,"Trafficway, Not on Road",4/3/22 7:13
9336,923025,1,41.35098,-72.95959,3420182,4/3/22,11:47:00,O,Property Damage Only,O,No Apparent Injury (O),1,Local,0.29,598,WOODIN ST,WOODIN ST,,fawn Ridge Drive,50,Feet,E,99,Unknown,99,Unknown,99,Unknown,,"Trafficway, On Road",4/3/22 11:47
7071,923026,1,41.38935,-72.91373,3420183,4/4/22,12:44:00,O,Property Damage Only,O,No Apparent Injury (O),2,Local,0.1,713,HAMDEN HILLS DR,HAMDEN HILLS DR,,TOWN WALK DR,20,Feet,N,1,Clear,1,Daylight,1,Dry,,"Trafficway, On Road",4/4/22 12:44
4984,927512,1,41.34126,-72.91286,3424666,4/4/22,13:54:00,O,Property Damage Only,O,No Apparent Injury (O),2,State,0.59,707,WHITNEY AV,707-N,,Davis Street,50,Feet,S,1,Clear,1,Daylight,1,Dry,14400,"Trafficway, On Road",4/4/22 13:54
2610,927513,1,41.338223,-72.941113,3424667,4/4/22,15:13:00,A,"Injury of any type (Serious, Minor, Possible)",C,Possible Injury (C),2,State,4.88,10,CT-10,10-N,FAIRVIEW AV,,,,S,1,Clear,1,Daylight,1,Dry,10700,"Trafficway, On Road",4/4/22 15:13
9143,923027,1,41.419427,-72.920096,3420184,4/4/22,15:28:00,A,"Injury of any type (Serious, Minor, Possible)",C,Possible Injury (C),1,Local,0.06,575,WEST WOODS RD,WEST WOODS RD NO 1,,Shepard Avenue,200,Feet,E,1,Clear,1,Daylight,1,Dry,,"Trafficway, On Road",4/4/22 15:28
8749,929479,1,41.37136,-72.9071,3426633,4/5/22,14:09:00,O,Property Damage Only,O,No Apparent Injury (O),2,Local,0.04,494,SKIFF ST,SKIFF ST,,whitney ave,210,Feet,W,1,Clear,1,Daylight,1,Dry,,"Trafficway, On Road",4/5/22 14:09
300,925490,1,41.359237,-72.92563,3422645,4/5/22,17:25:00,O,Property Damage Only,O,No Apparent Injury (O),2,State,6.73,10,CT-10,10-N,,Mather St,50,Feet,N,1,Clear,1,Daylight,1,Dry,32000,"Trafficway, On Road",4/5/22 17:25
69,939659,1,41.36358,-72.92319,3436806,4/6/22,3:40:00,O,Property Damage Only,O,No Apparent Injury (O),2,State,7.05,10,CT-10,10-N,,WHEELER ST,50,Feet,S,4,Rain,4,Dark-Lighted,2,Wet,38500,"Trafficway, On Road",4/6/22 3:40
3771,924887,1,41.37987,-72.90223,3422042,4/6/22,8:21:00,O,Property Damage Only,O,No Apparent Injury (O),2,State,51.71,15,15-S,15-S,,Exit #62,0.5,TenthsofMile,N,4,Rain,1,Daylight,2,Wet,72100,"Trafficway, On Road",4/6/22 8:21
4122,924732,1,41.37817,-72.90528,3421887,4/6/22,13:44:00,O,Property Damage Only,O,No Apparent Injury (O),2,State,0.18,15,15-S,15-S-122,,Route 15 Southbound,10,Feet,N,4,Rain,1,Daylight,2,Wet,58000,"Trafficway, On Road",4/6/22 13:44
3095,927164,1,41.34848549,-72.96615995,3424318,4/7/22,12:15:00,A,"Injury of any type (Serious, Minor, Possible)",C,Possible Injury (C),1,State,47.55,15,15-N,15-N,,Heroes Tunnel,2,TenthsofMile,N,1,Clear,1,Daylight,1,Dry,79100,"Trafficway, On Road",4/7/22 12:15
2145,925188,1,41.38866,-72.89991,3422343,4/7/22,12:37:00,O,Property Damage Only,O,No Apparent Injury (O),2,State,9.36,10,CT-10,WHITNEY AVE,,Lincoln,100,Feet,N,1,Clear,1,Daylight,1,Dry,17100,"Trafficway, On Road",4/7/22 12:37
4121,924544,1,41.378156,-72.905308,3421699,4/7/22,14:00:00,O,Property Damage Only,O,No Apparent Injury (O),2,State,0.18,15,15-S,15-S-122,,Route 15 Southbound,10,Feet,E,1,Clear,1,Daylight,1,Dry,58000,"Trafficway, On Road",4/7/22 14:00
6509,925534,1,41.33791,-72.93521,3422688,4/7/22,15:03:00,O,Property Damage Only,O,No Apparent Injury (O),2,Local,0.18,142,DIXWELL AV,DIXWELL AV NO 1,,Arch St,20,Feet,S,4,Rain,1,Daylight,2,Wet,,"Trafficway, On Road",4/7/22 15:03
8534,925546,1,41.403915,-72.923591,3422700,4/8/22,0:42:00,O,Property Damage Only,O,No Apparent Injury (O),1,Local,2,489,SHEPARD AV,SHEPARD AV,,Raelin Rd,50,Feet,S,4,Rain,6,Dark-Unknown Lighting,2,Wet,,"Trafficway, Not on Road",4/8/22 0:42
3694,926203,1,41.367195,-72.917297,3423357,4/8/22,2:23:00,A,"Injury of any type (Serious, Minor, Possible)",C,Possible Injury (C),1,State,50.5,15,15-S,15-S,,Exit 60,3,TenthsofMile,N,4,Rain,5,Dark-Not Lighted,2,Wet,73800,"Trafficway, On Road",4/8/22 2:23
8122,926439,1,41.34591,-72.91304,3423593,4/8/22,7:28:00,O,Property Damage Only,O,No Apparent Injury (O),2,Local,0.03,439,PUTNAM AV,PUTNAM AV,,WHITNEY AVE,150,Feet,W,1,Clear,1,Daylight,2,Wet,,"Trafficway, On Road",4/8/22 7:28
5560,929314,1,41.37629,-72.91571,3426468,4/8/22,10:34:00,O,Property Damage Only,O,No Apparent Injury (O),2,State,0.05,753,CT-10,DIXWELL AVE,,shepard ave,100,Feet,S,1,Clear,1,Daylight,1,Dry,15800,"Trafficway, On Road",4/8/22 10:34
3010,927112,1,41.375479,-72.915274,3424266,4/8/22,11:29:00,O,Property Damage Only,O,No Apparent Injury (O),2,Local,0.08,144,CT-10,DIXWELL AV NO 2 RT 10 NB,,Skiff Street,75,Feet,N,1,Clear,1,Daylight,1,Dry,,"Trafficway, On Road",4/8/22 11:29
5908,925535,1,41.3646,-72.92921,3422689,4/8/22,15:40:00,O,Property Damage Only,O,No Apparent Injury (O),2,Local,0.3,42,BENHAM ST,BENHAM ST,MIX AV,,,,,1,Clear,1,Daylight,1,Dry,,"Trafficway, On Road",4/8/22 15:40
8747,926468,1,41.37233,-72.91005,3423622,4/8/22,16:44:00,O,Property Damage Only,O,No Apparent Injury (O),2,Local,0.21,494,SKIFF ST,SKIFF ST,,Whitney Avenue,1,TenthsofMile,W,1,Clear,1,Daylight,1,Dry,,"Trafficway, On Road",4/8/22 16:44
3411,927633,1,41.36535,-72.9225,3424787,4/8/22,20:13:00,O,Property Damage Only,O,No Apparent Injury (O),2,State,0.17,15,15-N,15-N-220,,Dixwell Ave,40,Feet,S,1,Clear,5,Dark-Not Lighted,1,Dry,58000,"Trafficway, On Road",4/8/22 20:13
4865,931678,1,41.383446,-72.901857,3428832,4/8/22,21:45:00,A,"Injury of any type (Serious, Minor, Possible)",B,Suspected Minor Injury (B),1,State,3.62,707,WHITNEY AV,707-N,717-E,,,,,1,Clear,4,Dark-Lighted,1,Dry,17100,"Trafficway, On Road",4/8/22 21:45
7603,927553,1,41.338132,-72.93466,3424707,4/8/22,21:59:00,O,Property Damage Only,O,No Apparent Injury (O),2,Local,0.03,370,MORSE ST,MORSE ST,,Dixwell Avenue,100,Feet,E,1,Clear,4,Dark-Lighted,1,Dry,,"Trafficway, On Road",4/8/22 21:59
4748,926469,1,41.339825,-72.896613,3423623,4/9/22,0:27:00,A,"Injury of any type (Serious, Minor, Possible)",B,Suspected Minor Injury (B),2,USRoute,1.91,5,US-5,5-N,,BATTI RD,400,Feet,N,1,Clear,4,Dark-Lighted,1,Dry,11900,"Trafficway, On Road",4/9/22 0:27
6803,927113,1,41.3634,-72.92804,3424267,4/9/22,9:09:00,O,Property Damage Only,O,No Apparent Injury (O),2,Local,0.03,206,GARFIELD ST,GARFIELD ST,,BENHAM ST.,250,Feet,S,1,Clear,1,Daylight,1,Dry,,"Trafficway, On Road",4/9/22 9:09
3692,924625,1,41.37789393,-72.9054785,3421780,4/9/22,11:03:00,O,Property Damage Only,O,No Apparent Injury (O),2,State,51.44,15,15-S,15-S,,RT 15 N/B,5,Feet,N,4,Rain,1,Daylight,2,Wet,73800,"Trafficway, On Road",4/9/22 11:03
65,927114,1,41.363426,-72.923457,3424268,4/9/22,11:30:00,A,"Injury of any type (Serious, Minor, Possible)",C,Possible Injury (C),2,State,7.03,10,CT-10,10-N,,BENHAM ST,290,Feet,N,2,Cloudy,1,Daylight,2,Wet,38500,"Trafficway, On Road",4/9/22 11:30
3693,924738,1,41.37789393,-72.9054785,3421893,4/9/22,13:07:00,O,Property Damage Only,O,No Apparent Injury (O),2,State,51.44,15,15-S,15-S,,EXIT 61,10,Feet,S,4,Rain,1,Daylight,2,Wet,73800,"Trafficway, On Road",4/9/22 13:07
6233,935877,1,41.34966,-72.93512,3433028,4/10/22,1:06:00,O,Property Damage Only,O,No Apparent Injury (O),1,Local,1.15,99,CIRCULAR AV,CIRCULAR AV,,Newton St,40,Feet,S,1,Clear,4,Dark-Lighted,1,Dry,,"Trafficway, On Road",4/10/22 1:06
8746,926440,1,41.37433,-72.91552,3423594,4/10/22,11:16:00,A,"Injury of any type (Serious, Minor, Possible)",C,Possible Injury (C),2,Local,0.52,494,SKIFF ST,SKIFF ST,,Dixwell Avenue,100,Feet,E,1,Clear,1,Daylight,1,Dry,,"Trafficway, On Road",4/10/22 11:16
1736,924688,1,41.338462,-72.935188,3421843,4/10/22,11:51:00,A,"Injury of any type (Serious, Minor, Possible)",A,Suspected Serious Injury (A),2,State,5.2,10,CT-10,10-N,,Arch St,75,Feet,N,1,Clear,1,Daylight,1,Dry,21200,"Trafficway, On Road",4/10/22 11:51
5763,953944,1,41.36203,-72.93023,3451084,4/10/22,14:05:00,O,Property Damage Only,O,No Apparent Injury (O),1,Local,0.54,32,BATTIS RD,BATTIS RD,,Grandview Avenue,50,Feet,N,1,Clear,1,Daylight,1,Dry,,"Trafficway, On Road",4/10/22 14:05
4124,927538,1,41.37816,-72.90531,3424692,4/11/22,7:29:00,O,Property Damage Only,O,No Apparent Injury (O),2,State,0.18,15,15-S,15-S-122,,Route 15 Southbound,10,Feet,W,1,Clear,1,Daylight,1,Dry,58000,"Trafficway, On Road",4/11/22 7:29
4125,927539,1,41.37815,-72.9053,3424693,4/11/22,8:10:00,O,Property Damage Only,O,No Apparent Injury (O),2,State,0.18,15,15-S,15-S-122,,Route 15,10,Feet,W,1,Clear,1,Daylight,1,Dry,58000,"Trafficway, On Road",4/11/22 8:10
2111,925536,1,41.383446,-72.901857,3422690,4/11/22,11:26:00,A,"Injury of any type (Serious, Minor, Possible)",C,Possible Injury (C),2,State,8.98,10,CT-10,10-N,717-E,,,,,1,Clear,1,Daylight,1,Dry,17200,"Trafficway, On Road",4/11/22 11:26
8748,929432,1,41.373897,-72.914128,3426586,4/11/22,11:55:00,O,Property Damage Only,O,No Apparent Injury (O),2,Local,0.44,494,SKIFF ST,SKIFF ST,,10-N,500,Feet,E,1,Clear,1,Daylight,1,Dry,,"Trafficway, On Road",4/11/22 11:55
3009,925538,1,41.374774,-72.915693,3422692,4/11/22,17:12:00,O,Property Damage Only,O,No Apparent Injury (O),2,Local,0.02,144,CT-10,DIXWELL AV NO 2 RT 10 NB,,SKIFF ST.,60,Feet,N,1,Clear,1,Daylight,1,Dry,,"Trafficway, On Road",4/11/22 17:12
64,925547,1,41.36453,-72.92282,3422701,4/11/22,17:39:00,O,Property Damage Only,O,No Apparent Injury (O),2,State,7.12,10,CT-10,10-N,,Weybosset Street,10,Feet,S,1,Clear,1,Daylight,1,Dry,38500,"Trafficway, On Road",4/11/22 17:39
1741,927115,1,41.33864,-72.93527,3424269,4/12/22,11:42:00,O,Property Damage Only,O,No Apparent Injury (O),2,State,5.21,10,CT-10,10-N,,Arch Street,100,Feet,N,1,Clear,1,Daylight,1,Dry,21200,"Trafficway, On Road",4/12/22 11:42
8319,925539,1,41.384204,-72.898815,3422693,4/12/22,13:56:00,O,Property Damage Only,O,No Apparent Injury (O),2,Local,0.42,480,SCHOOL ST,SCHOOL ST,WASHINGTON AV,,,,,1,Clear,1,Daylight,1,Dry,,"Trafficway, On Road",4/12/22 13:56
386,925548,1,41.3542,-72.92965,3422702,4/12/22,15:33:00,O,Property Damage Only,O,No Apparent Injury (O),2,State,6.32,10,CT-10,10-N,,,,,,1,Clear,1,Daylight,1,Dry,27800,"Trafficway, On Road",4/12/22 15:33
5288,926470,1,41.359307,-72.909789,3423624,4/12/22,15:50:00,A,"Injury of any type (Serious, Minor, Possible)",C,Possible Injury (C),2,State,1.91,707,WHITNEY AV,707-N,CENTRAL AV,,,,,1,Clear,1,Daylight,1,Dry,11800,"Trafficway, On Road",4/12/22 15:50
2289,925540,1,41.383627,-72.901819,3422694,4/12/22,20:25:00,A,"Injury of any type (Serious, Minor, Possible)",C,Possible Injury (C),2,State,8.99,10,CT-10,10-N,,DIXWELL AVE,75,Feet,N,1,Clear,4,Dark-Lighted,1,Dry,16700,"Trafficway, On Road",4/12/22 20:25
7604,927555,1,41.33738,-72.92968,3424709,4/12/22,22:24:00,A,"Injury of any type (Serious, Minor, Possible)",C,Possible Injury (C),1,Local,0.29,370,MORSE ST,MORSE ST,SHELTON AV,,,,,1,Clear,4,Dark-Lighted,1,Dry,,"Trafficway, On Road",4/12/22 22:24
605,925541,1,41.416582,-72.903093,3422695,4/13/22,2:22:00,A,"Injury of any type (Serious, Minor, Possible)",B,Suspected Minor Injury (B),1,State,11.36,10,CT-10,10-N,,West Woods Rd.,3,TenthsofMile,S,1,Clear,4,Dark-Lighted,1,Dry,26100,"Trafficway, Not on Road",4/13/22 2:22
4123,925428,1,41.378225,-72.905307,3422583,4/13/22,7:33:00,O,Property Damage Only,O,No Apparent Injury (O),2,State,0.17,15,15-S,15-S-122,,Exit 61 on ramp,10,Feet,N,1,Clear,1,Daylight,1,Dry,58000,"Trafficway, On Road",4/13/22 7:33
7169,927136,1,41.349474,-72.943325,3424290,4/13/22,8:02:00,A,"Injury of any type (Serious, Minor, Possible)",B,Suspected Minor Injury (B),1,Local,0.51,251,HELEN ST,HELEN ST,ELMER AV,,,,,1,Clear,1,Daylight,1,Dry,,"Trafficway, On Road",4/13/22 8:02
3906,927840,1,41.380435,-72.901464,3424994,4/13/22,16:55:00,O,Property Damage Only,O,No Apparent Injury (O),2,State,51.77,15,15-S,15-S,,Exit 62,50,Feet,S,1,Clear,1,Daylight,1,Dry,71100,"Trafficway, On Road",4/13/22 16:55
3696,928285,1,41.37789393,-72.9054785,3425439,4/13/22,17:21:00,O,Property Damage Only,O,No Apparent Injury (O),2,State,51.44,15,15-S,15-S,,Exit 62,3,TenthsofMile,S,1,Clear,1,Daylight,1,Dry,73800,"Trafficway, On Road",4/13/22 17:21
3695,927841,1,41.377893,-72.90547,3424995,4/13/22,17:28:00,O,Property Damage Only,O,No Apparent Injury (O),2,State,51.44,15,15-S,15-S,,Exit 61,1,TenthsofMile,S,1,Clear,1,Daylight,1,Dry,73800,"Trafficway, On Road",4/13/22 17:28
7719,926441,1,41.336193,-72.92663,3423595,4/13/22,17:49:00,A,"Injury of any type (Serious, Minor, Possible)",C,Possible Injury (C),2,Local,0.52,385,NEWHALL ST,NEWHALL ST,MARLBORO ST,,,,,1,Clear,1,Daylight,1,Dry,,"Trafficway, On Road",4/13/22 17:49
3210,926286,1,41.37990332,-72.90208614,3423440,4/14/22,6:49:00,O,Property Damage Only,O,No Apparent Injury (O),2,State,51.69,15,15-N,15-N,,Rt 15 NB,10,Feet,E,1,Clear,1,Daylight,1,Dry,72100,"Trafficway, On Road",4/14/22 6:49
7973,925549,1,41.356255,-72.940511,3422703,4/14/22,8:50:00,O,Property Damage Only,O,No Apparent Injury (O),2,Local,0.05,431,PIPER RD,PIPER RD,HAYWARD RD,,,,,1,Clear,1,Daylight,1,Dry,,"Trafficway, On Road",4/14/22 8:50
9231,925550,1,41.35262,-72.96438,3422704,4/14/22,10:08:00,O,Property Damage Only,O,No Apparent Injury (O),2,Local,1.63,594,WINTERGREEN AV,WINTERGREEN AV,,WOODIN STREET,200,Feet,S,1,Clear,1,Daylight,1,Dry,,"Trafficway, On Road",4/14/22 10:08
6231,927137,1,41.35742,-72.937138,3424291,4/14/22,12:59:00,O,Property Damage Only,O,No Apparent Injury (O),2,Local,0.61,99,CIRCULAR AV,CIRCULAR AV,,GILBERT AVE,75,Feet,N,1,Clear,1,Daylight,1,Dry,,"Trafficway, On Road",4/14/22 12:59
7318,929433,1,41.350245,-72.921656,3426587,4/14/22,13:15:00,O,Property Damage Only,O,No Apparent Injury (O),2,Local,0.71,317,LEEDER HILL DR,LEEDER HILL DR,,Treadwell St,1000,Feet,S,1,Clear,1,Daylight,1,Dry,,"Trafficway, On Road",4/14/22 13:15
3719,928297,1,41.381311,-72.900086,3425451,4/15/22,14:47:00,A,"Injury of any type (Serious, Minor, Possible)",C,Possible Injury (C),2,State,51.86,15,15-S,15-S,,Exit 62,200,Feet,N,1,Clear,1,Daylight,1,Dry,73500,"Trafficway, On Road",4/15/22 14:47
3772,928296,1,41.37890676,-72.9038597,3425450,4/15/22,14:47:00,O,Property Damage Only,O,No Apparent Injury (O),3,State,51.59,15,15-S,15-S,,15-S-123,200,Feet,N,1,Clear,1,Daylight,1,Dry,72100,"Trafficway, On Road",4/15/22 14:47
4678,927138,1,41.330237,-72.899227,3424292,4/15/22,15:38:00,O,Property Damage Only,O,No Apparent Injury (O),2,USRoute,1.18,5,US-5,5-N,,park rd,200,Feet,N,1,Clear,1,Daylight,1,Dry,14500,"Trafficway, On Road",4/15/22 15:38
4171,927657,1,41.3793972,-72.90375396,3424811,4/16/22,14:31:00,O,Property Damage Only,O,No Apparent Injury (O),2,State,0.16,15,15-S,15-S-123,,Entrance ramp 61,10,Feet,N,1,Clear,1,Daylight,1,Dry,58000,"Trafficway, On Road",4/16/22 14:31
6703,927751,1,41.341874,-72.941312,3424905,4/16/22,15:58:00,A,"Injury of any type (Serious, Minor, Possible)",B,Suspected Minor Injury (B),1,Local,0.25,176,FAIRVIEW AV,FAIRVIEW AV,NORTH ST,,,,,1,Clear,1,Daylight,1,Dry,,"Trafficway, Not on Road",4/16/22 15:58
1740,926471,1,41.344404,-72.934373,3423625,4/16/22,17:14:00,A,"Injury of any type (Serious, Minor, Possible)",B,Suspected Minor Injury (B),2,State,5.6,10,CT-10,10-N,WOODIN ST,,,,,1,Clear,1,Daylight,1,Dry,21200,"Trafficway, On Road",4/16/22 17:14
7398,926442,1,41.35837,-72.92418,3423596,4/16/22,17:28:00,A,"Injury of any type (Serious, Minor, Possible)",B,Suspected Minor Injury (B),2,Local,0.92,352,MATHER ST,MATHER ST,,Dixwell Avenue ,500,Feet,E,1,Clear,1,Daylight,1,Dry,,"Trafficway, On Road",4/16/22 17:28
1431,927556,1,41.34901,-72.93242,3424710,4/16/22,23:09:00,O,Property Damage Only,O,No Apparent Injury (O),3,State,5.93,10,CT-10,10-N,NEWTON ST,,0,,,1,Clear,4,Dark-Lighted,2,Wet,22700,"Trafficway, On Road",4/16/22 23:09
4665,926443,1,41.32797,-72.897729,3423597,4/17/22,1:52:00,O,Property Damage Only,O,No Apparent Injury (O),1,USRoute,1,5,US-5,5-N,,Park Street,600,Feet,S,1,Clear,4,Dark-Lighted,1,Dry,17500,"Trafficway, On Road",4/17/22 1:52
3697,928319,1,41.375865,-72.90824,3425473,4/17/22,16:55:00,A,"Injury of any type (Serious, Minor, Possible)",C,Possible Injury (C),2,State,51.24,15,15-S,15-S,,15-S-119,10,TenthsofMile,N,1,Clear,1,Daylight,1,Dry,73800,"Trafficway, On Road",4/17/22 16:55
7171,933833,1,41.34901,-72.94175,3430984,4/17/22,21:31:00,A,"Injury of any type (Serious, Minor, Possible)",B,Suspected Minor Injury (B),3,Local,0.43,251,HELEN ST,HELEN ST,,Glenbrook Ave,100,Feet,W,1,Clear,4,Dark-Lighted,1,Dry,,"Trafficway, On Road",4/17/22 21:31
8123,927557,1,41.346143,-72.933596,3424711,4/17/22,21:31:00,O,Property Damage Only,O,No Apparent Injury (O),2,Local,1.16,439,PUTNAM AV,PUTNAM AV,,,,,,1,Clear,4,Dark-Lighted,1,Dry,,"Trafficway, On Road",4/17/22 21:31
4768,929480,1,41.35939,-72.889026,3426634,4/18/22,15:33:00,O,Property Damage Only,O,No Apparent Injury (O),2,USRoute,3.32,5,US-5,5-N,,Olds St,100,Feet,N,1,Clear,1,Daylight,1,Dry,10100,"Trafficway, On Road",4/18/22 15:33
6232,929481,1,41.346745,-72.934212,3426635,4/18/22,16:26:00,O,Property Damage Only,O,No Apparent Injury (O),2,Local,1.34,99,CIRCULAR AV,CIRCULAR AV,,Helen St,20,Feet,N,1,Clear,1,Daylight,1,Dry,,"Trafficway, On Road",4/18/22 16:26
303,933865,1,41.359236,-72.925658,3431016,4/19/22,6:53:00,A,"Injury of any type (Serious, Minor, Possible)",C,Possible Injury (C),2,State,6.73,10,CT-10,10-N,,,,,,1,Clear,1,Daylight,1,Dry,32000,"Trafficway, On Road",4/19/22 6:53
302,927752,1,41.362666,-72.923944,3424906,4/19/22,7:02:00,A,"Injury of any type (Serious, Minor, Possible)",C,Possible Injury (C),2,State,6.98,10,CT-10,10-N,BENHAM ST,,,,,1,Clear,1,Daylight,2,Wet,32000,"Trafficway, On Road",4/19/22 7:02
3094,927008,1,41.364856,-72.927559,3424162,4/19/22,12:21:00,A,"Injury of any type (Serious, Minor, Possible)",B,Suspected Minor Injury (B),1,State,49.9,15,15-N,15-N,,Exit 60,1,TenthsofMile,S,1,Clear,1,Daylight,1,Dry,79100,"Trafficway, On Road",4/19/22 12:21
5545,927753,1,41.374487,-72.915926,3424907,4/19/22,13:06:00,O,Property Damage Only,O,No Apparent Injury (O),2,State,0.17,753,CT-10,753-S,SKIFF ST,,,,,1,Clear,1,Daylight,1,Dry,15800,"Trafficway, On Road",4/19/22 13:06
142,927558,1,41.366014,-72.92179,3424712,4/19/22,18:26:00,O,Property Damage Only,O,No Apparent Injury (O),2,State,7.22,10,CT-10,10-N,,Route 15 ,25,Feet,S,1,Clear,1,Daylight,1,Dry,33700,"Trafficway, On Road",4/19/22 18:26
3932,927009,1,41.37861,-72.90442,3424163,4/19/22,18:44:00,O,Property Damage Only,O,No Apparent Injury (O),2,State,51.54,15,15-S,15-S,,Exit 61,10,Feet,S,1,Clear,1,Daylight,1,Dry,69900,"Trafficway, On Road",4/19/22 18:44
7953,927559,1,41.34512,-72.94571,3424713,4/19/22,19:22:00,O,Property Damage Only,O,No Apparent Injury (O),2,Local,0.61,664,PINE ROCK AV,PINE ROCK AV NO 2,WELCH ST,,,,,1,Clear,1,Daylight,1,Dry,,"Trafficway, On Road",4/19/22 19:22
2290,927515,1,41.38451,-72.901478,3424669,4/20/22,18:37:00,O,Property Damage Only,O,No Apparent Injury (O),2,State,9.06,10,CT-10,10-N,SCHOOL ST,,,,,1,Clear,1,Daylight,1,Dry,16700,"Trafficway, On Road",4/20/22 18:37
6510,927516,1,41.337041,-72.935178,3424670,4/20/22,18:37:00,A,"Injury of any type (Serious, Minor, Possible)",C,Possible Injury (C),2,Local,0.11,142,DIXWELL AV,DIXWELL AV NO 1,,DUDLEY ST,40,Feet,S,1,Clear,1,Daylight,1,Dry,,"Trafficway, On Road",4/20/22 18:37
7863,929434,1,41.32971,-72.89868,3426588,4/21/22,7:58:00,O,Property Damage Only,O,No Apparent Injury (O),2,Local,0,414,PARK RD,PARK RD,5-N,,,,,1,Clear,1,Daylight,1,Dry,,"Trafficway, On Road",4/21/22 7:58
6884,933834,1,41.36805,-72.909515,3430985,4/21/22,10:03:00,O,Property Damage Only,O,No Apparent Injury (O),1,Local,0.11,219,GLENDOWER RD,GLENDOWER RD,,WHITNEY AVE,1,TenthsofMile,W,1,Clear,1,Daylight,1,Dry,,"Trafficway, On Road",4/21/22 10:03
6033,927589,1,41.335525,-72.928931,3424743,4/21/22,17:13:00,O,Property Damage Only,O,No Apparent Injury (O),2,Local,0.06,72,BUTLER ST,BUTLER ST,,GOODRICH STREET,100,Feet,N,1,Clear,1,Daylight,1,Dry,,"Trafficway, On Road",4/21/22 17:13
7073,929435,1,41.385657,-72.907806,3426589,4/22/22,0:31:00,A,"Injury of any type (Serious, Minor, Possible)",B,Suspected Minor Injury (B),1,Local,0.56,713,HAMDEN HILLS DR,HAMDEN HILLS DR,,Evergreen Avenue,300,Feet,S,1,Clear,4,Dark-Lighted,1,Dry,,"Trafficway, On Road",4/22/22 0:31
3096,929256,1,41.347113,-72.967658,3426410,4/22/22,8:26:00,O,Property Damage Only,O,No Apparent Injury (O),2,State,47.43,15,15-N,15-N,,59 Entrance Ramp,5,TenthsofMile,N,1,Clear,1,Daylight,1,Dry,79100,"Trafficway, On Road",4/22/22 8:26
4767,929459,1,41.356207,-72.890651,3426613,4/22/22,17:02:00,O,Property Damage Only,O,No Apparent Injury (O),2,USRoute,3.08,5,US-5,5-N,,Stevens St,100,Feet,N,1,Clear,1,Daylight,1,Dry,10100,"Trafficway, On Road",4/22/22 17:02
7518,929482,1,41.36564,-72.927661,3426636,4/22/22,22:31:00,O,Property Damage Only,O,No Apparent Injury (O),2,Local,0.12,366,MIX AV,MIX AV,,Benham Street,1,TenthsofMile,N,1,Clear,4,Dark-Lighted,1,Dry,,"Trafficway, On Road",4/22/22 22:31