,CrashId,Fatal Case Status,lat,lon,DOT Case Number,Date Of Crash,Time of Crash,Crash Severity,Crash Severity Text Format,Most Severe Injury,Most Severe Injury Text Format,Number Of Motor Vehicles,Route Class Text Format,Milemarker,Road Number,Road Description,Roadway Name,Intersecting Roadway Name,Landmark Description,Distance From Nearest Landmark,Unit Of Measure From Nearest Landmark,Direction From Nearest Landmark,Weather Condition,Weather Condition Text Format,Light Condition,Light Condition Text Format,Road Surface Condition,Road Surface Condition Text Format,Average Daily Traffic,Trafficway Class Text Format,full_date
4569,929483,1,41.396775,-72.891104,3426637,4/22/22,22:54:00,A,"Injury of any type (Serious, Minor, Possible)",C,Possible Injury (C),1,State,0.7,22,CT-22,22-E,,Rolling Ridge Road,100,Feet,W,1,Clear,4,Dark-Lighted,1,Dry,4200,"Trafficway, On Road",4/22/22 22:54
1620,929484,1,41.37262195,-72.91732829,3426638,4/23/22,12:13:00,A,"Injury of any type (Serious, Minor, Possible)",B,Suspected Minor Injury (B),1,State,7.74,10,CT-10,10-N,,Skiff Street,735,Feet,S,1,Clear,1,Daylight,1,Dry,22100,"Trafficway, Not on Road",4/23/22 12:13
7605,931679,1,41.33693,-72.92567,3428833,4/23/22,20:58:00,O,Property Damage Only,O,No Apparent Injury (O),2,Local,0.49,370,MORSE ST,MORSE ST,,Newhall St,100,Feet,E,1,Clear,4,Dark-Lighted,1,Dry,,"Trafficway, On Road",4/23/22 20:58
1742,932646,1,41.338706,-72.935224,3429799,4/24/22,1:07:00,A,"Injury of any type (Serious, Minor, Possible)",B,Suspected Minor Injury (B),2,State,5.21,10,CT-10,10-N,,MORSE ST,135,Feet,N,1,Clear,4,Dark-Lighted,1,Dry,21200,"Trafficway, On Road",4/24/22 1:07
3720,928406,1,41.381927,-72.898835,3425560,4/24/22,3:54:00,O,Property Damage Only,O,No Apparent Injury (O),1,State,51.92,15,15-S,15-S,,Exit 62,2,TenthsofMile,N,1,Clear,5,Dark-Not Lighted,1,Dry,73500,"Trafficway, On Road",4/24/22 3:54
1438,943730,1,41.353047,-72.930427,3440874,4/24/22,12:39:00,O,Property Damage Only,O,No Apparent Injury (O),2,State,6.24,10,CT-10,10-N,,Church St,50,Feet,N,1,Clear,1,Daylight,1,Dry,22700,"Trafficway, On Road",4/24/22 12:39
1937,933835,1,41.382904,-72.907787,3430986,4/25/22,14:49:00,O,Property Damage Only,O,No Apparent Injury (O),2,State,8.67,10,CT-10,10-N,EVERGREEN AVE,,,,,1,Clear,1,Daylight,1,Dry,18600,"Trafficway, On Road",4/25/22 14:49
8850,931680,1,41.3985,-72.8991,3428834,4/25/22,15:07:00,O,Property Damage Only,O,No Apparent Injury (O),2,Local,0.08,510,SUNNYSIDE AV,SUNNYSIDE AV,CANNON ST,,1,TenthsofMile,N,1,Clear,1,Daylight,1,Dry,,"Trafficway, On Road",4/25/22 15:07
4107,953945,1,41.36613,-72.92177,3451085,4/26/22,8:17:00,A,"Injury of any type (Serious, Minor, Possible)",C,Possible Injury (C),1,State,0.18,15,15-S,15-S-119,10-N,,,,,1,Clear,1,Daylight,1,Dry,58000,"Trafficway, On Road",4/26/22 8:17
4088,930408,1,41.36582,-72.92299,3427562,4/26/22,8:33:00,O,Property Damage Only,O,No Apparent Injury (O),1,State,50.18,15,15-S,15-S,,Exit 60,2,TenthsofMile,N,1,Clear,1,Daylight,1,Dry,60700,"Trafficway, On Road",4/26/22 8:33
7170,929486,1,41.346809,-72.935501,3426640,4/26/22,16:51:00,A,"Injury of any type (Serious, Minor, Possible)",C,Possible Injury (C),3,Local,0.07,251,HELEN ST,HELEN ST,,Notkins Street,25,Feet,W,4,Rain,1,Daylight,2,Wet,,"Trafficway, On Road",4/26/22 16:51
7517,929436,1,41.37624,-72.9205,3426590,4/27/22,9:36:00,O,Property Damage Only,O,No Apparent Injury (O),1,Local,0.94,366,MIX AV,MIX AV,,SKIFF STREET,20,Feet,S,1,Clear,1,Daylight,1,Dry,,"Trafficway, On Road",4/27/22 9:36
3935,943334,1,41.378182,-72.905299,3440479,4/27/22,11:29:00,O,Property Damage Only,O,No Apparent Injury (O),2,State,51.46,15,15-S,15-S,,Whitney Ave,1,TenthsofMile,N,1,Clear,1,Daylight,1,Dry,69900,"Trafficway, On Road",4/27/22 11:29
1621,931654,1,41.373745,-72.916342,3428808,4/27/22,14:20:00,A,"Injury of any type (Serious, Minor, Possible)",C,Possible Injury (C),1,State,7.83,10,CT-10,10-N,,SKIFF,250,Feet,S,1,Clear,1,Daylight,1,Dry,22100,"Trafficway, On Road",4/27/22 14:20
66,931681,1,41.363475,-72.923347,3428835,4/27/22,15:33:00,O,Property Damage Only,O,No Apparent Injury (O),2,State,7.04,10,CT-10,10-N,,Wheeler Street,75,Feet,S,1,Clear,1,Daylight,1,Dry,38500,"Trafficway, On Road",4/27/22 15:33
4126,930440,1,41.3784,-72.90534,3427594,4/27/22,17:15:00,O,Property Damage Only,O,No Apparent Injury (O),2,State,0.16,15,15-S,15-S-122,,Route 15 South,100,Feet,N,1,Clear,1,Daylight,1,Dry,58000,"Trafficway, On Road",4/27/22 17:15
7653,933836,1,41.41935596,-72.89361088,3430987,4/27/22,20:41:00,O,Property Damage Only,O,No Apparent Injury (O),2,,,,MOUNT CARMEL AV,MT CARMEL AVE,,hogan rd,1,TenthsofMile,E,1,Clear,5,Dark-Not Lighted,1,Dry,,"Trafficway, On Road",4/27/22 20:41
8873,929487,1,41.343827,-72.934455,3426641,4/28/22,9:24:00,O,Property Damage Only,O,No Apparent Injury (O),2,Local,0.26,518,THIRD ST,THIRD ST,DIXWELL AVE,,,,,1,Clear,97,Other,1,Dry,,"Trafficway, On Road",4/28/22 9:24
726,940738,1,41.409723,-72.900502,3437885,4/28/22,10:31:00,A,"Injury of any type (Serious, Minor, Possible)",C,Possible Injury (C),1,State,10.88,10,CT-10,10-N,EVERGREEN AV,,,,,1,Clear,1,Daylight,1,Dry,25600,"Trafficway, On Road",4/28/22 10:31
1017,931700,1,41.345885,-72.934054,3428854,4/28/22,15:01:00,A,"Injury of any type (Serious, Minor, Possible)",C,Possible Injury (C),2,State,5.71,10,CT-10,10-N,,PUTNAM AVENUE,60,Feet,S,1,Clear,1,Daylight,1,Dry,24800,"Trafficway, On Road",4/28/22 15:01
7811,940739,1,41.3697,-72.9411,3437886,4/28/22,17:19:00,O,Property Damage Only,O,No Apparent Injury (O),2,Local,0.2,411,PARADISE AV,PARADISE AV NO 5,,cooper ln.,1,TenthsofMile,N,1,Clear,1,Daylight,1,Dry,,"Trafficway, On Road",4/28/22 17:19
7286,931682,1,41.360704,-72.941368,3428836,4/28/22,19:04:00,O,Property Damage Only,O,No Apparent Injury (O),2,Local,0.42,309,LANE ST,LANE ST,,Field Crest Lane,100,Feet,S,1,Clear,4,Dark-Lighted,1,Dry,,"Trafficway, On Road",4/28/22 19:04
4127,930854,1,41.378201,-72.905275,3428008,4/29/22,8:59:00,O,Property Damage Only,O,No Apparent Injury (O),2,State,0.17,15,15-S,15-S-122,,Exit 61,10,Feet,N,1,Clear,1,Daylight,1,Dry,58000,"Trafficway, On Road",4/29/22 8:59
606,931655,1,41.416268,-72.902968,3428809,4/29/22,11:42:00,A,"Injury of any type (Serious, Minor, Possible)",C,Possible Injury (C),2,State,11.34,10,CT-10,10-N,,SHERMAN AVENUE,500,Feet,N,1,Clear,1,Daylight,1,Dry,26100,"Trafficway, On Road",4/29/22 11:42
1894,936727,1,41.423207,-72.905492,3433877,4/29/22,11:51:00,O,Property Damage Only,O,No Apparent Injury (O),2,State,11.84,10,CT-10,10-N,,Todd Street,400,Feet,S,1,Clear,1,Daylight,1,Dry,19300,"Trafficway, On Road",4/29/22 11:51
2923,1013361,1,41.368586,-72.919711,3507557,4/29/22,14:14:00,O,Property Damage Only,O,No Apparent Injury (O),3,State,7.44,10,CT-10,10-N,,CONNOLLY PARKWAY,550,Feet,N,1,Clear,1,Daylight,1,Dry,,"Trafficway, On Road",4/29/22 14:14
8222,931701,1,41.362038,-72.899656,3428855,4/29/22,14:56:00,A,"Injury of any type (Serious, Minor, Possible)",C,Possible Injury (C),1,Local,1.91,452,RIDGE RD,RIDGE RD,,JACKSON ROAD,150,Feet,N,1,Clear,1,Daylight,1,Dry,,"Trafficway, On Road",4/29/22 14:56
3633,930580,1,41.36284,-72.93113,3427734,4/29/22,16:26:00,A,"Injury of any type (Serious, Minor, Possible)",B,Suspected Minor Injury (B),2,State,49.68,15,15-S,15-S,,Exit 60,5,TenthsofMile,S,1,Clear,1,Daylight,1,Dry,79100,"Trafficway, On Road",4/29/22 16:26
5165,931683,1,41.36415,-72.908728,3428837,4/29/22,17:03:00,A,"Injury of any type (Serious, Minor, Possible)",B,Suspected Minor Injury (B),2,State,2.25,707,WHITNEY AV,707-N,FILBERT ST,,,,,1,Clear,1,Daylight,1,Dry,13400,"Trafficway, On Road",4/29/22 17:03
3386,930581,1,41.37889299,-72.90352041,3427735,4/29/22,17:54:00,O,Property Damage Only,O,No Apparent Injury (O),2,State,0.21,15,15-N,15-N-124,Route 15 Northbound,,,,,1,Clear,1,Daylight,1,Dry,58000,"Trafficway, On Road",4/29/22 17:54
2414,933837,1,41.450624,-72.909394,3430988,4/30/22,10:39:00,O,Property Damage Only,O,No Apparent Injury (O),1,State,13.76,10,CT-10,10-N,Lovig Lane,,1,TenthsofMile,S,1,Clear,1,Daylight,1,Dry,14300,"Trafficway, On Road",4/30/22 10:39
4089,930914,1,41.36581,-72.92444,3428068,4/30/22,11:09:00,O,Property Damage Only,O,No Apparent Injury (O),2,State,50.1,15,15-S,15-S,,15-S-119,1,TenthsofMile,S,1,Clear,1,Daylight,1,Dry,60700,"Trafficway, On Road",4/30/22 11:09
2415,933838,1,41.449241,-72.909786,3430989,4/30/22,11:30:00,O,Property Damage Only,O,No Apparent Injury (O),1,State,13.67,10,CT-10,10-N,,Lovig Lane,1,TenthsofMile,S,1,Clear,1,Daylight,1,Dry,14300,"Trafficway, On Road",4/30/22 11:30
7954,931656,1,41.33717,-72.9467,3428810,4/30/22,12:24:00,A,"Injury of any type (Serious, Minor, Possible)",C,Possible Injury (C),2,Local,0.05,664,PINE ROCK AV,PINE ROCK AV NO 2,,Fitch St,200,Feet,N,1,Clear,1,Daylight,1,Dry,,"Trafficway, On Road",4/30/22 12:24
3393,930511,1,41.38061,-72.90077,3427665,4/30/22,13:41:00,O,Property Damage Only,O,No Apparent Injury (O),2,State,0.22,15,15-N,15-N-125,,15N,10,Feet,S,1,Clear,1,Daylight,1,Dry,58000,"Trafficway, On Road",4/30/22 13:41
1436,939677,1,41.352884,-72.930473,3436824,4/30/22,16:03:00,A,"Injury of any type (Serious, Minor, Possible)",B,Suspected Minor Injury (B),2,State,6.22,10,CT-10,10-N,,Church St,50,Feet,N,1,Clear,1,Daylight,1,Dry,22700,"Trafficway, On Road",4/30/22 16:03
4985,931657,1,41.338038,-72.912172,3428811,4/30/22,16:07:00,A,"Injury of any type (Serious, Minor, Possible)",C,Possible Injury (C),1,State,0.37,707,WHITNEY AV,707-N,,Deepwood Drive,500,Feet,S,1,Clear,1,Daylight,1,Dry,14400,"Trafficway, On Road",4/30/22 16:07
4769,933839,1,41.36079,-72.88814,3430990,4/30/22,18:13:00,A,"Injury of any type (Serious, Minor, Possible)",C,Possible Injury (C),1,USRoute,3.43,5,US-5,5-N,,skiff street,3,TenthsofMile,S,1,Clear,1,Daylight,1,Dry,10100,"Trafficway, On Road",4/30/22 18:13
5546,931684,1,41.374487,-72.915926,3428838,4/30/22,19:03:00,A,"Injury of any type (Serious, Minor, Possible)",B,Suspected Minor Injury (B),2,State,0.17,753,CT-10,753-S,SKIFF ST,,,,,1,Clear,1,Daylight,1,Dry,15800,"Trafficway, On Road",4/30/22 19:03
1015,931685,1,41.346275,-72.93386,3428839,4/30/22,23:18:00,A,"Injury of any type (Serious, Minor, Possible)",C,Possible Injury (C),2,State,5.74,10,CT-10,10-N,CIRCULAR AV,,,,,1,Clear,4,Dark-Lighted,1,Dry,24800,"Trafficway, On Road",4/30/22 23:18
4172,934719,1,41.37936,-72.90355,3431870,5/1/22,0:00:00,O,Property Damage Only,O,No Apparent Injury (O),2,State,0.17,15,15-S,15-S-123,,Exit 61,5,Feet,S,1,Clear,5,Dark-Not Lighted,1,Dry,58000,"Trafficway, On Road",5/1/22 0:00
6107,931658,1,41.35281,-72.93048,3428812,5/1/22,11:27:00,A,"Injury of any type (Serious, Minor, Possible)",B,Suspected Minor Injury (B),1,Local,0,97,CHURCH ST,CHURCH ST,,Church St.,15,Feet,E,1,Clear,1,Daylight,1,Dry,,"Trafficway, On Road",5/1/22 11:27
8538,953946,1,41.41776,-72.92282,3451086,5/2/22,5:17:00,O,Property Damage Only,O,No Apparent Injury (O),1,Local,2.97,489,SHEPARD AV,SHEPARD AV,,Apple Tree La,50,Feet,S,4,Rain,4,Dark-Lighted,2,Wet,,"Trafficway, On Road",5/2/22 5:17
4128,931573,1,41.378184,-72.90528,3428727,5/2/22,13:39:00,O,Property Damage Only,O,No Apparent Injury (O),2,State,0.18,15,15-S,15-S-122,,15-S,10,Feet,W,1,Clear,1,Daylight,1,Dry,58000,"Trafficway, On Road",5/2/22 13:39
5289,931702,1,41.362307,-72.909091,3428856,5/2/22,16:15:00,A,"Injury of any type (Serious, Minor, Possible)",B,Suspected Minor Injury (B),2,State,2.12,707,WHITNEY AV,707-N,WOODLAWN ST,,,,,4,Rain,1,Daylight,2,Wet,11800,"Trafficway, On Road",5/2/22 16:15
6835,931686,1,41.442184,-72.943201,3428840,5/2/22,16:42:00,O,Property Damage Only,O,No Apparent Injury (O),2,Local,1.35,208,GAYLORD MOUNTAIN RD,GAYLORD MOUNTAIN RD,,,,,,4,Rain,1,Daylight,2,Wet,,"Trafficway, On Road",5/2/22 16:42
2365,931703,1,41.397277,-72.897117,3428857,5/3/22,1:25:00,A,"Injury of any type (Serious, Minor, Possible)",C,Possible Injury (C),2,State,9.99,10,CT-10,10-N,RIVERSIDE DR,,,,,1,Clear,4,Dark-Lighted,1,Dry,14800,"Trafficway, On Road",5/3/22 1:25
5911,931704,1,41.364068,-72.927357,3428858,5/3/22,2:22:00,O,Property Damage Only,O,No Apparent Injury (O),1,Local,0.22,42,BENHAM ST,BENHAM ST,GARFIELD ST,Garfiled St.,10,Feet,W,1,Clear,4,Dark-Lighted,2,Wet,,"Trafficway, On Road",5/3/22 2:22
5912,933840,1,41.362833,-72.924299,3430991,5/3/22,8:03:00,O,Property Damage Only,O,No Apparent Injury (O),2,Local,0.02,42,BENHAM ST,BENHAM ST,,Dixwell Ave,100,Feet,W,2,Cloudy,1,Daylight,1,Dry,,"Trafficway, On Road",5/3/22 8:03
1563,933867,1,41.34779,-72.9331,3431018,5/3/22,8:31:00,O,Property Damage Only,O,No Apparent Injury (O),2,State,5.85,10,CT-10,DIXWELL AVE,,Putnam Ave,500,Feet,N,1,Clear,1,Daylight,1,Dry,22500,"Trafficway, On Road",5/3/22 8:31
4565,931659,1,41.40346,-72.895235,3428813,5/3/22,12:32:00,A,"Injury of any type (Serious, Minor, Possible)",C,Possible Injury (C),2,State,0.16,22,CT-22,22-E,,NEW ROAD,100,Feet,W,1,Clear,1,Daylight,1,Dry,4300,"Trafficway, On Road",5/3/22 12:32
1016,931687,1,41.345854,-72.934047,3428841,5/3/22,17:19:00,A,"Injury of any type (Serious, Minor, Possible)",B,Suspected Minor Injury (B),2,State,5.71,10,CT-10,10-N,,Putnam Avenue,100,Feet,S,1,Clear,1,Daylight,1,Dry,24800,"Trafficway, On Road",5/3/22 17:19
8924,940740,1,41.35401,-72.92976,3437887,5/3/22,17:36:00,O,Property Damage Only,O,No Apparent Injury (O),2,Local,0.04,527,TREADWELL ST,TREADWELL ST,BAGLEY AV,,,,,1,Clear,1,Daylight,1,Dry,,"Trafficway, On Road",5/3/22 17:36
2366,939994,1,41.39461,-72.89684,3437141,5/3/22,19:00:00,O,Property Damage Only,O,No Apparent Injury (O),2,State,9.81,10,CT-10,10-N,GLENHAM RD,,,,,1,Clear,1,Daylight,1,Dry,14800,"Trafficway, On Road",5/3/22 19:00
5910,931660,1,41.364751,-72.930668,3428814,5/4/22,7:12:00,O,Property Damage Only,O,No Apparent Injury (O),2,Local,0.38,42,BENHAM ST,BENHAM ST,,,,,,4,Rain,1,Daylight,2,Wet,,"Trafficway, On Road",5/4/22 7:12
723,933841,1,41.405774,-72.899132,3430992,5/4/22,7:21:00,O,Property Damage Only,O,No Apparent Injury (O),2,State,10.59,10,CT-10,10-N,,Woodruff Street,50,Feet,N,1,Clear,1,Daylight,1,Dry,25600,"Trafficway, On Road",5/4/22 7:21
7412,931688,1,41.33462,-72.90031,3428842,5/4/22,10:27:00,O,Property Damage Only,O,No Apparent Injury (O),1,Local,0.11,360,MERRITT ST,MERRITT ST,,STATE ST,50,Feet,E,4,Rain,1,Daylight,2,Wet,,"Trafficway, Not on Road",5/4/22 10:27
6395,933842,1,41.341173,-72.938177,3430993,5/4/22,14:51:00,O,Property Damage Only,O,No Apparent Injury (O),1,Local,0.19,141,DIX ST,DIX ST,WHITING ST,,,,,1,Clear,1,Daylight,1,Dry,,"Trafficway, On Road",5/4/22 14:51
5290,938823,1,41.3622768,-72.9090936,3435970,5/4/22,15:10:00,A,"Injury of any type (Serious, Minor, Possible)",B,Suspected Minor Injury (B),3,State,2.12,707,WHITNEY AV,707-N,WOODLAWN ST,,,,,1,Clear,1,Daylight,1,Dry,11800,"Trafficway, On Road",5/4/22 15:10
6235,939687,1,41.356718,-72.936872,3436834,5/4/22,15:33:00,A,"Injury of any type (Serious, Minor, Possible)",C,Possible Injury (C),2,Local,0.65,99,CIRCULAR AV,CIRCULAR AV,NOBLE ST,,,,,1,Clear,1,Daylight,1,Dry,,"Trafficway, On Road",5/4/22 15:33
6394,931661,1,41.3413,-72.93818,3428815,5/4/22,17:10:00,O,Property Damage Only,O,No Apparent Injury (O),2,Local,0.2,141,DIX ST,DIX ST,,WHITING ST.,75,Feet,N,1,Clear,1,Daylight,1,Dry,,"Trafficway, On Road",5/4/22 17:10
7523,953947,1,41.36463,-72.92906,3451087,5/4/22,17:46:00,O,Property Damage Only,O,No Apparent Injury (O),1,Local,0.02,366,MIX AV,MIX AV,,Benham St,15,Feet,S,1,Clear,1,Daylight,1,Dry,,"Trafficway, On Road",5/4/22 17:46
7519,940981,1,41.364608,-72.929188,3438128,5/4/22,18:25:00,O,Property Damage Only,O,No Apparent Injury (O),2,Local,0.01,366,MIX AV,MIX AV,,Benham St,15,Feet,N,1,Clear,1,Daylight,1,Dry,,"Trafficway, On Road",5/4/22 18:25
7524,953948,1,41.3646,-72.92913,3451088,5/5/22,6:29:00,A,"Injury of any type (Serious, Minor, Possible)",B,Suspected Minor Injury (B),1,Local,0.01,366,MIX AV,MIX AV,,Benham Street,10,Feet,S,1,Clear,1,Daylight,1,Dry,,"Trafficway, On Road",5/5/22 6:29
7643,939067,1,41.423422,-72.884735,3436214,5/5/22,13:28:00,O,Property Damage Only,O,No Apparent Injury (O),2,Local,0.54,375,MOUNT CARMEL AV,MOUNT CARMEL AV,,Ridge Rd.,1,TenthsofMile,W,1,Clear,1,Daylight,1,Dry,,"Trafficway, On Road",5/5/22 13:28
8750,933843,1,41.37141,-72.90711,3430994,5/5/22,14:01:00,O,Property Damage Only,O,No Apparent Injury (O),2,Local,0.05,494,SKIFF ST,SKIFF ST,,Whitney Ave,200,Feet,W,1,Clear,1,Daylight,1,Dry,,"Trafficway, On Road",5/5/22 14:01
6752,939068,1,41.397161,-72.903819,3436215,5/5/22,14:46:00,O,Property Damage Only,O,No Apparent Injury (O),2,Local,0,635,FLOWER DR,FLOWER DR,EVERGREEN AV,,,,,1,Clear,1,Daylight,1,Dry,,"Trafficway, On Road",5/5/22 14:46
7028,933844,1,41.361848,-72.930329,3430995,5/5/22,15:32:00,O,Property Damage Only,O,No Apparent Injury (O),2,Local,0.65,230,GRANDVIEW AV,GRANDVIEW AV,,,,,,1,Clear,1,Daylight,1,Dry,,"Trafficway, On Road",5/5/22 15:32
4864,931662,1,41.346718,-72.91269,3428816,5/5/22,16:41:00,A,"Injury of any type (Serious, Minor, Possible)",B,Suspected Minor Injury (B),2,State,0.99,707,WHITNEY AV,707-N,,RALSTON AVE.,30,Feet,W,1,Clear,1,Daylight,1,Dry,17100,"Trafficway, On Road",5/5/22 16:41
4866,935097,1,41.37961,-72.90326,3432248,5/5/22,16:43:00,O,Property Damage Only,O,No Apparent Injury (O),2,State,3.36,707,WHITNEY AV,707-N,,Route 15,30,Feet,N,1,Clear,1,Daylight,1,Dry,17100,"Trafficway, On Road",5/5/22 16:43
2413,931705,1,41.455124,-72.908424,3428859,5/5/22,23:20:00,A,"Injury of any type (Serious, Minor, Possible)",C,Possible Injury (C),1,State,14.07,10,CT-10,10-N,,Old Lane Rd.,1,TenthsofMile,S,1,Clear,4,Dark-Lighted,1,Dry,14300,"Trafficway, Not on Road",5/5/22 23:20
7956,962616,1,41.340417,-72.945415,3459756,5/6/22,0:01:00,O,Property Damage Only,O,No Apparent Injury (O),1,Local,0.29,664,PINE ROCK AV,PINE ROCK AV NO 2,,Arch Street,30,Feet,S,1,Clear,4,Dark-Lighted,1,Dry,,"Trafficway, On Road",5/6/22 0:01
4867,939069,1,41.383196,-72.901943,3436216,5/6/22,9:44:00,O,Property Damage Only,O,No Apparent Injury (O),2,State,3.6,707,WHITNEY AV,707-N,,DIXWELL AVE,100,Feet,S,2,Cloudy,1,Daylight,1,Dry,17100,"Trafficway, On Road",5/6/22 9:44
5741,972845,1,41.341718,-72.925848,3469008,5/6/22,9:57:00,O,Property Damage Only,O,No Apparent Injury (O),1,Local,0.73,21,AUGUR ST,AUGUR ST,NEWHALL ST,,,,,1,Clear,1,Daylight,1,Dry,,"Trafficway, On Road",5/6/22 9:57
607,939070,1,41.41715,-72.90332,3436217,5/6/22,12:03:00,A,"Injury of any type (Serious, Minor, Possible)",C,Possible Injury (C),2,State,11.41,10,CT-10,10-N,,Sherman Ave.,2,TenthsofMile,N,2,Cloudy,1,Daylight,1,Dry,26100,"Trafficway, On Road",5/6/22 12:03
6512,940741,1,41.338195,-72.935221,3437888,5/6/22,12:16:00,A,"Injury of any type (Serious, Minor, Possible)",C,Possible Injury (C),2,Local,0.2,142,DIXWELL AV,DIXWELL AV NO 1,,Arch St,30,Feet,N,1,Clear,1,Daylight,1,Dry,,"Trafficway, On Road",5/6/22 12:16
4771,949242,1,41.341457,-72.895553,3446384,5/6/22,12:31:00,A,"Injury of any type (Serious, Minor, Possible)",C,Possible Injury (C),2,USRoute,2.04,5,US-5,5-N,LONDON DR,,,,N,1,Clear,1,Daylight,1,Dry,10100,"Trafficway, On Road",5/6/22 12:31
724,933845,1,41.40543,-72.89895,3430996,5/6/22,18:02:00,O,Property Damage Only,O,No Apparent Injury (O),2,State,10.56,10,CT-10,10-N,WOODRUFF ST,,,,,4,Rain,1,Daylight,2,Wet,25600,"Trafficway, On Road",5/6/22 18:02
1433,939071,1,41.34992,-72.93207,3436218,5/6/22,18:27:00,O,Property Damage Only,O,No Apparent Injury (O),2,State,6,10,CT-10,10-N,,COLLINS AVE,62,Feet,N,1,Clear,1,Daylight,1,Dry,22700,"Trafficway, On Road",5/6/22 18:27
3933,933774,1,41.378176,-72.905287,3430924,5/6/22,19:33:00,O,Property Damage Only,O,No Apparent Injury (O),2,State,51.47,15,15-S,15-S,,RT 15 S/B,10,Feet,S,4,Rain,4,Dark-Lighted,2,Wet,69900,"Trafficway, On Road",5/6/22 19:33
8125,943731,1,41.34562,-72.933,3440875,5/6/22,20:07:00,O,Property Damage Only,O,No Apparent Injury (O),2,Local,1.12,439,PUTNAM AV,PUTNAM AV,,Dixwell ave,350,Feet,E,4,Rain,4,Dark-Lighted,2,Wet,,"Trafficway, On Road",5/6/22 20:07
7812,953949,1,41.37974,-72.93553,3451089,5/6/22,22:36:00,O,Property Damage Only,O,No Apparent Injury (O),1,Local,0.96,411,PARADISE AV,PARADISE AV NO 5,,Howard Avenue,1,TenthsofMile,S,4,Rain,4,Dark-Lighted,2,Wet,,"Trafficway, Not on Road",5/6/22 22:36
1437,940742,1,41.35393,-72.92949,3437889,5/6/22,23:14:00,O,Property Damage Only,O,No Apparent Injury (O),2,State,6.31,10,CT-10,10-N,TREADWELL ST,,,,W,4,Rain,4,Dark-Lighted,2,Wet,22700,"Trafficway, On Road",5/6/22 23:14
5780,936728,1,41.34809,-72.91616,3433878,5/7/22,8:44:00,A,"Injury of any type (Serious, Minor, Possible)",C,Possible Injury (C),2,Local,0.13,41,BELMONT ST,BELMONT ST NO 1,TREADWELL ST,,,,,4,Rain,1,Daylight,2,Wet,,"Trafficway, On Road",5/7/22 8:44
389,939072,1,41.358335,-72.926368,3436219,5/7/22,13:54:00,O,Property Damage Only,O,No Apparent Injury (O),2,State,6.66,10,CT-10,10-N,,MATHER ST.,300,Feet,S,2,Cloudy,1,Daylight,2,Wet,27800,"Trafficway, On Road",5/7/22 13:54
1537,933846,1,41.34778,-72.93306,3430997,5/7/22,15:08:00,O,Property Damage Only,O,No Apparent Injury (O),2,State,5.85,10,CT-10,10-N,,Scott St,215,Feet,S,4,Rain,1,Daylight,2,Wet,22500,"Trafficway, On Road",5/7/22 15:08
402,972846,1,41.357076,-72.927182,3469009,5/7/22,17:28:00,O,Property Damage Only,O,No Apparent Injury (O),2,State,6.56,10,CT-10,10-N,,Haig Street ,100,Feet,S,4,Rain,1,Daylight,2,Wet,27800,"Trafficway, On Road",5/7/22 17:28
304,935878,1,41.362661,-72.9238,3433029,5/7/22,20:56:00,A,"Injury of any type (Serious, Minor, Possible)",C,Possible Injury (C),1,State,6.98,10,CT-10,10-N,BENHAM ST,,,,,1,Clear,4,Dark-Lighted,1,Dry,32000,"Trafficway, On Road",5/7/22 20:56
6234,939073,1,41.34663,-72.93416,3436220,5/8/22,15:29:00,O,Property Damage Only,O,No Apparent Injury (O),2,Local,1.36,99,CIRCULAR AV,CIRCULAR AV,HELEN ST,,,,,1,Clear,1,Daylight,1,Dry,,"Trafficway, On Road",5/8/22 15:29
72,954057,1,41.363737,-72.923162,3451197,5/8/22,19:31:00,O,Property Damage Only,O,No Apparent Injury (O),2,State,7.06,10,CT-10,10-N,,Palmer,100,Feet,N,1,Clear,4,Dark-Lighted,1,Dry,38500,"Trafficway, On Road",5/8/22 19:31
7074,939074,1,41.385241,-72.906854,3436221,5/8/22,19:43:00,O,Property Damage Only,O,No Apparent Injury (O),2,Local,0.61,713,HAMDEN HILLS DR,HAMDEN HILLS DR,SCHOOL ST,,,,,1,Clear,4,Dark-Lighted,1,Dry,,"Trafficway, On Road",5/8/22 19:43
8874,939075,1,41.34385,-72.93534,3436222,5/8/22,20:43:00,O,Property Damage Only,O,No Apparent Injury (O),2,Local,0.22,518,THIRD ST,THIRD ST,,Dixwell Ave,200,Feet,W,1,Clear,1,Daylight,1,Dry,,"Trafficway, On Road",5/8/22 20:43
5302,941395,1,41.35966,-72.90962,3438542,5/9/22,16:30:00,O,Property Damage Only,O,No Apparent Injury (O),2,State,1.94,707,WHITNEY AV,WHITNEY AVE,,Hawthorne Avenue,100,Feet,S,1,Clear,1,Daylight,1,Dry,11800,"Trafficway, On Road",5/9/22 16:30
3394,934375,1,41.38061,-72.90076,3431526,5/10/22,11:58:00,O,Property Damage Only,O,No Apparent Injury (O),2,State,0.22,15,15-N,15-N-125,,Rt 15 NB,10,Feet,E,1,Clear,1,Daylight,1,Dry,58000,"Trafficway, On Road",5/10/22 11:58
1538,933848,1,41.34662,-72.9338,3430999,5/10/22,12:11:00,O,Property Damage Only,O,No Apparent Injury (O),2,State,5.76,10,CT-10,10-N,,Putnam Ave.,50,Feet,N,1,Clear,1,Daylight,1,Dry,22500,"Trafficway, On Road",5/10/22 12:11
1895,939076,1,41.42294,-72.90545,3436223,5/10/22,12:30:00,A,"Injury of any type (Serious, Minor, Possible)",C,Possible Injury (C),2,State,11.82,10,CT-10,10-N,WHITNEY AVE,Todd Street,1,TenthsofMile,S,1,Clear,1,Daylight,1,Dry,19300,"Trafficway, On Road",5/10/22 12:30