,CrashId,Fatal Case Status,lat,lon,DOT Case Number,Date Of Crash,Time of Crash,Crash Severity,Crash Severity Text Format,Most Severe Injury,Most Severe Injury Text Format,Number Of Motor Vehicles,Route Class Text Format,Milemarker,Road Number,Road Description,Roadway Name,Intersecting Roadway Name,Landmark Description,Distance From Nearest Landmark,Unit Of Measure From Nearest Landmark,Direction From Nearest Landmark,Weather Condition,Weather Condition Text Format,Light Condition,Light Condition Text Format,Road Surface Condition,Road Surface Condition Text Format,Average Daily Traffic,Trafficway Class Text Format,full_date
5205,939995,1,41.371516,-72.90617,3437142,5/10/22,17:34:00,O,Property Damage Only,O,No Apparent Injury (O),2,State,2.77,707,WHITNEY AV,707-N,,Skiff Street,50,Feet,N,1,Clear,1,Daylight,1,Dry,12600,"Trafficway, On Road",5/10/22 17:34
9018,933849,1,41.34323,-72.9375,3431000,5/11/22,8:05:00,O,Property Damage Only,O,No Apparent Injury (O),2,Local,0.09,553,WARREN ST,WARREN ST,SECOND ST,,,,,1,Clear,1,Daylight,1,Dry,,"Trafficway, On Road",5/11/22 8:05
8124,939077,1,41.34599,-72.91264,3436224,5/11/22,10:48:00,A,"Injury of any type (Serious, Minor, Possible)",C,Possible Injury (C),2,Local,0.01,439,PUTNAM AV,PUTNAM AV,,,,,,1,Clear,1,Daylight,1,Dry,,"Trafficway, On Road",5/11/22 10:48
2113,941396,1,41.38349,-72.90243,3438543,5/11/22,12:32:00,O,Property Damage Only,O,No Apparent Injury (O),2,State,8.95,10,CT-10,10-N,,Whitney Ave.,60,Feet,W,1,Clear,1,Daylight,1,Dry,17200,"Trafficway, On Road",5/11/22 12:32
5767,939078,1,41.352325,-72.934758,3436225,5/11/22,23:04:00,O,Property Damage Only,O,No Apparent Injury (O),3,Local,0.03,33,BEACON ST,BEACON ST,,Circular Avenue,0.25,TenthsofMile,E,1,Clear,4,Dark-Lighted,1,Dry,,"Trafficway, On Road",5/11/22 23:04
1539,939079,1,41.34804,-72.93309,3436226,5/12/22,8:08:00,A,"Injury of any type (Serious, Minor, Possible)",B,Suspected Minor Injury (B),2,State,5.86,10,CT-10,10-N,,SCOTT ST,122,Feet,S,1,Clear,1,Daylight,1,Dry,22500,"Trafficway, On Road",5/12/22 8:08
3700,939080,1,41.37134,-72.91305,3436227,5/12/22,19:15:00,A,"Injury of any type (Serious, Minor, Possible)",B,Suspected Minor Injury (B),2,State,50.85,15,15-S,15-S,,Whitney Ave,100,Feet,W,1,Clear,1,Daylight,1,Dry,73800,"Trafficway, On Road",5/12/22 19:15
1432,937386,1,41.35416,-72.92965,3434534,5/12/22,20:37:00,O,Property Damage Only,O,No Apparent Injury (O),2,State,6.31,10,CT-10,10-N,TREADWELL ST,,,,,1,Clear,4,Dark-Lighted,1,Dry,22700,"Trafficway, On Road",5/12/22 20:37
8320,939081,1,41.385208,-72.906735,3436228,5/13/22,7:47:00,A,"Injury of any type (Serious, Minor, Possible)",C,Possible Injury (C),2,Local,0.01,480,SCHOOL ST,SCHOOL ST,EVERGREEN AVE,,,,,2,Cloudy,1,Daylight,1,Dry,,"Trafficway, On Road",5/13/22 7:47
7673,939661,1,41.415158,-72.895492,3436808,5/13/22,13:25:00,O,Property Damage Only,O,No Apparent Injury (O),1,Local,0.82,382,NEW RD,NEW RD,,SHERMAN AVENUE,500,Feet,N,1,Clear,1,Daylight,1,Dry,,"Trafficway, On Road",5/13/22 13:25
5412,939082,1,41.37733184,-72.90407519,3436229,5/13/22,13:47:00,A,"Injury of any type (Serious, Minor, Possible)",B,Suspected Minor Injury (B),2,State,3.19,707,WHITNEY AV,707-N,,Millbrook Rd,100,Feet,S,1,Clear,1,Daylight,1,Dry,,"Trafficway, On Road",5/13/22 13:47
2611,939083,1,41.33816,-72.94117,3436230,5/13/22,14:33:00,A,"Injury of any type (Serious, Minor, Possible)",C,Possible Injury (C),3,State,4.87,10,CT-10,10-N,FITCH ST,fitch st,15,Feet,S,1,Clear,1,Daylight,1,Dry,10700,"Trafficway, On Road",5/13/22 14:33
1746,940743,1,41.344483,-72.934244,3437890,5/13/22,16:46:00,A,"Injury of any type (Serious, Minor, Possible)",C,Possible Injury (C),3,State,5.6,10,CT-10,10-N,WOODIN ST,,,,,1,Clear,1,Daylight,1,Dry,21200,"Trafficway, On Road",5/13/22 16:46
8751,939084,1,41.374832,-72.916548,3436231,5/13/22,17:37:00,O,Property Damage Only,O,No Apparent Injury (O),2,Local,0.55,494,SKIFF ST,SKIFF ST,,10-N,130,Feet,W,1,Clear,1,Daylight,1,Dry,,"Trafficway, On Road",5/13/22 17:37
9144,939085,1,41.42067,-72.904889,3436232,5/13/22,17:47:00,O,Property Damage Only,O,No Apparent Injury (O),2,Local,0.95,575,WEST WOODS RD,WEST WOODS RD NO 1,10-N,,,,,1,Clear,1,Daylight,1,Dry,,"Trafficway, On Road",5/13/22 17:47
390,941397,1,41.35669,-72.92786,3438544,5/14/22,3:24:00,O,Property Damage Only,O,No Apparent Injury (O),1,State,6.52,10,CT-10,10-N,HOMESTEAD AV,,,,,1,Clear,4,Dark-Lighted,1,Dry,27800,"Trafficway, On Road",5/14/22 3:24
6511,939086,1,41.338195,-72.935221,3436233,5/14/22,16:31:00,A,"Injury of any type (Serious, Minor, Possible)",C,Possible Injury (C),2,Local,0.2,142,DIXWELL AV,DIXWELL AV NO 1,ARCH ST,,,,,1,Clear,1,Daylight,1,Dry,,"Trafficway, On Road",5/14/22 16:31
1434,939087,1,41.35283,-72.930454,3436234,5/14/22,18:24:00,A,"Injury of any type (Serious, Minor, Possible)",C,Possible Injury (C),2,State,6.22,10,CT-10,10-N,CHURCH ST,,,,,4,Rain,1,Daylight,2,Wet,22700,"Trafficway, On Road",5/14/22 18:24
1445,954058,1,41.3504,-72.93176,3451198,5/14/22,19:33:00,O,Property Damage Only,O,No Apparent Injury (O),2,State,6.04,10,CT-10,10-N,,Lexington Street,15,Feet,S,1,Clear,3,Dusk,1,Dry,22700,"Trafficway, On Road",5/14/22 19:33
6239,962008,1,41.360946,-72.936898,3459148,5/15/22,0:29:00,O,Property Damage Only,O,No Apparent Injury (O),1,Local,0.35,99,CIRCULAR AV,CIRCULAR AV,,Cherry Hill Road,50,Feet,S,4,Rain,4,Dark-Lighted,2,Wet,,"Trafficway, Not on Road",5/15/22 0:29
608,939088,1,41.41851,-72.90378,3436235,5/15/22,9:17:00,A,"Injury of any type (Serious, Minor, Possible)",B,Suspected Minor Injury (B),2,State,11.5,10,CT-10,10-N,,Mt. Carmel Ave.,1,TenthsofMile,E,2,Cloudy,1,Daylight,1,Dry,26100,"Trafficway, On Road",5/15/22 9:17
1743,939090,1,41.344,-72.934428,3436237,5/15/22,13:20:00,O,Property Damage Only,O,No Apparent Injury (O),2,State,5.58,10,CT-10,10-N,,THRID STREET,10,Feet,N,1,Clear,1,Daylight,1,Dry,21200,"Trafficway, On Road",5/15/22 13:20
2574,939762,1,41.33842,-72.93921,3436909,5/15/22,15:29:00,A,"Injury of any type (Serious, Minor, Possible)",C,Possible Injury (C),2,State,4.98,10,CT-10,10-N,,,,,,1,Clear,1,Daylight,1,Dry,11200,"Trafficway, On Road",5/15/22 15:29
5547,934564,1,41.376867,-72.915363,3431715,5/16/22,9:13:00,A,"Injury of any type (Serious, Minor, Possible)",A,Suspected Serious Injury (A),4,State,0.01,753,CT-10,753-S,,SHEPARD AVENUE,50,Feet,N,1,Clear,1,Daylight,1,Dry,15800,"Trafficway, On Road",5/16/22 9:13
3635,934779,1,41.362924,-72.931056,3431930,5/16/22,14:13:00,A,"Injury of any type (Serious, Minor, Possible)",C,Possible Injury (C),2,State,49.69,15,15-S,15-S,,15-S-119,5,TenthsofMile,S,1,Clear,1,Daylight,1,Dry,79100,"Trafficway, On Road",5/16/22 14:13
1775,941399,1,41.34428,-72.93437,3438546,5/16/22,14:24:00,O,Property Damage Only,O,No Apparent Injury (O),2,State,5.6,10,CT-10,DIXWELL AVE,WOODIN ST,,,,S,1,Clear,1,Daylight,1,Dry,21200,"Trafficway, On Road",5/16/22 14:24
5919,954059,1,41.366788,-72.940958,3451199,5/16/22,15:41:00,O,Property Damage Only,O,No Apparent Injury (O),2,Local,0.93,42,BENHAM ST,BENHAM ST,,,,,,1,Clear,1,Daylight,1,Dry,,"Trafficway, On Road",5/16/22 15:41
3098,935768,1,41.36473,-72.927819,3432919,5/16/22,16:23:00,O,Property Damage Only,O,No Apparent Injury (O),2,State,49.88,15,15-N,15-N,,15-N-220,1,TenthsofMile,S,1,Clear,1,Daylight,1,Dry,79100,"Trafficway, On Road",5/16/22 16:23
6079,934679,1,41.335775,-72.938097,3431830,5/16/22,16:39:00,O,Property Damage Only,O,No Apparent Injury (O),2,Local,0.15,92,CHERRY ANN ST,CHERRY ANN ST,,SHERMAN AVE,100,Feet,W,1,Clear,1,Daylight,1,Dry,,"Trafficway, On Road",5/16/22 16:39
7172,941400,1,41.349462,-72.943211,3438547,5/17/22,2:32:00,O,Property Damage Only,O,No Apparent Injury (O),2,Local,0.51,251,HELEN ST,HELEN ST,,Elmer Avenue,25,Feet,E,1,Clear,4,Dark-Lighted,1,Dry,,"Trafficway, On Road",5/17/22 2:32
1622,939091,1,41.373028,-72.916816,3436238,5/17/22,12:19:00,O,Property Damage Only,O,No Apparent Injury (O),2,State,7.78,10,CT-10,10-N,,SKIFF ST,1,TenthsofMile,S,1,Clear,1,Daylight,1,Dry,22100,"Trafficway, On Road",5/17/22 12:19
1435,939092,1,41.354015,-72.929695,3436239,5/17/22,16:12:00,A,"Injury of any type (Serious, Minor, Possible)",C,Possible Injury (C),2,State,6.31,10,CT-10,10-N,,Treadwell Street,5,Feet,N,1,Clear,1,Daylight,1,Dry,22700,"Trafficway, On Road",5/17/22 16:12
9062,956735,1,41.35077,-72.94583,3453875,5/17/22,16:14:00,O,Property Damage Only,O,No Apparent Injury (O),2,Local,0.27,567,WEST HELEN ST,WEST HELEN ST,,reyna rd,25,Feet,E,1,Clear,1,Daylight,1,Dry,,"Trafficway, On Road",5/17/22 16:14
4986,941401,1,41.345862,-72.912415,3438548,5/17/22,18:59:00,O,Property Damage Only,O,No Apparent Injury (O),2,State,0.93,707,WHITNEY AV,707-N,,Putnam Avenue,20,Feet,S,1,Clear,1,Daylight,1,Dry,14400,"Trafficway, On Road",5/17/22 18:59
4141,951854,1,41.37814,-72.90531,3448994,5/18/22,5:09:00,O,Property Damage Only,O,No Apparent Injury (O),2,State,0.18,15,15-S,15-S-122,,15-S,50,Feet,N,1,Clear,2,Dawn,1,Dry,58000,"Trafficway, On Road",5/18/22 5:09
3907,935636,1,41.38067,-72.901006,3432787,5/18/22,9:45:00,O,Property Damage Only,O,No Apparent Injury (O),2,State,51.8,15,15-S,15-S,,15-S-123,2,TenthsofMile,N,1,Clear,1,Daylight,1,Dry,71100,"Trafficway, On Road",5/18/22 9:45
3636,938247,1,41.36308,-72.93077,3435394,5/18/22,10:11:00,O,Property Damage Only,O,No Apparent Injury (O),3,State,49.7,15,15-S,15-S,,Exit 60,5,TenthsofMile,S,1,Clear,1,Daylight,1,Dry,79100,"Trafficway, On Road",5/18/22 10:11
4130,938250,1,41.37814,-72.90532,3435397,5/18/22,12:49:00,O,Property Damage Only,O,No Apparent Injury (O),2,State,0.18,15,15-S,15-S-122,,15-S,20,Feet,N,1,Clear,1,Daylight,1,Dry,58000,"Trafficway, On Road",5/18/22 12:49
8946,945126,1,41.35798,-72.94003,3442270,5/18/22,13:39:00,O,Property Damage Only,O,No Apparent Injury (O),2,Local,0.12,534,VALLEY RD,VALLEY RD,,Gilbert Avenue,500,Feet,W,1,Clear,99,Unknown,1,Dry,,"Trafficway, On Road",5/18/22 13:39
2612,939500,1,41.33833,-72.94101,3436647,5/18/22,15:12:00,A,"Injury of any type (Serious, Minor, Possible)",C,Possible Injury (C),2,State,4.88,10,CT-10,10-N,ARCH ST,,,,,1,Clear,1,Daylight,1,Dry,10700,"Trafficway, On Road",5/18/22 15:12
8536,941402,1,41.3846,-72.92134,3438549,5/18/22,15:56:00,A,"Injury of any type (Serious, Minor, Possible)",C,Possible Injury (C),2,Local,0.66,489,SHEPARD AV,SHEPARD AV,,,,,,1,Clear,1,Daylight,1,Dry,,"Trafficway, On Road",5/18/22 15:56
4129,937557,1,41.378216,-72.905292,3434704,5/18/22,17:21:00,O,Property Damage Only,O,No Apparent Injury (O),2,State,0.17,15,15-S,15-S-122,,15-S,20,Feet,N,1,Clear,1,Daylight,1,Dry,58000,"Trafficway, On Road",5/18/22 17:21
7814,982785,1,41.373252,-72.939464,922110,5/18/22,22:17:00,K,Fatal (Kill),K,Fatal Injury (K),1,Local,0.46,411,PARADISE AV,PARADISE AV NO 5,,COOPER LN,1875,Feet,N,1,Clear,4,Dark-Lighted,1,Dry,,"Trafficway, On Road",5/18/22 22:17
6360,940744,1,41.341307,-72.907539,3437891,5/19/22,1:36:00,A,"Injury of any type (Serious, Minor, Possible)",B,Suspected Minor Injury (B),1,Local,0.52,128,DAVIS ST,DAVIS ST,HARTFORD TPK,,,,,4,Rain,5,Dark-Not Lighted,2,Wet,,"Trafficway, On Road",5/19/22 1:36
3412,938285,1,41.365365,-72.92257,3435432,5/19/22,9:05:00,O,Property Damage Only,O,No Apparent Injury (O),2,State,0.16,15,15-N,15-N-220,,Dixwell Ave,50,Feet,S,4,Rain,1,Daylight,2,Wet,58000,"Trafficway, On Road",5/19/22 9:05
1018,940745,1,41.34487,-72.93439,3437892,5/19/22,10:42:00,O,Property Damage Only,O,No Apparent Injury (O),2,State,5.63,10,CT-10,10-N,,Woodin St,100,Feet,N,4,Rain,1,Daylight,2,Wet,24800,"Trafficway, On Road",5/19/22 10:42
3637,938286,1,41.347495,-72.967297,3435433,5/19/22,12:09:00,O,Property Damage Only,O,No Apparent Injury (O),3,State,47.46,15,15-S,15-S,,Exit 59,1,TenthsofMile,N,1,Clear,1,Daylight,2,Wet,79100,"Trafficway, On Road",5/19/22 12:09
6707,965116,1,41.345217,-72.940865,3462253,5/19/22,19:23:00,O,Property Damage Only,O,No Apparent Injury (O),2,Local,0.48,176,FAIRVIEW AV,FAIRVIEW AV,,Woodin Street,50,Feet,S,1,Clear,1,Daylight,1,Dry,,"Trafficway, On Road",5/19/22 19:23
6237,941403,1,41.356849,-72.936961,3438550,5/19/22,23:10:00,O,Property Damage Only,O,No Apparent Injury (O),2,Local,0.64,99,CIRCULAR AV,CIRCULAR AV,,Noble Street,10,Feet,N,1,Clear,4,Dark-Lighted,1,Dry,,"Trafficway, On Road",5/19/22 23:10
3413,938298,1,41.36538,-72.92251,3435445,5/20/22,8:35:00,O,Property Damage Only,O,No Apparent Injury (O),2,State,0.16,15,15-N,15-N-220,,Dixwell Avenue ,5,Feet,S,1,Clear,1,Daylight,1,Dry,58000,"Trafficway, On Road",5/20/22 8:35
7417,939501,1,41.34175,-72.94864,3436648,5/20/22,12:46:00,O,Property Damage Only,O,No Apparent Injury (O),2,Local,0.03,699,MIDHILL DR,MIDHILL DR,,HIGH TOP CIRCLE,120,Feet,S,1,Clear,1,Daylight,1,Dry,,"Trafficway, On Road",5/20/22 12:46
8941,939502,1,41.352201,-72.951091,3436649,5/20/22,14:09:00,O,Property Damage Only,O,No Apparent Injury (O),1,Local,0.21,531,TWIN BROOK RD,TWIN BROOK RD,,BELAIR RD.,50,Feet,S,1,Clear,1,Daylight,1,Dry,,"Trafficway, On Road",5/20/22 14:09
5291,939528,1,41.363198,-72.908953,3436675,5/20/22,15:13:00,O,Property Damage Only,O,No Apparent Injury (O),2,State,2.18,707,WHITNEY AV,707-N,,ARDMORE ST.,20,Feet,E,1,Clear,1,Daylight,1,Dry,11800,"Trafficway, On Road",5/20/22 15:13
3722,940246,1,41.38204,-72.89885,3437393,5/20/22,18:13:00,O,Property Damage Only,O,No Apparent Injury (O),2,State,51.93,15,15-S,15-S,,15-S-126,1,TenthsofMile,N,4,Rain,1,Daylight,2,Wet,73500,"Trafficway, On Road",5/20/22 18:13
7606,939662,1,41.336628,-72.922999,3436809,5/20/22,20:32:00,O,Property Damage Only,O,No Apparent Injury (O),2,Local,0.64,370,MORSE ST,MORSE ST,,Wadsworth St,50,Feet,W,4,Rain,5,Dark-Not Lighted,2,Wet,,"Trafficway, On Road",5/20/22 20:32
8126,945384,1,41.343893,-72.929006,3442528,5/20/22,22:22:00,A,"Injury of any type (Serious, Minor, Possible)",C,Possible Injury (C),2,Local,0.88,439,PUTNAM AV,PUTNAM AV,,gallagher rd,1,TenthsofMile,E,4,Rain,4,Dark-Lighted,2,Wet,,"Trafficway, On Road",5/20/22 22:22
1544,954060,1,41.34841,-72.9328,3451200,5/21/22,0:45:00,O,Property Damage Only,O,No Apparent Injury (O),2,State,5.89,10,CT-10,10-N,,Scott St,10,Feet,N,1,Clear,4,Dark-Lighted,1,Dry,22500,"Trafficway, On Road",5/21/22 0:45
70,940746,1,41.36537,-72.92223,3437893,5/21/22,8:51:00,O,Property Damage Only,O,No Apparent Injury (O),2,State,7.19,10,CT-10,10-N,,Dixwell Ave,150,Feet,S,1,Clear,1,Daylight,1,Dry,38500,"Trafficway, On Road",5/21/22 8:51
8535,939529,1,41.37727,-72.91596,3436676,5/21/22,13:16:00,O,Property Damage Only,O,No Apparent Injury (O),2,Local,0.05,489,SHEPARD AV,SHEPARD AV,,Dixwell Ave,260,Feet,N,1,Clear,1,Daylight,1,Dry,,"Trafficway, On Road",5/21/22 13:16
7875,940747,1,41.351706,-72.941622,3437894,5/22/22,0:34:00,O,Property Damage Only,O,No Apparent Injury (O),1,Local,0.01,418,PEARL AV,PEARL AV,,William St,100,Feet,E,1,Clear,4,Dark-Lighted,1,Dry,,"Trafficway, Not on Road",5/22/22 0:34
4872,949956,1,41.383329,-72.901935,3447097,5/22/22,0:55:00,O,Property Damage Only,O,No Apparent Injury (O),2,State,3.61,707,WHITNEY AV,707-N,,Dixwell Avenue,10,Feet,S,1,Clear,4,Dark-Lighted,1,Dry,17100,"Trafficway, On Road",5/22/22 0:55
8945,939663,1,41.35752,-72.94121,3436810,5/22/22,2:48:00,O,Property Damage Only,O,No Apparent Injury (O),2,Local,0.05,534,VALLEY RD,VALLEY RD,,Gilbert Ave,100,Feet,E,1,Clear,4,Dark-Lighted,1,Dry,,"Trafficway, On Road",5/22/22 2:48
8223,939530,1,41.35345,-72.90281,3436677,5/22/22,8:53:00,O,Property Damage Only,O,No Apparent Injury (O),2,Local,1.29,452,RIDGE RD,RIDGE RD,,,,,,1,Clear,1,Daylight,1,Dry,,"Trafficway, On Road",5/22/22 8:53
305,939531,1,41.362721,-72.923799,3436678,5/22/22,11:09:00,O,Property Damage Only,O,No Apparent Injury (O),2,State,6.98,10,CT-10,10-N,BENHAM ST,,,,,1,Clear,1,Daylight,1,Dry,32000,"Trafficway, On Road",5/22/22 11:09
4181,949798,1,41.37935,-72.90475,3446940,5/22/22,14:08:00,O,Property Damage Only,O,No Apparent Injury (O),2,State,0.11,15,15-S,15-S-123,,Ramp 61,1,TenthsofMile,S,1,Clear,1,Daylight,1,Dry,53100,"Trafficway, On Road",5/22/22 14:08
2028,939532,1,41.428699,-72.906426,3436679,5/22/22,15:00:00,O,Property Damage Only,O,No Apparent Injury (O),2,State,12.22,10,CT-10,10-N,,Tuttle Ave.,1,TenthsofMile,S,1,Clear,1,Daylight,1,Dry,17800,"Trafficway, On Road",5/22/22 15:00
6749,939533,1,41.342507,-72.935945,3436680,5/23/22,12:26:00,O,Property Damage Only,O,No Apparent Injury (O),3,Local,0.06,190,FIRST ST,FIRST ST,,DIXWELL,200,Feet,W,1,Clear,1,Daylight,1,Dry,,"Trafficway, On Road",5/23/22 12:26
8889,939031,1,41.366176,-72.914353,3436178,5/23/22,13:05:00,O,Property Damage Only,O,No Apparent Injury (O),1,Local,0.33,521,THORNTON ST,THORNTON ST,WAKEFIELD ST,,,,,1,Clear,1,Daylight,1,Dry,,"Trafficway, Not on Road",5/23/22 13:05
2112,941279,1,41.383599,-72.903989,3438426,5/23/22,13:22:00,O,Property Damage Only,O,No Apparent Injury (O),2,State,8.88,10,CT-10,10-N,,Sanford Street ,5,TenthsofMile,N,1,Clear,1,Daylight,1,Dry,17200,"Trafficway, On Road",5/23/22 13:22
3395,938343,1,41.38057,-72.90075,3435490,5/23/22,15:09:00,O,Property Damage Only,O,No Apparent Injury (O),2,State,0.22,15,15-N,15-N-125,,Route 15 Northbound,20,Feet,S,1,Clear,1,Daylight,1,Dry,58000,"Trafficway, On Road",5/23/22 15:09
7958,966164,1,41.339185,-72.946025,3463301,5/23/22,15:54:00,A,"Injury of any type (Serious, Minor, Possible)",C,Possible Injury (C),2,Local,0.19,664,PINE ROCK AV,PINE ROCK AV NO 2,,Arch Street,500,Feet,S,1,Clear,1,Daylight,1,Dry,,"Trafficway, On Road",5/23/22 15:54
5484,939534,1,41.383123,-72.898996,3436681,5/23/22,20:24:00,O,Property Damage Only,O,No Apparent Injury (O),2,State,0.14,717,DIXWELL AV,717-E,WASHINGTON AV,,,,,1,Clear,4,Dark-Lighted,1,Dry,15700,"Trafficway, On Road",5/23/22 20:24
5939,965117,1,41.366997,-72.940958,3462254,5/24/22,11:48:00,O,Property Damage Only,O,No Apparent Injury (O),2,,,42,BENHAM ST,BENHAM ST,,LANE ST,75,Feet,N,1,Clear,1,Daylight,8,"Mud, Dirt, Gravel",,Non-trafficway,5/24/22 11:48
8989,949243,1,41.356947,-72.919432,3446385,5/24/22,12:58:00,O,Property Damage Only,O,No Apparent Injury (O),2,Local,1.09,548,WAITE ST,WAITE ST,,MATHER STREET,500,Feet,N,1,Clear,1,Daylight,1,Dry,,"Trafficway, On Road",5/24/22 12:58
6720,939535,1,41.417366,-72.925932,3436682,5/24/22,14:58:00,O,Property Damage Only,O,No Apparent Injury (O),2,Local,0.23,178,FANS ROCK RD,FANS ROCK RD,KELLY RD,,,,,1,Clear,1,Daylight,1,Dry,,"Trafficway, On Road",5/24/22 14:58
4132,939210,1,41.37824,-72.90528,3436357,5/24/22,15:52:00,O,Property Damage Only,O,No Apparent Injury (O),2,State,0.17,15,15-S,15-S-122,,Exit 62,50,Feet,S,1,Clear,1,Daylight,1,Dry,58000,"Trafficway, On Road",5/24/22 15:52
4131,938359,1,41.378205,-72.905295,3435506,5/24/22,16:28:00,O,Property Damage Only,O,No Apparent Injury (O),2,State,0.17,15,15-S,15-S-122,,15-S,100,Feet,N,1,Clear,1,Daylight,1,Dry,58000,"Trafficway, On Road",5/24/22 16:28
3699,938360,1,41.36733,-72.91722,3435507,5/24/22,17:08:00,O,Property Damage Only,O,No Apparent Injury (O),2,State,50.51,15,15-S,15-S,,Exit 60,3,TenthsofMile,S,1,Clear,1,Daylight,1,Dry,73800,"Trafficway, On Road",5/24/22 17:08
3721,938361,1,41.38339,-72.89668,3435508,5/24/22,17:22:00,O,Property Damage Only,O,No Apparent Injury (O),2,State,52.05,15,15-S,15-S,,Exit 61,0.5,TenthsofMile,N,1,Clear,1,Daylight,1,Dry,73500,"Trafficway, On Road",5/24/22 17:22
67,939536,1,41.362941,-72.923794,3436683,5/24/22,20:11:00,O,Property Damage Only,O,No Apparent Injury (O),2,State,7,10,CT-10,10-N,,Benham Street,75,Feet,N,1,Clear,3,Dusk,1,Dry,38500,"Trafficway, On Road",5/24/22 20:11
6642,943732,1,41.38409,-72.90737,3440876,5/24/22,21:21:00,O,Property Damage Only,O,No Apparent Injury (O),1,Local,0.08,174,EVERGREEN AV,EVERGREEN AV,,,,,,1,Clear,4,Dark-Lighted,1,Dry,,"Trafficway, Not on Road",5/24/22 21:21
3101,941622,1,41.3491,-72.96546,3438769,5/25/22,5:36:00,O,Property Damage Only,O,No Apparent Injury (O),1,State,47.61,15,15-N,15-N,,Exit 59,9,TenthsofMile,N,1,Clear,1,Daylight,1,Dry,79100,"Trafficway, Not on Road",5/25/22 5:36
8608,939541,1,41.40652,-72.91364,3436688,5/25/22,8:25:00,O,Property Damage Only,O,No Apparent Injury (O),2,Local,1.3,491,SHERMAN AV,SHERMAN AV NO 1,ROCKY TOP RD,,,,,1,Clear,1,Daylight,1,Dry,,"Trafficway, On Road",5/25/22 8:25
195,940748,1,41.367054,-72.920822,3437895,5/25/22,14:29:00,O,Property Damage Only,O,No Apparent Injury (O),2,State,7.31,10,CT-10,10-N,,Connolly Parkway,10,Feet,S,1,Clear,1,Daylight,1,Dry,32900,"Trafficway, On Road",5/25/22 14:29
306,939542,1,41.3603,-72.92508,3436689,5/25/22,14:40:00,O,Property Damage Only,O,No Apparent Injury (O),2,State,6.8,10,CT-10,10-N,,LEE ST.,50,Feet,S,1,Clear,1,Daylight,1,Dry,32000,"Trafficway, On Road",5/25/22 14:40
1744,939178,1,41.33975,-72.93516,3436325,5/25/22,15:09:00,O,Property Damage Only,O,No Apparent Injury (O),2,State,5.28,10,CT-10,10-N,,Morse Street,1,TenthsofMile,N,1,Clear,1,Daylight,1,Dry,21200,"Trafficway, On Road",5/25/22 15:09
5485,939543,1,41.383281,-72.900411,3436690,5/26/22,17:30:00,O,Property Damage Only,O,No Apparent Injury (O),2,State,0.07,717,DIXWELL AV,717-E,,Washington Avenue,200,Feet,W,1,Clear,1,Daylight,1,Dry,15700,"Trafficway, On Road",5/26/22 17:30
725,939544,1,41.405701,-72.899088,3436691,5/26/22,18:01:00,O,Property Damage Only,O,No Apparent Injury (O),2,State,10.59,10,CT-10,10-N,,Woodruff Street,100,Feet,N,1,Clear,1,Daylight,1,Dry,25600,"Trafficway, On Road",5/26/22 18:01
1745,939545,1,41.344353,-72.934382,3436692,5/26/22,21:15:00,O,Property Damage Only,O,No Apparent Injury (O),2,State,5.6,10,CT-10,10-N,,Woodin Street,20,Feet,S,1,Clear,4,Dark-Lighted,1,Dry,21200,"Trafficway, On Road",5/26/22 21:15
68,939546,1,41.36447,-72.9227,3436693,5/27/22,5:14:00,A,"Injury of any type (Serious, Minor, Possible)",B,Suspected Minor Injury (B),2,State,7.12,10,CT-10,10-N,,Weybosset St,20,Feet,N,2,Cloudy,4,Dark-Lighted,2,Wet,38500,"Trafficway, On Road",5/27/22 5:14
7075,939547,1,41.386198,-72.908401,3436694,5/27/22,9:49:00,O,Property Damage Only,O,No Apparent Injury (O),1,Local,0.51,713,HAMDEN HILLS DR,HAMDEN HILLS DR,,EVERGREEN AVENUE,750,Feet,W,1,Clear,1,Daylight,1,Dry,,"Trafficway, On Road",5/27/22 9:49
308,941404,1,41.362661,-72.9238,3438551,5/27/22,12:48:00,O,Property Damage Only,O,No Apparent Injury (O),3,State,6.98,10,CT-10,10-N,BENHAM ST,,,,,1,Clear,1,Daylight,1,Dry,32000,"Trafficway, On Road",5/27/22 12:48
5913,943733,1,41.362797,-72.924232,3440877,5/27/22,16:54:00,O,Property Damage Only,O,No Apparent Injury (O),2,Local,0.02,42,BENHAM ST,BENHAM ST,,Dixwell Avenue,25,Feet,W,1,Clear,1,Daylight,1,Dry,,"Trafficway, On Road",5/27/22 16:54
3099,938435,1,41.34767991,-72.96704866,3435582,5/28/22,2:28:00,O,Property Damage Only,O,No Apparent Injury (O),1,State,47.48,15,15-N,15-N,,15-S-116,9,TenthsofMile,N,4,Rain,5,Dark-Not Lighted,10,Standing Water,79100,"Trafficway, On Road",5/28/22 2:28
7520,941405,1,41.37049933,-72.92426415,3438552,5/28/22,2:31:00,A,"Injury of any type (Serious, Minor, Possible)",B,Suspected Minor Injury (B),2,Local,0.5,366,MIX AV,MIX AV,,,,,,4,Rain,4,Dark-Lighted,2,Wet,,"Trafficway, On Road",5/28/22 2:31
3639,939867,1,41.3629,-72.93091,3437014,5/28/22,2:51:00,O,Property Damage Only,O,No Apparent Injury (O),1,State,49.69,15,15-S,15-S,,Route 15 South Exit #60,5,TenthsofMile,S,4,Rain,4,Dark-Lighted,2,Wet,79100,"Trafficway, On Road",5/28/22 2:51