,CrashId,Fatal Case Status,lat,lon,DOT Case Number,Date Of Crash,Time of Crash,Crash Severity,Crash Severity Text Format,Most Severe Injury,Most Severe Injury Text Format,Number Of Motor Vehicles,Route Class Text Format,Milemarker,Road Number,Road Description,Roadway Name,Intersecting Roadway Name,Landmark Description,Distance From Nearest Landmark,Unit Of Measure From Nearest Landmark,Direction From Nearest Landmark,Weather Condition,Weather Condition Text Format,Light Condition,Light Condition Text Format,Road Surface Condition,Road Surface Condition Text Format,Average Daily Traffic,Trafficway Class Text Format,full_date
8752,939548,1,41.37252,-72.91054,3436695,5/28/22,17:45:00,O,Property Damage Only,O,No Apparent Injury (O),2,Local,0.24,494,SKIFF ST,SKIFF ST,,Whitney Ave.,300,Feet,E,1,Clear,1,Daylight,1,Dry,,"Trafficway, On Road",5/28/22 17:45
7076,943734,1,41.38522,-72.9069,3440878,5/28/22,18:15:00,A,"Injury of any type (Serious, Minor, Possible)",C,Possible Injury (C),2,Local,0.61,713,HAMDEN HILLS DR,HAMDEN HILLS DR,SCHOOL ST,,,,,1,Clear,1,Daylight,1,Dry,,"Trafficway, On Road",5/28/22 18:15
391,941406,1,41.359035,-72.925756,3438553,5/29/22,2:01:00,O,Property Damage Only,O,No Apparent Injury (O),2,State,6.71,10,CT-10,10-N,MATHER ST,,,,,1,Clear,4,Dark-Lighted,1,Dry,27800,"Trafficway, On Road",5/29/22 2:01
3100,940916,1,41.36267,-72.93113,3438063,5/29/22,9:23:00,O,Property Damage Only,O,No Apparent Injury (O),2,State,49.66,15,15-N,15-N,,15-N-220,3,TenthsofMile,S,1,Clear,1,Daylight,1,Dry,79100,"Trafficway, On Road",5/29/22 9:23
4134,941224,1,41.37822,-72.905292,3438371,5/29/22,11:58:00,O,Property Damage Only,O,No Apparent Injury (O),2,State,0.17,15,15-S,15-S-122,,15-S,50,Feet,N,1,Clear,1,Daylight,1,Dry,58000,"Trafficway, On Road",5/29/22 11:58
5977,940982,1,41.338387,-72.937981,3438129,5/29/22,13:36:00,A,"Injury of any type (Serious, Minor, Possible)",B,Suspected Minor Injury (B),2,Local,0.18,52,BOWEN ST,BOWEN ST,10-N,,,,,1,Clear,1,Daylight,1,Dry,,"Trafficway, On Road",5/29/22 13:36
5204,939549,1,41.371324,-72.906226,3436696,5/30/22,13:54:00,O,Property Damage Only,O,No Apparent Injury (O),2,State,2.76,707,WHITNEY AV,707-N,,SKIFF ST,30,Feet,N,1,Clear,1,Daylight,1,Dry,12600,"Trafficway, On Road",5/30/22 13:54
4987,943735,1,41.337623,-72.911947,3440879,5/30/22,14:29:00,O,Property Damage Only,O,No Apparent Injury (O),3,State,0.34,707,WHITNEY AV,707-N,,Armory St,370,Feet,N,1,Clear,1,Daylight,1,Dry,14400,"Trafficway, On Road",5/30/22 14:29
1540,939550,1,41.348053,-72.932999,3436697,5/30/22,15:14:00,O,Property Damage Only,O,No Apparent Injury (O),3,State,5.87,10,CT-10,10-N,,SCOTT ST.,100,Feet,S,1,Clear,1,Daylight,1,Dry,22500,"Trafficway, On Road",5/30/22 15:14
4133,939369,1,41.37823,-72.90529,3436516,5/31/22,8:26:00,O,Property Damage Only,O,No Apparent Injury (O),2,State,0.17,15,15-S,15-S-122,,Exit 61,300,Feet,S,1,Clear,1,Daylight,1,Dry,58000,"Trafficway, On Road",5/31/22 8:26
5292,941371,1,41.35795,-72.91004,3438518,5/31/22,10:01:00,O,Property Damage Only,O,No Apparent Injury (O),2,State,1.82,707,WHITNEY AV,707-N,,,,,,1,Clear,1,Daylight,1,Dry,11800,"Trafficway, On Road",5/31/22 10:01
2131,939094,1,41.39104,-72.89831,3436241,5/31/22,12:01:00,O,Property Damage Only,O,No Apparent Injury (O),2,State,9.54,10,CT-10,10-N,,FARRELL ST,50,Feet,N,1,Clear,1,Daylight,1,Dry,17100,"Trafficway, On Road",5/31/22 12:01
7802,964213,1,41.3994,-72.93218,3461352,5/31/22,13:52:00,A,"Injury of any type (Serious, Minor, Possible)",B,Suspected Minor Injury (B),1,Local,0.03,611,PARADISE AV,PARADISE AV NO 4,,WEST SHEPARD AVE,150,Feet,S,1,Clear,1,Daylight,1,Dry,,"Trafficway, On Road",5/31/22 13:52
3638,939371,1,41.349901,-72.964849,3436518,5/31/22,14:13:00,O,Property Damage Only,O,No Apparent Injury (O),2,State,47.67,15,15-S,15-S,,Exit 59 ,10,TenthsofMile,N,1,Clear,1,Daylight,1,Dry,79100,"Trafficway, On Road",5/31/22 14:13
7521,941637,1,41.380528,-72.917515,3438784,6/1/22,7:42:00,A,"Injury of any type (Serious, Minor, Possible)",B,Suspected Minor Injury (B),2,Local,1.27,366,MIX AV,MIX AV,SHEPARD AVE,,,,,1,Clear,1,Daylight,1,Dry,,"Trafficway, On Road",6/1/22 7:42
7290,941638,1,41.348769,-72.940433,3438785,6/1/22,12:02:00,O,Property Damage Only,O,No Apparent Injury (O),1,Local,0.01,310,LANGER ST,LANGER ST,,HELEN ST,50,Feet,N,1,Clear,1,Daylight,1,Dry,,"Trafficway, Not on Road",6/1/22 12:02
307,941372,1,41.362744,-72.923927,3438519,6/1/22,12:29:00,O,Property Damage Only,O,No Apparent Injury (O),2,State,6.98,10,CT-10,10-N,BENHAM ST,,,,,1,Clear,1,Daylight,1,Dry,32000,"Trafficway, On Road",6/1/22 12:29
6236,941373,1,41.354659,-72.93657,3438520,6/1/22,14:38:00,A,"Injury of any type (Serious, Minor, Possible)",B,Suspected Minor Injury (B),2,Local,0.8,99,CIRCULAR AV,CIRCULAR AV,,Church Street,200,Feet,S,2,Cloudy,1,Daylight,1,Dry,,"Trafficway, On Road",6/1/22 14:38
3701,942441,1,41.377989,-72.905394,3439588,6/1/22,17:12:00,O,Property Damage Only,O,No Apparent Injury (O),2,State,51.45,15,15-S,15-S,,61 Entrance Ramp,0.5,Feet,S,1,Clear,1,Daylight,1,Dry,73800,"Trafficway, On Road",6/1/22 17:12
7428,941374,1,41.338587,-72.92104,3438521,6/2/22,8:21:00,A,"Injury of any type (Serious, Minor, Possible)",B,Suspected Minor Injury (B),2,Local,0.39,365,MILL ROCK RD,MILL ROCK RD,,Wadsworth St,200,Feet,E,1,Clear,1,Daylight,1,Dry,,"Trafficway, On Road",6/2/22 8:21
1747,949244,1,41.338428,-72.935162,3446386,6/2/22,9:27:00,O,Property Damage Only,O,No Apparent Injury (O),2,State,5.19,10,CT-10,10-N,,Arch St,50,Feet,N,1,Clear,1,Daylight,1,Dry,21200,"Trafficway, On Road",6/2/22 9:27
7436,942319,1,41.354233,-72.931196,3439466,6/3/22,8:42:00,O,Property Damage Only,O,No Apparent Injury (O),2,Local,0.05,364,MILLIS ST,MILLIS ST,,Dixwell Ave.,400,Feet,W,1,Clear,1,Daylight,1,Dry,,"Trafficway, On Road",6/3/22 8:42
1541,941375,1,41.34699,-72.93357,3438522,6/3/22,10:51:00,O,Property Damage Only,O,No Apparent Injury (O),2,State,5.79,10,CT-10,10-N,,Circular Ave.,50,Feet,N,1,Clear,1,Daylight,1,Dry,22500,"Trafficway, On Road",6/3/22 10:51
4868,943185,1,41.383163,-72.901949,3440330,6/3/22,14:19:00,O,Property Damage Only,O,No Apparent Injury (O),2,State,3.6,707,WHITNEY AV,707-N,,10-N,100,Feet,S,2,Cloudy,1,Daylight,1,Dry,17100,"Trafficway, On Road",6/3/22 14:19
1542,943736,1,41.346595,-72.933777,3440880,6/3/22,21:20:00,A,"Injury of any type (Serious, Minor, Possible)",C,Possible Injury (C),2,State,5.76,10,CT-10,10-N,,Circular Avenue,10,Feet,N,1,Clear,4,Dark-Lighted,1,Dry,22500,"Trafficway, On Road",6/3/22 21:20
4666,941376,1,41.3296,-72.89849,3438523,6/3/22,22:07:00,O,Property Damage Only,O,No Apparent Injury (O),2,USRoute,1.12,5,US-5,5-N,,ARMSTRONG ST,10,Feet,S,1,Clear,4,Dark-Lighted,1,Dry,17500,"Trafficway, On Road",6/3/22 22:07
397,957631,1,41.35889,-72.92588,3454771,6/3/22,22:44:00,O,Property Damage Only,O,No Apparent Injury (O),2,State,6.71,10,CT-10,10-N,MATHER ST,,,,,1,Clear,4,Dark-Lighted,1,Dry,27800,"Trafficway, On Road",6/3/22 22:44
7012,944004,1,41.34816,-72.9359,3441148,6/4/22,17:53:00,O,Property Damage Only,O,No Apparent Injury (O),2,Local,0.44,226,GORHAM AV,GORHAM AV,,CIRCULAR AVE.,150,Feet,W,1,Clear,1,Daylight,1,Dry,,"Trafficway, On Road",6/4/22 17:53
8537,943737,1,41.40126,-72.92398,3440881,6/5/22,18:18:00,O,Property Damage Only,O,No Apparent Injury (O),2,Local,1.81,489,SHEPARD AV,SHEPARD AV,,WEST SHEPARD AVE,15,Feet,S,1,Clear,1,Daylight,1,Dry,,"Trafficway, On Road",6/5/22 18:18
763,943738,1,41.40832,-72.90003,3440882,6/5/22,18:54:00,O,Property Damage Only,O,No Apparent Injury (O),1,State,10.78,10,CT-10,WHITNEY AVE,,Evergreen Ave,1,TenthsofMile,S,1,Clear,1,Daylight,1,Dry,25600,"Trafficway, On Road",6/5/22 18:54
6704,943739,1,41.343379,-72.941156,3440883,6/6/22,8:45:00,A,"Injury of any type (Serious, Minor, Possible)",C,Possible Injury (C),2,Local,0.35,176,FAIRVIEW AV,FAIRVIEW AV,SECOND ST,,,,,1,Clear,1,Daylight,1,Dry,,"Trafficway, On Road",6/6/22 8:45
4870,944673,1,41.38343,-72.901878,3441817,6/6/22,11:57:00,O,Property Damage Only,O,No Apparent Injury (O),2,State,3.62,707,WHITNEY AV,707-N,717-E,,,,,1,Clear,1,Daylight,1,Dry,17100,"Trafficway, On Road",6/6/22 11:57
3723,943847,1,41.38196393,-72.89897894,3440991,6/6/22,14:00:00,A,"Injury of any type (Serious, Minor, Possible)",C,Possible Injury (C),2,State,51.92,15,15-S,15-S,,15-S-126,1,TenthsofMile,N,1,Clear,1,Daylight,1,Dry,73500,"Trafficway, On Road",6/6/22 14:00
3384,942495,1,41.37882535,-72.90309956,3439642,6/6/22,16:08:00,A,"Injury of any type (Serious, Minor, Possible)",C,Possible Injury (C),2,State,0.03,15,15-N,15-N-125,15-N-125,,,,,1,Clear,1,Daylight,1,Dry,58100,"Trafficway, On Road",6/6/22 16:08
4135,942497,1,41.37823,-72.9053,3439644,6/6/22,17:30:00,O,Property Damage Only,O,No Apparent Injury (O),2,State,0.17,15,15-S,15-S-122,,Route 15 S/B,10,Feet,N,1,Clear,1,Daylight,1,Dry,58000,"Trafficway, On Road",6/6/22 17:30
4136,943850,1,41.378194,-72.90528,3440994,6/7/22,12:15:00,A,"Injury of any type (Serious, Minor, Possible)",C,Possible Injury (C),2,State,0.18,15,15-S,15-S-122,,15-S,10,Feet,N,1,Clear,1,Daylight,1,Dry,58000,"Trafficway, On Road",6/7/22 12:15
5549,949438,1,41.3769937,-72.9152868,3446580,6/7/22,14:31:00,A,"Injury of any type (Serious, Minor, Possible)",C,Possible Injury (C),2,State,0,753,CT-10,753-S,Shepard ave,,,,,1,Clear,1,Daylight,1,Dry,15800,"Trafficway, On Road",6/7/22 14:31
1626,964214,1,41.36775,-72.92034,3461353,6/7/22,14:38:00,O,Property Damage Only,O,No Apparent Injury (O),2,State,7.37,10,CT-10,10-N,,CONNOLLY PKWY,1,TenthsofMile,N,1,Clear,1,Daylight,1,Dry,22100,"Trafficway, On Road",6/7/22 14:38
8563,943740,1,41.33549,-72.92782,3440884,6/7/22,16:39:00,O,Property Damage Only,O,No Apparent Injury (O),2,Local,0.06,490,SHEPARD ST,SHEPARD ST,,Goodrich,100,Feet,N,1,Clear,1,Daylight,1,Dry,,"Trafficway, On Road",6/7/22 16:39
5548,943741,1,41.375836,-72.915857,3440885,6/7/22,17:01:00,O,Property Damage Only,O,No Apparent Injury (O),2,State,0.08,753,CT-10,753-S,,SHEPARD AVE.,200,Feet,S,1,Clear,1,Daylight,1,Dry,15800,"Trafficway, On Road",6/7/22 17:01
7608,954404,1,41.33619,-72.91986,3451544,6/7/22,17:14:00,O,Property Damage Only,O,No Apparent Injury (O),2,Local,0.8,370,MORSE ST,MORSE ST,,Prospect st,50,Feet,W,1,Clear,1,Daylight,1,Dry,,"Trafficway, On Road",6/7/22 17:14
1757,965118,1,41.3386,-72.935142,3462255,6/7/22,20:26:00,O,Property Damage Only,O,No Apparent Injury (O),2,State,5.21,10,CT-10,10-N,,arch st ,50,Feet,N,1,Clear,4,Dark-Lighted,1,Dry,21200,"Trafficway, On Road",6/7/22 20:26
1020,949857,1,41.34613,-72.93395,3446998,6/7/22,21:05:00,A,"Injury of any type (Serious, Minor, Possible)",C,Possible Injury (C),3,State,5.73,10,CT-10,10-N,,Putnam Ave,25,Feet,S,1,Clear,5,Dark-Not Lighted,1,Dry,24800,"Trafficway, On Road",6/7/22 21:05
3640,942919,1,41.34874,-72.9661,3440064,6/8/22,4:55:00,O,Property Damage Only,O,No Apparent Injury (O),1,State,47.57,15,15-S,15-S,,Exit 59,9,TenthsofMile,N,4,Rain,5,Dark-Not Lighted,2,Wet,79100,"Trafficway, On Road",6/8/22 4:55
9105,941639,1,41.43294,-72.92823,3438786,6/8/22,7:39:00,O,Property Damage Only,O,No Apparent Injury (O),2,Local,0.73,573,WEST TODD ST,WEST TODD ST,,STILL HILL RD,150,Feet,W,1,Clear,1,Daylight,1,Dry,,"Trafficway, On Road",6/8/22 7:39
3374,942543,1,41.36573,-72.92308,3439690,6/8/22,14:46:00,O,Property Damage Only,O,No Apparent Injury (O),2,State,50.14,15,15-N,15-N,,Exit 60,750,Feet,S,1,Clear,1,Daylight,1,Dry,60700,"Trafficway, On Road",6/8/22 14:46
3396,942548,1,41.38086171,-72.90055701,3439695,6/8/22,18:13:00,A,"Injury of any type (Serious, Minor, Possible)",C,Possible Injury (C),2,State,0.23,15,15-N,15-N-125,15-N-125,,,,,1,Clear,1,Daylight,1,Dry,58000,"Trafficway, On Road",6/8/22 18:13
4869,943742,1,41.38189,-72.90246,3440886,6/8/22,18:29:00,O,Property Damage Only,O,No Apparent Injury (O),2,State,3.52,707,WHITNEY AV,707-N,,,,,,1,Clear,1,Daylight,1,Dry,17100,"Trafficway, On Road",6/8/22 18:29
3270,942549,1,41.380619,-72.900767,3439696,6/8/22,19:14:00,O,Property Damage Only,O,No Apparent Injury (O),2,State,51.76,15,15-N,15-N,,exit 61 entrance ramp,100,Feet,S,1,Clear,1,Daylight,1,Dry,68500,"Trafficway, On Road",6/8/22 19:14
3641,946523,1,41.35037,-72.9643,3443667,6/9/22,6:46:00,O,Property Damage Only,O,No Apparent Injury (O),1,State,47.71,15,15-S,15-S,,Exit 59 New Haven,10,TenthsofMile,S,4,Rain,1,Daylight,2,Wet,79100,"Trafficway, On Road",6/9/22 6:46
727,947902,1,41.404293,-72.898554,3445044,6/9/22,7:30:00,O,Property Damage Only,O,No Apparent Injury (O),2,State,10.48,10,CT-10,10-N,,DICKERMAN ST,150,Feet,N,1,Clear,1,Daylight,1,Dry,25600,"Trafficway, On Road",6/9/22 7:30
1454,974692,1,41.34907,-72.93238,3470855,6/9/22,9:03:00,A,"Injury of any type (Serious, Minor, Possible)",A,Suspected Serious Injury (A),1,State,5.93,10,CT-10,10-N,NEWTON ST,,,,,1,Clear,1,Daylight,1,Dry,22700,"Trafficway, On Road",6/9/22 9:03
3102,943352,1,41.3628,-72.93096,3440497,6/9/22,9:25:00,O,Property Damage Only,O,No Apparent Injury (O),2,State,49.67,15,15-N,15-N,,15-N-220,3,TenthsofMile,S,1,Clear,1,Daylight,1,Dry,79100,"Trafficway, On Road",6/9/22 9:25
3103,943771,1,41.36224,-72.93184,3440915,6/9/22,9:35:00,O,Property Damage Only,O,No Apparent Injury (O),2,State,49.61,15,15-N,15-N,,Exit 60,4,TenthsofMile,S,1,Clear,1,Daylight,1,Dry,79100,"Trafficway, On Road",6/9/22 9:35
2576,956672,1,41.33837,-72.935629,3453812,6/9/22,21:15:00,A,"Injury of any type (Serious, Minor, Possible)",B,Suspected Minor Injury (B),1,State,5.16,10,CT-10,10-N,,Dixwell Avenue,100,Feet,W,1,Clear,4,Dark-Lighted,1,Dry,11200,"Trafficway, On Road",6/9/22 21:15
9347,949958,1,41.36261,-72.91034,3447099,6/10/22,8:23:00,O,Property Damage Only,O,No Apparent Injury (O),2,Local,0.25,600,WOODLAWN ST,WOODLAWN ST,,Whitney Ave,320,Feet,W,1,Clear,1,Daylight,1,Dry,,"Trafficway, On Road",6/10/22 8:23
2132,943719,1,41.391022,-72.898304,3440863,6/10/22,13:35:00,A,"Injury of any type (Serious, Minor, Possible)",C,Possible Injury (C),2,State,9.54,10,CT-10,10-N,,FARRELL STREET,30,Feet,N,1,Clear,1,Daylight,1,Dry,17100,"Trafficway, On Road",6/10/22 13:35
7291,963271,1,41.349679,-72.939984,3460410,6/11/22,11:37:00,A,"Injury of any type (Serious, Minor, Possible)",A,Suspected Serious Injury (A),1,Local,0.07,310,LANGER ST,LANGER ST,,GORHAM AVE,50,Feet,N,1,Clear,1,Daylight,1,Dry,,"Trafficway, On Road",6/11/22 11:37
5920,954061,1,41.364049,-72.927056,3451201,6/11/22,11:58:00,O,Property Damage Only,O,No Apparent Injury (O),2,Local,0.19,42,BENHAM ST,BENHAM ST,,Garfield Street,50,Feet,E,1,Clear,1,Daylight,1,Dry,,"Trafficway, On Road",6/11/22 11:58
3271,943929,1,41.38066,-72.90076,3441073,6/11/22,13:19:00,O,Property Damage Only,O,No Apparent Injury (O),2,State,51.76,15,15-N,15-N,,Route 15,10,Feet,S,1,Clear,1,Daylight,1,Dry,68500,"Trafficway, On Road",6/11/22 13:19
4679,943720,1,41.333056,-72.90065,3440864,6/11/22,14:09:00,A,"Injury of any type (Serious, Minor, Possible)",C,Possible Injury (C),2,USRoute,1.37,5,US-5,5-N,COOK ST,,,,,1,Clear,1,Daylight,1,Dry,14500,"Trafficway, On Road",6/11/22 14:09
7429,950942,1,41.33837,-72.91924,3448082,6/11/22,17:57:00,A,"Injury of any type (Serious, Minor, Possible)",C,Possible Injury (C),1,Local,0.3,365,MILL ROCK RD,MILL ROCK RD,Prospect Street,,,,,1,Clear,1,Daylight,1,Dry,,"Trafficway, Not on Road",6/11/22 17:57
8609,943721,1,41.391459,-72.922687,3440865,6/12/22,9:12:00,A,"Injury of any type (Serious, Minor, Possible)",B,Suspected Minor Injury (B),2,Local,0,491,SHERMAN AV,SHERMAN AV NO 1,SHEPARD AV,,,,,2,Cloudy,1,Daylight,1,Dry,,"Trafficway, On Road",6/12/22 9:12
2029,943722,1,41.42824,-72.90626,3440866,6/12/22,20:08:00,O,Property Damage Only,O,No Apparent Injury (O),2,State,12.18,10,CT-10,10-N,,Tuttle Ave.,100,Feet,S,1,Clear,1,Daylight,1,Dry,17800,"Trafficway, On Road",6/12/22 20:08
6781,949959,1,41.38542,-72.92712,3447100,6/12/22,20:56:00,O,Property Damage Only,O,No Apparent Injury (O),1,Local,0.27,197,FOUR ROD RD,FOUR ROD RD,,Earl Ave. Ext,200,Feet,W,1,Clear,4,Dark-Lighted,1,Dry,,"Trafficway, Not on Road",6/12/22 20:56
7132,944811,1,41.3667,-72.94559,3441955,6/12/22,23:57:00,O,Property Damage Only,O,No Apparent Injury (O),2,Local,0.09,249,HEARN LA,HEARN LA,WILSON LA,,,,,1,Clear,4,Dark-Lighted,1,Dry,,"Trafficway, Not on Road",6/12/22 23:57
7319,949928,1,41.344207,-72.926518,3447069,6/13/22,6:59:00,O,Property Damage Only,O,No Apparent Injury (O),2,Local,0.04,317,LEEDER HILL DR,LEEDER HILL DR,,Putnam Ave,200,Feet,N,1,Clear,1,Daylight,2,Wet,,"Trafficway, On Road",6/13/22 6:59
5950,944812,1,41.35707,-72.932125,3441956,6/13/22,7:48:00,O,Property Damage Only,O,No Apparent Injury (O),2,Local,0.11,50,BLUE HILLS AV,BLUE HILLS AV,NOBLE CT,,,,,1,Clear,1,Daylight,1,Dry,,"Trafficway, On Road",6/13/22 7:48
2133,949439,1,41.386193,-72.900913,3446581,6/13/22,11:26:00,O,Property Damage Only,O,No Apparent Injury (O),2,State,9.18,10,CT-10,10-N,COLONIAL DR,,,,,1,Clear,1,Daylight,1,Dry,17100,"Trafficway, On Road",6/13/22 11:26
4173,942937,1,41.37939,-72.903629,3440082,6/13/22,15:29:00,O,Property Damage Only,O,No Apparent Injury (O),2,State,0.17,15,15-S,15-S-123,,707-N,50,Feet,W,1,Clear,1,Daylight,1,Dry,58000,"Trafficway, On Road",6/13/22 15:29
5075,943982,1,41.332994,-72.91252,3441126,6/13/22,21:17:00,O,Property Damage Only,O,No Apparent Injury (O),2,State,0.01,707,WHITNEY AV,707-N,,East Rock Drive,300,Feet,S,1,Clear,4,Dark-Lighted,1,Dry,14300,"Trafficway, On Road",6/13/22 21:17
6791,949440,1,41.34465,-72.93714,3446582,6/14/22,7:54:00,O,Property Damage Only,O,No Apparent Injury (O),2,Local,0.12,198,FOURTH ST,FOURTH ST,,Warren St.,50,Feet,E,1,Clear,1,Daylight,1,Dry,,"Trafficway, On Road",6/14/22 7:54
7522,947904,1,41.36459,-72.92926,3445046,6/14/22,12:22:00,O,Property Damage Only,O,No Apparent Injury (O),2,Local,0.01,366,MIX AV,MIX AV,,BENHAM ST,10,Feet,N,1,Clear,1,Daylight,1,Dry,,"Trafficway, On Road",6/14/22 12:22
1440,947905,1,41.3492,-72.93247,3445047,6/14/22,13:10:00,A,"Injury of any type (Serious, Minor, Possible)",B,Suspected Minor Injury (B),2,State,5.94,10,CT-10,10-N,,NEWTON,25,Feet,N,1,Clear,1,Daylight,1,Dry,22700,"Trafficway, On Road",6/14/22 13:10
5166,944647,1,41.36618,-72.9081,3441791,6/14/22,16:34:00,O,Property Damage Only,O,No Apparent Injury (O),2,State,2.39,707,WHITNEY AV,707-N,,Thornton St.,50,Feet,N,1,Clear,1,Daylight,1,Dry,13400,"Trafficway, On Road",6/14/22 16:34
3414,943931,1,41.36537,-72.92257,3441075,6/15/22,9:04:00,O,Property Damage Only,O,No Apparent Injury (O),2,State,0.16,15,15-N,15-N-220,,RT 15,100,Feet,N,1,Clear,1,Daylight,1,Dry,58000,"Trafficway, On Road",6/15/22 9:04
1439,945333,1,41.35316,-72.93036,3442477,6/15/22,12:15:00,O,Property Damage Only,O,No Apparent Injury (O),3,State,6.24,10,CT-10,10-N,,Church Street,250,Feet,N,1,Clear,1,Daylight,1,Dry,22700,"Trafficway, On Road",6/15/22 12:15
5671,943723,1,41.3496,-72.89723,3440867,6/16/22,8:34:00,O,Property Damage Only,,,2,Local,0.02,6,ALLENE DR,ALLENE DR,,Hepburn Road,100,Feet,E,1,Clear,99,Unknown,1,Dry,,"Trafficway, On Road",6/16/22 8:34
3936,943967,1,41.37827,-72.90531,3441111,6/16/22,9:16:00,O,Property Damage Only,O,No Apparent Injury (O),2,State,51.47,15,15-S,15-S,,Exit 61,100,Feet,N,2,Cloudy,1,Daylight,1,Dry,69900,"Trafficway, On Road",6/16/22 9:16
4106,944814,1,41.36615,-72.92157,3441958,6/16/22,12:03:00,O,Property Damage Only,O,No Apparent Injury (O),2,State,0.18,15,15-S,15-S-119,10-N,,,,,2,Cloudy,1,Daylight,1,Dry,58000,"Trafficway, On Road",6/16/22 12:03
394,949245,1,41.35902,-72.92582,3446387,6/16/22,21:14:00,O,Property Damage Only,O,No Apparent Injury (O),3,State,6.71,10,CT-10,10-N,MATHER ST,,,,,1,Clear,4,Dark-Lighted,1,Dry,27800,"Trafficway, On Road",6/16/22 21:14
609,944815,1,41.42059,-72.90452,3441959,6/16/22,21:16:00,O,Property Damage Only,O,No Apparent Injury (O),2,State,11.65,10,CT-10,10-N,,MT. CARMEL AVE.  ,20,Feet,S,1,Clear,4,Dark-Lighted,1,Dry,26100,"Trafficway, On Road",6/16/22 21:16
3702,944608,1,41.376672,-72.907346,3441752,6/17/22,10:06:00,O,Property Damage Only,O,No Apparent Injury (O),1,State,51.31,15,15-S,15-S,,Exit 61,2,TenthsofMile,S,2,Cloudy,1,Daylight,1,Dry,73800,"Trafficway, On Road",6/17/22 10:06
1441,949441,1,41.352065,-72.930939,3446583,6/17/22,10:26:00,A,"Injury of any type (Serious, Minor, Possible)",C,Possible Injury (C),2,State,6.16,10,CT-10,10-N,CONCORD ST,,,,,1,Clear,1,Daylight,1,Dry,22700,"Trafficway, On Road",6/17/22 10:26
1443,949960,1,41.35219,-72.93073,3447101,6/17/22,14:24:00,O,Property Damage Only,O,No Apparent Injury (O),2,State,6.17,10,CT-10,10-N,,Oregon Ave,50,Feet,N,1,Clear,1,Daylight,1,Dry,22700,"Trafficway, On Road",6/17/22 14:24
311,959918,1,41.36009,-72.92536,3457058,6/17/22,15:20:00,O,Property Damage Only,O,No Apparent Injury (O),3,State,6.79,10,CT-10,10-N,RED ROCK TER,,,,,1,Clear,1,Daylight,1,Dry,32000,"Trafficway, Not on Road",6/17/22 15:20
1447,956975,1,41.349044,-72.932413,3454115,6/17/22,16:57:00,O,Property Damage Only,O,No Apparent Injury (O),2,State,5.93,10,CT-10,10-N,NEWTON ST,,,,,1,Clear,1,Daylight,1,Dry,22700,"Trafficway, On Road",6/17/22 16:57
7607,944816,1,41.33823,-72.93493,3441960,6/17/22,18:33:00,O,Property Damage Only,O,No Apparent Injury (O),2,Local,0.01,370,MORSE ST,MORSE ST,,Dixwell Ave,30,Feet,E,1,Clear,1,Daylight,1,Dry,,"Trafficway, On Road",6/17/22 18:33
1543,944817,1,41.346673,-72.933812,3441961,6/18/22,14:21:00,O,Property Damage Only,O,No Apparent Injury (O),2,State,5.76,10,CT-10,10-N,,CIRCULAR AVENUE,100,Feet,N,1,Clear,1,Daylight,1,Dry,22500,"Trafficway, On Road",6/18/22 14:21
8753,949961,1,41.37373,-72.91368,3447102,6/18/22,14:22:00,O,Property Damage Only,O,No Apparent Injury (O),2,Local,0.42,494,SKIFF ST,SKIFF ST,,Dixwell Ave,400,Feet,W,1,Clear,1,Daylight,1,Dry,,"Trafficway, On Road",6/18/22 14:22
7747,988673,1,41.341923,-72.939138,3483866,6/18/22,18:50:00,O,Property Damage Only,O,No Apparent Injury (O),1,,,392,NORTH ST,NORTH ST,,North St,50,Feet,N,1,Clear,1,Daylight,1,Dry,,"Trafficway, Not on Road",6/18/22 18:50
1748,950235,1,41.33837,-72.935159,3447375,6/18/22,23:16:00,A,"Injury of any type (Serious, Minor, Possible)",C,Possible Injury (C),3,State,5.19,10,CT-10,10-N,,Morse,15,Feet,S,4,Rain,4,Dark-Lighted,2,Wet,21200,"Trafficway, On Road",6/18/22 23:16
9233,954176,1,41.34527,-72.96668,3451316,6/19/22,4:10:00,A,"Injury of any type (Serious, Minor, Possible)",C,Possible Injury (C),2,Local,1.3,594,WINTERGREEN AV,WINTERGREEN AV,,Tierney Road,25,Feet,S,1,Clear,5,Dark-Not Lighted,1,Dry,,"Trafficway, On Road",6/19/22 4:10
4871,946251,1,41.383446,-72.901857,3443395,6/19/22,10:29:00,A,"Injury of any type (Serious, Minor, Possible)",A,Suspected Serious Injury (A),3,State,3.62,707,WHITNEY AV,707-N,717-E,,,,,1,Clear,1,Daylight,1,Dry,17100,"Trafficway, On Road",6/19/22 10:29
6361,949962,1,41.33994,-72.90474,3447103,6/19/22,12:43:00,O,Property Damage Only,O,No Apparent Injury (O),2,Local,0.35,128,DAVIS ST,DAVIS ST,,Davis Street,200,Feet,S,1,Clear,1,Daylight,1,Dry,,"Trafficway, On Road",6/19/22 12:43
5917,949963,1,41.36279,-72.9242,3447104,6/19/22,17:55:00,O,Property Damage Only,O,No Apparent Injury (O),2,Local,0.02,42,BENHAM ST,BENHAM ST,,Dixwell Avenue,15,Feet,E,1,Clear,1,Daylight,1,Dry,,"Trafficway, On Road",6/19/22 17:55