,CrashId,Fatal Case Status,lat,lon,DOT Case Number,Date Of Crash,Time of Crash,Crash Severity,Crash Severity Text Format,Most Severe Injury,Most Severe Injury Text Format,Number Of Motor Vehicles,Route Class Text Format,Milemarker,Road Number,Road Description,Roadway Name,Intersecting Roadway Name,Landmark Description,Distance From Nearest Landmark,Unit Of Measure From Nearest Landmark,Direction From Nearest Landmark,Weather Condition,Weather Condition Text Format,Light Condition,Light Condition Text Format,Road Surface Condition,Road Surface Condition Text Format,Average Daily Traffic,Trafficway Class Text Format,full_date
4137,948117,1,41.378182,-72.90529,3445259,6/20/22,12:27:00,O,Property Damage Only,O,No Apparent Injury (O),2,State,0.18,15,15-S,15-S-122,,15-S,5,Feet,N,1,Clear,1,Daylight,1,Dry,58000,"Trafficway, On Road",6/20/22 12:27
3703,945214,1,41.367046,-72.917587,3442358,6/20/22,17:17:00,O,Property Damage Only,O,No Apparent Injury (O),2,State,50.48,15,15-S,15-S,,Exit 60,3,TenthsofMile,N,1,Clear,1,Daylight,1,Dry,73800,"Trafficway, On Road",6/20/22 17:17
6266,954524,1,41.349829,-72.932546,3451664,6/20/22,20:40:00,O,Property Damage Only,O,No Apparent Injury (O),2,Local,0.02,106,COLLINS ST,COLLINS ST,,Dixwell Ave,50,Feet,W,1,Clear,4,Dark-Lighted,1,Dry,,"Trafficway, On Road",6/20/22 20:40
1939,953630,1,41.403885,-72.898279,3450770,6/21/22,11:48:00,A,"Injury of any type (Serious, Minor, Possible)",C,Possible Injury (C),2,State,10.45,10,CT-10,10-N,22-E,,,,,1,Clear,1,Daylight,1,Dry,18600,"Trafficway, On Road",6/21/22 11:48
1442,949442,1,41.3518701,-72.9309101,3446584,6/21/22,12:28:00,O,Property Damage Only,O,No Apparent Injury (O),2,State,6.15,10,CT-10,10-N,OREGON AV,,,,,1,Clear,1,Daylight,1,Dry,22700,"Trafficway, On Road",6/21/22 12:28
5915,949944,1,41.364536,-72.929298,3447085,6/21/22,14:20:00,O,Property Damage Only,O,No Apparent Injury (O),2,Local,0.3,42,BENHAM ST,BENHAM ST,MIX AV,,,,,2,Cloudy,1,Daylight,2,Wet,,"Trafficway, On Road",6/21/22 14:20
5916,949945,1,41.364188,-72.927708,3447086,6/22/22,6:32:00,O,Property Damage Only,O,No Apparent Injury (O),2,Local,0.22,42,BENHAM ST,BENHAM ST,,Garfield Street ,10,Feet,N,4,Rain,1,Daylight,2,Wet,,"Trafficway, On Road",6/22/22 6:32
5918,951967,1,41.364545,-72.92929,3449107,6/22/22,22:12:00,O,Property Damage Only,O,No Apparent Injury (O),2,Local,0.3,42,BENHAM ST,BENHAM ST,MIX AV,,,,,1,Clear,4,Dark-Lighted,1,Dry,,"Trafficway, On Road",6/22/22 22:12
6238,949946,1,41.346493,-72.934048,3447087,6/23/22,16:20:00,O,Property Damage Only,O,No Apparent Injury (O),2,Local,1.36,99,CIRCULAR AV,CIRCULAR AV,HELEN ST,,,,W,1,Clear,1,Daylight,1,Dry,,"Trafficway, On Road",6/23/22 16:20
4179,949839,1,41.37942,-72.90409,3446981,6/24/22,8:47:00,O,Property Damage Only,O,No Apparent Injury (O),2,State,0.14,15,15-S,15-S-123,,Exit 61,1,TenthsofMile,S,1,Clear,1,Daylight,1,Dry,54900,"Trafficway, On Road",6/24/22 8:47
393,948331,1,41.35667,-72.9276,3445473,6/24/22,11:01:00,O,Property Damage Only,O,No Apparent Injury (O),3,State,6.52,10,CT-10,10-N,HOMESTEAD AV,,,,,1,Clear,1,Daylight,1,Dry,27800,"Trafficway, On Road",6/24/22 11:01
4100,947322,1,41.37866,-72.90443,3444464,6/24/22,14:41:00,O,Property Damage Only,O,No Apparent Injury (O),2,State,0.01,15,15-S,15-S-123,,Rt 15 SB,10,Feet,W,1,Clear,1,Daylight,1,Dry,58100,"Trafficway, On Road",6/24/22 14:41
4991,970560,1,41.34594,-72.91244,3466723,6/24/22,17:17:00,O,Property Damage Only,O,No Apparent Injury (O),2,State,0.94,707,WHITNEY AV,707-N,PUTNAM AV,,,,,1,Clear,1,Daylight,1,Dry,14400,"Trafficway, On Road",6/24/22 17:17
6513,949246,1,41.335751,-72.935235,3446388,6/24/22,19:44:00,A,"Injury of any type (Serious, Minor, Possible)",B,Suspected Minor Injury (B),2,Local,0.02,142,DIXWELL AV,DIXWELL AV NO 1,GOODRICH ST,,,,,1,Clear,1,Daylight,1,Dry,,"Trafficway, On Road",6/24/22 19:44
5914,949537,1,41.36451,-72.92936,3446679,6/24/22,20:35:00,O,Property Damage Only,O,No Apparent Injury (O),2,Local,0.3,42,BENHAM ST,BENHAM ST,MIX AV,,,,,1,Clear,4,Dark-Lighted,1,Dry,,"Trafficway, On Road",6/24/22 20:35
7734,949947,1,41.357102,-72.932483,3447088,6/25/22,18:41:00,O,Property Damage Only,O,No Apparent Injury (O),2,Local,0.06,388,NOBLE CT,NOBLE CT,,Blue Hills Avenue,50,Feet,W,1,Clear,1,Daylight,1,Dry,,"Trafficway, On Road",6/25/22 18:41
416,998980,1,41.356404,-72.92784,922148,6/25/22,18:54:00,K,Fatal (Kill),K,Fatal Injury (K),2,State,6.5,10,CT-10,10-N,,FOCH ST,50,Feet,N,1,Clear,1,Daylight,1,Dry,27800,"Trafficway, On Road",6/25/22 18:54
1896,949948,1,41.42091,-72.90472,3447089,6/25/22,19:36:00,A,"Injury of any type (Serious, Minor, Possible)",C,Possible Injury (C),2,State,11.68,10,CT-10,10-N,,WEST WOODS RD,10,Feet,N,1,Clear,1,Daylight,1,Dry,19300,"Trafficway, On Road",6/25/22 19:36
6071,953664,1,41.36036,-72.91407,3450804,6/26/22,11:25:00,O,Property Damage Only,O,No Apparent Injury (O),2,Local,0.23,87,CENTRAL AV,CENTRAL AV,,Wheaton ,15,Feet,W,1,Clear,1,Daylight,1,Dry,,"Trafficway, On Road",6/26/22 11:25
3104,946949,1,41.36294,-72.93063,3444091,6/26/22,19:50:00,O,Property Damage Only,O,No Apparent Injury (O),2,State,49.69,15,15-N,15-N,,Exit 60,3,TenthsofMile,S,1,Clear,1,Daylight,1,Dry,79100,"Trafficway, On Road",6/26/22 19:50
3011,951968,1,41.375531,-72.915178,3449108,6/27/22,14:23:00,O,Property Damage Only,O,No Apparent Injury (O),2,Local,0.08,144,CT-10,DIXWELL AV NO 2 RT 10 NB,,Skiff Street,200,Feet,N,1,Clear,1,Daylight,1,Dry,,"Trafficway, On Road",6/27/22 14:23
6564,949949,1,41.33705,-72.9371,3447090,6/27/22,18:04:00,O,Property Damage Only,O,No Apparent Injury (O),2,Local,0.04,158,EASTON ST,EASTON ST,,Alstrum Street,200,Feet,W,1,Clear,1,Daylight,2,Wet,,"Trafficway, On Road",6/27/22 18:04
610,949950,1,41.415869,-72.902843,3447091,6/28/22,17:29:00,O,Property Damage Only,O,No Apparent Injury (O),2,State,11.31,10,CT-10,10-N,,Sherman Avenue,1,TenthsofMile,N,1,Clear,1,Daylight,1,Dry,26100,"Trafficway, On Road",6/28/22 17:29
71,949951,1,41.36395,-72.92307,3447092,6/29/22,13:08:00,O,Property Damage Only,O,No Apparent Injury (O),3,State,7.08,10,CT-10,10-N,,Weybosset Street,200,Feet,S,1,Clear,1,Daylight,1,Dry,38500,"Trafficway, On Road",6/29/22 13:08
2993,956674,1,41.374589,-72.915987,3453814,6/29/22,17:12:00,A,"Injury of any type (Serious, Minor, Possible)",C,Possible Injury (C),1,Local,0,144,CT-10,DIXWELL AV NO 2 ,SKIFF ST,,,,,1,Clear,1,Daylight,1,Dry,,"Trafficway, On Road",6/29/22 17:12
6362,951631,1,41.34172,-72.91251,3448771,6/29/22,21:41:00,O,Property Damage Only,O,No Apparent Injury (O),2,Local,0.79,128,DAVIS ST,DAVIS ST,,Whitney Avenue,15,Feet,E,1,Clear,4,Dark-Lighted,1,Dry,,"Trafficway, On Road",6/29/22 21:41
7118,954405,1,41.341581,-72.907489,3451545,6/30/22,7:31:00,O,Property Damage Only,O,No Apparent Injury (O),1,Local,0.21,242,HARTFORD TPK,HARTFORD TPK,,Davis St.,15,Feet,N,1,Clear,99,Unknown,1,Dry,,Non-trafficway,6/30/22 7:31
7418,953665,1,41.36427,-72.92088,3450805,6/30/22,9:03:00,O,Property Damage Only,O,No Apparent Injury (O),1,Local,0.04,363,MILES ST,MILES ST,HOBSON AV,,,,,1,Clear,1,Daylight,1,Dry,,"Trafficway, On Road",6/30/22 9:03
3167,953839,1,41.36627,-72.91893,3450979,6/30/22,11:01:00,O,Property Damage Only,O,No Apparent Injury (O),2,State,50.37,15,15-N,15-N,,Exit 60,2.5,TenthsofMile,N,1,Clear,1,Daylight,1,Dry,73800,"Trafficway, On Road",6/30/22 11:01
4873,953666,1,41.38101,-72.90279,3450806,6/30/22,12:36:00,O,Property Damage Only,O,No Apparent Injury (O),2,State,3.46,707,WHITNEY AV,707-N,,Worth Avenue,75,Feet,N,1,Clear,1,Daylight,1,Dry,17100,"Trafficway, On Road",6/30/22 12:36
5978,954944,1,41.3384,-72.93781,3452084,6/30/22,15:49:00,O,Property Damage Only,O,No Apparent Injury (O),2,Local,0.18,52,BOWEN ST,BOWEN ST,10-N,,,,,1,Clear,1,Daylight,1,Dry,,"Trafficway, On Road",6/30/22 15:49
8539,958799,1,41.4014,-72.92404,3455939,7/1/22,7:15:00,O,Property Damage Only,O,No Apparent Injury (O),2,Local,1.82,489,SHEPARD AV,SHEPARD AV,WEST SHEPARD AV,,,,,1,Clear,1,Daylight,1,Dry,,"Trafficway, On Road",7/1/22 7:15
7955,954984,1,41.3376,-72.94641,3452124,7/1/22,7:42:00,O,Property Damage Only,O,No Apparent Injury (O),1,Local,0.08,664,PINE ROCK AV,PINE ROCK AV NO 2,,Arch St. ,50,Feet,N,1,Clear,1,Daylight,1,Dry,,Non-trafficway,7/1/22 7:42
3013,956736,1,41.374393,-72.915814,3453876,7/1/22,13:21:00,O,Property Damage Only,O,No Apparent Injury (O),2,Local,0,144,CT-10,DIXWELL AV NO 2 RT 10 NB,SKIFF ST,,,,,1,Clear,1,Daylight,1,Dry,,"Trafficway, On Road",7/1/22 13:21
3105,948772,1,41.36216,-72.932034,3445914,7/1/22,13:39:00,O,Property Damage Only,O,No Apparent Injury (O),1,State,49.6,15,15-N,15-N,,15-N-220,4,TenthsofMile,S,1,Clear,1,Daylight,1,Dry,79100,"Trafficway, On Road",7/1/22 13:39
4680,953631,1,41.33289,-72.90062,3450771,7/1/22,16:36:00,O,Property Damage Only,O,No Apparent Injury (O),2,USRoute,1.37,5,US-5,5-N,,cook Street ,50,Feet,N,1,Clear,1,Daylight,1,Dry,14500,"Trafficway, On Road",7/1/22 16:36
3642,949843,1,41.35034,-72.96434,3446985,7/1/22,17:44:00,O,Property Damage Only,O,No Apparent Injury (O),2,State,47.71,15,15-S,15-S,,Exit 59 off ramp,10,TenthsofMile,N,1,Clear,1,Daylight,1,Dry,79100,"Trafficway, On Road",7/1/22 17:44
5293,949247,1,41.358813,-72.909888,3446389,7/1/22,20:46:00,O,Property Damage Only,O,No Apparent Injury (O),2,State,1.88,707,WHITNEY AV,707-N,,Park Avenue,50,Feet,N,1,Clear,4,Dark-Lighted,1,Dry,11800,"Trafficway, On Road",7/1/22 20:46
1752,956636,1,41.340781,-72.935116,3453776,7/2/22,1:12:00,A,"Injury of any type (Serious, Minor, Possible)",C,Possible Injury (C),2,State,5.35,10,CT-10,10-N,,Whiting St,82,Feet,S,1,Clear,4,Dark-Lighted,1,Dry,21200,"Trafficway, On Road",7/2/22 1:12
5762,949248,1,41.361002,-72.932145,3446390,7/2/22,8:15:00,A,"Injury of any type (Serious, Minor, Possible)",B,Suspected Minor Injury (B),1,Local,0.39,32,BATTIS RD,BATTIS RD,,Arents Road,2,TenthsofMile,E,1,Clear,1,Daylight,1,Dry,,"Trafficway, On Road",7/2/22 8:15
4138,949617,1,41.37814,-72.9053,3446759,7/2/22,14:34:00,O,Property Damage Only,O,No Apparent Injury (O),2,State,0.18,15,15-S,15-S-122,,Entrance 61 on ramp,10,TenthsofMile,N,1,Clear,1,Daylight,1,Dry,58000,"Trafficway, On Road",7/2/22 14:34
7239,949929,1,41.343303,-72.941097,3447070,7/3/22,11:11:00,O,Property Damage Only,O,No Apparent Injury (O),2,Local,0.2,291,JONES RD,JONES RD,FAIRVIEW AVE,,,,,1,Clear,1,Daylight,1,Dry,,"Trafficway, On Road",7/3/22 11:11
2367,949249,1,41.394622,-72.896809,3446391,7/3/22,14:13:00,A,"Injury of any type (Serious, Minor, Possible)",A,Suspected Serious Injury (A),2,State,9.81,10,CT-10,10-N,GLENHAM RD,,,,,1,Clear,1,Daylight,1,Dry,14800,"Trafficway, On Road",7/3/22 14:13
6875,959948,1,41.39126,-72.90879,3457088,7/4/22,14:20:00,A,"Injury of any type (Serious, Minor, Possible)",A,Suspected Serious Injury (A),1,Local,0.11,745,GLEN RIDGE RD,GLEN RIDGE RD,OAK RIDGE DR,HAMDEN HILLS DRIVE,750,Feet,N,1,Clear,1,Daylight,1,Dry,,"Trafficway, On Road",7/4/22 14:20
5550,954923,1,41.374696,-72.916039,3452063,7/4/22,17:15:00,O,Property Damage Only,O,No Apparent Injury (O),2,State,0.17,753,CT-10,753-S,SKIFF ST,,,,N,1,Clear,1,Daylight,1,Dry,15800,"Trafficway, On Road",7/4/22 17:15
6644,953633,1,41.39379,-72.90439,3450773,7/4/22,17:43:00,A,"Injury of any type (Serious, Minor, Possible)",C,Possible Injury (C),2,Local,0.78,174,EVERGREEN AV,EVERGREEN AV,FOREST ST,,,,,1,Clear,1,Daylight,1,Dry,,"Trafficway, On Road",7/4/22 17:43
3376,956937,1,41.36573,-72.92418,3454077,7/4/22,23:59:00,O,Property Damage Only,O,No Apparent Injury (O),2,State,50.09,15,15-N,15-N,,Exit 60,2,TenthsofMile,S,1,Clear,5,Dark-Not Lighted,1,Dry,60700,"Trafficway, On Road",7/4/22 23:59
3106,951819,1,41.36386,-72.92922,3448959,7/5/22,0:54:00,A,"Injury of any type (Serious, Minor, Possible)",B,Suspected Minor Injury (B),3,State,49.79,15,15-N,15-N,,Exit 60,2,TenthsofMile,S,1,Clear,5,Dark-Not Lighted,1,Dry,79100,"Trafficway, On Road",7/5/22 0:54
8755,964216,1,41.37128,-72.90675,3461355,7/5/22,12:04:00,O,Property Damage Only,O,No Apparent Injury (O),2,Local,0.03,494,SKIFF ST,SKIFF ST,,Whitney Ave,100,Feet,W,1,Clear,1,Daylight,1,Dry,,"Trafficway, On Road",7/5/22 12:04
1629,966196,1,41.369177,-72.919279,3463333,7/5/22,15:25:00,O,Property Damage Only,O,No Apparent Injury (O),2,State,7.48,10,CT-10,10-N,,Connolly PKWY,200,Feet,N,1,Clear,1,Daylight,1,Dry,22100,"Trafficway, Not on Road",7/5/22 15:25
73,956764,1,41.3646,-72.92261,3453904,7/5/22,15:52:00,A,"Injury of any type (Serious, Minor, Possible)",C,Possible Injury (C),2,State,7.13,10,CT-10,10-N,,Weybosset St,100,Feet,S,1,Clear,1,Daylight,1,Dry,38500,"Trafficway, On Road",7/5/22 15:52
7996,956765,1,41.337613,-72.919255,3453905,7/5/22,17:57:00,O,Property Damage Only,O,No Apparent Injury (O),2,Local,0.05,438,PROSPECT ST,PROSPECT ST,,,,,,1,Clear,1,Daylight,1,Dry,,"Trafficway, On Road",7/5/22 17:57
4139,949703,1,41.378237,-72.905289,3446845,7/5/22,18:36:00,O,Property Damage Only,O,No Apparent Injury (O),2,State,0.17,15,15-S,15-S-122,,15-S,50,Feet,N,4,Rain,1,Daylight,2,Wet,58000,"Trafficway, On Road",7/5/22 18:36
5698,949930,1,41.33808,-72.94128,3447071,7/5/22,18:39:00,A,"Injury of any type (Serious, Minor, Possible)",B,Suspected Minor Injury (B),2,Local,0.01,14,ARCH ST,ARCH ST,,Arch St.,50,Feet,S,4,Rain,1,Daylight,2,Wet,,"Trafficway, On Road",7/5/22 18:39
2350,954924,1,41.39875,-72.89741,3452064,7/5/22,19:44:00,O,Property Damage Only,O,No Apparent Injury (O),1,State,10.09,10,CT-10,10-N,,Old Cannon,500,Feet,N,1,Clear,1,Daylight,1,Dry,14900,"Trafficway, On Road",7/5/22 19:44
2416,957633,1,41.44276,-72.91079,3454773,7/5/22,20:20:00,O,Property Damage Only,O,No Apparent Injury (O),3,State,13.22,10,CT-10,10-N,,Brooksvale Avenue,10,Feet,N,1,Clear,1,Daylight,1,Dry,14300,"Trafficway, On Road",7/5/22 20:20
3107,951837,1,41.36327,-72.93024,3448977,7/6/22,4:02:00,O,Property Damage Only,O,No Apparent Injury (O),1,State,49.72,15,15-N,15-N,,15-N-220,2,TenthsofMile,S,1,Clear,5,Dark-Not Lighted,1,Dry,79100,"Trafficway, On Road",7/6/22 4:02
611,954406,1,41.419454,-72.904044,3451546,7/6/22,11:13:00,O,Property Damage Only,O,No Apparent Injury (O),2,State,11.57,10,CT-10,10-N,,MT CARMEL AVE,1,TenthsofMile,S,1,Clear,1,Daylight,1,Dry,26100,"Trafficway, On Road",7/6/22 11:13
5921,963935,1,41.3628,-72.92414,3461074,7/6/22,16:24:00,A,"Injury of any type (Serious, Minor, Possible)",C,Possible Injury (C),2,Local,0.02,42,BENHAM ST,BENHAM ST,,Dixwell ave,25,Feet,E,1,Clear,1,Daylight,1,Dry,,"Trafficway, On Road",7/6/22 16:24
5076,956675,1,41.33655,-72.911426,3453815,7/6/22,21:21:00,O,Property Damage Only,O,No Apparent Injury (O),2,State,0.26,707,WHITNEY AV,707-N,ARMORY ST,,,,,1,Clear,4,Dark-Lighted,1,Dry,14300,"Trafficway, On Road",7/6/22 21:21
7659,953597,1,41.380346,-72.959583,3450737,7/6/22,23:50:00,O,Property Damage Only,O,No Apparent Injury (O),1,Local,1.36,373,MOUNTAIN RD,MOUNTAIN RD,,main st,1000,Feet,W,1,Clear,4,Dark-Lighted,1,Dry,,"Trafficway, On Road",7/6/22 23:50
7993,951969,1,41.337613,-72.919255,3449109,7/7/22,10:22:00,O,Property Damage Only,O,No Apparent Injury (O),2,Local,0.05,438,PROSPECT ST,PROSPECT ST,ARMORY ST,,,,E,1,Clear,1,Daylight,1,Dry,,"Trafficway, On Road",7/7/22 10:22
8143,950921,1,41.392454,-72.917328,3448061,7/7/22,10:42:00,O,Property Damage Only,O,No Apparent Injury (O),1,Local,0.18,704,RACCIO PARK RD,RACCIO PARK RD,,SHERMAN AVENUE,400,Feet,E,1,Clear,1,Daylight,1,Dry,,Non-trafficway,7/7/22 10:42
7287,953667,1,41.366811,-72.940927,3450807,7/7/22,13:56:00,A,"Injury of any type (Serious, Minor, Possible)",C,Possible Injury (C),2,Local,0,309,LANE ST,LANE ST,BENHAM ST,,,,,1,Clear,1,Daylight,1,Dry,,"Trafficway, On Road",7/7/22 13:56
5167,956637,1,41.370612,-72.906496,3453777,7/7/22,15:31:00,A,"Injury of any type (Serious, Minor, Possible)",C,Possible Injury (C),2,State,2.71,707,WHITNEY AV,707-N,,Skiff St,177,Feet,S,1,Clear,1,Daylight,1,Dry,13400,"Trafficway, On Road",7/7/22 15:31
1444,953598,1,41.352572,-72.930626,3450738,7/8/22,9:06:00,O,Property Damage Only,O,No Apparent Injury (O),2,State,6.2,10,CT-10,10-N,,CHURCH ST.,150,Feet,S,1,Clear,1,Daylight,1,Dry,22700,"Trafficway, On Road",7/8/22 9:06
8128,957198,1,41.34374,-72.92652,3454338,7/8/22,14:34:00,A,"Injury of any type (Serious, Minor, Possible)",B,Suspected Minor Injury (B),2,Local,0.74,439,PUTNAM AV,PUTNAM AV,NEWHALL ST,,,,,1,Clear,1,Daylight,1,Dry,,"Trafficway, On Road",7/8/22 14:34
7939,955696,1,41.350005,-72.944121,3452836,7/8/22,15:10:00,O,Property Damage Only,O,No Apparent Injury (O),2,Local,0.27,429,PINE ROCK AV,PINE ROCK AV NO 1,WEST HELEN ST,,,,,1,Clear,1,Daylight,1,Dry,,"Trafficway, On Road",7/8/22 15:10
2531,953599,1,41.380486,-72.913061,3450739,7/8/22,15:13:00,O,Property Damage Only,O,No Apparent Injury (O),2,State,8.34,10,CT-10,10-N,,Sanford Street,300,Feet,S,2,Cloudy,1,Daylight,1,Dry,11300,"Trafficway, On Road",7/8/22 15:13
3774,950801,1,41.37892,-72.90381,3447941,7/8/22,17:11:00,O,Property Damage Only,O,No Apparent Injury (O),2,State,51.59,15,15-S,15-S,,15-S-123,1,Feet,N,1,Clear,1,Daylight,1,Dry,72100,"Trafficway, On Road",7/8/22 17:11
3014,963936,1,41.374421,-72.915592,3461075,7/9/22,0:53:00,O,Property Damage Only,O,No Apparent Injury (O),2,Local,0,144,CT-10,DIXWELL AV NO 2 RT 10 NB,SKIFF ST,,,,,1,Clear,4,Dark-Lighted,1,Dry,,"Trafficway, On Road",7/9/22 0:53
2135,966197,1,41.386457,-72.900827,3463334,7/9/22,17:11:00,O,Property Damage Only,O,No Apparent Injury (O),1,State,9.2,10,CT-10,10-N,,Colonial Drive,100,Feet,N,1,Clear,1,Daylight,1,Dry,17100,"Trafficway, On Road",7/9/22 17:11
7741,953600,1,41.33508,-72.924,3450740,7/9/22,18:27:00,O,Property Damage Only,O,No Apparent Injury (O),2,Local,0.11,393,NORTH SHEFFIELD ST,NORTH SHEFFIELD ST,,Goodrich Street,50,Feet,N,99,Unknown,99,Unknown,99,Unknown,,"Trafficway, On Road",7/9/22 18:27
7866,958822,1,41.32957,-72.90022,3455962,7/10/22,4:09:00,O,Property Damage Only,O,No Apparent Injury (O),1,Local,0.08,414,PARK RD,PARK RD,,State Street,50,Feet,S,1,Clear,4,Dark-Lighted,1,Dry,,"Trafficway, On Road",7/10/22 4:09
4142,952673,1,41.378175,-72.905281,3449813,7/10/22,11:39:00,A,"Injury of any type (Serious, Minor, Possible)",B,Suspected Minor Injury (B),2,State,0.18,15,15-S,15-S-122,,15-S,10,Feet,S,1,Clear,1,Daylight,1,Dry,58000,"Trafficway, On Road",7/10/22 11:39
1625,962036,1,41.36732,-72.92067,3459176,7/10/22,12:50:00,O,Property Damage Only,O,No Apparent Injury (O),2,State,7.33,10,CT-10,10-N,,connolly parkway,66,Feet,N,1,Clear,1,Daylight,1,Dry,22100,"Trafficway, On Road",7/10/22 12:50
4988,953668,1,41.34019,-72.91287,3450808,7/10/22,16:35:00,A,"Injury of any type (Serious, Minor, Possible)",B,Suspected Minor Injury (B),2,State,0.52,707,WHITNEY AV,707-N,BLAKE RD,,,,,1,Clear,1,Daylight,1,Dry,14400,"Trafficway, On Road",7/10/22 16:35
6965,953846,1,41.335765,-72.935067,3450986,7/10/22,17:02:00,A,"Injury of any type (Serious, Minor, Possible)",B,Suspected Minor Injury (B),1,Local,0.8,222,GOODRICH ST,GOODRICH ST,,Dixwell Avenue,25,Feet,E,1,Clear,1,Daylight,1,Dry,,"Trafficway, On Road",7/10/22 17:02
7117,953552,1,41.34046,-72.90809,3450692,7/11/22,0:25:00,A,"Injury of any type (Serious, Minor, Possible)",B,Suspected Minor Injury (B),1,Local,0.12,242,HARTFORD TPK,HARTFORD TPK,,Davis St,20,Feet,S,1,Clear,4,Dark-Lighted,1,Dry,,"Trafficway, On Road",7/11/22 0:25
3415,953553,1,41.36531,-72.92223,3450693,7/11/22,7:58:00,A,"Injury of any type (Serious, Minor, Possible)",C,Possible Injury (C),2,State,0.18,15,15-N,15-N-220,10-N,,,,,1,Clear,1,Daylight,1,Dry,58000,"Trafficway, On Road",7/11/22 7:58
1938,953554,1,41.403314,-72.898185,3450694,7/11/22,11:19:00,O,Property Damage Only,O,No Apparent Injury (O),2,State,10.42,10,CT-10,10-N,,IVES STREET,100,Feet,S,1,Clear,1,Daylight,1,Dry,18600,"Trafficway, On Road",7/11/22 11:19
1467,958871,1,41.35037,-72.93183,3456011,7/11/22,14:41:00,A,"Injury of any type (Serious, Minor, Possible)",B,Suspected Minor Injury (B),2,State,6.04,10,CT-10,DIXWELL AVE,,Lexington Street,20,Feet,S,1,Clear,1,Daylight,1,Dry,22700,"Trafficway, On Road",7/11/22 14:41
1545,956638,1,41.3482,-72.93287,3453778,7/11/22,15:17:00,O,Property Damage Only,O,No Apparent Injury (O),2,State,5.88,10,CT-10,10-N,,Scott St,16,Feet,S,1,Clear,1,Daylight,1,Dry,22500,"Trafficway, On Road",7/11/22 15:17
4140,951696,1,41.37808,-72.90534,3448836,7/11/22,16:59:00,O,Property Damage Only,O,No Apparent Injury (O),2,State,0.18,15,15-S,15-S-122,,15-S,10,Feet,N,1,Clear,1,Daylight,1,Dry,58000,"Trafficway, On Road",7/11/22 16:59
7994,953555,1,41.337869,-72.919285,3450695,7/11/22,17:31:00,O,Property Damage Only,O,No Apparent Injury (O),2,Local,0.03,438,PROSPECT ST,PROSPECT ST,,Armory Road,25,Feet,N,1,Clear,1,Daylight,1,Dry,,"Trafficway, On Road",7/11/22 17:31
9019,954925,1,41.343932,-72.937436,3452065,7/11/22,18:01:00,O,Property Damage Only,O,No Apparent Injury (O),2,Local,0.14,553,WARREN ST,WARREN ST,THIRD ST,,,,,1,Clear,1,Daylight,1,Dry,,"Trafficway, On Road",7/11/22 18:01
1750,953535,1,41.338643,-72.935126,3450675,7/12/22,13:57:00,O,Property Damage Only,O,No Apparent Injury (O),2,State,5.21,10,CT-10,10-N,,Morse St,100,Feet,N,1,Clear,1,Daylight,1,Dry,21200,"Trafficway, On Road",7/12/22 13:57
3397,953840,1,41.380621,-72.900734,3450980,7/12/22,15:19:00,O,Property Damage Only,O,No Apparent Injury (O),2,State,0.22,15,15-N,15-N-125,15-N,,,,,1,Clear,1,Daylight,1,Dry,58000,"Trafficway, On Road",7/12/22 15:19
5979,958872,1,41.33836,-72.93796,3456012,7/12/22,15:36:00,O,Property Damage Only,O,No Apparent Injury (O),1,Local,0.18,52,BOWEN ST,BOWEN ST,10-N,,,,,1,Clear,1,Daylight,1,Dry,,Non-trafficway,7/12/22 15:36
7865,954926,1,41.334646,-72.902027,3452066,7/12/22,16:59:00,A,"Injury of any type (Serious, Minor, Possible)",B,Suspected Minor Injury (B),2,Local,0.45,414,PARK RD,PARK RD,,Farm Road ,150,Feet,N,1,Clear,1,Daylight,1,Dry,,"Trafficway, On Road",7/12/22 16:59
6396,963937,1,41.33997,-72.93825,3461076,7/12/22,17:56:00,O,Property Damage Only,O,No Apparent Injury (O),2,Local,0.11,141,DIX ST,DIX ST,,Pine St,85,Feet,N,1,Clear,4,Dark-Lighted,1,Dry,,"Trafficway, On Road",7/12/22 17:56
4623,953536,1,41.403511,-72.898352,3450676,7/13/22,13:26:00,O,Property Damage Only,O,No Apparent Injury (O),2,State,0,40,40-S,40-S-9,10-N,,,,,1,Clear,1,Daylight,1,Dry,14400,"Trafficway, On Road",7/13/22 13:26
1021,955625,1,41.344696,-72.934324,3452765,7/13/22,15:06:00,O,Property Damage Only,O,No Apparent Injury (O),2,State,5.62,10,CT-10,10-N,,Woodin St,20,Feet,N,1,Clear,1,Daylight,1,Dry,24800,"Trafficway, On Road",7/13/22 15:06
3375,954780,1,41.365745,-72.923724,3451920,7/13/22,17:28:00,O,Property Damage Only,O,No Apparent Injury (O),1,State,50.11,15,15-N,15-N,,15-N-220,500,Feet,N,1,Clear,1,Daylight,1,Dry,60700,"Trafficway, On Road",7/13/22 17:28
396,957199,1,41.35846,-72.92619,3454339,7/13/22,19:02:00,A,"Injury of any type (Serious, Minor, Possible)",B,Suspected Minor Injury (B),2,State,6.67,10,CT-10,10-N,,Mather Street ,200,Feet,S,1,Clear,1,Daylight,1,Dry,27800,"Trafficway, On Road",7/13/22 19:02
1751,953827,1,41.34299,-72.93464,3450967,7/14/22,16:37:00,O,Property Damage Only,O,No Apparent Injury (O),2,State,5.51,10,CT-10,10-N,,Putnam Avenue,500,Feet,S,1,Clear,1,Daylight,1,Dry,21200,"Trafficway, On Road",7/14/22 16:37
7735,956592,1,41.357135,-72.932755,3453732,7/14/22,20:06:00,O,Property Damage Only,O,No Apparent Injury (O),2,Local,0.05,388,NOBLE CT,NOBLE CT,,Blue Hills Ave,165,Feet,W,1,Clear,1,Daylight,1,Dry,,"Trafficway, On Road",7/14/22 20:06