,CrashId,Fatal Case Status,lat,lon,DOT Case Number,Date Of Crash,Time of Crash,Crash Severity,Crash Severity Text Format,Most Severe Injury,Most Severe Injury Text Format,Number Of Motor Vehicles,Route Class Text Format,Milemarker,Road Number,Road Description,Roadway Name,Intersecting Roadway Name,Landmark Description,Distance From Nearest Landmark,Unit Of Measure From Nearest Landmark,Direction From Nearest Landmark,Weather Condition,Weather Condition Text Format,Light Condition,Light Condition Text Format,Road Surface Condition,Road Surface Condition Text Format,Average Daily Traffic,Trafficway Class Text Format,full_date
4098,953828,1,41.37937,-72.90335,3450968,7/14/22,21:31:00,O,Property Damage Only,O,No Apparent Injury (O),2,State,0,15,15-S,15-S-122,707-N,,,,,1,Clear,4,Dark-Lighted,1,Dry,58100,"Trafficway, On Road",7/14/22 21:31
75,962009,1,41.364337,-72.922758,3459149,7/15/22,16:17:00,A,"Injury of any type (Serious, Minor, Possible)",C,Possible Injury (C),3,State,7.11,10,CT-10,10-N,,DEWEY ST,140,Feet,S,1,Clear,1,Daylight,1,Dry,38500,"Trafficway, On Road",7/15/22 16:17
7432,963938,1,41.33982,-72.92649,3461077,7/15/22,19:35:00,O,Property Damage Only,O,No Apparent Injury (O),2,Local,0.68,365,MILL ROCK RD,MILL ROCK RD,NEWHALL ST,,,,,1,Clear,1,Daylight,1,Dry,,"Trafficway, On Road",7/15/22 19:35
2575,953538,1,41.338375,-72.937886,3450678,7/16/22,11:15:00,A,"Injury of any type (Serious, Minor, Possible)",B,Suspected Minor Injury (B),1,State,5.05,10,CT-10,10-N,BOWEN ST,,,,,1,Clear,99,Unknown,1,Dry,11200,"Trafficway, Not on Road",7/16/22 11:15
728,953508,1,41.41378,-72.90199,3450648,7/16/22,14:27:00,O,Property Damage Only,O,No Apparent Injury (O),2,State,11.17,10,CT-10,10-N,SHERMAN AV NO 2,,,,,1,Clear,1,Daylight,1,Dry,25600,"Trafficway, On Road",7/16/22 14:27
6108,953509,1,41.35438,-72.93535,3450649,7/16/22,14:32:00,A,"Injury of any type (Serious, Minor, Possible)",B,Suspected Minor Injury (B),2,Local,0.27,97,CHURCH ST,CHURCH ST,,BANK ST. ,50,Feet,S,4,Rain,1,Daylight,2,Wet,,"Trafficway, On Road",7/16/22 14:32
309,953829,1,41.36249,-72.92391,3450969,7/16/22,15:16:00,O,Property Damage Only,O,No Apparent Injury (O),2,State,6.97,10,CT-10,10-N,,BENHAM ST.,70,Feet,S,4,Rain,1,Daylight,2,Wet,32000,"Trafficway, On Road",7/16/22 15:16
7721,962617,1,41.337657,-72.926478,3459757,7/16/22,16:59:00,A,"Injury of any type (Serious, Minor, Possible)",B,Suspected Minor Injury (B),2,Local,0.42,385,NEWHALL ST,NEWHALL ST,,Morse St,200,Feet,N,1,Clear,1,Daylight,1,Dry,,"Trafficway, On Road",7/16/22 16:59
8225,953510,1,41.33927,-72.90211,3450650,7/16/22,23:50:00,O,Property Damage Only,O,No Apparent Injury (O),1,Local,0.29,452,RIDGE RD,RIDGE RD,,Davis Street,300,Feet,S,1,Clear,4,Dark-Lighted,1,Dry,,"Trafficway, On Road",7/16/22 23:50
1753,956703,1,41.34239,-72.93472,3453843,7/17/22,14:53:00,A,"Injury of any type (Serious, Minor, Possible)",C,Possible Injury (C),2,State,5.47,10,CT-10,10-N,HAMDEN PARK DR,,,,,1,Clear,1,Daylight,1,Dry,21200,"Trafficway, On Road",7/17/22 14:53
5946,963793,1,41.340414,-72.915808,3460932,7/17/22,16:29:00,O,Property Damage Only,O,No Apparent Injury (O),1,Local,0.15,47,BLAKE RD,BLAKE RD,MORRIS ST,,,,,1,Clear,1,Daylight,1,Dry,,"Trafficway, On Road",7/17/22 16:29
1448,958787,1,41.354015,-72.929695,3455927,7/17/22,21:04:00,O,Property Damage Only,O,No Apparent Injury (O),2,State,6.31,10,CT-10,10-N,TREADWELL ST,,,,,1,Clear,4,Dark-Lighted,1,Dry,22700,"Trafficway, On Road",7/17/22 21:04
7799,953511,1,41.40084,-72.93189,3450651,7/18/22,1:57:00,O,Property Damage Only,O,No Apparent Injury (O),2,Local,0.02,632,PARADISE AV,PARADISE AV NO 2,,Laura Rd.,1,TenthsofMile,S,1,Clear,5,Dark-Not Lighted,1,Dry,,"Trafficway, Not on Road",7/18/22 1:57
4646,956593,1,41.42036,-72.90114,3453733,7/18/22,8:32:00,O,Property Damage Only,O,No Apparent Injury (O),2,State,0.18,453,MOUNT CARMEL AV,453-E,,Whitney Avenue,900,Feet,S,1,Clear,1,Daylight,1,Dry,8700,"Trafficway, On Road",7/18/22 8:32
1749,953512,1,41.33869,-72.93514,3450652,7/18/22,12:22:00,O,Property Damage Only,O,No Apparent Injury (O),2,State,5.21,10,CT-10,10-N,,MORSE ST.,150,Feet,N,4,Rain,1,Daylight,2,Wet,21200,"Trafficway, On Road",7/18/22 12:22
4144,955514,1,41.3782,-72.90529,3452654,7/18/22,15:53:00,O,Property Damage Only,O,No Apparent Injury (O),2,State,0.17,15,15-S,15-S-122,,Exit 61 Entrance Ramp,1,Feet,S,4,Rain,1,Daylight,2,Wet,58000,"Trafficway, On Road",7/18/22 15:53
7864,953830,1,41.33201,-72.901727,3450970,7/18/22,22:23:00,O,Property Damage Only,O,No Apparent Injury (O),1,Local,0.26,414,PARK RD,PARK RD,,HYDE RD,15,Feet,S,1,Clear,4,Dark-Lighted,1,Dry,,"Trafficway, On Road",7/18/22 22:23
3168,956008,1,41.375255,-72.908603,3453148,7/19/22,7:55:00,O,Property Damage Only,O,No Apparent Injury (O),2,State,51.21,15,15-N,15-N,,15-N-124,5,TenthsofMile,S,1,Clear,1,Daylight,1,Dry,73800,"Trafficway, On Road",7/19/22 7:55
4143,953546,1,41.378186,-72.905297,3450686,7/19/22,7:55:00,O,Property Damage Only,O,No Apparent Injury (O),2,State,0.18,15,15-S,15-S-122,,15-S,5,Feet,N,1,Clear,1,Daylight,1,Dry,58000,"Trafficway, On Road",7/19/22 7:55
3724,954803,1,41.38163241,-72.89950657,3451943,7/19/22,13:39:00,O,Property Damage Only,O,No Apparent Injury (O),2,State,51.89,15,15-S,15-S,,15-S-126,1,TenthsofMile,N,1,Clear,1,Daylight,1,Dry,73500,"Trafficway, On Road",7/19/22 13:39
9337,956704,1,41.344778,-72.9351,3453844,7/19/22,13:54:00,O,Property Damage Only,O,No Apparent Injury (O),2,Local,1.65,598,WOODIN ST,WOODIN ST,,Fourth St.,60,Feet,W,1,Clear,1,Daylight,1,Dry,,"Trafficway, On Road",7/19/22 13:54
3725,954804,1,41.38163241,-72.89950657,3451944,7/19/22,16:16:00,O,Property Damage Only,O,No Apparent Injury (O),2,State,51.89,15,15-S,15-S,,15-S-126,1,TenthsofMile,N,1,Clear,1,Daylight,1,Dry,73500,"Trafficway, On Road",7/19/22 16:16
1546,962037,1,41.34676,-72.93374,3459177,7/19/22,18:13:00,O,Property Damage Only,O,No Apparent Injury (O),2,State,5.77,10,CT-10,10-N,,Helen St.,100,Feet,N,1,Clear,1,Daylight,1,Dry,22500,"Trafficway, On Road",7/19/22 18:13
7430,954899,1,41.33933,-72.924523,3452039,7/19/22,21:58:00,O,Property Damage Only,O,No Apparent Injury (O),2,Local,0.59,365,MILL ROCK RD,MILL ROCK RD,,Winchester Avenue,50,Feet,E,1,Clear,4,Dark-Lighted,1,Dry,,"Trafficway, On Road",7/19/22 21:58
9338,956737,1,41.34553,-72.94205,3453877,7/20/22,11:22:00,O,Property Damage Only,O,No Apparent Injury (O),2,Local,1.29,598,WOODIN ST,WOODIN ST,,,,,,1,Clear,1,Daylight,1,Dry,,"Trafficway, On Road",7/20/22 11:22
6967,959919,1,41.33514,-72.9279,3457059,7/20/22,12:26:00,O,Property Damage Only,O,No Apparent Injury (O),2,Local,0.42,222,GOODRICH ST,GOODRICH ST,SHEPARD ST,,,,,1,Clear,1,Daylight,1,Dry,,"Trafficway, On Road",7/20/22 12:26
7320,963794,1,41.34309,-72.92628,3460933,7/20/22,17:48:00,O,Property Damage Only,O,No Apparent Injury (O),2,Local,0,317,LEEDER HILL DR,LEEDER HILL DR,,Putnam Ave,200,Feet,S,1,Clear,1,Daylight,1,Dry,,"Trafficway, On Road",7/20/22 17:48
4101,956628,1,41.378587,-72.904775,3453768,7/20/22,22:29:00,A,"Injury of any type (Serious, Minor, Possible)",C,Possible Injury (C),2,State,0.03,15,15-S,15-S-123,,Entrance Ramp 61,100,Feet,S,1,Clear,5,Dark-Not Lighted,1,Dry,58100,"Trafficway, On Road",7/20/22 22:29
5294,956594,1,41.36022,-72.90951,3453734,7/21/22,19:12:00,O,Property Damage Only,O,No Apparent Injury (O),2,State,1.98,707,WHITNEY AV,707-N,,Hawthorne Avenue ,100,Feet,N,1,Clear,1,Daylight,1,Dry,11800,"Trafficway, On Road",7/21/22 19:12
1754,958873,1,41.338872,-72.935219,3456013,7/22/22,9:46:00,O,Property Damage Only,O,No Apparent Injury (O),2,State,5.22,10,CT-10,10-N,,Arch St,100,Feet,N,1,Clear,1,Daylight,1,Dry,21200,"Trafficway, On Road",7/22/22 9:46
3211,961099,1,41.37889299,-72.90352041,3458239,7/22/22,9:49:00,O,Property Damage Only,O,No Apparent Injury (O),2,State,51.59,15,15-N,15-N,,Route 15,1,TenthsofMile,S,1,Clear,1,Daylight,1,Dry,72100,"Trafficway, On Road",7/22/22 9:49
729,956595,1,41.414,-72.90211,3453735,7/22/22,13:00:00,O,Property Damage Only,O,No Apparent Injury (O),2,State,11.18,10,CT-10,10-N,,Sherman Ave. Ext.,50,Feet,N,1,Clear,1,Daylight,1,Dry,25600,"Trafficway, On Road",7/22/22 13:00
4073,959107,1,41.36585,-72.92105,3456247,7/22/22,16:08:00,O,Property Damage Only,O,No Apparent Injury (O),2,State,50.28,15,15-S,15-S,,Exit 60,1,TenthsofMile,N,1,Clear,1,Daylight,1,Dry,66000,"Trafficway, On Road",7/22/22 16:08
1446,956596,1,41.35386,-72.92997,3453736,7/22/22,18:05:00,O,Property Damage Only,O,No Apparent Injury (O),2,State,6.3,10,CT-10,10-N,,Millis Street ,50,Feet,N,1,Clear,1,Daylight,1,Dry,22700,"Trafficway, On Road",7/22/22 18:05
3012,956597,1,41.37445,-72.91559,3453737,7/22/22,20:55:00,O,Property Damage Only,O,No Apparent Injury (O),2,Local,0,144,CT-10,DIXWELL AV NO 2 RT 10 NB,SKIFF ST,,,,,1,Clear,4,Dark-Lighted,1,Dry,,"Trafficway, On Road",7/22/22 20:55
1449,959920,1,41.349858,-72.932106,3457060,7/22/22,23:03:00,O,Property Damage Only,O,No Apparent Injury (O),2,State,5.99,10,CT-10,10-N,,Collins St,25,Feet,N,1,Clear,4,Dark-Lighted,1,Dry,22700,"Trafficway, On Road",7/22/22 23:03
1022,956598,1,41.34477,-72.934374,3453738,7/23/22,2:59:00,O,Property Damage Only,O,No Apparent Injury (O),2,State,5.62,10,CT-10,10-N,,Fourth Street,25,Feet,N,1,Clear,4,Dark-Lighted,1,Dry,24800,"Trafficway, On Road",7/23/22 2:59
310,956705,1,41.36234,-72.92392,3453845,7/23/22,11:43:00,O,Property Damage Only,O,No Apparent Injury (O),2,State,6.96,10,CT-10,10-N,,BENHAM ST.,100,Feet,S,1,Clear,1,Daylight,1,Dry,32000,"Trafficway, On Road",7/23/22 11:43
5754,958874,1,41.34265,-72.926083,3456014,7/23/22,16:49:00,O,Property Damage Only,O,No Apparent Injury (O),2,Local,0,29,BARRACLOUGH AV,BARRACLOUGH AV,NEWHALL ST,,,,,1,Clear,1,Daylight,1,Dry,,"Trafficway, On Road",7/23/22 16:49
8127,956676,1,41.345345,-72.916526,3453816,7/25/22,14:46:00,O,Property Damage Only,O,No Apparent Injury (O),2,Local,0.22,439,PUTNAM AV,PUTNAM AV,CLIFFORD ST,,,,,1,Clear,1,Daylight,1,Dry,,"Trafficway, On Road",7/25/22 14:46
6736,958875,1,41.340247,-72.900091,3456015,7/25/22,18:42:00,O,Property Damage Only,O,No Apparent Injury (O),2,Local,0.11,185,FENWAY DR,FENWAY DR,,Franklin RD,1,TenthsofMile,W,1,Clear,1,Daylight,1,Dry,,"Trafficway, On Road",7/25/22 18:42
5296,960866,1,41.363145,-72.908968,3458006,7/26/22,8:22:00,A,"Injury of any type (Serious, Minor, Possible)",C,Possible Injury (C),2,State,2.18,707,WHITNEY AV,707-N,ARDMORE ST,,,,,1,Clear,1,Daylight,1,Dry,11800,"Trafficway, On Road",7/26/22 8:22
5168,965026,1,41.363331,-72.908971,3462163,7/26/22,9:10:00,O,Property Damage Only,O,No Apparent Injury (O),2,State,2.19,707,WHITNEY AV,707-N,,Ardmore Street,50,Feet,N,1,Clear,1,Daylight,1,Dry,13400,"Trafficway, On Road",7/26/22 9:10
4874,958876,1,41.380213,-72.903107,3456016,7/26/22,13:46:00,O,Property Damage Only,O,No Apparent Injury (O),2,State,3.4,707,WHITNEY AV,707-N,,Worth Ave,185,Feet,S,1,Clear,1,Daylight,1,Dry,17100,"Trafficway, On Road",7/26/22 13:46
8809,956563,1,41.374909,-72.916667,3453703,7/26/22,15:47:00,A,"Injury of any type (Serious, Minor, Possible)",B,Suspected Minor Injury (B),1,Local,0.06,495,SKIFF ST EXT,SKIFF ST EXT,,Dixwell Ave.,200,Feet,W,1,Clear,1,Daylight,1,Dry,,"Trafficway, On Road",7/26/22 15:47
8904,956914,1,41.424672,-72.906809,3454054,7/26/22,17:22:00,O,Property Damage Only,O,No Apparent Injury (O),1,Local,0.55,525,TODD ST,TODD ST,,10-N,320,Feet,W,1,Clear,1,Daylight,1,Dry,,"Trafficway, On Road",7/26/22 17:22
6514,963795,1,41.335838,-72.935146,3460934,7/27/22,17:51:00,O,Property Damage Only,O,No Apparent Injury (O),2,Local,0.02,142,DIXWELL AV,DIXWELL AV NO 1,GOODRICH ST,,,,,1,Clear,1,Daylight,1,Dry,,"Trafficway, On Road",7/27/22 17:51
4772,956564,1,41.35313,-72.89157,3453704,7/27/22,17:58:00,O,Property Damage Only,O,No Apparent Injury (O),2,USRoute,2.87,5,US-5,5-N,,SEBEC ST.,70,Feet,N,1,Clear,1,Daylight,1,Dry,10100,"Trafficway, On Road",7/27/22 17:58
3398,961557,1,41.38057,-72.90078,3458697,7/28/22,7:00:00,O,Property Damage Only,O,No Apparent Injury (O),2,State,0.22,15,15-N,15-N-125,,Route 15,1,TenthsofMile,S,1,Clear,1,Daylight,1,Dry,58000,"Trafficway, On Road",7/28/22 7:00
6966,956915,1,41.334185,-72.91988,3454055,7/28/22,15:13:00,O,Property Damage Only,O,No Apparent Injury (O),2,Local,0,222,GOODRICH ST,GOODRICH ST,PROSPECT ST,,,,,1,Clear,1,Daylight,1,Dry,,"Trafficway, On Road",7/28/22 15:13
7720,957634,1,41.336193,-72.92663,3454774,7/28/22,16:44:00,O,Property Damage Only,O,No Apparent Injury (O),2,Local,0.52,385,NEWHALL ST,NEWHALL ST,MARLBORO ST,,,,,1,Clear,1,Daylight,1,Dry,,"Trafficway, On Road",7/28/22 16:44
2114,959949,1,41.383139,-72.907091,3457089,7/29/22,14:29:00,O,Property Damage Only,O,No Apparent Injury (O),2,State,8.71,10,CT-10,10-N,,Evergreen Avenue ,200,Feet,N,1,Clear,1,Daylight,1,Dry,17200,"Trafficway, On Road",7/29/22 14:29
6109,958877,1,41.353707,-72.93329,3456017,7/29/22,14:36:00,O,Property Damage Only,O,No Apparent Injury (O),2,Local,0.16,97,CHURCH ST,CHURCH ST,,GARDEN STREET,150,Feet,W,1,Clear,1,Daylight,1,Dry,,"Trafficway, On Road",7/29/22 14:36
7399,957601,1,41.353032,-72.918148,3454741,7/30/22,10:25:00,O,Property Damage Only,O,No Apparent Injury (O),1,Local,0.42,352,MATHER ST,MATHER ST,MANOR ST,,,,,1,Clear,99,Unknown,1,Dry,,"Trafficway, On Road",7/30/22 10:25
5295,957635,1,41.36013,-72.90962,3454775,7/30/22,13:47:00,O,Property Damage Only,O,No Apparent Injury (O),2,State,1.97,707,WHITNEY AV,707-N,,Hawthorne Ave,10,Feet,N,1,Clear,1,Daylight,1,Dry,11800,"Trafficway, On Road",7/30/22 13:47
6242,970120,1,41.351267,-72.935594,3466283,7/30/22,16:34:00,O,Property Damage Only,O,No Apparent Injury (O),2,Local,1.04,99,CIRCULAR AV,CIRCULAR AV,,Lexington Street ,100,Feet,S,1,Clear,1,Daylight,1,Dry,,"Trafficway, On Road",7/30/22 16:34
6836,959950,1,41.442658,-72.945066,3457090,7/31/22,0:10:00,O,Property Damage Only,O,No Apparent Injury (O),1,Local,1.45,208,GAYLORD MOUNTAIN RD,GAYLORD MOUNTAIN RD,,Broken Arrow Rd.,500,Feet,N,1,Clear,5,Dark-Not Lighted,1,Dry,,"Trafficway, On Road",7/31/22 0:10
74,957602,1,41.363849,-72.923085,3454742,7/31/22,8:30:00,O,Property Damage Only,O,No Apparent Injury (O),2,State,7.07,10,CT-10,10-N,,Wheeler Street,50,Feet,S,1,Clear,1,Daylight,1,Dry,38500,"Trafficway, On Road",7/31/22 8:30
5551,958878,1,41.3751,-72.91596,3456018,7/31/22,9:32:00,O,Property Damage Only,O,No Apparent Injury (O),2,State,0.13,753,CT-10,753-S,,SKIFF ST.,50,Feet,S,1,Clear,1,Daylight,1,Dry,15800,"Trafficway, On Road",7/31/22 9:32
5261,957567,1,41.356,-72.911729,3454707,7/31/22,12:01:00,O,Property Damage Only,O,No Apparent Injury (O),2,State,1.65,707,WHITNEY AV,707-N,WAITE ST,,,,,1,Clear,1,Daylight,1,Dry,11900,"Trafficway, On Road",7/31/22 12:01
3643,961575,1,41.343887,-72.971636,3458715,8/1/22,7:19:00,O,Property Damage Only,O,No Apparent Injury (O),2,State,47.13,15,15-S,15-S,,exit 59,0.5,TenthsofMile,N,1,Clear,1,Daylight,1,Dry,79100,"Trafficway, On Road",8/1/22 7:19
4681,958879,1,41.33464,-72.9005,3456019,8/1/22,13:52:00,O,Property Damage Only,O,No Apparent Injury (O),2,USRoute,1.5,5,US-5,5-N,MERRITT ST,,,,,2,Cloudy,1,Daylight,1,Dry,14500,"Trafficway, On Road",8/1/22 13:52
7119,958880,1,41.35765,-72.89753,3456020,8/1/22,17:17:00,O,Property Damage Only,O,No Apparent Injury (O),2,Local,1.44,242,HARTFORD TPK,HARTFORD TPK,HIGH MEADOW RD,,,,,1,Clear,1,Daylight,1,Dry,,"Trafficway, On Road",8/1/22 17:17
8843,958881,1,41.432923,-72.927693,3456021,8/1/22,17:19:00,O,Property Damage Only,O,No Apparent Injury (O),2,Local,0.91,507,STILL HILL RD,STILL HILL RD,WEST TODD ST,,,,,1,Clear,1,Daylight,1,Dry,,"Trafficway, On Road",8/1/22 17:19
730,962045,1,41.406015,-72.899161,3459185,8/1/22,17:58:00,O,Property Damage Only,O,No Apparent Injury (O),2,State,10.61,10,CT-10,10-N,,Woodruff Street ,200,Feet,N,1,Clear,1,Daylight,1,Dry,25600,"Trafficway, On Road",8/1/22 17:58
3918,959707,1,41.36564,-72.92559,3456847,8/2/22,16:54:00,A,"Injury of any type (Serious, Minor, Possible)",C,Possible Injury (C),2,State,50.03,15,15-S,15-S,,Exit 60,650,Feet,S,1,Clear,1,Daylight,1,Dry,70600,"Trafficway, On Road",8/2/22 16:54
76,962046,1,41.363483,-72.923276,3459186,8/2/22,17:00:00,O,Property Damage Only,O,No Apparent Injury (O),2,State,7.04,10,CT-10,10-N,,Palmer Ave,95,Feet,S,1,Clear,1,Daylight,1,Dry,38500,"Trafficway, Not on Road",8/2/22 17:00
312,962047,1,41.361,-72.9247,3459187,8/2/22,17:47:00,O,Property Damage Only,O,No Apparent Injury (O),2,State,6.86,10,CT-10,10-N,,Lee St,25,Feet,N,1,Clear,1,Daylight,1,Dry,32000,"Trafficway, On Road",8/2/22 17:47
2957,1019557,1,41.340413,-72.935086,922197,8/2/22,20:30:00,K,Fatal (Kill),K,Fatal Injury (K),1,State,5.32,10,CT-10,10-N,GEORGE ST,,,,,1,Clear,6,Dark-Unknown Lighting,1,Dry,,"Trafficway, On Road",8/2/22 20:30
1624,959951,1,41.36917,-72.91924,3457091,8/2/22,20:59:00,A,"Injury of any type (Serious, Minor, Possible)",A,Suspected Serious Injury (A),2,State,7.48,10,CT-10,10-N,,Connolly Pkwy,200,Feet,N,1,Clear,1,Daylight,1,Dry,22100,"Trafficway, On Road",8/2/22 20:59
7813,958882,1,41.388457,-72.931528,3456022,8/3/22,1:08:00,A,"Injury of any type (Serious, Minor, Possible)",C,Possible Injury (C),1,Local,1.61,411,PARADISE AV,PARADISE AV NO 5,,Oxford Rd.,225,Feet,N,1,Clear,5,Dark-Not Lighted,1,Dry,,"Trafficway, Not on Road",8/3/22 1:08
612,958883,1,41.419339,-72.904,3456023,8/3/22,18:42:00,O,Property Damage Only,O,No Apparent Injury (O),2,State,11.56,10,CT-10,10-N,,Mt. Carmel Ave.,1,TenthsofMile,S,1,Clear,1,Daylight,1,Dry,26100,"Trafficway, On Road",8/3/22 18:42
1023,959929,1,41.3446,-72.93434,3457069,8/4/22,0:09:00,O,Property Damage Only,O,No Apparent Injury (O),2,State,5.61,10,CT-10,10-N,,Fourth Street,20,Feet,S,1,Clear,4,Dark-Lighted,1,Dry,24800,"Trafficway, On Road",8/4/22 0:09
5552,963177,1,41.37441,-72.91542,3460316,8/4/22,8:06:00,O,Property Damage Only,O,No Apparent Injury (O),2,State,0.17,753,CT-10,753-S,,Dorrance St,25,Feet,S,1,Clear,1,Daylight,1,Dry,15800,"Trafficway, On Road",8/4/22 8:06
1547,964218,1,41.34684,-72.9336,3461357,8/4/22,9:19:00,O,Property Damage Only,O,No Apparent Injury (O),2,State,5.78,10,CT-10,10-N,,PUTNAM AVE,150,Feet,N,1,Clear,1,Daylight,1,Dry,22500,"Trafficway, On Road",8/4/22 9:19
4876,962010,1,41.380909,-72.902807,3459150,8/4/22,15:42:00,O,Property Damage Only,O,No Apparent Injury (O),2,State,3.45,707,WHITNEY AV,707-N,,WORTH AVENUE,10,Feet,N,1,Clear,1,Daylight,1,Dry,17100,"Trafficway, On Road",8/4/22 15:42
4145,959745,1,41.37815,-72.90531,3456885,8/4/22,16:21:00,O,Property Damage Only,O,No Apparent Injury (O),2,State,0.18,15,15-S,15-S-122,,Exit 61 Entrance Ramp,1,Feet,N,1,Clear,1,Daylight,1,Dry,58000,"Trafficway, On Road",8/4/22 16:21
4146,959775,1,41.37809,-72.90534,3456915,8/4/22,18:17:00,O,Property Damage Only,O,No Apparent Injury (O),2,State,0.18,15,15-S,15-S-122,,Exit 61 Entrance Ramp,1,Feet,N,1,Clear,1,Daylight,1,Dry,58000,"Trafficway, On Road",8/4/22 18:17
7722,974796,1,41.34194,-72.92586,3470959,8/5/22,0:13:00,A,"Injury of any type (Serious, Minor, Possible)",A,Suspected Serious Injury (A),3,Local,0.13,385,NEWHALL ST,NEWHALL ST,,Augur St.,45,Feet,N,1,Clear,4,Dark-Lighted,1,Dry,,"Trafficway, On Road",8/5/22 0:13
5720,962048,1,41.35747,-72.910289,3459188,8/5/22,10:37:00,A,"Injury of any type (Serious, Minor, Possible)",B,Suspected Minor Injury (B),1,Local,0.01,19,ATHOL PL,ATHOL PL,,707-N,50,Feet,W,1,Clear,1,Daylight,1,Dry,,"Trafficway, On Road",8/5/22 10:37
8810,959930,1,41.374704,-72.916462,3457070,8/5/22,12:02:00,O,Property Damage Only,O,No Apparent Injury (O),2,Local,0.03,495,SKIFF ST EXT,SKIFF ST EXT,,DIXWELL AVE. ,50,Feet,W,1,Clear,1,Daylight,1,Dry,,"Trafficway, On Road",8/5/22 12:02
8754,959931,1,41.37161,-72.90753,3457071,8/5/22,12:46:00,O,Property Damage Only,O,No Apparent Injury (O),2,Local,0.07,494,SKIFF ST,SKIFF ST,,Dixwell Avenue ,0.5,TenthsofMile,E,1,Clear,1,Daylight,1,Dry,,"Trafficway, On Road",8/5/22 12:46
1756,962968,1,41.3389,-72.93527,3460107,8/5/22,15:59:00,A,"Injury of any type (Serious, Minor, Possible)",B,Suspected Minor Injury (B),2,State,5.22,10,CT-10,10-N,,Arch,300,Feet,N,1,Clear,1,Daylight,1,Dry,21200,"Trafficway, On Road",8/5/22 15:59
77,962049,1,41.36438,-72.92283,3459189,8/5/22,18:35:00,O,Property Damage Only,O,No Apparent Injury (O),2,State,7.11,10,CT-10,10-N,WEYBOSSET ST,,,,,1,Clear,1,Daylight,1,Dry,38500,"Trafficway, On Road",8/5/22 18:35
1755,962050,1,41.33855,-72.93523,3459190,8/5/22,23:45:00,O,Property Damage Only,O,No Apparent Injury (O),2,State,5.2,10,CT-10,10-N,,Arch St,5,Feet,N,1,Clear,4,Dark-Lighted,1,Dry,21200,"Trafficway, On Road",8/5/22 23:45
2614,960841,1,41.33829,-72.94112,3457981,8/6/22,0:17:00,A,"Injury of any type (Serious, Minor, Possible)",C,Possible Injury (C),2,State,4.88,10,CT-10,10-N,ARCH ST,,,,,1,Clear,4,Dark-Lighted,1,Dry,10700,"Trafficway, On Road",8/6/22 0:17
4875,959932,1,41.38339,-72.90185,3457072,8/6/22,13:38:00,A,"Injury of any type (Serious, Minor, Possible)",B,Suspected Minor Injury (B),2,State,3.62,707,WHITNEY AV,707-N,717-E,,,,,1,Clear,1,Daylight,1,Dry,17100,"Trafficway, On Road",8/6/22 13:38
4990,963796,1,41.3433,-72.91188,3460935,8/6/22,21:37:00,O,Property Damage Only,O,No Apparent Injury (O),2,State,0.77,707,WHITNEY AV,707-N,ELI RD,,,,,1,Clear,4,Dark-Lighted,1,Dry,14400,"Trafficway, On Road",8/6/22 21:37
9153,962051,1,41.420346,-72.926078,3459191,8/7/22,12:58:00,A,"Injury of any type (Serious, Minor, Possible)",C,Possible Injury (C),2,Local,1.62,655,WEST WOODS RD,WEST WOODS RD NO 2,PARADISE AV NO 1,,,,,1,Clear,1,Daylight,1,Dry,,"Trafficway, On Road",8/7/22 12:58
3109,963098,1,41.364418,-72.928346,3460237,8/7/22,19:16:00,O,Property Damage Only,O,No Apparent Injury (O),1,State,49.85,15,15-N,15-N,,Exit 60,1.299999952,TenthsofMile,S,1,Clear,1,Daylight,1,Dry,79100,"Trafficway, On Road",8/7/22 19:16
6970,974797,1,41.335099,-72.926847,3470960,8/8/22,12:48:00,O,Property Damage Only,O,No Apparent Injury (O),2,Local,0.36,222,GOODRICH ST,GOODRICH ST,NEWHALL ST,,,,,1,Clear,1,Daylight,1,Dry,,"Trafficway, On Road",8/8/22 12:48
401,965713,1,41.356435,-72.927766,3462850,8/8/22,14:05:00,A,"Injury of any type (Serious, Minor, Possible)",B,Suspected Minor Injury (B),3,State,6.5,10,CT-10,10-N,,Homestead Ave,100,Feet,S,2,Cloudy,1,Daylight,1,Dry,27800,"Trafficway, On Road",8/8/22 14:05
1759,966198,1,41.34233,-72.93474,3463335,8/8/22,14:18:00,O,Property Damage Only,O,No Apparent Injury (O),1,State,5.46,10,CT-10,10-N,,Hamden Park Dr,50,Feet,S,1,Clear,1,Daylight,1,Dry,21200,"Trafficway, Not on Road",8/8/22 14:18
7431,963206,1,41.33938,-72.92492,3460345,8/9/22,8:07:00,O,Property Damage Only,O,No Apparent Injury (O),2,Local,0.61,365,MILL ROCK RD,MILL ROCK RD,,WINCHESTER AVENUE,50,Feet,W,1,Clear,97,Other,1,Dry,,"Trafficway, On Road",8/9/22 8:07
8622,963207,1,41.3907,-72.92,3460346,8/9/22,10:15:00,O,Property Damage Only,O,No Apparent Injury (O),2,,,,SHERMAN AV,SHERMAN AVE,,Sherman Ave.,147,Feet,N,1,Clear,1,Daylight,1,Dry,,Non-trafficway,8/9/22 10:15
8610,962038,1,41.412719,-72.90596,3459178,8/9/22,12:04:00,A,"Injury of any type (Serious, Minor, Possible)",C,Possible Injury (C),1,Local,1.9,491,SHERMAN AV,SHERMAN AV NO 1,,WHITNEY AVENUE,2,TenthsofMile,W,1,Clear,1,Daylight,1,Dry,,"Trafficway, Not on Road",8/9/22 12:04