,CrashId,Fatal Case Status,lat,lon,DOT Case Number,Date Of Crash,Time of Crash,Crash Severity,Crash Severity Text Format,Most Severe Injury,Most Severe Injury Text Format,Number Of Motor Vehicles,Route Class Text Format,Milemarker,Road Number,Road Description,Roadway Name,Intersecting Roadway Name,Landmark Description,Distance From Nearest Landmark,Unit Of Measure From Nearest Landmark,Direction From Nearest Landmark,Weather Condition,Weather Condition Text Format,Light Condition,Light Condition Text Format,Road Surface Condition,Road Surface Condition Text Format,Average Daily Traffic,Trafficway Class Text Format,full_date
398,962039,1,41.358803,-72.926049,3459179,8/10/22,8:56:00,O,Property Damage Only,O,No Apparent Injury (O),2,State,6.69,10,CT-10,10-N,,Mather Street,50,Feet,S,1,Clear,1,Daylight,1,Dry,27800,"Trafficway, On Road",8/10/22 8:56
1024,963221,1,41.346275,-72.93386,3460360,8/10/22,10:45:00,O,Property Damage Only,O,No Apparent Injury (O),2,State,5.74,10,CT-10,10-N,CIRCULAR AVE,,,,,1,Clear,1,Daylight,1,Dry,24800,"Trafficway, On Road",8/10/22 10:45
8129,963208,1,41.344587,-72.930426,3460347,8/10/22,16:17:00,O,Property Damage Only,O,No Apparent Injury (O),2,Local,0.97,439,PUTNAM AV,PUTNAM AV,,gallaher st,25,Feet,S,1,Clear,1,Daylight,1,Dry,,"Trafficway, On Road",8/10/22 16:17
2134,963241,1,41.38843,-72.899991,3460380,8/10/22,17:08:00,A,"Injury of any type (Serious, Minor, Possible)",B,Suspected Minor Injury (B),2,State,9.34,10,CT-10,10-N,LINCOLN ST,,,,,1,Clear,1,Daylight,1,Dry,17100,"Trafficway, On Road",8/10/22 17:08
3418,961066,1,41.365592,-72.924416,3458206,8/10/22,17:57:00,O,Property Damage Only,O,No Apparent Injury (O),2,State,0.07,15,15-N,15-N-220,,15-N,100,Feet,E,1,Clear,1,Daylight,1,Dry,53100,"Trafficway, On Road",8/10/22 17:57
8540,963209,1,41.377015,-72.915925,3460348,8/10/22,17:57:00,A,"Injury of any type (Serious, Minor, Possible)",C,Possible Injury (C),2,Local,0.04,489,SHEPARD AV,SHEPARD AV,,DIXWELL AVE,100,Feet,W,1,Clear,1,Daylight,1,Dry,,"Trafficway, On Road",8/10/22 17:57
1627,964219,1,41.369369,-72.919122,3461358,8/11/22,9:14:00,O,Property Damage Only,O,No Apparent Injury (O),2,State,7.5,10,CT-10,10-N,,Connolly Pkwy,1,TenthsofMile,N,1,Clear,1,Daylight,1,Dry,22100,"Trafficway, On Road",8/11/22 9:14
78,964220,1,41.36349,-72.92344,3461359,8/11/22,11:21:00,O,Property Damage Only,O,No Apparent Injury (O),2,State,7.04,10,CT-10,10-N,,PALMER AVE,80,Feet,S,1,Clear,1,Daylight,1,Dry,38500,"Trafficway, On Road",8/11/22 11:21
3111,964985,1,41.364827,-72.927576,3462122,8/11/22,11:47:00,O,Property Damage Only,O,No Apparent Injury (O),2,State,49.9,15,15-N,15-N,,15-N-220,1,TenthsofMile,S,1,Clear,1,Daylight,1,Dry,79100,"Trafficway, On Road",8/11/22 11:47
4104,964986,1,41.36606,-72.92412,3462123,8/11/22,11:47:00,A,"Injury of any type (Serious, Minor, Possible)",C,Possible Injury (C),2,State,0.16,15,15-S,15-S-118,,15-S,1,TenthsofMile,N,1,Clear,1,Daylight,1,Dry,58000,"Trafficway, On Road",8/11/22 11:47
3112,964987,1,41.361324,-72.933741,3462124,8/11/22,15:03:00,A,"Injury of any type (Serious, Minor, Possible)",C,Possible Injury (C),2,State,49.5,15,15-N,15-N,,Exit 60,5,TenthsofMile,S,1,Clear,1,Daylight,1,Dry,79100,"Trafficway, On Road",8/11/22 15:03
4682,963210,1,41.332959,-72.900576,3460349,8/11/22,15:59:00,O,Property Damage Only,O,No Apparent Injury (O),3,USRoute,1.38,5,US-5,5-N,,COOK STREET ,50,Feet,N,1,Clear,1,Daylight,1,Dry,14500,"Trafficway, On Road",8/11/22 15:59
399,962618,1,41.35425,-72.92957,3459758,8/11/22,19:20:00,A,"Injury of any type (Serious, Minor, Possible)",B,Suspected Minor Injury (B),2,State,6.33,10,CT-10,10-N,,Treadwell Street,20,Feet,N,1,Clear,3,Dusk,1,Dry,27800,"Trafficway, On Road",8/11/22 19:20
1760,969711,1,41.339843,-72.935185,3465874,8/11/22,20:40:00,A,"Injury of any type (Serious, Minor, Possible)",B,Suspected Minor Injury (B),2,State,5.29,10,CT-10,10-N,,Pine Street,50,Feet,N,1,Clear,4,Dark-Lighted,1,Dry,21200,"Trafficway, On Road",8/11/22 20:40
4989,963122,1,41.346024,-72.912455,3460261,8/11/22,20:42:00,O,Property Damage Only,O,No Apparent Injury (O),2,State,0.94,707,WHITNEY AV,707-N,PUTNAM AV,,,,,1,Clear,4,Dark-Lighted,1,Dry,14400,"Trafficway, On Road",8/11/22 20:42
5441,972847,1,41.383089,-72.898459,3469010,8/12/22,6:51:00,A,"Injury of any type (Serious, Minor, Possible)",C,Possible Injury (C),2,State,0.18,717,DIXWELL AV,717-E,,Washington Avenue,150,Feet,E,1,Clear,1,Daylight,1,Dry,18900,"Trafficway, On Road",8/12/22 6:51
7401,964221,1,41.357679,-72.922444,3461360,8/12/22,11:54:00,O,Property Damage Only,O,No Apparent Injury (O),2,Local,0.82,352,MATHER ST,MATHER ST,,WAITE ST,1,TenthsofMile,W,1,Clear,1,Daylight,1,Dry,,"Trafficway, On Road",8/12/22 11:54
8226,963457,1,41.3482,-72.90178,3460596,8/12/22,15:16:00,A,"Injury of any type (Serious, Minor, Possible)",B,Suspected Minor Injury (B),1,Local,0.91,452,RIDGE RD,RIDGE RD,,Pickwick Rd,8,Feet,S,1,Clear,1,Daylight,1,Dry,,"Trafficway, On Road",8/12/22 15:16
3937,964089,1,41.37821,-72.90531,3461228,8/13/22,11:34:00,O,Property Damage Only,O,No Apparent Injury (O),2,State,51.47,15,15-S,15-S,,Route 15 S,10,Feet,N,1,Clear,1,Daylight,1,Dry,69900,"Trafficway, On Road",8/13/22 11:34
400,963178,1,41.3546,-72.9293,3460317,8/13/22,12:46:00,O,Property Damage Only,O,No Apparent Injury (O),2,State,6.35,10,CT-10,10-N,,CUMLEY STREET,10,Feet,N,1,Clear,1,Daylight,1,Dry,27800,"Trafficway, On Road",8/13/22 12:46
3177,961710,1,41.38339566,-72.89646965,3458850,8/13/22,16:50:00,O,Property Damage Only,O,No Apparent Injury (O),2,State,52.05,15,15-N,15-N,,15-N-127,1,TenthsofMile,S,1,Clear,1,Daylight,1,Dry,73500,"Trafficway, On Road",8/13/22 16:50
7033,963458,1,41.357115,-72.926466,3460597,8/13/22,21:16:00,A,"Injury of any type (Serious, Minor, Possible)",B,Suspected Minor Injury (B),2,Local,0.03,233,HAIG ST,HAIG ST,,Dixwell Avenue ,100,Feet,E,1,Clear,4,Dark-Lighted,1,Dry,,"Trafficway, On Road",8/13/22 21:16
8939,963179,1,41.430733,-72.901627,3460318,8/14/22,2:12:00,O,Property Damage Only,O,No Apparent Injury (O),1,Local,0.3,530,TUTTLE AV,TUTTLE AV NO 1,,Dunn Rd,2,TenthsofMile,E,1,Clear,5,Dark-Not Lighted,1,Dry,,"Trafficway, On Road",8/14/22 2:12
5553,963180,1,41.37473,-72.916272,3460319,8/14/22,8:04:00,O,Property Damage Only,O,No Apparent Injury (O),2,State,0.16,753,CT-10,753-S,,SKIFF ST,30,Feet,N,1,Clear,1,Daylight,1,Dry,15800,"Trafficway, On Road",8/14/22 8:04
6363,963940,1,41.340078,-72.903291,3461079,8/14/22,14:28:00,O,Property Damage Only,O,No Apparent Injury (O),2,Local,0.27,128,DAVIS ST,DAVIS ST,,Davis St,200,Feet,S,1,Clear,1,Daylight,8,"Mud, Dirt, Gravel",,"Trafficway, On Road",8/14/22 14:28
7216,965027,1,41.35692,-72.92808,3462164,8/14/22,21:04:00,O,Property Damage Only,O,No Apparent Injury (O),2,Local,0.03,271,HOMESTEAD AV,HOMESTEAD AV,,Dixwell Ave,127,Feet,W,1,Clear,4,Dark-Lighted,1,Dry,,"Trafficway, On Road",8/14/22 21:04
3113,966008,1,41.361502,-72.933358,3463145,8/15/22,0:41:00,A,"Injury of any type (Serious, Minor, Possible)",C,Possible Injury (C),1,State,49.52,15,15-N,15-N,,15-N-220,5,TenthsofMile,S,1,Clear,5,Dark-Not Lighted,1,Dry,79100,"Trafficway, On Road",8/15/22 0:41
4549,964222,1,41.40354,-72.89565,3461361,8/15/22,14:07:00,O,Property Damage Only,O,No Apparent Injury (O),2,State,0.14,22,CT-22,22-E,NEW RD,,,,,1,Clear,1,Daylight,1,Dry,5600,"Trafficway, On Road",8/15/22 14:07
6865,963459,1,41.35696,-72.94145,3460598,8/15/22,15:46:00,O,Property Damage Only,O,No Apparent Injury (O),1,Local,0.22,212,GILBERT AV,GILBERT AV,PINE ROCK AV NO 1,,,,,1,Clear,1,Daylight,1,Dry,,"Trafficway, On Road",8/15/22 15:46
7261,962619,1,41.34518,-72.91229,3459759,8/15/22,17:42:00,O,Property Damage Only,O,No Apparent Injury (O),2,Local,0.09,305,LAKE RD,LAKE RD,,Putnam Avenue,300,Feet,S,1,Clear,99,Unknown,1,Dry,,"Trafficway, On Road",8/15/22 17:42
1451,969763,1,41.35255,-72.93059,3465926,8/15/22,18:19:00,O,Property Damage Only,O,No Apparent Injury (O),2,State,6.2,10,CT-10,10-N,,Church St,100,Feet,S,1,Clear,1,Daylight,1,Dry,22700,"Trafficway, On Road",8/15/22 18:19
1897,963181,1,41.422261,-72.905312,3460320,8/16/22,10:28:00,O,Property Damage Only,O,No Apparent Injury (O),2,State,11.77,10,CT-10,10-N,,MT CARMEL AVE,1,TenthsofMile,S,1,Clear,1,Daylight,1,Dry,19300,"Trafficway, On Road",8/16/22 10:28
313,962620,1,41.36026,-72.925111,3459760,8/16/22,12:04:00,O,Property Damage Only,O,No Apparent Injury (O),2,State,6.8,10,CT-10,10-N,,Lee Street,70,Feet,S,1,Clear,1,Daylight,1,Dry,32000,"Trafficway, On Road",8/16/22 12:04
5740,962594,1,41.342,-72.92434,3459734,8/16/22,18:46:00,O,Property Damage Only,O,No Apparent Injury (O),2,Local,0.64,21,AUGUR ST,AUGUR ST,,Farnsworth St,300,Feet,W,1,Clear,1,Daylight,1,Dry,,"Trafficway, On Road",8/16/22 18:46
4773,962595,1,41.353486,-72.891502,3459735,8/17/22,6:29:00,A,"Injury of any type (Serious, Minor, Possible)",A,Suspected Serious Injury (A),1,USRoute,2.89,5,US-5,5-N,,Sebec Street,200,Feet,N,2,Cloudy,1,Daylight,2,Wet,10100,"Trafficway, On Road",8/17/22 6:29
7014,974788,1,41.348746,-72.937836,3470951,8/17/22,12:10:00,O,Property Damage Only,O,No Apparent Injury (O),2,Local,0.33,226,GORHAM AV,GORHAM AV,,LANGER STREET,700,Feet,E,1,Clear,1,Daylight,1,Dry,,"Trafficway, On Road",8/17/22 12:10
3562,962895,1,41.378011,-72.905366,3460034,8/17/22,12:26:00,O,Property Damage Only,O,No Apparent Injury (O),2,State,51.47,15,15-N,15-N,,Exit 61,5,Feet,S,2,Cloudy,1,Daylight,1,Dry,,"Trafficway, On Road",8/17/22 12:26
6110,965028,1,41.354447,-72.935368,3462165,8/18/22,7:19:00,O,Property Damage Only,O,No Apparent Injury (O),2,Local,0.27,97,CHURCH ST,CHURCH ST,Bank St,,,,,1,Clear,1,Daylight,1,Dry,,"Trafficway, On Road",8/18/22 7:19
1562,963182,1,41.34659547,-72.93374361,3460321,8/18/22,12:26:00,O,Property Damage Only,O,No Apparent Injury (O),2,State,5.76,10,CT-10,DIXWELL AV,PUTNAM AV,,,,,1,Clear,1,Daylight,1,Dry,22500,"Trafficway, On Road",8/18/22 12:26
6797,966199,1,41.33965,-72.89758,3463336,8/18/22,13:07:00,O,Property Damage Only,O,No Apparent Injury (O),2,Local,0.29,200,FRANKLIN RD,FRANKLIN RD,,Batti Rd,75,Feet,N,1,Clear,1,Daylight,1,Dry,,"Trafficway, Not on Road",8/18/22 13:07
3110,963734,1,41.34848549,-72.96615995,3460873,8/18/22,16:31:00,O,Property Damage Only,O,No Apparent Injury (O),1,State,47.55,15,15-N,15-N,,Exit 60,10,TenthsofMile,S,4,Rain,1,Daylight,2,Wet,79100,"Trafficway, On Road",8/18/22 16:31
6241,965714,1,41.359577,-72.936901,3462851,8/18/22,17:01:00,O,Property Damage Only,O,No Apparent Injury (O),2,Local,0.46,99,CIRCULAR AV,CIRCULAR AV,ARENTS RD,,,,,1,Clear,1,Daylight,1,Dry,,"Trafficway, On Road",8/18/22 17:01
6968,966200,1,41.335396,-72.930352,3463337,8/18/22,18:51:00,O,Property Damage Only,O,No Apparent Injury (O),2,Local,0.54,222,GOODRICH ST,GOODRICH ST,SHELTON AV,,,,,1,Clear,1,Daylight,2,Wet,,"Trafficway, On Road",8/18/22 18:51
2115,965029,1,41.38302,-72.90749,3462166,8/18/22,20:10:00,O,Property Damage Only,O,No Apparent Injury (O),2,State,8.69,10,CT-10,10-N,,Evergreen ,150,Feet,S,1,Clear,4,Dark-Lighted,1,Dry,17200,"Trafficway, On Road",8/18/22 20:10
4147,963927,1,41.37829,-72.905318,3461066,8/19/22,8:39:00,O,Property Damage Only,O,No Apparent Injury (O),2,State,0.17,15,15-S,15-S-122,15-S,,,,,1,Clear,1,Daylight,1,Dry,58000,"Trafficway, On Road",8/19/22 8:39
7957,963744,1,41.344715,-72.945704,3460883,8/19/22,9:38:00,O,Property Damage Only,O,No Apparent Injury (O),2,Local,0.58,664,PINE ROCK AV,PINE ROCK AV NO 2,,Welch Street,130,Feet,S,1,Clear,1,Daylight,1,Dry,,"Trafficway, On Road",8/19/22 9:38
613,963460,1,41.420402,-72.904414,3460599,8/19/22,14:01:00,O,Property Damage Only,O,No Apparent Injury (O),2,State,11.64,10,CT-10,10-N,,Mt. Carmel Ave.,40,Feet,S,1,Clear,1,Daylight,1,Dry,26100,"Trafficway, On Road",8/19/22 14:01
8130,963461,1,41.34599,-72.91273,3460600,8/19/22,15:45:00,A,"Injury of any type (Serious, Minor, Possible)",A,Suspected Serious Injury (A),2,Local,0.01,439,PUTNAM AV,PUTNAM AV,,707-N,50,Feet,W,1,Clear,1,Daylight,1,Dry,,"Trafficway, On Road",8/19/22 15:45
2031,966131,1,41.42992,-72.90689,3463268,8/19/22,22:37:00,O,Property Damage Only,O,No Apparent Injury (O),2,State,12.3,10,CT-10,10-N,,Tuttle Avenue,1,TenthsofMile,N,1,Clear,4,Dark-Lighted,1,Dry,17800,"Trafficway, On Road",8/19/22 22:37
8844,963462,1,41.443103,-72.913953,3460601,8/20/22,8:50:00,A,"Injury of any type (Serious, Minor, Possible)",B,Suspected Minor Injury (B),1,Local,2.15,507,STILL HILL RD,STILL HILL RD,BROOKSVALE AV,,,,,1,Clear,1,Daylight,1,Dry,,"Trafficway, On Road",8/20/22 8:50
1551,972186,1,41.34776,-72.93317,3468349,8/20/22,9:14:00,A,"Injury of any type (Serious, Minor, Possible)",B,Suspected Minor Injury (B),2,State,5.85,10,CT-10,10-N,,CIRCULAR AVENUE,1,TenthsofMile,N,1,Clear,1,Daylight,1,Dry,22500,"Trafficway, On Road",8/20/22 9:14
5077,963745,1,41.33379,-72.91207,3460884,8/20/22,11:15:00,O,Property Damage Only,O,No Apparent Injury (O),2,State,0.07,707,WHITNEY AV,707-N,,Whitney Ave,5,Feet,E,1,Clear,1,Daylight,1,Dry,14300,"Trafficway, On Road",8/20/22 11:15
3704,963891,1,41.378036,-72.905354,3461030,8/20/22,12:38:00,O,Property Damage Only,O,No Apparent Injury (O),2,State,51.45,15,15-S,15-S,,Exit 61,1,TenthsofMile,S,1,Clear,1,Daylight,1,Dry,73800,"Trafficway, On Road",8/20/22 12:38
1628,964223,1,41.368356,-72.919886,3461362,8/20/22,12:48:00,A,"Injury of any type (Serious, Minor, Possible)",B,Suspected Minor Injury (B),3,State,7.42,10,CT-10,10-N,,CONNOLLY PKWY,1,TenthsofMile,N,1,Clear,1,Daylight,1,Dry,22100,"Trafficway, On Road",8/20/22 12:48
2030,963746,1,41.4371,-72.90892,3460885,8/20/22,15:28:00,O,Property Damage Only,O,No Apparent Injury (O),2,State,12.81,10,CT-10,10-N,,Shepard Ave.,30,Feet,N,1,Clear,1,Daylight,1,Dry,17800,"Trafficway, On Road",8/20/22 15:28
7187,963747,1,41.34213,-72.94882,3460886,8/20/22,16:38:00,O,Property Damage Only,O,No Apparent Injury (O),2,Local,0.18,607,HIGH TOP CIR,HIGH TOP CIR,,MIDHILL DR.,75,Feet,W,1,Clear,1,Daylight,1,Dry,,"Trafficway, On Road",8/20/22 16:38
3377,964662,1,41.36576,-72.92367,3461801,8/20/22,22:25:00,A,"Injury of any type (Serious, Minor, Possible)",B,Suspected Minor Injury (B),1,State,50.11,15,15-N,15-N,,Exit 60,1,TenthsofMile,N,1,Clear,5,Dark-Not Lighted,1,Dry,60700,"Trafficway, On Road",8/20/22 22:25
1758,966132,1,41.340302,-72.935053,3463269,8/21/22,12:31:00,O,Property Damage Only,O,No Apparent Injury (O),2,State,5.32,10,CT-10,10-N,GEORGE ST,,,,,1,Clear,1,Daylight,1,Dry,21200,"Trafficway, On Road",8/21/22 12:31
2291,963748,1,41.38392,-72.901759,3460887,8/21/22,21:21:00,O,Property Damage Only,O,No Apparent Injury (O),2,State,9.02,10,CT-10,10-N,,Dixwell Avenue,190,Feet,N,1,Clear,4,Dark-Lighted,1,Dry,16700,"Trafficway, On Road",8/21/22 21:21
4993,971814,1,41.336806,-72.911485,3467977,8/22/22,17:43:00,O,Property Damage Only,O,No Apparent Injury (O),2,State,0.28,707,WHITNEY AV,707-N,,Armory Street ,100,Feet,N,1,Clear,1,Daylight,1,Dry,14400,"Trafficway, On Road",8/22/22 17:43
6565,966133,1,41.337011,-72.937909,3463270,8/23/22,2:22:00,O,Property Damage Only,O,No Apparent Injury (O),2,Local,0,158,EASTON ST,EASTON ST,,,,,,1,Clear,4,Dark-Lighted,2,Wet,,"Trafficway, On Road",8/23/22 2:22
5980,974789,1,41.33674,-72.937992,3470952,8/23/22,2:24:00,O,Property Damage Only,O,No Apparent Injury (O),2,Local,0.08,52,BOWEN ST,BOWEN ST,WEST EASTON ST,,,,,1,Clear,4,Dark-Lighted,1,Dry,,"Trafficway, On Road",8/23/22 2:24
6880,966087,1,41.34678,-72.94253,3463224,8/23/22,12:04:00,O,Property Damage Only,O,No Apparent Injury (O),2,Local,0.15,217,GLENBROOK AV,GLENBROOK AV,,Woodin St,30,Feet,N,1,Clear,1,Daylight,1,Dry,,"Trafficway, On Road",8/23/22 12:04
1898,968687,1,41.424305,-72.905692,3464850,8/23/22,13:22:00,O,Property Damage Only,O,No Apparent Injury (O),2,State,11.91,10,CT-10,10-N,TODD ST,,,,,1,Clear,1,Daylight,1,Dry,19300,"Trafficway, On Road",8/23/22 13:22
8541,965715,1,41.39131,-72.922605,3462852,8/23/22,14:05:00,O,Property Damage Only,O,No Apparent Injury (O),2,Local,1.12,489,SHEPARD AV,SHEPARD AV,,Sherman Ave,65,Feet,S,1,Clear,1,Daylight,1,Dry,,"Trafficway, On Road",8/23/22 14:05
3938,965338,1,41.37823,-72.90531,3462475,8/23/22,15:23:00,O,Property Damage Only,O,No Apparent Injury (O),2,State,51.47,15,15-S,15-S,,RT 15 S/B,10,Feet,N,1,Clear,1,Daylight,1,Dry,69900,"Trafficway, On Road",8/23/22 15:23
4877,965012,1,41.38314,-72.90201,3462149,8/23/22,16:07:00,O,Property Damage Only,O,No Apparent Injury (O),2,State,3.6,707,WHITNEY AV,707-N,,Dixwell Ave,100,Feet,S,1,Clear,1,Daylight,1,Dry,17100,"Trafficway, On Road",8/23/22 16:07
8542,969713,1,41.409272,-72.922432,3465876,8/23/22,22:30:00,O,Property Damage Only,O,No Apparent Injury (O),1,Local,2.37,489,SHEPARD AV,SHEPARD AV,,Bender Road,300,Feet,S,1,Clear,5,Dark-Not Lighted,2,Wet,,"Trafficway, On Road",8/23/22 22:30
7015,976577,1,41.3486688,-72.9374534,3472740,8/24/22,7:46:00,O,Property Damage Only,O,No Apparent Injury (O),3,Local,0.35,226,GORHAM AV,GORHAM AV,,Circular Ave.,1,TenthsofMile,W,99,Unknown,99,Unknown,1,Dry,,"Trafficway, On Road",8/24/22 7:46
6240,965013,1,41.360779,-72.936836,3462150,8/24/22,13:11:00,O,Property Damage Only,O,No Apparent Injury (O),1,Local,0.36,99,CIRCULAR AV,CIRCULAR AV,,CHERRY HILL ROAD,250,Feet,S,1,Clear,1,Daylight,1,Dry,,"Trafficway, On Road",8/24/22 13:11
4148,965341,1,41.37825,-72.90532,3462478,8/24/22,15:26:00,O,Property Damage Only,O,No Apparent Injury (O),2,State,0.17,15,15-S,15-S-122,,Exit 61 Entrance Ramp,1,Feet,S,1,Clear,1,Daylight,1,Dry,58000,"Trafficway, On Road",8/24/22 15:26
7525,965716,1,41.368664,-72.925575,3462853,8/24/22,19:36:00,O,Property Damage Only,O,No Apparent Injury (O),2,Local,0.35,366,MIX AV,MIX AV,,Kay Vue Drive,50,Feet,S,1,Clear,1,Daylight,1,Dry,,"Trafficway, On Road",8/24/22 19:36
1552,974790,1,41.34718,-72.93342,3470953,8/25/22,13:12:00,O,Property Damage Only,O,No Apparent Injury (O),2,State,5.8,10,CT-10,10-N,,Circular Ave.,100,Feet,N,1,Clear,1,Daylight,1,Dry,22500,"Trafficway, On Road",8/25/22 13:12
6529,969714,1,41.371935,-72.918073,3465877,8/25/22,16:10:00,O,Property Damage Only,O,No Apparent Injury (O),2,,,,DIXWELL AV,DIXWELL AVE,,SKIFF ST,100,Feet,S,1,Clear,1,Daylight,1,Dry,,"Trafficway, On Road",8/25/22 16:10
2137,974035,1,41.388293,-72.900022,3470198,8/25/22,18:27:00,O,Property Damage Only,O,No Apparent Injury (O),3,State,9.34,10,CT-10,10-N,LINCOLN ST,,,,,1,Clear,1,Daylight,1,Dry,17100,"Trafficway, On Road",8/25/22 18:27
8131,965717,1,41.343682,-72.926341,3462854,8/25/22,18:48:00,A,"Injury of any type (Serious, Minor, Possible)",A,Suspected Serious Injury (A),2,Local,0.74,439,PUTNAM AV,PUTNAM AV,NEWHALL ST,,,,,1,Clear,1,Daylight,1,Dry,,"Trafficway, On Road",8/25/22 18:48
738,975015,1,41.414023,-72.902134,3471178,8/26/22,0:22:00,O,Property Damage Only,O,No Apparent Injury (O),2,State,11.18,10,CT-10,10-N,,Sherman Avenue,25,Feet,E,1,Clear,4,Dark-Lighted,1,Dry,25600,"Trafficway, On Road",8/26/22 0:22
2577,965718,1,41.338379,-72.938654,3462855,8/26/22,8:09:00,O,Property Damage Only,O,No Apparent Injury (O),2,State,5.01,10,CT-10,10-N,,Bowen Street,187,Feet,W,1,Clear,1,Daylight,1,Dry,11200,"Trafficway, On Road",8/26/22 8:09
5297,965719,1,41.361351,-72.909243,3462856,8/26/22,9:30:00,O,Property Damage Only,O,No Apparent Injury (O),2,State,2.06,707,WHITNEY AV,707-N,HAVERFORD ST,,,,,1,Clear,1,Daylight,1,Dry,11800,"Trafficway, On Road",8/26/22 9:30
6852,969715,1,41.340388,-72.935335,3465878,8/26/22,15:26:00,O,Property Damage Only,O,No Apparent Injury (O),2,Local,0.19,210,GEORGE ST,GEORGE ST,,Dixwell Avenue,5,Feet,W,1,Clear,1,Daylight,1,Dry,,"Trafficway, On Road",8/26/22 15:26
1631,968688,1,41.37138,-72.917876,3464851,8/26/22,15:30:00,A,"Injury of any type (Serious, Minor, Possible)",C,Possible Injury (C),3,State,7.65,10,CT-10,10-N,,Skiff Street,1,TenthsofMile,S,1,Clear,1,Daylight,1,Dry,22100,"Trafficway, On Road",8/26/22 15:30
8845,968641,1,41.434139,-72.927094,3464804,8/27/22,7:50:00,O,Property Damage Only,O,No Apparent Injury (O),1,Local,1,507,STILL HILL RD,STILL HILL RD,,MIDWOOD COURT,10,Feet,S,1,Clear,1,Daylight,1,Dry,,"Trafficway, On Road",8/27/22 7:50
4994,971815,1,41.339228,-72.912708,3467978,8/27/22,14:18:00,O,Property Damage Only,O,No Apparent Injury (O),2,State,0.46,707,WHITNEY AV,707-N,,Deepwood Dr,30,Feet,S,1,Clear,1,Daylight,1,Dry,14400,"Trafficway, On Road",8/27/22 14:18
4149,966715,1,41.3782,-72.9053,3463852,8/27/22,18:47:00,O,Property Damage Only,O,No Apparent Injury (O),2,State,0.17,15,15-S,15-S-122,,Route 15 south ,10,Feet,N,1,Clear,1,Daylight,1,Dry,58000,"Trafficway, On Road",8/27/22 18:47
2116,968921,1,41.383555,-72.90288,3465084,8/27/22,20:30:00,O,Property Damage Only,O,No Apparent Injury (O),1,State,8.93,10,CT-10,10-N,,Whittney Ave,100,Feet,W,1,Clear,4,Dark-Lighted,1,Dry,17200,"Trafficway, On Road",8/27/22 20:30
8756,965953,1,41.37106,-72.906279,3463090,8/27/22,22:37:00,O,Property Damage Only,O,No Apparent Injury (O),2,Local,0,494,SKIFF ST,SKIFF ST,WHITNEY AVE,,,,,1,Clear,4,Dark-Lighted,1,Dry,,"Trafficway, On Road",8/27/22 22:37
6969,968642,1,41.335077,-72.926691,3464805,8/27/22,23:28:00,O,Property Damage Only,O,No Apparent Injury (O),2,Local,0.35,222,GOODRICH ST,GOODRICH ST,,NEWHALL STREET ,50,Feet,E,1,Clear,4,Dark-Lighted,1,Dry,,"Trafficway, On Road",8/27/22 23:28
2117,979669,1,41.383539,-72.904684,3475832,8/28/22,18:08:00,O,Property Damage Only,O,No Apparent Injury (O),2,State,8.85,10,CT-10,10-N,,old dixwell avenue,25,Feet,E,1,Clear,1,Daylight,1,Dry,17200,"Trafficway, On Road",8/28/22 18:08
7970,971816,1,41.339713,-72.938264,3467979,8/28/22,19:46:00,O,Property Damage Only,O,No Apparent Injury (O),2,Local,0.15,428,PINE ST,PINE ST,DIX ST,,,,,1,Clear,4,Dark-Lighted,1,Dry,,"Trafficway, On Road",8/28/22 19:46
1630,968643,1,41.369607,-72.919088,3464806,8/29/22,12:25:00,O,Property Damage Only,O,No Apparent Injury (O),2,State,7.51,10,CT-10,10-N,,Connolly Pkwy,800,Feet,N,1,Clear,1,Daylight,1,Dry,22100,"Trafficway, On Road",8/29/22 12:25
7134,969716,1,41.398571,-72.908076,3465879,8/29/22,14:51:00,O,Property Damage Only,O,No Apparent Injury (O),2,Local,0.07,648,HEATHER RD,HEATHER RD,,Dest Drive,400,Feet,W,1,Clear,1,Daylight,1,Dry,,"Trafficway, On Road",8/29/22 14:51
6866,971817,1,41.356991,-72.941983,3467980,8/29/22,15:19:00,O,Property Damage Only,O,No Apparent Injury (O),2,Local,0.25,212,GILBERT AV,GILBERT AV,,VALLEY RD,50,Feet,W,1,Clear,1,Daylight,1,Dry,,"Trafficway, On Road",8/29/22 15:19
6645,968644,1,41.390668,-72.904754,3464807,8/29/22,17:11:00,O,Property Damage Only,O,No Apparent Injury (O),1,Local,0.56,174,EVERGREEN AV,EVERGREEN AV,,Jamestown Road,50,Feet,N,1,Clear,1,Daylight,1,Dry,,"Trafficway, Not on Road",8/29/22 17:11
9106,968645,1,41.431127,-72.921367,3464808,8/29/22,17:51:00,A,"Injury of any type (Serious, Minor, Possible)",B,Suspected Minor Injury (B),2,Local,1.11,573,WEST TODD ST,WEST TODD ST,CHATTERTON WAY,,,,,1,Clear,1,Daylight,1,Dry,,"Trafficway, On Road",8/29/22 17:51
196,1003866,1,41.367115,-72.920759,3498064,8/30/22,7:33:00,O,Property Damage Only,O,No Apparent Injury (O),2,State,7.32,10,CT-10,10-N,CONNOLLY PKWY,,,,,1,Clear,1,Daylight,1,Dry,32900,"Trafficway, On Road",8/30/22 7:33
4151,970525,1,41.37823,-72.90532,3466688,8/31/22,7:20:00,O,Property Damage Only,O,No Apparent Injury (O),2,State,0.17,15,15-S,15-S-122,,Entrance Ramp 61,10,Feet,S,1,Clear,1,Daylight,1,Dry,58000,"Trafficway, On Road",8/31/22 7:20