,CrashId,Fatal Case Status,lat,lon,DOT Case Number,Date Of Crash,Time of Crash,Crash Severity,Crash Severity Text Format,Most Severe Injury,Most Severe Injury Text Format,Number Of Motor Vehicles,Route Class Text Format,Milemarker,Road Number,Road Description,Roadway Name,Intersecting Roadway Name,Landmark Description,Distance From Nearest Landmark,Unit Of Measure From Nearest Landmark,Direction From Nearest Landmark,Weather Condition,Weather Condition Text Format,Light Condition,Light Condition Text Format,Road Surface Condition,Road Surface Condition Text Format,Average Daily Traffic,Trafficway Class Text Format,full_date
7013,971818,1,41.34867,-72.93754,3467981,8/31/22,12:32:00,O,Property Damage Only,O,No Apparent Injury (O),2,Local,0.35,226,GORHAM AV,GORHAM AV,,Circular Ave,50,Feet,W,99,Unknown,99,Unknown,99,Unknown,,"Trafficway, On Road",8/31/22 12:32
5746,969717,1,41.38265,-72.93361,3465880,8/31/22,14:12:00,O,Property Damage Only,O,No Apparent Injury (O),2,Local,0.62,678,AUTUMN RIDGE RD,AUTUMN RIDGE RD,PARADISE AV NO 5,,,,,1,Clear,1,Daylight,1,Dry,,"Trafficway, On Road",8/31/22 14:12
4995,972162,1,41.336753,-72.911523,3468325,8/31/22,15:06:00,A,"Injury of any type (Serious, Minor, Possible)",B,Suspected Minor Injury (B),2,State,0.27,707,WHITNEY AV,707-N,,Armory Street,15,Feet,N,1,Clear,1,Daylight,1,Dry,14400,"Trafficway, On Road",8/31/22 15:06
4180,968425,1,41.37943323,-72.90412628,3464588,8/31/22,15:59:00,O,Property Damage Only,O,No Apparent Injury (O),2,State,0.14,15,15-S,15-S-123,,Whitney Ave,265,Feet,W,1,Clear,1,Daylight,1,Dry,54900,"Trafficway, On Road",8/31/22 15:59
732,970607,1,41.406557,-72.899354,3466770,8/31/22,16:12:00,O,Property Damage Only,O,No Apparent Injury (O),2,State,10.65,10,CT-10,10-N,,Home Pl,100,Feet,N,1,Clear,1,Daylight,1,Dry,25600,"Trafficway, On Road",8/31/22 16:12
7679,968646,1,41.338083,-72.925589,3464809,8/31/22,18:26:00,A,"Injury of any type (Serious, Minor, Possible)",B,Suspected Minor Injury (B),2,Local,0.05,383,NEWBURY ST,NEWBURY ST,,NEWHALL ST,150,Feet,W,1,Clear,1,Daylight,1,Dry,,"Trafficway, On Road",8/31/22 18:26
5922,969718,1,41.3628,-72.92407,3465881,8/31/22,20:09:00,O,Property Damage Only,O,No Apparent Injury (O),2,Local,0.01,42,BENHAM ST,BENHAM ST,,DIXWELL AVE,25,Feet,W,1,Clear,4,Dark-Lighted,1,Dry,,"Trafficway, On Road",8/31/22 20:09
79,970642,1,41.36345,-72.92329,3466805,9/1/22,7:26:00,O,Property Damage Only,O,No Apparent Injury (O),2,State,7.04,10,CT-10,10-N,,WHEELER ST,100,Feet,W,1,Clear,1,Daylight,1,Dry,38500,"Trafficway, On Road",9/1/22 7:26
9071,978215,1,41.400157,-72.934443,3474378,9/1/22,12:34:00,O,Property Damage Only,O,No Apparent Injury (O),2,Local,0.63,570,WEST SHEPARD AV,WEST SHEPARD AV,,laurel view drive,250,Feet,E,1,Clear,1,Daylight,1,Dry,,"Trafficway, On Road",9/1/22 12:34
731,969719,1,41.405493,-72.89892,3465882,9/1/22,12:40:00,O,Property Damage Only,O,No Apparent Injury (O),2,State,10.57,10,CT-10,10-N,,woodruff st,70,Feet,N,1,Clear,1,Daylight,1,Dry,25600,"Trafficway, On Road",9/1/22 12:40
4150,969298,1,41.37814,-72.90532,3465461,9/1/22,16:52:00,A,"Injury of any type (Serious, Minor, Possible)",B,Suspected Minor Injury (B),2,State,0.18,15,15-S,15-S-122,,RT 15 X61,5,Feet,S,1,Clear,1,Daylight,1,Dry,58000,"Trafficway, On Road",9/1/22 16:52
6012,968922,1,41.357036,-72.94241,3465085,9/1/22,17:59:00,O,Property Damage Only,O,No Apparent Injury (O),2,Local,0,63,BROOK ST,BROOK ST,,Gilbert Ave,5,Feet,S,1,Clear,1,Daylight,1,Dry,,"Trafficway, On Road",9/1/22 17:59
6515,968923,1,41.338553,-72.935269,3465086,9/2/22,6:53:00,O,Property Damage Only,O,No Apparent Injury (O),2,Local,0.2,142,DIXWELL AV,DIXWELL AV NO 1,MORSE ST,,,,,1,Clear,1,Daylight,1,Dry,,"Trafficway, On Road",9/2/22 6:53
5442,975108,1,41.383141,-72.898862,3471271,9/2/22,9:18:00,O,Property Damage Only,O,No Apparent Injury (O),2,State,0.15,717,DIXWELL AV,717-E,,WASHINGTON AVE,20,Feet,E,1,Clear,1,Daylight,1,Dry,18900,"Trafficway, On Road",9/2/22 9:18
3114,968812,1,41.365339,-72.92634,3464975,9/2/22,11:09:00,O,Property Damage Only,O,No Apparent Injury (O),1,State,49.97,15,15-N,15-N,,15-N-220,10,TenthsofMile,S,1,Clear,1,Daylight,1,Dry,79100,"Trafficway, On Road",9/2/22 11:09
2136,971819,1,41.384677,-72.901435,3467982,9/2/22,11:48:00,A,"Injury of any type (Serious, Minor, Possible)",C,Possible Injury (C),2,State,9.07,10,CT-10,10-N,,SCHOOL ST,65,Feet,N,1,Clear,1,Daylight,1,Dry,17100,"Trafficway, On Road",9/2/22 11:48
5942,976213,1,41.40176,-72.910793,3472376,9/2/22,13:21:00,O,Property Damage Only,O,No Apparent Injury (O),2,Local,0.02,679,BIEHL RD,BIEHL RD,,Read Rd,90,Feet,N,1,Clear,1,Daylight,1,Dry,,"Trafficway, On Road",9/2/22 13:21
7174,976214,1,41.34977,-72.94409,3472377,9/2/22,15:05:00,O,Property Damage Only,O,No Apparent Injury (O),2,Local,0.56,251,HELEN ST,HELEN ST,,PINE ROCK RD,20,Feet,E,1,Clear,1,Daylight,1,Dry,,"Trafficway, On Road",9/2/22 15:05
3115,969325,1,41.360672,-72.935311,3465488,9/2/22,16:52:00,O,Property Damage Only,O,No Apparent Injury (O),2,State,49.4,15,15-N,15-N,,15-N-220,6,TenthsofMile,S,1,Clear,1,Daylight,1,Dry,79100,"Trafficway, On Road",9/2/22 16:52
3726,969330,1,41.382086,-72.898808,3465493,9/2/22,17:59:00,O,Property Damage Only,O,No Apparent Injury (O),2,State,51.93,15,15-S,15-S,,Exit 62,1,TenthsofMile,N,1,Clear,1,Daylight,1,Dry,73500,"Trafficway, On Road",9/2/22 17:59
8757,974769,1,41.374387,-72.915622,3470932,9/3/22,1:49:00,O,Property Damage Only,O,No Apparent Injury (O),2,Local,0.53,494,SKIFF ST,SKIFF ST,,DIXWELL AVE,10,Feet,N,1,Clear,4,Dark-Lighted,1,Dry,,"Trafficway, On Road",9/3/22 1:49
315,971795,1,41.362886,-72.924366,3467958,9/3/22,11:02:00,O,Property Damage Only,O,No Apparent Injury (O),2,State,6.98,10,CT-10,10-N,BENHAM ST,10-N,124,Feet,W,1,Clear,1,Daylight,1,Dry,32000,"Trafficway, On Road",9/3/22 11:02
9182,976517,1,41.350671,-72.935594,3472680,9/3/22,18:21:00,O,Property Damage Only,O,No Apparent Injury (O),2,Local,0.12,581,WILBERT ST,WILBERT ST,,CIRCULAR AVE,15,Feet,W,1,Clear,1,Daylight,1,Dry,,"Trafficway, On Road",9/3/22 18:21
8543,970643,1,41.413296,-72.921614,3466806,9/3/22,22:12:00,A,"Injury of any type (Serious, Minor, Possible)",B,Suspected Minor Injury (B),1,Local,2.67,489,SHEPARD AV,SHEPARD AV,,Eramo Terrace,500,Feet,S,1,Clear,4,Dark-Lighted,1,Dry,,"Trafficway, Not on Road",9/3/22 22:12
8951,971761,1,41.362876,-72.932573,3467924,9/4/22,12:13:00,A,"Injury of any type (Serious, Minor, Possible)",B,Suspected Minor Injury (B),2,Local,0.2,535,VANTAGE RD,VANTAGE RD,,HARRISON DR,10,Feet,S,1,Clear,1,Daylight,1,Dry,,"Trafficway, On Road",9/4/22 12:13
4090,969354,1,41.365849,-72.923089,3465517,9/4/22,13:14:00,O,Property Damage Only,O,No Apparent Injury (O),2,State,50.17,15,15-S,15-S,,Exit 60,150,Feet,S,1,Clear,1,Daylight,1,Dry,60700,"Trafficway, On Road",9/4/22 13:14
4683,969674,1,41.334512,-72.900546,3465837,9/4/22,16:33:00,O,Property Damage Only,O,No Apparent Injury (O),2,USRoute,1.49,5,US-5,5-N,,MERRITT ST.,30,Feet,S,2,Cloudy,1,Daylight,1,Dry,14500,"Trafficway, On Road",9/4/22 16:33
3705,970534,1,41.378057,-72.90534,3466697,9/4/22,17:00:00,O,Property Damage Only,O,No Apparent Injury (O),2,State,51.45,15,15-S,15-S,,Route 15 Southbound,10,Feet,N,1,Clear,1,Daylight,1,Dry,73800,"Trafficway, On Road",9/4/22 17:00
2615,969675,1,41.33829,-72.94107,3465838,9/4/22,19:43:00,A,"Injury of any type (Serious, Minor, Possible)",B,Suspected Minor Injury (B),2,State,4.88,10,CT-10,10-N,ARCH ST,,,,,4,Rain,4,Dark-Lighted,2,Wet,10700,"Trafficway, On Road",9/4/22 19:43
7173,969676,1,41.347722,-72.938294,3465839,9/5/22,9:37:00,O,Property Damage Only,O,No Apparent Injury (O),2,Local,0.23,251,HELEN ST,HELEN ST,,GLEMBY ST.,25,Feet,E,2,Cloudy,1,Daylight,1,Dry,,"Trafficway, On Road",9/5/22 9:37
2368,969677,1,41.396845,-72.897016,3465840,9/5/22,10:29:00,O,Property Damage Only,O,No Apparent Injury (O),2,State,9.96,10,CT-10,10-N,CANNON ST,,,,,2,Cloudy,1,Daylight,1,Dry,14800,"Trafficway, On Road",9/5/22 10:29
3706,970541,1,41.366168,-72.919276,3466704,9/6/22,2:15:00,O,Property Damage Only,O,No Apparent Injury (O),1,State,50.37,15,15-S,15-S,,Exit 60,2,TenthsofMile,N,4,Rain,5,Dark-Not Lighted,2,Wet,73800,"Trafficway, On Road",9/6/22 2:15
737,974770,1,41.406761,-72.899438,3470933,9/6/22,8:02:00,O,Property Damage Only,O,No Apparent Injury (O),2,State,10.67,10,CT-10,10-N,,HOME PL,150,Feet,N,4,Rain,1,Daylight,2,Wet,25600,"Trafficway, On Road",9/6/22 8:02
739,975109,1,41.406777,-72.899437,3471272,9/6/22,8:41:00,O,Property Damage Only,O,No Apparent Injury (O),2,State,10.67,10,CT-10,10-N,,HOME PL,150,Feet,N,4,Rain,1,Daylight,2,Wet,25600,"Trafficway, On Road",9/6/22 8:41
4091,971576,1,41.36587,-72.92297,3467739,9/6/22,11:39:00,O,Property Damage Only,O,No Apparent Injury (O),2,State,50.18,15,15-S,15-S,,"Exit 60, Dixwell Ave, Hamden",50,Feet,S,4,Rain,1,Daylight,2,Wet,60700,"Trafficway, On Road",9/6/22 11:39
3116,970544,1,41.36238,-72.93156,3466707,9/6/22,12:17:00,A,"Injury of any type (Serious, Minor, Possible)",C,Possible Injury (C),2,State,49.63,15,15-N,15-N,,15-N-220,3,TenthsofMile,S,4,Rain,1,Daylight,2,Wet,79100,"Trafficway, On Road",9/6/22 12:17
7940,975085,1,41.3497,-72.9443,3471248,9/6/22,13:55:00,O,Property Damage Only,O,No Apparent Injury (O),2,Local,0.25,429,PINE ROCK AV,PINE ROCK AV NO 1,,HELEN ST,10,Feet,S,4,Rain,1,Daylight,2,Wet,,"Trafficway, On Road",9/6/22 13:55
80,974771,1,41.36505,-72.92235,3470934,9/6/22,14:10:00,O,Property Damage Only,O,No Apparent Injury (O),2,State,7.17,10,CT-10,10-N,,RT 15,50,Feet,N,4,Rain,1,Daylight,2,Wet,38500,"Trafficway, On Road",9/6/22 14:10
314,970121,1,41.35935,-72.92579,3466284,9/6/22,16:28:00,O,Property Damage Only,O,No Apparent Injury (O),2,State,6.73,10,CT-10,10-N,,Mather Street,20,Feet,N,4,Rain,1,Daylight,2,Wet,32000,"Trafficway, On Road",9/6/22 16:28
1940,971748,1,41.40181,-72.89779,3467911,9/6/22,17:03:00,O,Property Damage Only,O,No Apparent Injury (O),2,State,10.3,10,CT-10,10-N,,Dickerman Road,200,Feet,S,4,Rain,1,Daylight,2,Wet,18600,"Trafficway, On Road",9/6/22 17:03
6051,974745,1,41.39774,-72.90349,3470908,9/6/22,22:46:00,O,Property Damage Only,O,No Apparent Injury (O),2,Local,0.01,74,CANNON ST,CANNON ST,,Evergreen Ave,30,Feet,E,1,Clear,4,Dark-Lighted,1,Dry,,"Trafficway, On Road",9/6/22 22:46
734,972848,1,41.405669,-72.899002,3469011,9/7/22,14:57:00,O,Property Damage Only,O,No Apparent Injury (O),2,State,10.58,10,CT-10,10-N,,Woodruff St,100,Feet,N,1,Clear,1,Daylight,1,Dry,25600,"Trafficway, On Road",9/7/22 14:57
7321,970608,1,41.34455,-72.92665,3466771,9/7/22,17:04:00,A,"Injury of any type (Serious, Minor, Possible)",C,Possible Injury (C),1,Local,0.06,317,LEEDER HILL DR,LEEDER HILL DR,,Putnam Ave,300,Feet,N,1,Clear,1,Daylight,1,Dry,,"Trafficway, On Road",9/7/22 17:04
2578,976518,1,41.33842,-72.93759,3472681,9/7/22,19:48:00,O,Property Damage Only,O,No Apparent Injury (O),2,State,5.06,10,CT-10,10-N,,Bowen Street ,100,Feet,E,1,Clear,4,Dark-Lighted,1,Dry,11200,"Trafficway, On Road",9/7/22 19:48
1549,970609,1,41.34839,-72.93276,3466772,9/7/22,22:23:00,O,Property Damage Only,O,No Apparent Injury (O),2,State,5.89,10,CT-10,10-N,SCOTT ST,,,,,1,Clear,4,Dark-Lighted,1,Dry,22500,"Trafficway, On Road",9/7/22 22:23
4878,971762,1,41.380906,-72.902849,3467925,9/8/22,8:29:00,O,Property Damage Only,O,No Apparent Injury (O),2,State,3.45,707,WHITNEY AV,707-N,,WORTH AVE. ,45,Feet,N,1,Clear,1,Daylight,1,Dry,17100,"Trafficway, On Road",9/8/22 8:29
1900,978216,1,41.421272,-72.90479,3474379,9/8/22,19:27:00,O,Property Damage Only,O,No Apparent Injury (O),2,State,11.7,10,CT-10,10-N,,Mt Carmel Rd,200,Feet,N,1,Clear,4,Dark-Lighted,1,Dry,19300,"Trafficway, On Road",9/8/22 19:27
2883,976291,1,41.360651,-72.924938,3472454,9/9/22,6:36:00,O,Property Damage Only,O,No Apparent Injury (O),2,State,6.83,10,CT-10,10-N,,Lee St,70,Feet,N,1,Clear,1,Daylight,1,Dry,,"Trafficway, On Road",9/9/22 6:36
1550,971763,1,41.347765,-72.933243,3467926,9/9/22,9:45:00,O,Property Damage Only,O,No Apparent Injury (O),2,State,5.84,10,CT-10,10-N,,Putnam Ave,500,Feet,N,1,Clear,1,Daylight,1,Dry,22500,"Trafficway, On Road",9/9/22 9:45
1634,973219,1,41.368166,-72.919929,3469382,9/9/22,14:39:00,O,Property Damage Only,O,No Apparent Injury (O),2,State,7.4,10,CT-10,10-N,,Connelly Pkwy,400,Feet,N,1,Clear,1,Daylight,1,Dry,22100,"Trafficway, On Road",9/9/22 14:39
1633,971764,1,41.368665,-72.919701,3467927,9/9/22,15:09:00,O,Property Damage Only,O,No Apparent Injury (O),2,State,7.44,10,CT-10,10-N,,Connolly Pkwy,630,Feet,N,1,Clear,1,Daylight,1,Dry,22100,"Trafficway, On Road",9/9/22 15:09
3399,971643,1,41.380566,-72.900776,3467806,9/9/22,16:05:00,O,Property Damage Only,O,No Apparent Injury (O),2,State,0.22,15,15-N,15-N-125,,15-N,50,Feet,S,1,Clear,1,Daylight,1,Dry,58000,"Trafficway, On Road",9/9/22 16:05
4992,971766,1,41.345761,-72.912381,3467929,9/9/22,16:59:00,O,Property Damage Only,O,No Apparent Injury (O),2,State,0.92,707,WHITNEY AV,707-N,,PUTNAM AVE. ,100,Feet,S,1,Clear,1,Daylight,1,Dry,14400,"Trafficway, On Road",9/9/22 16:59
3400,971658,1,41.380695,-72.900732,3467821,9/9/22,18:48:00,O,Property Damage Only,O,No Apparent Injury (O),2,State,0.23,15,15-N,15-N-125,,Exit 61 entrance ramp,10,Feet,S,1,Clear,1,Daylight,1,Dry,58000,"Trafficway, On Road",9/9/22 18:48
4667,976708,1,41.327926,-72.897681,3472871,9/10/22,5:30:00,O,Property Damage Only,O,No Apparent Injury (O),2,USRoute,0.99,5,US-5,5-N,,ALBERT ST,50,Feet,N,1,Clear,1,Daylight,1,Dry,17500,"Trafficway, On Road",9/10/22 5:30
5927,978217,1,41.36843,-72.95376,3474380,9/10/22,8:05:00,A,"Injury of any type (Serious, Minor, Possible)",C,Possible Injury (C),2,Local,1.6,42,BENHAM ST,BENHAM ST,,Megin Drive,100,Feet,E,1,Clear,99,Unknown,1,Dry,,"Trafficway, On Road",9/10/22 8:05
733,971749,1,41.404293,-72.898571,3467912,9/10/22,11:37:00,O,Property Damage Only,O,No Apparent Injury (O),2,State,10.48,10,CT-10,10-N,,Dickerman St,120,Feet,N,1,Clear,1,Daylight,1,Dry,25600,"Trafficway, On Road",9/10/22 11:37
735,973220,1,41.40719,-72.899553,3469383,9/10/22,20:52:00,O,Property Damage Only,O,No Apparent Injury (O),2,State,10.7,10,CT-10,10-N,,Home PL,286,Feet,N,1,Clear,4,Dark-Lighted,1,Dry,25600,"Trafficway, On Road",9/10/22 20:52
1452,972187,1,41.349887,-72.932141,3468350,9/10/22,21:58:00,O,Property Damage Only,O,No Apparent Injury (O),2,State,6,10,CT-10,10-N,,Collins St,40,Feet,N,1,Clear,4,Dark-Lighted,1,Dry,22700,"Trafficway, On Road",9/10/22 21:58
3939,972884,1,41.37825,-72.90528,3469047,9/11/22,11:00:00,O,Property Damage Only,O,No Apparent Injury (O),2,State,51.47,15,15-S,15-S,,Exit 61,5,Feet,N,1,Clear,1,Daylight,1,Dry,69900,"Trafficway, On Road",9/11/22 11:00
8544,975016,1,41.37673,-72.91557,3471179,9/11/22,12:06:00,O,Property Damage Only,O,No Apparent Injury (O),2,Local,0.01,489,SHEPARD AV,SHEPARD AV,,,,,,1,Clear,1,Daylight,1,Dry,,"Trafficway, On Road",9/11/22 12:06
4550,972163,1,41.403496,-72.895602,3468326,9/11/22,13:54:00,A,"Injury of any type (Serious, Minor, Possible)",C,Possible Injury (C),2,State,0.14,22,CT-22,22-E,NEW RD,,,,,2,Cloudy,1,Daylight,1,Dry,5600,"Trafficway, On Road",9/11/22 13:54
7746,971750,1,41.341895,-72.940884,3467913,9/11/22,17:37:00,O,Property Damage Only,O,No Apparent Injury (O),2,Local,0.02,392,NORTH ST,NORTH ST,,Fairview Avenue,100,Feet,E,1,Clear,1,Daylight,1,Dry,,"Trafficway, On Road",9/11/22 17:37
404,976215,1,41.35767,-72.92688,3472378,9/12/22,8:52:00,O,Property Damage Only,O,No Apparent Injury (O),2,State,6.6,10,CT-10,10-N,,Hillcrest Ave.,56,Feet,S,1,Clear,1,Daylight,1,Dry,27800,"Trafficway, On Road",9/12/22 8:52
1025,974746,1,41.346275,-72.93386,3470909,9/12/22,15:19:00,O,Property Damage Only,O,No Apparent Injury (O),2,State,5.74,10,CT-10,10-N,PUTNAM AV,,,,,1,Clear,1,Daylight,1,Dry,24800,"Trafficway, On Road",9/12/22 15:19
615,974384,1,41.42079,-72.90456,3470547,9/13/22,6:34:00,A,"Injury of any type (Serious, Minor, Possible)",B,Suspected Minor Injury (B),2,State,11.66,10,CT-10,10-N,WEST WOODS RD NO 1,,,,,4,Rain,4,Dark-Lighted,1,Dry,26100,"Trafficway, On Road",9/13/22 6:34
9181,974385,1,41.40538,-72.89894,3470548,9/13/22,8:10:00,O,Property Damage Only,O,No Apparent Injury (O),3,,99062,,WHITNEY AV,WHITNEY AVE,WOODRUFF ST,,,,,2,Cloudy,1,Daylight,2,Wet,,"Trafficway, On Road",9/13/22 8:10
736,974036,1,41.40631,-72.89926,3470199,9/13/22,8:16:00,O,Property Damage Only,O,No Apparent Injury (O),2,State,10.64,10,CT-10,10-N,,,,,,2,Cloudy,1,Daylight,2,Wet,25600,"Trafficway, On Road",9/13/22 8:16
7526,975501,1,41.371473,-72.923628,3471664,9/13/22,9:11:00,O,Property Damage Only,O,No Apparent Injury (O),2,Local,0.57,366,MIX AV,MIX AV,,SKIFF ST,4,TenthsofMile,S,1,Clear,1,Daylight,1,Dry,,"Trafficway, On Road",9/13/22 9:11
5923,973978,1,41.364513,-72.929445,3470141,9/14/22,8:37:00,A,"Injury of any type (Serious, Minor, Possible)",C,Possible Injury (C),2,Local,0.3,42,BENHAM ST,BENHAM ST,MIX AV,,,,,1,Clear,1,Daylight,1,Dry,,"Trafficway, On Road",9/14/22 8:37
3919,976872,1,41.36576,-72.92504,3473035,9/14/22,14:10:00,O,Property Damage Only,O,No Apparent Injury (O),3,State,50.06,15,15-S,15-S,,Exit 60,1,TenthsofMile,S,1,Clear,1,Daylight,1,Dry,70600,"Trafficway, On Road",9/14/22 14:10
4684,973221,1,41.3341,-72.90066,3469384,9/14/22,14:29:00,O,Property Damage Only,O,No Apparent Injury (O),2,USRoute,1.46,5,US-5,5-N,,Merrit Stret,200,Feet,S,1,Clear,1,Daylight,1,Dry,14500,"Trafficway, On Road",9/14/22 14:29
3212,973149,1,41.380175,-72.901616,3469312,9/14/22,15:58:00,O,Property Damage Only,O,No Apparent Injury (O),2,State,51.72,15,15-N,15-N,,Exit 61,0.1,TenthsofMile,N,1,Clear,1,Daylight,1,Dry,72100,"Trafficway, On Road",9/14/22 15:58
1899,972835,1,41.420864,-72.904685,3468998,9/14/22,16:12:00,O,Property Damage Only,O,No Apparent Injury (O),2,State,11.67,10,CT-10,10-N,,WEST WOODS ROAD ,50,Feet,N,1,Clear,1,Daylight,1,Dry,19300,"Trafficway, On Road",9/14/22 16:12
7120,974386,1,41.352557,-72.900624,3470549,9/14/22,18:14:00,O,Property Damage Only,O,No Apparent Injury (O),2,Local,1.04,242,HARTFORD TPK,HARTFORD TPK,WAITE ST,,,,,1,Clear,1,Daylight,1,Dry,,"Trafficway, On Road",9/14/22 18:14
4152,973216,1,41.378239,-72.905287,3469379,9/15/22,7:36:00,O,Property Damage Only,O,No Apparent Injury (O),2,State,0.17,15,15-S,15-S-122,15-S,,,,,1,Clear,1,Daylight,1,Dry,58000,"Trafficway, On Road",9/15/22 7:36
1453,973979,1,41.353055,-72.930374,3470142,9/15/22,13:23:00,O,Property Damage Only,O,No Apparent Injury (O),2,State,6.24,10,CT-10,10-N,,Church St,40,Feet,N,1,Clear,1,Daylight,1,Dry,22700,"Trafficway, On Road",9/15/22 13:23
4153,974650,1,41.378239,-72.905288,3470813,9/15/22,14:50:00,O,Property Damage Only,O,No Apparent Injury (O),2,State,0.17,15,15-S,15-S-122,,15-S,75,Feet,N,1,Clear,1,Daylight,1,Dry,58000,"Trafficway, On Road",9/15/22 14:50
5924,974387,1,41.36283,-72.92415,3470550,9/15/22,16:28:00,O,Property Damage Only,O,No Apparent Injury (O),2,Local,0.02,42,BENHAM ST,BENHAM ST,,Dixwell Avenue,100,Feet,W,1,Clear,1,Daylight,1,Dry,,"Trafficway, On Road",9/15/22 16:28
6516,973980,1,41.33732,-72.935173,3470143,9/16/22,12:07:00,A,"Injury of any type (Serious, Minor, Possible)",C,Possible Injury (C),2,Local,0.13,142,DIXWELL AV,DIXWELL AV NO 1,,Dudley St,50,Feet,N,1,Clear,1,Daylight,1,Dry,,"Trafficway, On Road",9/16/22 12:07
2369,973930,1,41.392711,-72.897406,3470093,9/16/22,15:58:00,O,Property Damage Only,O,No Apparent Injury (O),2,State,9.67,10,CT-10,10-N,FOREST ST,,,,,1,Clear,1,Daylight,1,Dry,14800,"Trafficway, On Road",9/16/22 15:58
9145,973931,1,41.42179,-72.91064,3470094,9/17/22,11:56:00,A,"Injury of any type (Serious, Minor, Possible)",C,Possible Injury (C),2,Local,0.63,575,WEST WOODS RD,WEST WOODS RD NO 1,,KIMBERLY ROAD,1,TenthsofMile,W,1,Clear,1,Daylight,1,Dry,,Non-trafficway,9/17/22 11:56
6708,975017,1,41.343454,-72.941113,3471180,9/17/22,19:57:00,O,Property Damage Only,O,No Apparent Injury (O),2,Local,0.36,176,FAIRVIEW AV,FAIRVIEW AV,,Jones Ave,5,Feet,W,1,Clear,4,Dark-Lighted,1,Dry,,"Trafficway, On Road",9/17/22 19:57
8611,973932,1,41.392595,-72.92042,3470095,9/17/22,23:33:00,O,Property Damage Only,O,No Apparent Injury (O),1,Local,0.17,491,SHERMAN AV,SHERMAN AV NO 1,,Rossotto Drive,300,Feet,S,1,Clear,5,Dark-Not Lighted,1,Dry,,"Trafficway, On Road",9/17/22 23:33
3644,973863,1,41.35907,-72.93958,3470026,9/18/22,14:45:00,A,"Injury of any type (Serious, Minor, Possible)",B,Suspected Minor Injury (B),4,State,49.16,15,15-S,15-S,,X59,10,TenthsofMile,S,1,Clear,1,Daylight,1,Dry,79100,"Trafficway, On Road",9/18/22 14:45
3117,976031,1,41.3653874,-72.9266207,3472194,9/18/22,14:56:00,O,Property Damage Only,O,No Apparent Injury (O),3,State,49.96,15,15-N,15-N,,Exit 60,2,TenthsofMile,S,1,Clear,1,Daylight,1,Dry,79100,"Trafficway, On Road",9/18/22 14:56
6269,973933,1,41.38658,-72.90545,3470096,9/19/22,8:38:00,A,"Injury of any type (Serious, Minor, Possible)",C,Possible Injury (C),2,Local,0.06,107,COLONIAL DR,COLONIAL DR,,EVERGREEN AVENUE,300,Feet,E,1,Clear,1,Daylight,1,Dry,,"Trafficway, On Road",9/19/22 8:38
3649,984170,1,41.34986194,-72.9648324,3480333,9/19/22,13:29:00,O,Property Damage Only,O,No Apparent Injury (O),2,State,47.67,15,15-S,15-S,,15-S-116,10,Feet,N,1,Clear,1,Daylight,1,Dry,79100,"Trafficway, On Road",9/19/22 13:29
9063,978844,1,41.35008,-72.94425,3475007,9/19/22,15:18:00,O,Property Damage Only,O,No Apparent Injury (O),2,Local,0.35,567,WEST HELEN ST,WEST HELEN ST,,Pine Rock avenue,10,Feet,E,1,Clear,1,Daylight,1,Dry,,"Trafficway, On Road",9/19/22 15:18
740,976216,1,41.40481,-72.89876,3472379,9/19/22,17:53:00,O,Property Damage Only,O,No Apparent Injury (O),4,State,10.52,10,CT-10,10-N,,Dickerman St,300,Feet,N,2,Cloudy,1,Daylight,1,Dry,25600,"Trafficway, On Road",9/19/22 17:53
4551,974772,1,41.403574,-72.895701,3470935,9/20/22,12:08:00,O,Property Damage Only,O,No Apparent Injury (O),2,State,0.14,22,CT-22,22-E,NEW RD,,,,,1,Clear,1,Daylight,1,Dry,5600,"Trafficway, On Road",9/20/22 12:08
5555,978218,1,41.376858,-72.915144,3474381,9/20/22,13:00:00,O,Property Damage Only,O,No Apparent Injury (O),2,State,0.01,753,CT-10,753-S,,Shepard Ave.,100,Feet,N,1,Clear,1,Daylight,2,Wet,15800,"Trafficway, On Road",9/20/22 13:00
1761,976163,1,41.344645,-72.934407,3472326,9/20/22,17:03:00,O,Property Damage Only,O,No Apparent Injury (O),2,State,5.6,10,CT-10,10-N,WOODIN ST,,,,,1,Clear,1,Daylight,1,Dry,21200,"Trafficway, On Road",9/20/22 17:03
1941,976519,1,41.403938,-72.898437,3472682,9/20/22,20:57:00,O,Property Damage Only,O,No Apparent Injury (O),2,State,10.45,10,CT-10,10-N,22-E,,,,,1,Clear,4,Dark-Lighted,1,Dry,18600,"Trafficway, On Road",9/20/22 20:57
3118,978363,1,41.36483,-72.92776,3474526,9/21/22,4:06:00,A,"Injury of any type (Serious, Minor, Possible)",C,Possible Injury (C),1,State,49.89,15,15-N,15-N,,15-N-220,0.5,TenthsofMile,S,1,Clear,5,Dark-Not Lighted,1,Dry,79100,"Trafficway, On Road",9/21/22 4:06
3775,976063,1,41.37890676,-72.9038597,3472226,9/21/22,15:26:00,O,Property Damage Only,O,No Apparent Injury (O),2,State,51.59,15,15-S,15-S,,15-S-122,1,TenthsofMile,N,1,Clear,1,Daylight,1,Dry,72100,"Trafficway, On Road",9/21/22 15:26
2417,974932,1,41.446178,-72.9104,3471095,9/21/22,17:34:00,A,"Injury of any type (Serious, Minor, Possible)",C,Possible Injury (C),2,State,13.45,10,CT-10,10-N,WILLOW ST,,,,,1,Clear,1,Daylight,1,Dry,14300,"Trafficway, On Road",9/21/22 17:34