,CrashId,Fatal Case Status,lat,lon,DOT Case Number,Date Of Crash,Time of Crash,Crash Severity,Crash Severity Text Format,Most Severe Injury,Most Severe Injury Text Format,Number Of Motor Vehicles,Route Class Text Format,Milemarker,Road Number,Road Description,Roadway Name,Intersecting Roadway Name,Landmark Description,Distance From Nearest Landmark,Unit Of Measure From Nearest Landmark,Direction From Nearest Landmark,Weather Condition,Weather Condition Text Format,Light Condition,Light Condition Text Format,Road Surface Condition,Road Surface Condition Text Format,Average Daily Traffic,Trafficway Class Text Format,full_date
4092,978365,1,41.36587,-72.92371,3474528,9/22/22,8:26:00,O,Property Damage Only,O,No Apparent Injury (O),1,State,50.14,15,15-S,15-S,,15-S-119,0.600000024,TenthsofMile,S,4,Rain,1,Daylight,2,Wet,60700,"Trafficway, On Road",9/22/22 8:26
1764,978465,1,41.339802,-72.935174,3474628,9/22/22,8:40:00,A,"Injury of any type (Serious, Minor, Possible)",C,Possible Injury (C),2,State,5.28,10,CT-10,10-N,,Pine St.,48,Feet,N,2,Cloudy,1,Daylight,2,Wet,21200,"Trafficway, On Road",9/22/22 8:40
617,976203,1,41.420807,-72.904601,3472366,9/22/22,9:06:00,A,"Injury of any type (Serious, Minor, Possible)",B,Suspected Minor Injury (B),2,State,11.66,10,CT-10,10-N,WEST WOODS RD NO 1,,,,,4,Rain,1,Daylight,2,Wet,26100,"Trafficway, On Road",9/22/22 9:06
3645,976073,1,41.34767601,-72.9673441,3472236,9/22/22,12:26:00,O,Property Damage Only,O,No Apparent Injury (O),2,State,47.47,15,15-S,15-S,,15-S-116,8,TenthsofMile,N,4,Rain,1,Daylight,2,Wet,79100,"Trafficway, On Road",9/22/22 12:26
3646,976074,1,41.34839,-72.96652,3472237,9/22/22,12:58:00,A,"Injury of any type (Serious, Minor, Possible)",C,Possible Injury (C),2,State,47.54,15,15-S,15-S,,15-S-116,8,TenthsofMile,N,4,Rain,1,Daylight,2,Wet,79100,"Trafficway, On Road",9/22/22 12:58
5298,975387,1,41.36218,-72.909123,3471550,9/22/22,14:26:00,O,Property Damage Only,O,No Apparent Injury (O),2,State,2.11,707,WHITNEY AV,707-N,,WOODLAWN ST,15,Feet,W,4,Rain,1,Daylight,2,Wet,11800,"Trafficway, On Road",9/22/22 14:26
1640,985730,1,41.373245,-72.916641,3481893,9/22/22,16:18:00,O,Property Damage Only,O,No Apparent Injury (O),2,State,7.8,10,CT-10,10-N,,Skiff St,500,Feet,S,1,Clear,1,Daylight,1,Dry,22100,"Trafficway, On Road",9/22/22 16:18
6304,990614,1,41.3671,-72.92048,3485807,9/22/22,18:03:00,O,Property Damage Only,O,No Apparent Injury (O),2,Local,0.25,111,CONNOLLY PKWY,CONNOLLY PKWY,,Dixwell Ave,100,Feet,E,1,Clear,4,Dark-Lighted,1,Dry,,"Trafficway, On Road",9/22/22 18:03
8132,976204,1,41.343682,-72.926341,3472367,9/22/22,21:04:00,O,Property Damage Only,O,No Apparent Injury (O),2,Local,0.74,439,PUTNAM AV,PUTNAM AV,LEEDER HILL DR,,,,,1,Clear,4,Dark-Lighted,1,Dry,,"Trafficway, On Road",9/22/22 21:04
7077,976177,1,41.38524,-72.906813,3472340,9/23/22,0:42:00,O,Property Damage Only,O,No Apparent Injury (O),2,Local,0.61,713,HAMDEN HILLS DR,HAMDEN HILLS DR,SCHOOL ST,,,,,1,Clear,4,Dark-Lighted,1,Dry,,"Trafficway, On Road",9/23/22 0:42
4775,976178,1,41.357014,-72.89032,3472341,9/23/22,7:14:00,A,"Injury of any type (Serious, Minor, Possible)",A,Suspected Serious Injury (A),1,USRoute,3.14,5,US-5,5-N,CRAFT ST,,,,,1,Clear,1,Daylight,1,Dry,10100,"Trafficway, On Road",9/23/22 7:14
4624,977113,1,41.403578,-72.89833,3473276,9/23/22,7:54:00,O,Property Damage Only,O,No Apparent Injury (O),2,State,0,40,40-S,40-S-9,10-N,,,,,1,Clear,1,Daylight,1,Dry,14400,"Trafficway, On Road",9/23/22 7:54
6327,981265,1,41.354073,-72.934379,3477428,9/23/22,9:47:00,O,Property Damage Only,O,No Apparent Injury (O),2,Local,0.12,126,DANTE PL,DANTE PL,CHURCH ST,,,,,1,Clear,1,Daylight,1,Dry,,"Trafficway, On Road",9/23/22 9:47
616,976179,1,41.4173,-72.90335,3472342,9/23/22,9:49:00,O,Property Damage Only,O,No Apparent Injury (O),2,State,11.42,10,CT-10,10-N,,Sherman Ave,2,TenthsofMile,N,1,Clear,1,Daylight,1,Dry,26100,"Trafficway, On Road",9/23/22 9:49
8621,978845,1,41.41414,-72.90001,3475008,9/23/22,10:38:00,O,Property Damage Only,O,No Apparent Injury (O),1,Local,0.1,656,SHERMAN AV,SHERMAN AV NO 2,,Whitney Ave,1,TenthsofMile,W,1,Clear,1,Daylight,1,Dry,,"Trafficway, Not on Road",9/23/22 10:38
8227,977442,1,41.35542,-72.90159,3473605,9/23/22,11:42:00,A,"Injury of any type (Serious, Minor, Possible)",C,Possible Injury (C),2,Local,1.45,452,RIDGE RD,RIDGE RD,DESSA DR,,,,,1,Clear,1,Daylight,1,Dry,,"Trafficway, On Road",9/23/22 11:42
316,976180,1,41.36126,-72.92454,3472343,9/23/22,14:39:00,O,Property Damage Only,O,No Apparent Injury (O),2,State,6.88,10,CT-10,10-N,,ROBERT STREET,200,Feet,S,1,Clear,1,Daylight,1,Dry,32000,"Trafficway, On Road",9/23/22 14:39
3776,976118,1,41.379836,-72.902411,3472281,9/23/22,16:13:00,O,Property Damage Only,O,No Apparent Injury (O),2,State,51.7,15,15-S,15-S,,Exit 61,1,TenthsofMile,N,1,Clear,1,Daylight,1,Dry,72100,"Trafficway, On Road",9/23/22 16:13
3016,977114,1,41.374542,-72.915843,3473277,9/23/22,17:03:00,O,Property Damage Only,O,No Apparent Injury (O),2,Local,0,144,CT-10,DIXWELL AV NO 2 RT 10 NB,SKIFF ST,,,,,1,Clear,1,Daylight,1,Dry,,"Trafficway, On Road",9/23/22 17:03
5078,977115,1,41.333812,-72.912153,3473278,9/24/22,11:44:00,O,Property Damage Only,O,No Apparent Injury (O),2,State,0.07,707,WHITNEY AV,707-N,,EAST ROCK ROAD,10,Feet,N,1,Clear,1,Daylight,1,Dry,14300,"Trafficway, On Road",9/24/22 11:44
81,978219,1,41.36442,-72.922667,3474382,9/24/22,13:30:00,O,Property Damage Only,O,No Apparent Injury (O),2,State,7.12,10,CT-10,10-N,,Weybosset St,50,Feet,N,1,Clear,1,Daylight,1,Dry,38500,"Trafficway, On Road",9/24/22 13:30
8890,976082,1,41.366644,-72.911613,3472245,9/24/22,16:24:00,O,Property Damage Only,O,No Apparent Injury (O),3,Local,0.47,521,THORNTON ST,THORNTON ST,,Bedford Avenue,200,Feet,W,1,Clear,1,Daylight,1,Dry,,"Trafficway, On Road",9/24/22 16:24
3708,977999,1,41.366979,-72.917629,3474162,9/25/22,7:56:00,O,Property Damage Only,O,No Apparent Injury (O),1,State,50.48,15,15-S,15-S,,15-S-119,5,TenthsofMile,N,1,Clear,1,Daylight,1,Dry,73800,"Trafficway, On Road",9/25/22 7:56
143,978220,1,41.36578,-72.9223,3474383,9/25/22,12:01:00,O,Property Damage Only,O,No Apparent Injury (O),1,State,7.21,10,CT-10,10-N,,DIXWELL AVENUE ,10,Feet,W,2,Cloudy,1,Daylight,1,Dry,33700,"Trafficway, On Road",9/25/22 12:01
8811,977116,1,41.37484,-72.91651,3473279,9/25/22,17:45:00,O,Property Damage Only,O,No Apparent Injury (O),2,Local,0.04,495,SKIFF ST EXT,SKIFF ST EXT,,Dixwell Ave,100,Feet,W,1,Clear,1,Daylight,1,Dry,,"Trafficway, On Road",9/25/22 17:45
2138,976083,1,41.38467,-72.9015,3472246,9/25/22,19:03:00,A,"Injury of any type (Serious, Minor, Possible)",C,Possible Injury (C),2,State,9.07,10,CT-10,10-N,,,,,,1,Clear,4,Dark-Lighted,1,Dry,17100,"Trafficway, On Road",9/25/22 19:03
6326,976563,1,41.35309,-72.93489,3472726,9/25/22,22:30:00,O,Property Damage Only,O,No Apparent Injury (O),2,Local,0.05,126,DANTE PL,DANTE PL,,Concord Street ,30,Feet,W,4,Rain,4,Dark-Lighted,2,Wet,,"Trafficway, On Road",9/25/22 22:30
9039,976181,1,41.384204,-72.898815,3472344,9/26/22,7:33:00,O,Property Damage Only,O,No Apparent Injury (O),2,Local,0.07,554,WASHINGTON AV,WASHINGTON AV,SCHOOL ST,,,,,1,Clear,1,Daylight,1,Dry,,"Trafficway, On Road",9/26/22 7:33
3015,976564,1,41.374487,-72.915926,3472727,9/26/22,13:02:00,O,Property Damage Only,O,No Apparent Injury (O),2,Local,0,144,CT-10,DIXWELL AV NO 2 RT 10 NB,SKIFF ST,,,,,1,Clear,1,Daylight,1,Dry,,"Trafficway, On Road",9/26/22 13:02
8891,978846,1,41.36639,-72.91393,3475009,9/26/22,13:24:00,O,Property Damage Only,O,No Apparent Injury (O),3,Local,0.35,521,THORNTON ST,THORNTON ST,,GREENWAY STREET,100,Feet,E,1,Clear,1,Daylight,1,Dry,,"Trafficway, On Road",9/26/22 13:24
5554,976565,1,41.374853,-72.916028,3472728,9/26/22,14:12:00,A,"Injury of any type (Serious, Minor, Possible)",B,Suspected Minor Injury (B),2,State,0.15,753,CT-10,753-S,,SKIFF ST. ,50,Feet,N,1,Clear,1,Daylight,1,Dry,15800,"Trafficway, On Road",9/26/22 14:12
3707,976693,1,41.366292,-72.918974,3472856,9/26/22,18:27:00,O,Property Damage Only,O,No Apparent Injury (O),2,State,50.39,15,15-S,15-S,,15-S-119,2,TenthsofMile,N,1,Clear,1,Daylight,1,Dry,73800,"Trafficway, On Road",9/26/22 18:27
2532,977117,1,41.380488,-72.912999,3473280,9/27/22,14:09:00,O,Property Damage Only,O,No Apparent Injury (O),2,State,8.34,10,CT-10,10-N,,Sanford St,200,Feet,S,1,Clear,1,Daylight,1,Dry,11300,"Trafficway, On Road",9/27/22 14:09
2616,978192,1,41.3382852,-72.9410223,3474355,9/27/22,14:32:00,O,Property Damage Only,O,No Apparent Injury (O),2,State,4.88,10,CT-10,10-N,ARCH ST,,,,,1,Clear,1,Daylight,1,Dry,10700,"Trafficway, On Road",9/27/22 14:32
6013,977443,1,41.35266,-72.94547,3473606,9/27/22,14:48:00,A,"Injury of any type (Serious, Minor, Possible)",C,Possible Injury (C),2,Local,0.35,63,BROOK ST,BROOK ST,WEST SIDE DR,,,,,1,Clear,1,Daylight,1,Dry,,"Trafficway, On Road",9/27/22 14:48
2139,977444,1,41.388773,-72.899739,3473607,9/27/22,16:29:00,O,Property Damage Only,O,No Apparent Injury (O),2,State,9.37,10,CT-10,10-N,,Lincoln Street,150,Feet,N,1,Clear,1,Daylight,1,Dry,17100,"Trafficway, On Road",9/27/22 16:29
8133,977118,1,41.343394,-72.926333,3473281,9/27/22,17:40:00,A,"Injury of any type (Serious, Minor, Possible)",B,Suspected Minor Injury (B),2,Local,0.74,439,PUTNAM AV,PUTNAM AV,,Newhall Street,25,Feet,E,1,Clear,1,Daylight,1,Dry,,"Trafficway, On Road",9/27/22 17:40
4174,981574,1,41.37935785,-72.90355583,3477737,9/28/22,10:23:00,O,Property Damage Only,O,No Apparent Injury (O),2,State,0.17,15,15-S,15-S-123,,Exit 59,5,Feet,S,1,Clear,1,Daylight,1,Dry,58000,"Trafficway, On Road",9/28/22 10:23
5925,977445,1,41.36317,-72.924888,3473608,9/28/22,16:31:00,O,Property Damage Only,O,No Apparent Injury (O),2,Local,0.06,42,BENHAM ST,BENHAM ST,HOPE AV,,,,,1,Clear,1,Daylight,1,Dry,,"Trafficway, On Road",9/28/22 16:31
6244,982371,1,41.34654,-72.93413,3478534,9/28/22,17:54:00,A,"Injury of any type (Serious, Minor, Possible)",B,Suspected Minor Injury (B),2,Local,1.36,99,CIRCULAR AV,CIRCULAR AV,HELEN ST,,,,,1,Clear,1,Daylight,1,Dry,,"Trafficway, On Road",9/28/22 17:54
6971,977119,1,41.335528,-72.932158,3473282,9/28/22,21:11:00,O,Property Damage Only,O,No Apparent Injury (O),2,Local,0.64,222,GOODRICH ST,GOODRICH ST,SAINT MARY ST,,,,,1,Clear,4,Dark-Lighted,1,Dry,,"Trafficway, On Road",9/28/22 21:11
9348,979880,1,41.405475,-72.897924,3476043,9/28/22,21:26:00,O,Property Damage Only,O,No Apparent Injury (O),2,Local,0.05,601,WOODRUFF ST,WOODRUFF ST,,Whitney Avenue,100,Feet,W,1,Clear,5,Dark-Not Lighted,1,Dry,,"Trafficway, On Road",9/28/22 21:26
4685,978847,1,41.335895,-72.900629,3475010,9/29/22,7:28:00,O,Property Damage Only,O,No Apparent Injury (O),2,USRoute,1.57,5,US-5,5-N,,State St,100,Feet,W,1,Clear,1,Daylight,1,Dry,14500,"Trafficway, On Road",9/29/22 7:28
5926,978193,1,41.364578,-72.9297,3474356,9/29/22,7:46:00,A,"Injury of any type (Serious, Minor, Possible)",C,Possible Injury (C),2,Local,0.32,42,BENHAM ST,BENHAM ST,,Mix Ave,125,Feet,W,1,Clear,1,Daylight,1,Dry,,"Trafficway, On Road",9/29/22 7:46
3940,979526,1,41.378731,-72.904312,3475689,9/29/22,7:58:00,O,Property Damage Only,O,No Apparent Injury (O),2,State,51.56,15,15-S,15-S,,Exit 61,5,Feet,S,1,Clear,1,Daylight,1,Dry,69900,"Trafficway, On Road",9/29/22 7:58
2617,979670,1,41.338102,-72.941254,3475833,9/29/22,8:02:00,O,Property Damage Only,O,No Apparent Injury (O),2,State,4.86,10,CT-10,10-N,Arch St,,,,,1,Clear,1,Daylight,1,Dry,10700,"Trafficway, On Road",9/29/22 8:02
8846,978194,1,41.43886,-72.91666,3474357,9/29/22,8:35:00,O,Property Damage Only,O,No Apparent Injury (O),2,Local,1.82,507,STILL HILL RD,STILL HILL RD,,RIVER ROAD,1,TenthsofMile,S,1,Clear,1,Daylight,1,Dry,,"Trafficway, On Road",9/29/22 8:35
1762,977120,1,41.33873,-72.93513,3473283,9/29/22,9:15:00,O,Property Damage Only,O,No Apparent Injury (O),2,State,5.21,10,CT-10,10-N,,Morse St,200,Feet,N,1,Clear,1,Daylight,1,Dry,21200,"Trafficway, On Road",9/29/22 9:15
4155,979529,1,41.378123,-72.905308,3475692,9/29/22,9:26:00,O,Property Damage Only,O,No Apparent Injury (O),2,State,0.18,15,15-S,15-S-122,15-S,,,,,1,Clear,1,Daylight,1,Dry,58000,"Trafficway, On Road",9/29/22 9:26
618,978195,1,41.418355,-72.903677,3474358,9/29/22,10:03:00,A,"Injury of any type (Serious, Minor, Possible)",C,Possible Injury (C),2,State,11.49,10,CT-10,10-N,,453-E,885,Feet,S,1,Clear,1,Daylight,1,Dry,26100,"Trafficway, On Road",9/29/22 10:03
7527,977446,1,41.36914,-72.92527,3473609,9/29/22,14:51:00,O,Property Damage Only,O,No Apparent Injury (O),2,Local,0.39,366,MIX AV,MIX AV,,KAY VUE DRIVE ,100,Feet,N,1,Clear,1,Daylight,1,Dry,,"Trafficway, On Road",9/29/22 14:51
4552,977447,1,41.403496,-72.895602,3473610,9/29/22,15:29:00,O,Property Damage Only,O,No Apparent Injury (O),2,State,0.14,22,CT-22,22-E,NEW RD,,,,,1,Clear,1,Daylight,1,Dry,5600,"Trafficway, On Road",9/29/22 15:29
3709,978029,1,41.378039,-72.905354,3474192,9/29/22,19:39:00,O,Property Damage Only,O,No Apparent Injury (O),2,State,51.45,15,15-S,15-S,,X 61,415,Feet,S,1,Clear,5,Dark-Not Lighted,1,Dry,73800,"Trafficway, On Road",9/29/22 19:39
4097,980956,1,41.366348,-72.921778,3477119,9/29/22,19:39:00,O,Property Damage Only,O,No Apparent Injury (O),2,State,0.02,15,15-S,15-S-118,,10-N,50,Feet,W,1,Clear,4,Dark-Lighted,1,Dry,58100,"Trafficway, On Road",9/29/22 19:39
7230,977448,1,41.45261,-72.90988,3473611,9/30/22,7:50:00,A,"Injury of any type (Serious, Minor, Possible)",B,Suspected Minor Injury (B),2,Local,0.06,277,HUNTINGTON CIR,HUNTINGTON CIR,,Whitney Avenue,250,Feet,W,1,Clear,1,Daylight,1,Dry,,"Trafficway, On Road",9/30/22 7:50
3169,979533,1,41.375062,-72.908838,3475696,9/30/22,8:32:00,O,Property Damage Only,O,No Apparent Injury (O),2,State,51.19,15,15-N,15-N,,Exit 61,5,Feet,N,1,Clear,1,Daylight,1,Dry,73800,"Trafficway, On Road",9/30/22 8:32
4879,978196,1,41.383641,-72.901835,3474359,9/30/22,12:48:00,O,Property Damage Only,O,No Apparent Injury (O),2,State,3.62,707,WHITNEY AV,707-N,717-E,,,,,1,Clear,1,Daylight,1,Dry,17100,"Trafficway, On Road",9/30/22 12:48
741,978848,1,41.4054,-72.8994,3475011,9/30/22,13:36:00,A,"Injury of any type (Serious, Minor, Possible)",C,Possible Injury (C),2,State,10.57,10,CT-10,10-N,,Dickerman Street,1,TenthsofMile,N,1,Clear,1,Daylight,1,Dry,25600,"Trafficway, On Road",9/30/22 13:36
1635,978801,1,41.367791,-72.920284,3474964,9/30/22,13:46:00,A,"Injury of any type (Serious, Minor, Possible)",C,Possible Injury (C),2,State,7.37,10,CT-10,10-N,,Colony Parkway,280,Feet,N,1,Clear,1,Daylight,1,Dry,22100,"Trafficway, On Road",9/30/22 13:46
9183,978849,1,41.350677,-72.935624,3475012,9/30/22,15:51:00,O,Property Damage Only,O,No Apparent Injury (O),2,Local,0.12,581,WILBERT ST,WILBERT ST,Circular Ave,,,,,1,Clear,1,Daylight,1,Dry,,"Trafficway, On Road",9/30/22 15:51
1763,978197,1,41.338974,-72.93516,3474360,9/30/22,19:51:00,A,"Injury of any type (Serious, Minor, Possible)",C,Possible Injury (C),2,State,5.23,10,CT-10,10-N,,Arch Street,250,Feet,N,1,Clear,4,Dark-Lighted,1,Dry,21200,"Trafficway, On Road",9/30/22 19:51
4570,979187,1,41.397777,-72.892028,3475350,10/1/22,0:14:00,O,Property Damage Only,O,No Apparent Injury (O),1,State,0.61,22,CT-22,22-E,,Rolling Ridge,500,Feet,N,1,Clear,5,Dark-Not Lighted,1,Dry,4200,"Trafficway, On Road",10/1/22 0:14
6243,981568,1,41.348752,-72.934814,3477731,10/1/22,1:00:00,A,"Injury of any type (Serious, Minor, Possible)",C,Possible Injury (C),2,Local,1.22,99,CIRCULAR AV,CIRCULAR AV,BRADLEY AV,,,,,1,Clear,4,Dark-Lighted,1,Dry,,"Trafficway, On Road",10/1/22 1:00
82,978388,1,41.36435,-72.92284,3474551,10/1/22,10:03:00,O,Property Damage Only,O,No Apparent Injury (O),2,State,7.11,10,CT-10,10-N,WEYBOSSET ST,,,,,4,Rain,1,Daylight,2,Wet,38500,"Trafficway, On Road",10/1/22 10:03
4154,978060,1,41.3781,-72.90533,3474223,10/1/22,15:14:00,O,Property Damage Only,O,No Apparent Injury (O),2,State,0.18,15,15-S,15-S-122,,Route 15 Southbound,20,Feet,N,1,Clear,1,Daylight,1,Dry,58000,"Trafficway, On Road",10/1/22 15:14
3777,978062,1,41.37985,-72.90234,3474225,10/1/22,15:37:00,O,Property Damage Only,O,No Apparent Injury (O),2,State,51.7,15,15-S,15-S,,15-S-123,400,Feet,N,1,Clear,1,Daylight,1,Dry,72100,"Trafficway, On Road",10/1/22 15:37
6972,978177,1,41.335453,-72.93013,3474340,10/1/22,20:02:00,O,Property Damage Only,O,No Apparent Injury (O),1,Local,0.54,222,GOODRICH ST,GOODRICH ST,SHELTON AV,Shelton Ave,3,Feet,W,1,Clear,4,Dark-Lighted,1,Dry,,"Trafficway, On Road",10/1/22 20:02
3401,980216,1,41.380617,-72.90078,3476379,10/2/22,11:19:00,O,Property Damage Only,O,No Apparent Injury (O),2,State,0.22,15,15-N,15-N-125,,Route 15 North ,50,Feet,S,1,Clear,1,Daylight,1,Dry,58000,"Trafficway, On Road",10/2/22 11:19
1636,978802,1,41.368551,-72.919607,3474965,10/2/22,14:33:00,A,"Injury of any type (Serious, Minor, Possible)",C,Possible Injury (C),2,State,7.44,10,CT-10,10-N,,connolly parkway,1,TenthsofMile,N,1,Clear,1,Daylight,1,Dry,22100,"Trafficway, On Road",10/2/22 14:33
8812,979188,1,41.37647,-72.9203,3475351,10/3/22,7:29:00,O,Property Damage Only,O,No Apparent Injury (O),2,Local,0.26,495,SKIFF ST EXT,SKIFF ST EXT,MIX AV,,,,,2,Cloudy,1,Daylight,1,Dry,,"Trafficway, On Road",10/3/22 7:29
4553,978178,1,41.40354,-72.895602,3474341,10/3/22,7:31:00,A,"Injury of any type (Serious, Minor, Possible)",A,Suspected Serious Injury (A),2,State,0.14,22,CT-22,22-E,NEW RD,,,,,1,Clear,1,Daylight,1,Dry,5600,"Trafficway, On Road",10/3/22 7:31
6034,983083,1,41.335008,-72.929097,3479246,10/3/22,15:24:00,O,Property Damage Only,O,No Apparent Injury (O),2,Local,0.1,72,BUTLER ST,BUTLER ST,,Goodrich St,50,Feet,S,1,Clear,1,Daylight,1,Dry,,"Trafficway, On Road",10/3/22 15:24
9042,979189,1,41.36091,-72.91377,3475352,10/3/22,15:25:00,O,Property Damage Only,O,No Apparent Injury (O),2,Local,0.08,559,WEATON ST,WEATON ST,HAWTHORNE AV,,,,,1,Clear,1,Daylight,1,Dry,,"Trafficway, On Road",10/3/22 15:25
4776,978782,1,41.359417,-72.889039,3474945,10/3/22,15:30:00,O,Property Damage Only,O,No Apparent Injury (O),2,USRoute,3.32,5,US-5,5-N,,old street,150,Feet,N,1,Clear,1,Daylight,1,Dry,10100,"Trafficway, On Road",10/3/22 15:30
2140,981094,1,41.385877,-72.901038,3477257,10/3/22,16:09:00,O,Property Damage Only,O,No Apparent Injury (O),2,State,9.16,10,CT-10,10-N,,School Street,500,Feet,N,1,Clear,1,Daylight,1,Dry,17100,"Trafficway, On Road",10/3/22 16:09
7609,979601,1,41.336806,-72.924765,3475764,10/3/22,17:55:00,A,"Injury of any type (Serious, Minor, Possible)",B,Suspected Minor Injury (B),2,Local,0.54,370,MORSE ST,MORSE ST,WINCHESTER AV,,,,,4,Rain,4,Dark-Lighted,2,Wet,,"Trafficway, On Road",10/3/22 17:55
4880,978466,1,41.3801,-72.9027,3474629,10/3/22,22:14:00,O,Property Damage Only,O,No Apparent Injury (O),2,State,3.4,707,WHITNEY AV,707-N,,Worth Avenue,100,Feet,S,4,Rain,5,Dark-Not Lighted,2,Wet,17100,"Trafficway, On Road",10/3/22 22:14
83,978783,1,41.36506,-72.922315,3474946,10/4/22,11:25:00,O,Property Damage Only,O,No Apparent Injury (O),2,State,7.17,10,CT-10,10-N,,15-N-220,25,Feet,S,4,Rain,1,Daylight,2,Wet,38500,"Trafficway, On Road",10/4/22 11:25
1765,978784,1,41.339089,-72.935185,3474947,10/4/22,12:59:00,O,Property Damage Only,O,No Apparent Injury (O),2,State,5.24,10,CT-10,10-N,,Arch Street,305,Feet,S,4,Rain,1,Daylight,2,Wet,21200,"Trafficway, On Road",10/4/22 12:59
4157,980755,1,41.378162,-72.905285,3476918,10/4/22,13:25:00,O,Property Damage Only,O,No Apparent Injury (O),2,State,0.18,15,15-S,15-S-122,,15-S,0.100000001,TenthsofMile,N,4,Rain,1,Daylight,2,Wet,58000,"Trafficway, On Road",10/4/22 13:25
9166,979571,1,41.363642,-72.922836,3475734,10/4/22,18:28:00,O,Property Damage Only,O,No Apparent Injury (O),2,Local,0.02,577,WHEELER ST,WHEELER ST,,Dixwell Avenue,75,Feet,E,4,Rain,4,Dark-Lighted,2,Wet,,"Trafficway, On Road",10/4/22 18:28
6973,979881,1,41.335418,-72.930408,3476044,10/4/22,20:02:00,O,Property Damage Only,O,No Apparent Injury (O),3,Local,0.55,222,GOODRICH ST,GOODRICH ST,,Shelton St,20,Feet,W,4,Rain,4,Dark-Lighted,2,Wet,,"Trafficway, On Road",10/4/22 20:02
746,984511,1,41.413826,-72.902035,3480674,10/5/22,5:07:00,A,"Injury of any type (Serious, Minor, Possible)",B,Suspected Minor Injury (B),3,State,11.17,10,CT-10,10-N,SHERMAN AV NO 2,,,,,4,Rain,4,Dark-Lighted,2,Wet,25600,"Trafficway, On Road",10/5/22 5:07
3647,979553,1,41.365238,-72.926918,3475716,10/5/22,9:46:00,O,Property Damage Only,O,No Apparent Injury (O),1,State,49.96,15,15-S,15-S,,15-S-118,1,TenthsofMile,S,4,Rain,1,Daylight,2,Wet,79100,"Trafficway, On Road",10/5/22 9:46
3402,982119,1,41.380532,-72.900778,3478282,10/5/22,16:28:00,O,Property Damage Only,O,No Apparent Injury (O),2,State,0.22,15,15-N,15-N-125,,15-N,55,Feet,S,4,Rain,1,Daylight,2,Wet,58000,"Trafficway, On Road",10/5/22 16:28
3778,982120,1,41.379702,-72.902605,3478283,10/5/22,16:49:00,O,Property Damage Only,O,No Apparent Injury (O),2,State,51.68,15,15-S,15-S,,Exit 61 Entrance Ramp,1,TenthsofMile,N,4,Rain,1,Daylight,2,Wet,72100,"Trafficway, On Road",10/5/22 16:49
4997,985675,1,41.341258,-72.912861,3481838,10/5/22,17:02:00,O,Property Damage Only,O,No Apparent Injury (O),2,State,0.59,707,WHITNEY AV,707-N,,davis St,100,Feet,N,1,Clear,1,Daylight,1,Dry,14400,"Trafficway, On Road",10/5/22 17:02
3387,979090,1,41.379194,-72.902389,3475253,10/5/22,17:17:00,O,Property Damage Only,O,No Apparent Injury (O),2,State,0.15,15,15-N,15-N-124,,Dixwell Avenue ,300,Feet,N,4,Rain,1,Daylight,2,Wet,58000,"Trafficway, On Road",10/5/22 17:17
4881,981095,1,41.379438,-72.903301,3477258,10/5/22,19:27:00,A,"Injury of any type (Serious, Minor, Possible)",B,Suspected Minor Injury (B),2,State,3.34,707,WHITNEY AV,707-N,,Worth Avenue,500,Feet,S,4,Rain,4,Dark-Lighted,2,Wet,17100,"Trafficway, On Road",10/5/22 19:27
5928,979882,1,41.368412,-72.950155,3476045,10/6/22,7:32:00,O,Property Damage Only,O,No Apparent Injury (O),2,Local,1.42,42,BENHAM ST,BENHAM ST,,Dunbar Hill Rd,100,Feet,E,1,Clear,1,Daylight,1,Dry,,"Trafficway, On Road",10/6/22 7:32
2032,982786,1,41.43848,-72.909683,3478949,10/6/22,7:46:00,O,Property Damage Only,O,No Apparent Injury (O),2,State,12.91,10,CT-10,10-N,RIVER RD NO 2,,,,,1,Clear,1,Daylight,2,Wet,17800,"Trafficway, On Road",10/6/22 7:46
9055,979573,1,41.33209,-72.897523,3475736,10/6/22,7:49:00,O,Property Damage Only,O,No Apparent Injury (O),2,Local,0.23,562,WELTON ST,WELTON ST,,Benton St,130,Feet,N,1,Clear,1,Daylight,1,Dry,,"Trafficway, On Road",10/6/22 7:49
1942,979883,1,41.382904,-72.907787,3476046,10/6/22,11:00:00,O,Property Damage Only,O,No Apparent Injury (O),2,State,8.67,10,CT-10,10-N,EVERGREEN AV,,,,,1,Clear,1,Daylight,1,Dry,18600,"Trafficway, On Road",10/6/22 11:00
405,979884,1,41.355337,-72.92867,3476047,10/6/22,11:21:00,A,"Injury of any type (Serious, Minor, Possible)",C,Possible Injury (C),2,State,6.42,10,CT-10,10-N,,Pershing Street ,60,Feet,N,1,Clear,1,Daylight,1,Dry,27800,"Trafficway, On Road",10/6/22 11:21
144,979885,1,41.366172,-72.92156,3476048,10/6/22,12:47:00,A,"Injury of any type (Serious, Minor, Possible)",C,Possible Injury (C),2,State,7.24,10,CT-10,10-N,,Connolly Pkwy,250,Feet,S,1,Clear,1,Daylight,1,Dry,33700,"Trafficway, On Road",10/6/22 12:47
742,979574,1,41.404592,-72.898672,3475737,10/6/22,16:03:00,O,Property Damage Only,O,No Apparent Injury (O),2,State,10.5,10,CT-10,10-N,,Woodruff St,300,Feet,S,1,Clear,1,Daylight,1,Dry,25600,"Trafficway, On Road",10/6/22 16:03