,CrashId,Fatal Case Status,lat,lon,DOT Case Number,Date Of Crash,Time of Crash,Crash Severity,Crash Severity Text Format,Most Severe Injury,Most Severe Injury Text Format,Number Of Motor Vehicles,Route Class Text Format,Milemarker,Road Number,Road Description,Roadway Name,Intersecting Roadway Name,Landmark Description,Distance From Nearest Landmark,Unit Of Measure From Nearest Landmark,Direction From Nearest Landmark,Weather Condition,Weather Condition Text Format,Light Condition,Light Condition Text Format,Road Surface Condition,Road Surface Condition Text Format,Average Daily Traffic,Trafficway Class Text Format,full_date
1455,979575,1,41.350863,-72.93152,3475738,10/6/22,16:11:00,A,"Injury of any type (Serious, Minor, Possible)",C,Possible Injury (C),2,State,6.08,10,CT-10,10-N,,Beacon St,150,Feet,S,1,Clear,1,Daylight,1,Dry,22700,"Trafficway, On Road",10/6/22 16:11
8612,979576,1,41.39148,-72.922369,3475739,10/6/22,16:38:00,O,Property Damage Only,O,No Apparent Injury (O),1,Local,0.02,491,SHERMAN AV,SHERMAN AV NO 1,,SHEPARD AVE.  ,30,Feet,E,1,Clear,1,Daylight,1,Dry,,"Trafficway, On Road",10/6/22 16:38
3170,980303,1,41.375165,-72.908762,3476466,10/6/22,17:13:00,A,"Injury of any type (Serious, Minor, Possible)",B,Suspected Minor Injury (B),2,State,51.2,15,15-N,15-N,,Exit 60,10,TenthsofMile,N,1,Clear,1,Daylight,1,Dry,73800,"Trafficway, On Road",10/6/22 17:13
4554,980763,1,41.403496,-72.895602,3476926,10/6/22,17:31:00,O,Property Damage Only,O,No Apparent Injury (O),2,State,0.14,22,CT-22,22-E,NEW RD,,,,,1,Clear,1,Daylight,1,Dry,5600,"Trafficway, On Road",10/6/22 17:31
743,979886,1,41.412225,-72.901431,3476049,10/6/22,18:00:00,O,Property Damage Only,O,No Apparent Injury (O),2,State,11.06,10,CT-10,10-N,,Sherman Ave,800,Feet,S,1,Clear,1,Daylight,1,Dry,25600,"Trafficway, On Road",10/6/22 18:00
1767,979887,1,41.338805,-72.935075,3476050,10/6/22,20:36:00,O,Property Damage Only,O,No Apparent Injury (O),2,State,5.22,10,CT-10,10-N,,Morse St,210,Feet,N,1,Clear,5,Dark-Not Lighted,1,Dry,21200,"Trafficway, On Road",10/6/22 20:36
4996,982372,1,41.343369,-72.911929,3478535,10/7/22,7:55:00,A,"Injury of any type (Serious, Minor, Possible)",C,Possible Injury (C),2,State,0.77,707,WHITNEY AV,707-N,ELI RD,,,,,1,Clear,1,Daylight,1,Dry,14400,"Trafficway, On Road",10/7/22 7:55
1637,979888,1,41.37423,-72.91599,3476051,10/7/22,10:29:00,O,Property Damage Only,O,No Apparent Injury (O),2,State,7.87,10,CT-10,10-N,,SKIFF STREET ,20,Feet,S,1,Clear,1,Daylight,1,Dry,22100,"Trafficway, On Road",10/7/22 10:29
8851,981096,1,41.42699,-72.939613,3477259,10/7/22,14:50:00,O,Property Damage Only,O,No Apparent Injury (O),2,Local,0.04,671,SUNWOODS CIR,SUNWOODS CIR,,Russo Drive,200,Feet,W,4,Rain,1,Daylight,2,Wet,,"Trafficway, On Road",10/7/22 14:50
4156,980333,1,41.378198,-72.905276,3476496,10/7/22,19:31:00,O,Property Damage Only,O,No Apparent Injury (O),2,State,0.17,15,15-S,15-S-122,,Route 15,50,TenthsofMile,N,1,Clear,5,Dark-Not Lighted,1,Dry,58000,"Trafficway, On Road",10/7/22 19:31
7883,984486,1,41.354999,-72.961849,3480649,10/7/22,23:03:00,O,Property Damage Only,O,No Apparent Injury (O),3,Local,0.09,424,PERRY RD,PERRY RD,,Wintergreen Ave,500,Feet,E,1,Clear,4,Dark-Lighted,1,Dry,,"Trafficway, On Road",10/7/22 23:03
7959,979889,1,41.344727,-72.945691,3476052,10/8/22,12:07:00,A,"Injury of any type (Serious, Minor, Possible)",C,Possible Injury (C),2,Local,0.58,664,PINE ROCK AV,PINE ROCK AV NO 2,,Welch St,20,Feet,S,1,Clear,1,Daylight,1,Dry,,"Trafficway, On Road",10/8/22 12:07
3946,981157,1,41.39316,-72.87505,3477320,10/8/22,16:11:00,O,Property Damage Only,O,No Apparent Injury (O),2,State,53.38,15,15-S,15-S,,Route 15 South ,5,Feet,W,1,Clear,1,Daylight,1,Dry,68900,"Trafficway, On Road",10/8/22 16:11
317,982335,1,41.36177,-72.92436,3478498,10/8/22,16:37:00,O,Property Damage Only,O,No Apparent Injury (O),2,State,6.92,10,CT-10,10-N,,Robert St,20,Feet,S,1,Clear,1,Daylight,1,Dry,32000,"Trafficway, On Road",10/8/22 16:37
619,979890,1,41.41491,-72.90241,3476053,10/9/22,0:38:00,O,Property Damage Only,O,No Apparent Injury (O),3,State,11.24,10,CT-10,10-N,,Sherman Ave. ,1,TenthsofMile,N,1,Clear,4,Dark-Lighted,1,Dry,26100,"Trafficway, On Road",10/9/22 0:38
620,991025,1,41.419435,-72.904017,3486218,10/9/22,13:09:00,O,Property Damage Only,O,No Apparent Injury (O),2,State,11.57,10,CT-10,10-N,,Mt carmal ave,490,Feet,S,1,Clear,1,Daylight,1,Dry,26100,"Trafficway, On Road",10/9/22 13:09
6086,984487,1,41.36161,-72.9367,3480650,10/9/22,13:25:00,O,Property Damage Only,O,No Apparent Injury (O),2,Local,0.03,93,CHERRY HILL RD,CHERRY HILL RD,ELEANOR ST,Highwood Ave,200,Feet,S,1,Clear,1,Daylight,1,Dry,,"Trafficway, On Road",10/9/22 13:25
406,980665,1,41.35534,-72.92871,3476828,10/9/22,21:18:00,A,"Injury of any type (Serious, Minor, Possible)",C,Possible Injury (C),1,State,6.41,10,CT-10,10-N,,Pershing St,300,Feet,N,1,Clear,4,Dark-Lighted,1,Dry,27800,"Trafficway, On Road",10/9/22 21:18
7649,1003867,1,41.42625,-72.871952,3498065,10/9/22,22:57:00,O,Property Damage Only,O,No Apparent Injury (O),1,Local,0.23,375,MOUNT CARMEL AV,MOUNT CARMEL AV,,chestnut ln,3,TenthsofMile,W,1,Clear,4,Dark-Lighted,1,Dry,,"Trafficway, On Road",10/9/22 22:57
7646,981266,1,41.426311,-72.87103,3477429,10/9/22,23:10:00,O,Property Damage Only,O,No Apparent Injury (O),1,Local,0.28,375,MOUNT CARMEL AV,MOUNT CARMEL AV,,chestnut ln,2,TenthsofMile,W,1,Clear,4,Dark-Lighted,1,Dry,,"Trafficway, On Road",10/9/22 23:10
9020,982705,1,41.34464,-72.93745,3478868,10/10/22,19:22:00,A,"Injury of any type (Serious, Minor, Possible)",C,Possible Injury (C),2,Local,0.19,553,WARREN ST,WARREN ST,FOURTH ST,,,,,1,Clear,5,Dark-Not Lighted,1,Dry,,"Trafficway, On Road",10/10/22 19:22
9339,982336,1,41.34549,-72.93718,3478499,10/11/22,12:13:00,O,Property Damage Only,O,No Apparent Injury (O),2,Local,1.55,598,WOODIN ST,WOODIN ST,,WARREN ST,50,Feet,E,1,Clear,1,Daylight,1,Dry,,"Trafficway, On Road",10/11/22 12:13
3941,983196,1,41.378227,-72.905302,3479359,10/11/22,16:02:00,O,Property Damage Only,O,No Apparent Injury (O),2,State,51.47,15,15-S,15-S,,Route 15 South ,5,Feet,W,1,Clear,1,Daylight,1,Dry,69900,"Trafficway, On Road",10/11/22 16:02
3942,984773,1,41.378254,-72.905296,3480936,10/12/22,7:28:00,O,Property Damage Only,O,No Apparent Injury (O),2,State,51.47,15,15-S,15-S,15-S-122,,,,,1,Clear,1,Daylight,1,Dry,69900,"Trafficway, On Road",10/12/22 7:28
7941,981097,1,41.34862,-72.94491,3477260,10/12/22,7:29:00,O,Property Damage Only,O,No Apparent Injury (O),2,Local,0.16,429,PINE ROCK AV,PINE ROCK AV NO 1,,OBERLIN RD,50,Feet,N,1,Clear,1,Daylight,1,Dry,,"Trafficway, On Road",10/12/22 7:29
1456,982373,1,41.350947,-72.931557,3478536,10/12/22,10:57:00,A,"Injury of any type (Serious, Minor, Possible)",C,Possible Injury (C),2,State,6.08,10,CT-10,10-N,,BEACON ST,140,Feet,S,1,Clear,1,Daylight,1,Dry,22700,"Trafficway, On Road",10/12/22 10:57
408,988674,1,41.358412,-72.926298,3483867,10/12/22,15:31:00,O,Property Damage Only,O,No Apparent Injury (O),2,State,6.66,10,CT-10,10-N,,Mather St,120,Feet,S,1,Clear,1,Daylight,1,Dry,27800,"Trafficway, On Road",10/12/22 15:31
3253,981553,1,41.37815,-72.90531,3477716,10/12/22,16:23:00,O,Property Damage Only,O,No Apparent Injury (O),2,State,51.48,15,15-N,15-N,,"Whitney Ave, Hamden",500,Feet,W,1,Clear,1,Daylight,1,Dry,69900,"Trafficway, On Road",10/12/22 16:23
6710,984488,1,41.34332,-72.94108,3480651,10/12/22,19:51:00,O,Property Damage Only,O,No Apparent Injury (O),2,Local,0.35,176,FAIRVIEW AV,FAIRVIEW AV,SECOND ST,,,,,1,Clear,4,Dark-Lighted,1,Dry,,"Trafficway, On Road",10/12/22 19:51
412,991465,1,41.35907,-72.92576,3486658,10/13/22,5:48:00,A,"Injury of any type (Serious, Minor, Possible)",C,Possible Injury (C),1,State,6.71,10,CT-10,10-N,MATHER ST,Mather,5,Feet,N,1,Clear,5,Dark-Not Lighted,1,Dry,27800,"Trafficway, On Road",10/13/22 5:48
8878,982338,1,41.34336,-72.94823,3478501,10/13/22,14:03:00,O,Property Damage Only,O,No Apparent Injury (O),2,Local,0,519,THOMAS ST,THOMAS ST,,Westerfield Road,50,Feet,W,1,Clear,1,Daylight,1,Dry,,"Trafficway, On Road",10/13/22 14:03
8322,993194,1,41.385108,-72.90603,3488385,10/14/22,0:58:00,O,Property Damage Only,O,No Apparent Injury (O),2,Local,0.04,480,SCHOOL ST,SCHOOL ST,,Evergreen Ave,100,Feet,N,4,Rain,4,Dark-Lighted,2,Wet,,"Trafficway, On Road",10/14/22 0:58
8228,982706,1,41.340008,-72.902756,3478869,10/14/22,8:47:00,O,Property Damage Only,O,No Apparent Injury (O),2,Local,0.34,452,RIDGE RD,RIDGE RD,DAVIS ST,,,,,1,Clear,1,Daylight,2,Wet,,"Trafficway, On Road",10/14/22 8:47
7210,985676,1,41.4225,-72.891749,3481839,10/14/22,11:33:00,O,Property Damage Only,O,No Apparent Injury (O),1,Local,0,268,HOGAN RD,HOGAN RD,,Mt Carmel Ave,75,Feet,S,1,Clear,1,Daylight,1,Dry,,"Trafficway, On Road",10/14/22 11:33
6364,985677,1,41.341536,-72.908031,3481840,10/14/22,15:15:00,O,Property Damage Only,O,No Apparent Injury (O),2,Local,0.55,128,DAVIS ST,DAVIS ST,,Hartford Turnpike,100,Feet,W,1,Clear,1,Daylight,1,Dry,,"Trafficway, On Road",10/14/22 15:15
747,985678,1,41.413826,-72.902035,3481841,10/14/22,15:30:00,O,Property Damage Only,O,No Apparent Injury (O),2,State,11.17,10,CT-10,10-N,SHERMAN AV NO 2,,,,,1,Clear,1,Daylight,1,Dry,25600,"Trafficway, On Road",10/14/22 15:30
3272,983646,1,41.380616,-72.900935,3479809,10/14/22,16:17:00,O,Property Damage Only,O,No Apparent Injury (O),2,State,51.75,15,15-N,15-N,,15-N-125,20,Feet,S,1,Clear,1,Daylight,1,Dry,68500,"Trafficway, On Road",10/14/22 16:17
3648,983647,1,41.349868,-72.964857,3479810,10/14/22,16:27:00,O,Property Damage Only,O,No Apparent Injury (O),2,State,47.67,15,15-S,15-S,,15-S-116,10,TenthsofMile,N,1,Clear,1,Daylight,1,Dry,79100,"Trafficway, On Road",10/14/22 16:27
3727,983649,1,41.381786,-72.899377,3479812,10/14/22,16:41:00,O,Property Damage Only,O,No Apparent Injury (O),2,State,51.9,15,15-S,15-S,,15-S-126,1,TenthsofMile,N,1,Clear,1,Daylight,1,Dry,73500,"Trafficway, On Road",10/14/22 16:41
3650,986250,1,41.349847,-72.964906,3482413,10/14/22,17:39:00,A,"Injury of any type (Serious, Minor, Possible)",C,Possible Injury (C),2,State,47.67,15,15-S,15-S,,Exit 59,10,TenthsofMile,N,1,Clear,1,Daylight,1,Dry,79100,"Trafficway, On Road",10/14/22 17:39
1026,984408,1,41.344921,-72.934144,3480571,10/14/22,17:45:00,O,Property Damage Only,O,No Apparent Injury (O),2,State,5.63,10,CT-10,10-N,,Woodin St,170,Feet,N,1,Clear,1,Daylight,1,Dry,24800,"Trafficway, On Road",10/14/22 17:45
748,985679,1,41.404373,-72.898548,3481842,10/14/22,18:11:00,O,Property Damage Only,O,No Apparent Injury (O),2,State,10.49,10,CT-10,10-N,,Dickerman Street,200,Feet,N,1,Clear,1,Daylight,1,Dry,25600,"Trafficway, On Road",10/14/22 18:11
2418,984409,1,41.450624,-72.909394,3480572,10/14/22,19:20:00,A,"Injury of any type (Serious, Minor, Possible)",B,Suspected Minor Injury (B),2,State,13.76,10,CT-10,10-N,LOVIG LA,,,,,1,Clear,4,Dark-Lighted,1,Dry,14300,"Trafficway, On Road",10/14/22 19:20
6245,985680,1,41.3504,-72.935,3481843,10/14/22,21:51:00,O,Property Damage Only,O,No Apparent Injury (O),2,Local,1.08,99,CIRCULAR AV,CIRCULAR AV,COLLINS ST,,0,,,1,Clear,4,Dark-Lighted,1,Dry,,"Trafficway, On Road",10/14/22 21:51
6566,996445,1,41.337008,-72.935735,3491636,10/15/22,0:11:00,O,Property Damage Only,O,No Apparent Injury (O),2,Local,0.11,158,EASTON ST,EASTON ST,,St. Mary St,130,Feet,W,1,Clear,4,Dark-Lighted,1,Dry,,"Trafficway, On Road",10/15/22 0:11
1943,982298,1,41.38257,-72.90964,3478461,10/15/22,1:25:00,A,"Injury of any type (Serious, Minor, Possible)",B,Suspected Minor Injury (B),2,State,8.58,10,CT-10,10-N,,Thompson St,25,Feet,W,1,Clear,5,Dark-Not Lighted,1,Dry,18600,"Trafficway, On Road",10/15/22 1:25
6646,1003868,1,41.395806,-72.904056,3498066,10/15/22,1:27:00,A,"Injury of any type (Serious, Minor, Possible)",C,Possible Injury (C),1,Local,0.93,174,EVERGREEN AV,EVERGREEN AV,,Cromwell St,90,Feet,N,1,Clear,4,Dark-Lighted,1,Dry,,"Trafficway, On Road",10/15/22 1:27
1638,983026,1,41.370138,-72.918696,3479189,10/15/22,12:08:00,O,Property Damage Only,O,No Apparent Injury (O),2,State,7.56,10,CT-10,10-N,,Skiff Street,3,TenthsofMile,S,1,Clear,1,Daylight,1,Dry,22100,"Trafficway, On Road",10/15/22 12:08
1553,984489,1,41.348153,-72.933008,3480652,10/15/22,13:31:00,O,Property Damage Only,O,No Apparent Injury (O),2,State,5.87,10,CT-10,10-N,,Scott St,20,Feet,S,1,Clear,1,Daylight,1,Dry,22500,"Trafficway, On Road",10/15/22 13:31
5299,984389,1,41.360264,-72.90956,3480552,10/15/22,18:06:00,O,Property Damage Only,O,No Apparent Injury (O),2,State,1.98,707,WHITNEY AV,707-N,,Hawthorne Ave,100,Feet,N,1,Clear,4,Dark-Lighted,1,Dry,11800,"Trafficway, On Road",10/15/22 18:06
1639,984410,1,41.368085,-72.919837,3480573,10/15/22,21:39:00,O,Property Damage Only,O,No Apparent Injury (O),2,State,7.4,10,CT-10,10-N,,,,,,1,Clear,4,Dark-Lighted,1,Dry,22100,"Trafficway, On Road",10/15/22 21:39
9146,982299,1,41.419797,-72.921257,3478462,10/15/22,22:01:00,O,Property Damage Only,O,No Apparent Injury (O),2,Local,0,575,WEST WOODS RD,WEST WOODS RD NO 1,,SHEPARD AVE. ,10,Feet,E,1,Clear,4,Dark-Lighted,1,Dry,,"Trafficway, On Road",10/15/22 22:01
3172,991496,1,41.367111,-72.917269,3486689,10/16/22,13:41:00,O,Property Damage Only,O,No Apparent Injury (O),2,State,50.48,15,15-N,15-N,,15-N-220,5,Feet,N,1,Clear,1,Daylight,1,Dry,73800,"Trafficway, On Road",10/16/22 13:41
7178,1003869,1,41.417469,-72.941401,3498067,10/16/22,18:45:00,O,Property Damage Only,O,No Apparent Injury (O),2,Local,0,727,HIDDEN BROOK RD,HIDDEN BROOK RD,,joyce rd,1,TenthsofMile,E,4,Rain,4,Dark-Lighted,2,Wet,,"Trafficway, On Road",10/16/22 18:45
1768,984411,1,41.338527,-72.935183,3480574,10/16/22,19:45:00,A,"Injury of any type (Serious, Minor, Possible)",C,Possible Injury (C),2,State,5.2,10,CT-10,10-N,,Arch St ,110,Feet,N,1,Clear,5,Dark-Not Lighted,1,Dry,21200,"Trafficway, On Road",10/16/22 19:45
7433,984412,1,41.33955,-72.92652,3480575,10/17/22,8:46:00,O,Property Damage Only,O,No Apparent Injury (O),2,Local,0.68,365,MILL ROCK RD,MILL ROCK RD,,NEWHALL ST,100,Feet,E,1,Clear,1,Daylight,1,Dry,,"Trafficway, On Road",10/17/22 8:46
1457,982707,1,41.353805,-72.92987,3478870,10/17/22,15:34:00,O,Property Damage Only,O,No Apparent Injury (O),2,State,6.3,10,CT-10,10-N,,TREADWELL ST,50,Feet,S,1,Clear,1,Daylight,1,Dry,22700,"Trafficway, On Road",10/17/22 15:34
2141,984413,1,41.384695,-72.901424,3480576,10/17/22,16:21:00,O,Property Damage Only,O,No Apparent Injury (O),2,State,9.08,10,CT-10,10-N,,Dixwell Avenue,1,TenthsofMile,N,1,Clear,1,Daylight,1,Dry,17100,"Trafficway, On Road",10/17/22 16:21
4158,983795,1,41.378263,-72.905287,3479958,10/17/22,18:32:00,O,Property Damage Only,O,No Apparent Injury (O),2,State,0.17,15,15-S,15-S-122,,15-S,20,Feet,N,1,Clear,5,Dark-Not Lighted,1,Dry,58000,"Trafficway, On Road",10/17/22 18:32
744,984414,1,41.413826,-72.902035,3480577,10/18/22,6:25:00,O,Property Damage Only,O,No Apparent Injury (O),2,State,11.17,10,CT-10,10-N,SHERMAN AV NO 2,,,,,1,Clear,4,Dark-Lighted,1,Dry,25600,"Trafficway, On Road",10/18/22 6:25
5556,983011,1,41.37441,-72.915844,3479174,10/18/22,18:27:00,O,Property Damage Only,O,No Apparent Injury (O),2,State,0.17,753,CT-10,753-S,SKIFF ST EXT,,,,N,1,Clear,4,Dark-Lighted,1,Dry,15800,"Trafficway, On Road",10/18/22 18:27
4159,990388,1,41.37809,-72.90532,3485581,10/19/22,13:39:00,O,Property Damage Only,O,No Apparent Injury (O),2,State,0.18,15,15-S,15-S-122,,15-S,0.100000001,TenthsofMile,S,1,Clear,1,Daylight,1,Dry,58000,"Trafficway, On Road",10/19/22 13:39
7674,988377,1,41.40352,-72.89565,3483570,10/19/22,15:50:00,O,Property Damage Only,O,No Apparent Injury (O),2,Local,0,382,NEW RD,NEW RD,,,,,,1,Clear,1,Daylight,1,Dry,,"Trafficway, On Road",10/19/22 15:50
745,984415,1,41.405401,-72.898957,3480578,10/20/22,7:46:00,A,"Injury of any type (Serious, Minor, Possible)",C,Possible Injury (C),2,State,10.56,10,CT-10,10-N,WOODRUFF ST,,,,,1,Clear,1,Daylight,1,Dry,25600,"Trafficway, On Road",10/20/22 7:46
6753,985682,1,41.39758,-72.906752,3481845,10/20/22,7:52:00,O,Property Damage Only,O,No Apparent Injury (O),2,Local,0.15,635,FLOWER DR,FLOWER DR,DEST DR,,,,E,1,Clear,1,Daylight,1,Dry,,"Trafficway, On Road",10/20/22 7:52
4160,990391,1,41.378185,-72.905294,3485584,10/20/22,10:23:00,A,"Injury of any type (Serious, Minor, Possible)",C,Possible Injury (C),2,State,0.18,15,15-S,15-S-122,,Exit 61,10,Feet,S,1,Clear,1,Daylight,1,Dry,58000,"Trafficway, On Road",10/20/22 10:23
3255,1008879,1,41.378715,-72.904057,3503076,10/20/22,10:34:00,O,Property Damage Only,O,No Apparent Injury (O),2,State,51.56,15,15-N,15-N,,MERRITT PKWY,10,Feet,E,1,Clear,1,Daylight,1,Dry,69900,"Trafficway, On Road",10/20/22 10:34
9107,983464,1,41.430183,-72.919429,3479627,10/20/22,11:29:00,A,"Injury of any type (Serious, Minor, Possible)",C,Possible Injury (C),1,Local,1.23,573,WEST TODD ST,WEST TODD ST,,Shepard Ave.,2,TenthsofMile,W,1,Clear,1,Daylight,1,Dry,,"Trafficway, Not on Road",10/20/22 11:29
407,984416,1,41.358924,-72.925884,3480579,10/20/22,17:50:00,O,Property Damage Only,O,No Apparent Injury (O),2,State,6.7,10,CT-10,10-N,,Mather Street,10,Feet,S,1,Clear,1,Daylight,1,Dry,27800,"Trafficway, On Road",10/20/22 17:50
7876,985683,1,41.35202,-72.93849,3481846,10/21/22,8:15:00,O,Property Damage Only,O,No Apparent Injury (O),2,Local,0.19,418,PEARL AV,PEARL AV,,Dallas St,200,Feet,W,1,Clear,1,Daylight,1,Dry,,"Trafficway, On Road",10/21/22 8:15
4581,990395,1,41.399884,-72.894463,3485588,10/21/22,10:52:00,O,Property Damage Only,O,No Apparent Injury (O),2,State,2.88,40,40-N,40-N,,Route 10,2,TenthsofMile,E,1,Clear,1,Daylight,1,Dry,23200,"Trafficway, On Road",10/21/22 10:52
4108,991386,1,41.36632699,-72.9220888,3486579,10/21/22,11:41:00,O,Property Damage Only,O,No Apparent Injury (O),1,State,0.15,15,15-S,15-S-119,,Exit 60,2,TenthsofMile,N,1,Clear,1,Daylight,1,Dry,58000,"Trafficway, On Road",10/21/22 11:41
8614,991915,1,41.391469,-72.9207,3487106,10/21/22,13:00:00,O,Property Damage Only,O,No Apparent Injury (O),2,Local,0.1,491,SHERMAN AV,SHERMAN AV NO 1,SHERMAN LA,,,,,1,Clear,1,Daylight,1,Dry,,"Trafficway, On Road",10/21/22 13:00
8261,994783,1,41.35614,-72.928383,3489974,10/21/22,15:27:00,O,Property Damage Only,O,No Apparent Injury (O),2,Local,0.02,472,SAINT JAMES ST,SAINT JAMES ST,,Dixwell Avenue ,50,Feet,W,1,Clear,1,Daylight,1,Dry,,"Trafficway, On Road",10/21/22 15:27
7322,985684,1,41.350475,-72.921828,3481847,10/21/22,22:04:00,A,"Injury of any type (Serious, Minor, Possible)",C,Possible Injury (C),2,Local,0.73,317,LEEDER HILL DR,LEEDER HILL DR,,Treadwell Street,900,Feet,S,1,Clear,5,Dark-Not Lighted,1,Dry,,"Trafficway, On Road",10/21/22 22:04
4999,996422,1,41.343979,-72.912175,3491613,10/21/22,22:10:00,O,Property Damage Only,O,No Apparent Injury (O),2,State,0.79,707,WHITNEY AV,707-N,,Augur St,50,Feet,S,1,Clear,5,Dark-Not Lighted,1,Dry,14400,"Trafficway, On Road",10/21/22 22:10
6603,988378,1,41.351123,-72.956592,3483571,10/22/22,0:50:00,O,Property Damage Only,O,No Apparent Injury (O),1,Local,0.04,170,ELLIOT ST,ELLIOT ST,,Woodin Street,225,Feet,N,4,Rain,4,Dark-Lighted,2,Wet,,"Trafficway, On Road",10/22/22 0:50
7402,984490,1,41.358924,-72.925595,3480653,10/22/22,11:06:00,A,"Injury of any type (Serious, Minor, Possible)",C,Possible Injury (C),2,Local,1.01,352,MATHER ST,MATHER ST,,Dixwell Ave,20,Feet,E,1,Clear,1,Daylight,1,Dry,,"Trafficway, On Road",10/22/22 11:06
2534,989689,1,41.377157,-72.915092,3484882,10/22/22,18:57:00,O,Property Damage Only,O,No Apparent Injury (O),2,State,8.07,10,CT-10,10-N,,shepard ave,150,Feet,N,1,Clear,4,Dark-Lighted,1,Dry,11300,"Trafficway, On Road",10/22/22 18:57
7888,985685,1,41.380686,-72.923,3481848,10/22/22,20:28:00,O,Property Damage Only,O,No Apparent Injury (O),1,Local,0.25,426,PHELPS DR,PHELPS DR,HOWARD DR,,,,,1,Clear,5,Dark-Not Lighted,1,Dry,,"Trafficway, On Road",10/22/22 20:28
7240,991466,1,41.356814,-72.950643,3486659,10/23/22,9:16:00,O,Property Damage Only,O,No Apparent Injury (O),2,Local,0.02,738,JOSEPH LA,JOSEPH LA,,Wintergreen Ave,20,Feet,S,1,Clear,1,Daylight,1,Dry,,"Trafficway, On Road",10/23/22 9:16
752,988379,1,41.409731,-72.900507,3483572,10/23/22,14:11:00,A,"Injury of any type (Serious, Minor, Possible)",C,Possible Injury (C),2,State,10.88,10,CT-10,10-N,EVERGREEN AV,,,,,4,Rain,1,Daylight,2,Wet,25600,"Trafficway, On Road",10/23/22 14:11
7647,983997,1,41.42322,-72.88155,3480160,10/23/22,15:07:00,O,Property Damage Only,O,No Apparent Injury (O),1,Local,0.72,375,MOUNT CARMEL AV,MOUNT CARMEL AV,,Ridge Rd,350,Feet,E,4,Rain,1,Daylight,2,Wet,,"Trafficway, On Road",10/23/22 15:07
6247,988380,1,41.35712,-72.93702,3483573,10/23/22,15:33:00,A,"Injury of any type (Serious, Minor, Possible)",B,Suspected Minor Injury (B),2,Local,0.63,99,CIRCULAR AV,CIRCULAR AV,,,,,,4,Rain,1,Daylight,2,Wet,,"Trafficway, On Road",10/23/22 15:33
1555,990616,1,41.347829,-72.933152,3485809,10/23/22,16:20:00,O,Property Damage Only,O,No Apparent Injury (O),4,State,5.85,10,CT-10,10-N,,Circular Ave,490,Feet,N,4,Rain,1,Daylight,2,Wet,22500,"Trafficway, On Road",10/23/22 16:20
6246,988343,1,41.354952,-72.936565,3483536,10/24/22,7:47:00,O,Property Damage Only,O,No Apparent Injury (O),2,Local,0.78,99,CIRCULAR AV,CIRCULAR AV,,Church St,35,Feet,N,4,Rain,1,Daylight,2,Wet,,"Trafficway, On Road",10/24/22 7:47
3178,994811,1,41.381835,-72.898921,3490002,10/24/22,12:27:00,O,Property Damage Only,O,No Apparent Injury (O),1,State,51.88,15,15-N,15-N,,Exit 61,2,TenthsofMile,S,4,Rain,1,Daylight,2,Wet,73500,"Trafficway, On Road",10/24/22 12:27
4777,985686,1,41.345253,-72.894604,3481849,10/24/22,16:05:00,O,Property Damage Only,O,No Apparent Injury (O),2,USRoute,2.3,5,US-5,5-N,,FERNWOOD ROAD ,323,Feet,N,4,Rain,1,Daylight,2,Wet,10100,"Trafficway, On Road",10/24/22 16:05
7403,985687,1,41.349555,-72.915077,3481850,10/24/22,17:37:00,A,"Injury of any type (Serious, Minor, Possible)",B,Suspected Minor Injury (B),3,Local,0.13,352,MATHER ST,MATHER ST,,BELMONT ST,10,Feet,W,4,Rain,3,Dusk,2,Wet,,"Trafficway, On Road",10/24/22 17:37
5262,988675,1,41.353042,-72.913141,3483868,10/24/22,18:15:00,O,Property Damage Only,O,No Apparent Injury (O),1,State,1.42,707,WHITNEY AV,707-N,,SERVOSS STREET ,10,Feet,S,1,Clear,5,Dark-Not Lighted,1,Dry,11900,"Trafficway, On Road",10/24/22 18:15
7648,988045,1,41.423151,-72.881668,3483238,10/24/22,21:01:00,O,Property Damage Only,O,No Apparent Injury (O),1,Local,0.71,375,MOUNT CARMEL AV,MOUNT CARMEL AV,,ridge rd,226,Feet,E,4,Rain,5,Dark-Not Lighted,2,Wet,,"Trafficway, Not on Road",10/24/22 21:01
6248,989199,1,41.357164,-72.93704,3484392,10/25/22,15:44:00,O,Property Damage Only,O,No Apparent Injury (O),2,Local,0.62,99,CIRCULAR AV,CIRCULAR AV,GILBERT AV,,,,,1,Clear,1,Daylight,1,Dry,,"Trafficway, On Road",10/25/22 15:44
6568,989657,1,41.335301,-72.916587,3484850,10/25/22,16:01:00,O,Property Damage Only,O,No Apparent Injury (O),2,Local,0.13,160,EDGEHILL RD,EDGEHILL RD,,Edgehill Terr,100,Feet,N,1,Clear,1,Daylight,1,Dry,,"Trafficway, On Road",10/25/22 16:01
1642,988344,1,41.373988,-72.916167,3483537,10/25/22,21:10:00,A,"Injury of any type (Serious, Minor, Possible)",C,Possible Injury (C),2,State,7.85,10,CT-10,10-N,,Connolly Pkwy,1,TenthsofMile,N,4,Rain,4,Dark-Lighted,2,Wet,22100,"Trafficway, Not on Road",10/25/22 21:10