,CrashId,Fatal Case Status,lat,lon,DOT Case Number,Date Of Crash,Time of Crash,Crash Severity,Crash Severity Text Format,Most Severe Injury,Most Severe Injury Text Format,Number Of Motor Vehicles,Route Class Text Format,Milemarker,Road Number,Road Description,Roadway Name,Intersecting Roadway Name,Landmark Description,Distance From Nearest Landmark,Unit Of Measure From Nearest Landmark,Direction From Nearest Landmark,Weather Condition,Weather Condition Text Format,Light Condition,Light Condition Text Format,Road Surface Condition,Road Surface Condition Text Format,Average Daily Traffic,Trafficway Class Text Format,full_date
8321,985626,1,41.38513,-72.90626,3481789,10/25/22,23:07:00,O,Property Damage Only,O,No Apparent Injury (O),2,Local,0.03,480,SCHOOL ST,SCHOOL ST,,Whitney Ave,100,Feet,E,6,Freezing Rain or Freezing Drizzle,4,Dark-Lighted,6,Moving Water,,"Trafficway, On Road",10/25/22 23:07
1944,994208,1,41.382904,-72.907787,3489399,10/26/22,5:58:00,O,Property Damage Only,O,No Apparent Injury (O),2,State,8.67,10,CT-10,10-N,EVERGREEN AV,,,,,2,Cloudy,4,Dark-Lighted,2,Wet,18600,"Trafficway, On Road",10/26/22 5:58
5929,985627,1,41.364165,-72.927602,3481790,10/26/22,7:06:00,A,"Injury of any type (Serious, Minor, Possible)",B,Suspected Minor Injury (B),3,Local,0.22,42,BENHAM ST,BENHAM ST,GARFIELD ST,,,,,2,Cloudy,1,Daylight,2,Wet,,"Trafficway, On Road",10/26/22 7:06
7997,985628,1,41.337648,-72.91926,3481791,10/26/22,8:40:00,A,"Injury of any type (Serious, Minor, Possible)",B,Suspected Minor Injury (B),2,Local,0.05,438,PROSPECT ST,PROSPECT ST,ARMORY ST,,,,,4,Rain,1,Daylight,2,Wet,,"Trafficway, On Road",10/26/22 8:40
5931,992081,1,41.364842,-72.931635,3487272,10/26/22,13:03:00,A,"Injury of any type (Serious, Minor, Possible)",C,Possible Injury (C),2,Local,0.43,42,BENHAM ST,BENHAM ST,,Vantage Road,295,Feet,W,1,Clear,1,Daylight,1,Dry,,"Trafficway, On Road",10/26/22 13:03
3018,995846,1,41.37484,-72.91604,3491037,10/26/22,13:30:00,O,Property Damage Only,O,No Apparent Injury (O),4,Local,0,144,CT-10,DIXWELL AV NO 2 RT 10 NB,SKIFF ST,,,,,1,Clear,1,Daylight,1,Dry,,"Trafficway, On Road",10/26/22 13:30
1458,985688,1,41.350522,-72.931801,3481851,10/26/22,13:58:00,A,"Injury of any type (Serious, Minor, Possible)",B,Suspected Minor Injury (B),2,State,6.05,10,CT-10,10-N,LEXINGTON ST,,,,,1,Clear,1,Daylight,1,Dry,22700,"Trafficway, On Road",10/26/22 13:58
9041,994804,1,41.386116,-72.896114,3489995,10/26/22,14:39:00,O,Property Damage Only,O,No Apparent Injury (O),2,Local,0.11,556,WASHINGTON RD,WASHINGTON RD,WASHINGTON CT,,,,,4,Rain,1,Daylight,2,Wet,,"Trafficway, On Road",10/26/22 14:39
753,991026,1,41.4057,-72.89904,3486219,10/26/22,15:16:00,O,Property Damage Only,O,No Apparent Injury (O),3,State,10.59,10,CT-10,10-N,,WOODRUFF ST,10,Feet,N,1,Clear,1,Daylight,1,Dry,25600,"Trafficway, On Road",10/26/22 15:16
5300,985629,1,41.361345,-72.909287,3481792,10/26/22,16:31:00,A,"Injury of any type (Serious, Minor, Possible)",B,Suspected Minor Injury (B),2,State,2.06,707,WHITNEY AV,707-N,HAVERFORD ST,,,,,1,Clear,1,Daylight,1,Dry,11800,"Trafficway, On Road",10/26/22 16:31
5206,986030,1,41.378066,-72.905351,3482193,10/26/22,17:20:00,O,Property Damage Only,O,No Apparent Injury (O),2,State,3.22,707,WHITNEY AV,707-N,MILLBROOK RD,,,,,1,Clear,1,Daylight,1,Dry,12600,"Trafficway, On Road",10/26/22 17:20
9108,988345,1,41.434722,-72.939941,3483538,10/26/22,18:23:00,O,Property Damage Only,O,No Apparent Injury (O),1,Local,0.1,573,WEST TODD ST,WEST TODD ST,,Gaylord Mountain Road,500,Feet,E,1,Clear,4,Dark-Lighted,1,Dry,,"Trafficway, On Road",10/26/22 18:23
4686,988381,1,41.334883,-72.900514,3483574,10/27/22,3:22:00,A,"Injury of any type (Serious, Minor, Possible)",B,Suspected Minor Injury (B),1,USRoute,1.52,5,US-5,5-N,,Merrit St.,100,,N,1,Clear,4,Dark-Lighted,1,Dry,14500,Non-trafficway,10/27/22 3:22
8813,988676,1,41.379628,-72.924759,3483869,10/27/22,7:37:00,O,Property Damage Only,O,No Apparent Injury (O),2,Local,0.58,495,SKIFF ST EXT,SKIFF ST EXT,HOWARD DR,,,,,1,Clear,1,Daylight,1,Dry,,"Trafficway, On Road",10/27/22 7:37
6517,988346,1,41.33612,-72.9352,3483539,10/27/22,9:27:00,O,Property Damage Only,O,No Apparent Injury (O),2,Local,0.05,142,DIXWELL AV,DIXWELL AV NO 1,,Goodrich Street,100,Feet,N,1,Clear,1,Daylight,1,Dry,,"Trafficway, On Road",10/27/22 9:27
2033,988689,1,41.435769,-72.908542,3483882,10/27/22,12:02:00,O,Property Damage Only,O,No Apparent Injury (O),2,State,12.72,10,CT-10,10-N,,Shepard Ae.,1,TenthsofMile,S,1,Clear,1,Daylight,1,Dry,17800,"Trafficway, On Road",10/27/22 12:02
4778,988878,1,41.3419,-72.89548,3484071,10/27/22,15:06:00,A,"Injury of any type (Serious, Minor, Possible)",C,Possible Injury (C),2,USRoute,2.07,5,US-5,5-N,,London Dr.,100,Feet,N,1,Clear,1,Daylight,1,Dry,10100,"Trafficway, On Road",10/27/22 15:06
3119,986752,1,41.352861,-72.96040382,3482915,10/27/22,16:29:00,O,Property Damage Only,O,No Apparent Injury (O),2,State,47.98,15,15-N,15-N,,15-N-220,10,TenthsofMile,N,1,Clear,1,Daylight,1,Dry,79100,"Trafficway, On Road",10/27/22 16:29
749,988159,1,41.404969,-72.898838,3483352,10/27/22,17:01:00,O,Property Damage Only,O,No Apparent Injury (O),2,State,10.53,10,CT-10,10-N,,Ives Road,440,Feet,N,1,Clear,1,Daylight,1,Dry,25600,"Trafficway, On Road",10/27/22 17:01
750,988160,1,41.404766,-72.898745,3483353,10/27/22,17:05:00,O,Property Damage Only,O,No Apparent Injury (O),2,State,10.52,10,CT-10,10-N,,Dickerman Street,360,Feet,N,1,Clear,1,Daylight,1,Dry,25600,"Trafficway, On Road",10/27/22 17:05
3710,986274,1,41.371698,-72.912618,3482437,10/27/22,18:22:00,O,Property Damage Only,O,No Apparent Injury (O),2,State,50.88,15,15-S,15-S,,15-S-126,10,TenthsofMile,S,1,Clear,5,Dark-Not Lighted,1,Dry,73800,"Trafficway, On Road",10/27/22 18:22
5930,989658,1,41.364214,-72.927828,3484851,10/27/22,18:54:00,O,Property Damage Only,O,No Apparent Injury (O),2,Local,0.23,42,BENHAM ST,BENHAM ST,,Garfield St.,20,Feet,W,1,Clear,4,Dark-Lighted,1,Dry,,"Trafficway, On Road",10/27/22 18:54
2292,994209,1,41.3837,-72.90181,3489400,10/28/22,6:03:00,A,"Injury of any type (Serious, Minor, Possible)",C,Possible Injury (C),2,State,9,10,CT-10,10-N,,Dixwell Avenue,15,Feet,N,1,Clear,4,Dark-Lighted,1,Dry,16700,"Trafficway, On Road",10/28/22 6:03
6285,994077,1,41.352268,-72.930902,3489268,10/28/22,7:12:00,A,"Injury of any type (Serious, Minor, Possible)",C,Possible Injury (C),2,Local,0.21,110,CONCORD ST,CONCORD ST,,CONCORD STREET,50,Feet,N,1,Clear,1,Daylight,1,Dry,,"Trafficway, On Road",10/28/22 7:12
7755,989690,1,41.346608,-72.935136,3484883,10/28/22,9:40:00,O,Property Damage Only,O,No Apparent Injury (O),2,Local,0.1,396,NOTKINS ST,NOTKINS ST,,Helen Street ,20,Feet,S,1,Clear,1,Daylight,1,Dry,,"Trafficway, On Road",10/28/22 9:40
3944,1006166,1,41.378186,-72.905286,3500364,10/28/22,9:57:00,O,Property Damage Only,O,No Apparent Injury (O),2,State,51.47,15,15-S,15-S,,15-S,50,Feet,N,1,Clear,1,Daylight,1,Dry,69900,"Trafficway, On Road",10/28/22 9:57
145,990581,1,41.365938,-72.921836,3485774,10/28/22,12:47:00,O,Property Damage Only,O,No Apparent Injury (O),2,State,7.22,10,CT-10,10-N,,15-S-119,80,Feet,S,1,Clear,1,Daylight,1,Dry,33700,"Trafficway, On Road",10/28/22 12:47
1641,988127,1,41.368149,-72.919966,3483320,10/28/22,12:48:00,A,"Injury of any type (Serious, Minor, Possible)",C,Possible Injury (C),2,State,7.4,10,CT-10,10-N,,CONNOLLY PKWY,435,Feet,S,1,Clear,1,Daylight,1,Dry,22100,"Trafficway, On Road",10/28/22 12:48
9040,988347,1,41.3865,-72.89553,3483540,10/28/22,13:00:00,O,Property Damage Only,O,No Apparent Injury (O),1,Local,0.07,555,WASHINGTON CT,WASHINGTON CT,,Washington Court,15,Feet,N,1,Clear,1,Daylight,1,Dry,,Non-trafficway,10/28/22 13:00
4625,995847,1,41.403546,-72.898172,3491038,10/28/22,19:49:00,O,Property Damage Only,O,No Apparent Injury (O),2,State,0,40,40-S,40-S-9,10-N,,,,,1,Clear,4,Dark-Lighted,1,Dry,14400,"Trafficway, On Road",10/28/22 19:49
2419,988129,1,41.446503,-72.910374,3483322,10/29/22,17:26:00,A,"Injury of any type (Serious, Minor, Possible)",C,Possible Injury (C),2,State,13.48,10,CT-10,10-N,,Willow St,125,Feet,N,1,Clear,1,Daylight,1,Dry,14300,"Trafficway, On Road",10/29/22 17:26
410,991027,1,41.35745,-72.926999,3486220,10/29/22,20:34:00,O,Property Damage Only,O,No Apparent Injury (O),2,State,6.59,10,CT-10,10-N,HILLCREST AV,,,,,1,Clear,4,Dark-Lighted,1,Dry,27800,"Trafficway, On Road",10/29/22 20:34
1771,994744,1,41.34356,-72.934514,3489935,10/30/22,3:30:00,O,Property Damage Only,O,No Apparent Injury (O),2,State,5.55,10,CT-10,10-N,,Woodin Street,100,Feet,S,1,Clear,4,Dark-Lighted,1,Dry,21200,"Trafficway, On Road",10/30/22 3:30
318,991884,1,41.36253,-72.92398,3487075,10/30/22,14:24:00,O,Property Damage Only,O,No Apparent Injury (O),2,State,6.97,10,CT-10,10-N,,Benham Street,50,Feet,S,1,Clear,1,Daylight,1,Dry,32000,"Trafficway, On Road",10/30/22 14:24
8925,989659,1,41.351671,-72.9212,3484852,10/30/22,14:58:00,A,"Injury of any type (Serious, Minor, Possible)",B,Suspected Minor Injury (B),2,Local,0.49,527,TREADWELL ST,TREADWELL ST,DAWES AV,,,,,1,Clear,1,Daylight,1,Dry,,"Trafficway, On Road",10/30/22 14:58
8926,992082,1,41.34795,-72.91588,3487273,10/30/22,19:06:00,O,Property Damage Only,O,No Apparent Injury (O),2,Local,0.87,527,TREADWELL ST,TREADWELL ST,,Treadwell Street,500,Feet,S,1,Clear,4,Dark-Lighted,1,Dry,,"Trafficway, On Road",10/30/22 19:06
7675,990582,1,41.41406,-72.895474,3485775,10/31/22,9:31:00,A,"Injury of any type (Serious, Minor, Possible)",C,Possible Injury (C),1,Local,0.74,382,NEW RD,NEW RD,,Sherman Ave,100,Feet,N,1,Clear,1,Daylight,1,Dry,,"Trafficway, On Road",10/31/22 9:31
623,1003870,1,41.420807,-72.904601,3498068,10/31/22,16:00:00,O,Property Damage Only,O,No Apparent Injury (O),2,State,11.66,10,CT-10,10-N,453-E,,,,,1,Clear,1,Daylight,1,Dry,26100,"Trafficway, On Road",10/31/22 16:00
8272,990583,1,41.382317,-72.918613,3485776,11/1/22,0:47:00,O,Property Damage Only,O,No Apparent Injury (O),1,Local,0.32,477,SANFORD ST,SANFORD ST,,Dixwell Avenue,50,Feet,W,4,Rain,4,Dark-Lighted,2,Wet,,"Trafficway, On Road",11/1/22 0:47
2370,992618,1,41.396845,-72.897016,3487809,11/1/22,7:41:00,A,"Injury of any type (Serious, Minor, Possible)",B,Suspected Minor Injury (B),2,State,9.96,10,CT-10,10-N,CANNON ST,,,,,1,Clear,1,Daylight,2,Wet,14800,"Trafficway, On Road",11/1/22 7:41
751,988348,1,41.40421,-72.89852,3483541,11/1/22,9:03:00,A,"Injury of any type (Serious, Minor, Possible)",C,Possible Injury (C),2,State,10.48,10,CT-10,10-N,,DICKERMAN STREET,100,Feet,N,4,Rain,1,Daylight,2,Wet,25600,"Trafficway, On Road",11/1/22 9:03
3728,999790,1,41.381737,-72.899431,3493989,11/1/22,10:35:00,O,Property Damage Only,O,No Apparent Injury (O),2,State,51.9,15,15-S,15-S,,Exit 62,5,TenthsofMile,N,1,Clear,1,Daylight,2,Wet,73500,"Trafficway, On Road",11/1/22 10:35
1770,994210,1,41.342287,-72.934925,3489401,11/1/22,15:00:00,O,Property Damage Only,O,No Apparent Injury (O),2,State,5.46,10,CT-10,10-N,,First St.,30,Feet,S,1,Clear,1,Daylight,1,Dry,21200,"Trafficway, On Road",11/1/22 15:00
5558,994211,1,41.37674,-72.91543,3489402,11/1/22,16:27:00,O,Property Damage Only,O,No Apparent Injury (O),2,State,0.03,753,CT-10,753-S,SHEPARD AV,,,,,1,Clear,1,Daylight,1,Dry,15800,"Trafficway, On Road",11/1/22 16:27
1558,996447,1,41.34786,-72.93311,3491638,11/1/22,18:27:00,O,Property Damage Only,O,No Apparent Injury (O),2,State,5.85,10,CT-10,10-N,,Scott St.,170,Feet,S,1,Clear,4,Dark-Lighted,1,Dry,22500,"Trafficway, On Road",11/1/22 18:27
4998,991467,1,41.344,-72.91208,3486660,11/1/22,18:28:00,A,"Injury of any type (Serious, Minor, Possible)",C,Possible Injury (C),2,State,0.79,707,WHITNEY AV,707-N,,Augur St,5,Feet,S,1,Clear,4,Dark-Lighted,1,Dry,14400,"Trafficway, On Road",11/1/22 18:28
8545,989660,1,41.382538,-72.92048,3484853,11/1/22,18:31:00,O,Property Damage Only,O,No Apparent Injury (O),2,Local,0.5,489,SHEPARD AV,SHEPARD AV,HOWARD DR,,,,,1,Clear,1,Daylight,1,Dry,,"Trafficway, On Road",11/1/22 18:31
758,994212,1,41.413826,-72.902035,3489403,11/1/22,18:50:00,O,Property Damage Only,O,No Apparent Injury (O),2,State,11.17,10,CT-10,10-N,SHERMAN AV NO 2,,,,,1,Clear,3,Dusk,1,Dry,25600,"Trafficway, On Road",11/1/22 18:50
5207,989691,1,41.375939,-72.904612,3484884,11/2/22,8:46:00,O,Property Damage Only,O,No Apparent Injury (O),2,State,3.09,707,WHITNEY AV,707-N,Buell St,,,,,1,Clear,1,Daylight,1,Dry,12600,"Trafficway, On Road",11/2/22 8:46
2533,989661,1,41.38103,-72.912431,3484854,11/2/22,10:58:00,O,Property Damage Only,O,No Apparent Injury (O),2,State,8.4,10,CT-10,10-N,SANFORD ST,,,,,1,Clear,1,Daylight,1,Dry,11300,"Trafficway, On Road",11/2/22 10:58
1459,990584,1,41.34857,-72.93276,3485777,11/2/22,13:22:00,O,Property Damage Only,O,No Apparent Injury (O),2,State,5.9,10,CT-10,10-N,,Scott,50,Feet,N,1,Clear,1,Daylight,1,Dry,22700,"Trafficway, On Road",11/2/22 13:22
409,990585,1,41.35411,-72.92966,3485778,11/2/22,15:31:00,O,Property Damage Only,O,No Apparent Injury (O),2,State,6.32,10,CT-10,10-N,,TREADWELL ST,25,Feet,N,1,Clear,1,Daylight,1,Dry,27800,"Trafficway, On Road",11/2/22 15:31
3171,990487,1,41.36702,-72.91738,3485680,11/2/22,15:33:00,O,Property Damage Only,O,No Apparent Injury (O),2,State,50.47,15,15-N,15-N,,Exit 60,5,TenthsofMile,N,1,Clear,1,Daylight,1,Dry,73800,"Trafficway, On Road",11/2/22 15:33
4882,995848,1,41.383442,-72.90219,3491039,11/2/22,16:27:00,O,Property Damage Only,O,No Apparent Injury (O),2,State,3.62,707,WHITNEY AV,707-N,717-E,,,,,1,Clear,1,Daylight,1,Dry,17100,"Trafficway, On Road",11/2/22 16:27
7723,990586,1,41.33974,-72.926486,3485779,11/2/22,17:12:00,O,Property Damage Only,O,No Apparent Injury (O),3,Local,0.27,385,NEWHALL ST,NEWHALL ST,MILL ROCK RD,,,,,1,Clear,1,Daylight,1,Dry,,"Trafficway, On Road",11/2/22 17:12
84,995816,1,41.364255,-72.922872,3491007,11/2/22,18:37:00,O,Property Damage Only,O,No Apparent Injury (O),2,State,7.1,10,CT-10,10-N,,Weybosset St,50,Feet,S,1,Clear,4,Dark-Lighted,1,Dry,38500,"Trafficway, On Road",11/2/22 18:37
7610,997106,1,41.33709505,-72.92816,3492297,11/2/22,18:40:00,O,Property Damage Only,O,No Apparent Injury (O),2,Local,0.36,370,MORSE ST,MORSE ST,,Newhall st,400,Feet,W,1,Clear,5,Dark-Not Lighted,1,Dry,,"Trafficway, On Road",11/2/22 18:40
8613,989662,1,41.408119,-72.910708,3484855,11/2/22,19:36:00,O,Property Damage Only,O,No Apparent Injury (O),1,Local,1.49,491,SHERMAN AV,SHERMAN AV NO 1,,Rocky Top Road,1,TenthsofMile,S,1,Clear,4,Dark-Lighted,1,Dry,,"Trafficway, On Road",11/2/22 19:36
8559,1028260,1,41.37679,-72.9154,3522454,11/2/22,19:38:00,A,"Injury of any type (Serious, Minor, Possible)",B,Suspected Minor Injury (B),2,Local,0.01,489,SHEPARD AV,SHEPARD AV,,Dixwell Ave.,10,Feet,E,1,Clear,4,Dark-Lighted,1,Dry,,"Trafficway, On Road",11/2/22 19:38
7269,991468,1,41.360397,-72.927341,3486661,11/2/22,22:21:00,O,Property Damage Only,O,No Apparent Injury (O),1,Local,0.16,307,LAKEVIEW AV,LAKEVIEW AV,,Red Rock Terrace,100,Feet,S,1,Clear,4,Dark-Lighted,1,Dry,,Non-trafficway,11/2/22 22:21
6974,994064,1,41.335439,-72.930524,3489255,11/2/22,23:51:00,O,Property Damage Only,O,No Apparent Injury (O),2,Local,0.56,222,GOODRICH ST,GOODRICH ST,,Shelton Avene,50,Feet,W,1,Clear,4,Dark-Lighted,1,Dry,,"Trafficway, On Road",11/2/22 23:51
4102,992415,1,41.378621,-72.904587,3487606,11/3/22,13:00:00,O,Property Damage Only,O,No Apparent Injury (O),2,State,0.02,15,15-S,15-S-123,, Exit 61,100,Feet,S,1,Clear,1,Daylight,1,Dry,58100,"Trafficway, On Road",11/3/22 13:00
6002,990587,1,41.443094,-72.942946,3485780,11/3/22,16:27:00,O,Property Damage Only,O,No Apparent Injury (O),1,,,,BROKEN ARROW RD,BROKEN ARROW RD,,Gaylord Mountain RD,340,Feet,N,1,Clear,1,Daylight,1,Dry,,"Trafficway, On Road",11/3/22 16:27
4161,990501,1,41.37815,-72.90531,3485694,11/3/22,16:43:00,A,"Injury of any type (Serious, Minor, Possible)",B,Suspected Minor Injury (B),2,State,0.18,15,15-S,15-S-122,,15-S,20,Feet,N,1,Clear,1,Daylight,1,Dry,58000,"Trafficway, On Road",11/3/22 16:43
6711,990588,1,41.34132,-72.941494,3485781,11/3/22,21:28:00,O,Property Damage Only,O,No Apparent Injury (O),1,Local,0.21,176,FAIRVIEW AV,FAIRVIEW AV,,Mott St,65,Feet,N,1,Clear,5,Dark-Not Lighted,1,Dry,,"Trafficway, On Road",11/3/22 21:28
8815,997107,1,41.3764,-72.92009,3492298,11/4/22,16:22:00,O,Property Damage Only,O,No Apparent Injury (O),2,Local,0.25,495,SKIFF ST EXT,SKIFF ST EXT,,MIX AVENUE ,10,Feet,W,1,Clear,1,Daylight,1,Dry,,"Trafficway, On Road",11/4/22 16:22
1556,991469,1,41.34674,-72.93359,3486662,11/4/22,16:55:00,O,Property Damage Only,O,No Apparent Injury (O),2,State,5.77,10,CT-10,10-N,,Scott St,100,Feet,S,1,Clear,1,Daylight,1,Dry,22500,"Trafficway, On Road",11/4/22 16:55
5263,995817,1,41.35146,-72.913122,3491008,11/4/22,19:06:00,O,Property Damage Only,O,No Apparent Injury (O),1,State,1.31,707,WHITNEY AV,707-N,,Childrens Center,100,Feet,S,1,Clear,4,Dark-Lighted,1,Dry,11900,"Trafficway, On Road",11/4/22 19:06
6770,997108,1,41.39565295,-72.91051482,3492299,11/4/22,21:17:00,A,"Injury of any type (Serious, Minor, Possible)",B,Suspected Minor Injury (B),3,Local,0.74,196,FOREST ST,FOREST ST,,FOREST CT N,80,Feet,N,1,Clear,5,Dark-Not Lighted,1,Dry,,Non-trafficway,11/4/22 21:17
6837,995818,1,41.443329,-72.947997,3491009,11/4/22,23:57:00,A,"Injury of any type (Serious, Minor, Possible)",C,Possible Injury (C),1,Local,1.62,208,GAYLORD MOUNTAIN RD,GAYLORD MOUNTAIN RD,,Downes Road,500,Feet,E,1,Clear,4,Dark-Lighted,1,Dry,,"Trafficway, On Road",11/4/22 23:57
5689,1001555,1,41.399421,-72.908596,3495754,11/5/22,1:40:00,O,Property Damage Only,O,No Apparent Injury (O),2,Local,0.26,626,ANNS FARM RD,ANNS FARM RD,,Knob Hill Dr,100,Feet,E,1,Clear,4,Dark-Lighted,1,Dry,,"Trafficway, On Road",11/5/22 1:40
5079,991470,1,41.336467,-72.911399,3486663,11/5/22,15:01:00,O,Property Damage Only,O,No Apparent Injury (O),2,State,0.25,707,WHITNEY AV,707-N,,Armory St,10,Feet,S,1,Clear,1,Daylight,1,Dry,14300,"Trafficway, On Road",11/5/22 15:01
4779,994196,1,41.359947,-72.888768,3489387,11/5/22,16:51:00,O,Property Damage Only,O,No Apparent Injury (O),2,USRoute,3.36,5,US-5,5-N,,Olds Street,375,Feet,N,1,Clear,1,Daylight,1,Dry,10100,"Trafficway, On Road",11/5/22 16:51
1554,990589,1,41.346891,-72.933688,3485782,11/5/22,22:12:00,O,Property Damage Only,O,No Apparent Injury (O),2,State,5.78,10,CT-10,10-N,,Putnam Avenue,100,Feet,N,1,Clear,4,Dark-Lighted,1,Dry,22500,"Trafficway, On Road",11/5/22 22:12
413,994078,1,41.357495,-72.926854,3489269,11/6/22,12:41:00,A,"Injury of any type (Serious, Minor, Possible)",C,Possible Injury (C),2,State,6.6,10,CT-10,10-N,,Haig Street ,50,Feet,N,1,Clear,1,Daylight,1,Dry,27800,"Trafficway, On Road",11/6/22 12:41
4164,999791,1,41.378142,-72.905297,3493990,11/6/22,16:15:00,O,Property Damage Only,O,No Apparent Injury (O),2,State,0.18,15,15-S,15-S-122,,Exit 61,50,Feet,N,1,Clear,1,Daylight,1,Dry,58000,"Trafficway, On Road",11/6/22 16:15
6867,994745,1,41.356981,-72.941755,3489936,11/6/22,16:34:00,A,"Injury of any type (Serious, Minor, Possible)",B,Suspected Minor Injury (B),1,Local,0.24,212,GILBERT AV,GILBERT AV,,Pine Rock,20,Feet,W,1,Clear,1,Daylight,1,Dry,,"Trafficway, On Road",11/6/22 16:34
1648,997960,1,41.374487,-72.915926,3493151,11/6/22,18:44:00,O,Property Damage Only,O,No Apparent Injury (O),2,State,7.89,10,CT-10,10-N,,,,,,1,Clear,4,Dark-Lighted,1,Dry,22100,"Trafficway, On Road",11/6/22 18:44
5771,991434,1,41.34353,-72.93988,3486627,11/6/22,21:36:00,A,"Injury of any type (Serious, Minor, Possible)",C,Possible Injury (C),2,Local,0.02,35,BEAVER ST,BEAVER ST,,Third St,100,Feet,S,1,Clear,5,Dark-Not Lighted,1,Dry,,"Trafficway, On Road",11/6/22 21:36
7775,991435,1,41.35925,-72.890227,3486628,11/7/22,13:45:00,O,Property Damage Only,O,No Apparent Injury (O),2,Local,0,402,OLDS ST,OLDS ST,MAPLE ST,,,,S,1,Clear,1,Daylight,1,Dry,,"Trafficway, On Road",11/7/22 13:45
6250,997109,1,41.348714,-72.934708,3492300,11/7/22,16:12:00,O,Property Damage Only,O,No Apparent Injury (O),2,Local,1.22,99,CIRCULAR AV,CIRCULAR AV,BRADLEY AV,,,,,1,Clear,1,Daylight,1,Dry,,"Trafficway, Not on Road",11/7/22 16:12
411,991028,1,41.357358,-72.926977,3486221,11/7/22,16:59:00,O,Property Damage Only,O,No Apparent Injury (O),2,State,6.58,10,CT-10,10-N,,Haig St,50,Feet,W,1,Clear,4,Dark-Lighted,1,Dry,27800,"Trafficway, On Road",11/7/22 16:59
5557,991471,1,41.37667,-72.91566,3486664,11/8/22,7:44:00,A,"Injury of any type (Serious, Minor, Possible)",C,Possible Injury (C),2,State,0.03,753,CT-10,753-S,SHEPARD AV,,,,,1,Clear,1,Daylight,1,Dry,15800,"Trafficway, On Road",11/8/22 7:44
1769,991436,1,41.34197,-72.9349,3486629,11/8/22,12:06:00,O,Property Damage Only,O,No Apparent Injury (O),2,State,5.43,10,CT-10,10-N,,North St. ,75,Feet,N,1,Clear,1,Daylight,1,Dry,21200,"Trafficway, On Road",11/8/22 12:06
414,994198,1,41.35457,-72.92934,3489389,11/8/22,13:53:00,O,Property Damage Only,O,No Apparent Injury (O),2,State,6.35,10,CT-10,10-N,,Cumley Street,50,Feet,N,1,Clear,1,Daylight,1,Dry,27800,"Trafficway, On Road",11/8/22 13:53
3403,993529,1,41.380528,-72.900783,3488720,11/8/22,15:20:00,O,Property Damage Only,O,No Apparent Injury (O),2,State,0.22,15,15-N,15-N-125,,15-N,50,Feet,S,1,Clear,1,Daylight,1,Dry,58000,"Trafficway, On Road",11/8/22 15:20
319,996423,1,41.362661,-72.9238,3491614,11/8/22,20:56:00,O,Property Damage Only,O,No Apparent Injury (O),2,State,6.98,10,CT-10,10-N,BENHAM ST,,,,,1,Clear,4,Dark-Lighted,1,Dry,32000,"Trafficway, On Road",11/8/22 20:56
1560,1001556,1,41.34803,-72.933016,3495755,11/9/22,12:50:00,O,Property Damage Only,O,No Apparent Injury (O),2,State,5.86,10,CT-10,10-N,,Scott Street,200,Feet,S,1,Clear,1,Daylight,1,Dry,22500,"Trafficway, On Road",11/9/22 12:50
6872,991885,1,41.35851,-72.90945,3487076,11/9/22,14:51:00,O,Property Damage Only,O,No Apparent Injury (O),2,Local,0.02,214,GILLIES RD,GILLIES RD,,Whitney Avenue,200,Feet,E,1,Clear,1,Daylight,1,Dry,,"Trafficway, On Road",11/9/22 14:51
754,991886,1,41.404964,-72.898764,3487077,11/9/22,15:28:00,O,Property Damage Only,O,No Apparent Injury (O),2,State,10.53,10,CT-10,10-N,,Woodruff St,300,Feet,S,1,Clear,1,Daylight,1,Dry,25600,"Trafficway, On Road",11/9/22 15:28
3120,993062,1,41.365259,-72.926534,3488253,11/9/22,16:08:00,O,Property Damage Only,O,No Apparent Injury (O),2,State,49.96,15,15-N,15-N,,15-N-220,100,Feet,W,1,Clear,1,Daylight,1,Dry,79100,"Trafficway, On Road",11/9/22 16:08
2371,994199,1,41.39347,-72.897088,3489390,11/9/22,17:11:00,A,"Injury of any type (Serious, Minor, Possible)",A,Suspected Serious Injury (A),2,State,9.73,10,CT-10,10-N,CARMEL ST,,,,,1,Clear,1,Daylight,1,Dry,14800,"Trafficway, On Road",11/9/22 17:11
7078,992025,1,41.385245,-72.906803,3487216,11/9/22,18:50:00,A,"Injury of any type (Serious, Minor, Possible)",C,Possible Injury (C),2,Local,0.61,713,HAMDEN HILLS DR,HAMDEN HILLS DR,SCHOOL ST,,,,,1,Clear,4,Dark-Lighted,1,Dry,,"Trafficway, On Road",11/9/22 18:50
3122,999813,1,41.36127,-72.93382,3494012,11/10/22,10:10:00,O,Property Damage Only,O,No Apparent Injury (O),2,State,49.49,15,15-N,15-N,,Exit 60,10,TenthsofMile,S,1,Clear,1,Daylight,1,Dry,79100,"Trafficway, On Road",11/10/22 10:10
6305,994200,1,41.367,-72.92016,3489391,11/10/22,10:58:00,O,Property Damage Only,O,No Apparent Injury (O),2,Local,0.23,111,CONNOLLY PKWY,CONNOLLY PKWY,,Dixwell Ave,150,Feet,E,1,Clear,1,Daylight,1,Dry,,"Trafficway, On Road",11/10/22 10:58