,CrashId,Fatal Case Status,lat,lon,DOT Case Number,Date Of Crash,Time of Crash,Crash Severity,Crash Severity Text Format,Most Severe Injury,Most Severe Injury Text Format,Number Of Motor Vehicles,Route Class Text Format,Milemarker,Road Number,Road Description,Roadway Name,Intersecting Roadway Name,Landmark Description,Distance From Nearest Landmark,Unit Of Measure From Nearest Landmark,Direction From Nearest Landmark,Weather Condition,Weather Condition Text Format,Light Condition,Light Condition Text Format,Road Surface Condition,Road Surface Condition Text Format,Average Daily Traffic,Trafficway Class Text Format,full_date
2118,994201,1,41.383482,-72.902594,3489392,11/10/22,11:09:00,O,Property Damage Only,O,No Apparent Injury (O),2,State,8.95,10,CT-10,10-N,,Whitney Avenue,100,Feet,W,1,Clear,1,Daylight,1,Dry,17200,"Trafficway, On Road",11/10/22 11:09
8814,995820,1,41.374763,-72.916642,3491011,11/10/22,13:50:00,O,Property Damage Only,O,No Apparent Injury (O),2,Local,0.05,495,SKIFF ST EXT,SKIFF ST EXT,,10-N,200,Feet,W,1,Clear,1,Daylight,1,Dry,,"Trafficway, On Road",11/10/22 13:50
8135,994784,1,41.34557,-72.91499,3489975,11/10/22,14:53:00,O,Property Damage Only,O,No Apparent Injury (O),2,Local,0.13,439,PUTNAM AV,PUTNAM AV,,Glendale Street ,10,Feet,S,1,Clear,1,Daylight,1,Dry,,"Trafficway, On Road",11/10/22 14:53
1644,994746,1,41.372633,-72.917069,3489937,11/10/22,15:53:00,A,"Injury of any type (Serious, Minor, Possible)",A,Suspected Serious Injury (A),1,State,7.75,10,CT-10,10-N,,Skiff St,1,TenthsofMile,S,1,Clear,1,Daylight,1,Dry,22100,"Trafficway, On Road",11/10/22 15:53
1901,994785,1,41.422049,-72.905154,3489976,11/10/22,16:22:00,O,Property Damage Only,O,No Apparent Injury (O),2,State,11.76,10,CT-10,10-N,,Todd Street,800,Feet,S,1,Clear,1,Daylight,1,Dry,19300,"Trafficway, On Road",11/10/22 16:22
2142,994182,1,41.385987,-72.900958,3489373,11/10/22,17:33:00,A,"Injury of any type (Serious, Minor, Possible)",B,Suspected Minor Injury (B),2,State,9.18,10,CT-10,10-N,,Colonial Dr,50,Feet,S,1,Clear,4,Dark-Lighted,1,Dry,17100,"Trafficway, On Road",11/10/22 17:33
8834,1001557,1,41.35079,-72.89227,3495756,11/11/22,6:36:00,A,"Injury of any type (Serious, Minor, Possible)",B,Suspected Minor Injury (B),9,Local,0.1,506,STEVENS ST,STEVENS ST,,State Street,5,Feet,W,1,Clear,1,Daylight,1,Dry,,"Trafficway, On Road",11/11/22 6:36
4162,993087,1,41.378232,-72.905289,3488278,11/11/22,11:35:00,O,Property Damage Only,O,No Apparent Injury (O),2,State,0.17,15,15-S,15-S-122,,15-S,75,Feet,N,4,Rain,1,Daylight,2,Wet,58000,"Trafficway, On Road",11/11/22 11:35
756,994113,1,41.409926,-72.900591,3489304,11/11/22,16:53:00,O,Property Damage Only,O,No Apparent Injury (O),2,State,10.89,10,CT-10,10-N,,EVERGREEN AVE,75,Feet,N,4,Rain,4,Dark-Lighted,2,Wet,25600,"Trafficway, On Road",11/11/22 16:53
5000,999173,1,41.341212,-72.912957,3493373,11/11/22,16:59:00,O,Property Damage Only,O,No Apparent Injury (O),2,State,0.59,707,WHITNEY AV,707-N,,Davis st,50,Feet,S,6,Freezing Rain or Freezing Drizzle,4,Dark-Lighted,2,Wet,14400,"Trafficway, Not on Road",11/11/22 16:59
755,993734,1,41.409953,-72.900584,3488925,11/11/22,17:10:00,O,Property Damage Only,O,No Apparent Injury (O),2,State,10.9,10,CT-10,10-N,,EVERGREEN AVE,65,Feet,N,4,Rain,4,Dark-Lighted,2,Wet,25600,"Trafficway, On Road",11/11/22 17:10
757,994114,1,41.414348,-72.902216,3489305,11/11/22,23:40:00,O,Property Damage Only,O,No Apparent Injury (O),2,State,11.2,10,CT-10,10-N,SHERMAN AV NO 1,,,,,4,Rain,4,Dark-Lighted,2,Wet,25600,"Trafficway, On Road",11/11/22 23:40
3712,993541,1,41.366191,-72.919093,3488732,11/12/22,3:57:00,O,Property Damage Only,O,No Apparent Injury (O),1,State,50.38,15,15-S,15-S,,15-S-119,2,TenthsofMile,N,1,Clear,5,Dark-Not Lighted,2,Wet,73800,"Trafficway, On Road",11/12/22 3:57
4687,993667,1,41.333297,-72.900608,3488858,11/12/22,8:31:00,O,Property Damage Only,O,No Apparent Injury (O),2,USRoute,1.4,5,US-5,5-N,,Cook St.,170,Feet,N,1,Clear,1,Daylight,2,Wet,14500,"Trafficway, On Road",11/12/22 8:31
3273,994830,1,41.38053,-72.90076,3490021,11/12/22,13:37:00,O,Property Damage Only,O,No Apparent Injury (O),2,State,51.75,15,15-N,15-N,,RT-15 northbound,10,Feet,S,1,Clear,1,Daylight,1,Dry,68500,"Trafficway, On Road",11/12/22 13:37
2143,995821,1,41.388314,-72.90004,3491012,11/13/22,7:08:00,O,Property Damage Only,O,No Apparent Injury (O),2,State,9.34,10,CT-10,10-N,LINCOLN ST,,,,,4,Rain,1,Daylight,2,Wet,17100,"Trafficway, On Road",11/13/22 7:08
8847,999174,1,41.439605,-72.915244,3493374,11/13/22,16:47:00,O,Property Damage Only,O,No Apparent Injury (O),1,Local,1.92,507,STILL HILL RD,STILL HILL RD,,Birchwood Dr,68,Feet,S,1,Clear,4,Dark-Lighted,1,Dry,,"Trafficway, On Road",11/13/22 16:47
8548,995822,1,41.394233,-72.92325,3491013,11/13/22,18:10:00,O,Property Damage Only,O,No Apparent Injury (O),1,Local,1.32,489,SHEPARD AV,SHEPARD AV,,Bear Path Road,200,Feet,N,1,Clear,4,Dark-Lighted,1,Dry,,"Trafficway, On Road",11/13/22 18:10
4780,994747,1,41.351097,-72.892164,3489938,11/13/22,20:55:00,O,Property Damage Only,O,No Apparent Injury (O),2,USRoute,2.73,5,US-5,5-N,,Steven Street,50,Feet,N,1,Clear,4,Dark-Lighted,1,Dry,10100,"Trafficway, On Road",11/13/22 20:55
3943,999833,1,41.378144,-72.905303,3494032,11/14/22,11:51:00,O,Property Damage Only,O,No Apparent Injury (O),2,State,51.46,15,15-S,15-S,,15-S,40,Feet,N,1,Clear,1,Daylight,1,Dry,69900,"Trafficway, On Road",11/14/22 11:51
1643,993735,1,41.367456,-72.920442,3488926,11/14/22,14:17:00,O,Property Damage Only,O,No Apparent Injury (O),2,State,7.35,10,CT-10,10-N,,Connolly Pkwy,150,Feet,N,1,Clear,1,Daylight,1,Dry,22100,"Trafficway, On Road",11/14/22 14:17
2119,995823,1,41.383049,-72.907463,3491014,11/14/22,16:19:00,O,Property Damage Only,O,No Apparent Injury (O),2,State,8.69,10,CT-10,10-N,,EVERGREEN AVE,95,Feet,N,1,Clear,1,Daylight,1,Dry,17200,"Trafficway, On Road",11/14/22 16:19
1645,994748,1,41.36921,-72.91929,3489939,11/14/22,19:56:00,O,Property Damage Only,O,No Apparent Injury (O),2,State,7.48,10,CT-10,10-N,,Connolly Pkwy,1,TenthsofMile,N,1,Clear,4,Dark-Lighted,1,Dry,22100,"Trafficway, On Road",11/14/22 19:56
4621,995638,1,41.40000748,-72.89579501,3490829,11/14/22,20:39:00,O,Property Damage Only,O,No Apparent Injury (O),2,State,0.1,40,40-S,40-S-6,40-S-6,,,,,1,Clear,4,Dark-Lighted,1,Dry,14400,"Trafficway, On Road",11/14/22 20:39
3017,994116,1,41.374487,-72.915926,3489307,11/15/22,8:52:00,A,"Injury of any type (Serious, Minor, Possible)",C,Possible Injury (C),2,Local,0,144,CT-10,DIXWELL AV NO 2 RT 10 NB,SKIFF ST,dixwell ave,30,Feet,E,1,Clear,1,Daylight,1,Dry,,"Trafficway, On Road",11/15/22 8:52
6451,1001510,1,41.367397,-72.92124214,3495709,11/15/22,14:08:00,A,"Injury of any type (Serious, Minor, Possible)",A,Suspected Serious Injury (A),1,,,,DIXWELL AV,2040 DIXWELL AVE,,Dixwell AVE,200,Feet,W,1,Clear,1,Daylight,1,Dry,,Non-trafficway,11/15/22 14:08
3779,995842,1,41.378878,-72.90394,3491033,11/15/22,14:43:00,O,Property Damage Only,O,No Apparent Injury (O),2,State,51.58,15,15-S,15-S,,Exit 61,10,Feet,N,1,Clear,1,Daylight,1,Dry,72100,"Trafficway, On Road",11/15/22 14:43
1649,999525,1,41.370199,-72.91868,3493724,11/15/22,15:55:00,O,Property Damage Only,O,No Apparent Injury (O),2,State,7.56,10,CT-10,10-N,,Skiff St,1739,Feet,S,1,Clear,1,Daylight,1,Dry,22100,"Trafficway, On Road",11/15/22 15:55
6014,995824,1,41.350791,-72.943836,3491015,11/15/22,16:49:00,O,Property Damage Only,O,No Apparent Injury (O),2,Local,0.5,63,BROOK ST,BROOK ST,,Pine Rock Ave,10,Feet,W,1,Clear,3,Dusk,1,Dry,,"Trafficway, On Road",11/15/22 16:49
5932,994544,1,41.364611,-72.929213,3489735,11/15/22,16:56:00,O,Property Damage Only,O,No Apparent Injury (O),2,Local,0.3,42,BENHAM ST,BENHAM ST,MIX AV,,,,,1,Clear,4,Dark-Lighted,1,Dry,,"Trafficway, On Road",11/15/22 16:56
2535,994044,1,41.380282,-72.913285,3489235,11/15/22,17:34:00,O,Property Damage Only,O,No Apparent Injury (O),2,State,8.32,10,CT-10,10-N,,Sanford St,355,Feet,S,1,Clear,4,Dark-Lighted,1,Dry,11300,"Trafficway, On Road",11/15/22 17:34
8546,994749,1,41.433116,-72.914038,3489940,11/15/22,17:42:00,O,Property Damage Only,O,No Apparent Injury (O),1,Local,4.14,489,SHEPARD AV,SHEPARD AV,,Whitney Avenue,4,TenthsofMile,S,1,Clear,4,Dark-Lighted,2,Wet,,"Trafficway, On Road",11/15/22 17:42
1646,994787,1,41.373988,-72.916167,3489978,11/15/22,20:55:00,O,Property Damage Only,O,No Apparent Injury (O),2,State,7.85,10,CT-10,10-N,,Skiff St,205,Feet,S,4,Rain,4,Dark-Lighted,2,Wet,22100,"Trafficway, On Road",11/15/22 20:55
9154,994117,1,41.4186378,-72.9489308,3489308,11/16/22,6:53:00,A,"Injury of any type (Serious, Minor, Possible)",B,Suspected Minor Injury (B),1,Local,0.13,655,WEST WOODS RD,WEST WOODS RD NO 2,,Gaylord Mountain Road,5,TenthsofMile,S,4,Rain,4,Dark-Lighted,2,Wet,,"Trafficway, On Road",11/16/22 6:53
5699,1001583,1,41.338256,-72.941723,3495782,11/16/22,10:44:00,A,"Injury of any type (Serious, Minor, Possible)",B,Suspected Minor Injury (B),2,Local,0.02,14,ARCH ST,ARCH ST,FTICH ST,,,,,2,Cloudy,1,Daylight,2,Wet,,"Trafficway, On Road",11/16/22 10:44
3404,997445,1,41.380568,-72.900775,3492636,11/16/22,14:40:00,O,Property Damage Only,O,No Apparent Injury (O),2,State,0.22,15,15-N,15-N-125,,15-N,45,Feet,S,1,Clear,1,Daylight,1,Dry,58000,"Trafficway, On Road",11/16/22 14:40
6249,996424,1,41.35881,-72.93745,3491615,11/16/22,15:08:00,O,Property Damage Only,O,No Apparent Injury (O),2,Local,0.5,99,CIRCULAR AV,CIRCULAR AV,PLAINS RD,,,,,1,Clear,1,Daylight,1,Dry,,"Trafficway, On Road",11/16/22 15:08
1557,994788,1,41.34676,-72.93363,3489979,11/16/22,15:37:00,O,Property Damage Only,O,No Apparent Injury (O),2,State,5.77,10,CT-10,10-N,,Putnam Ave,100,Feet,N,1,Clear,1,Daylight,1,Dry,22500,"Trafficway, On Road",11/16/22 15:37
4618,997446,1,41.39562905,-72.88835774,3492637,11/16/22,16:21:00,A,"Injury of any type (Serious, Minor, Possible)",B,Suspected Minor Injury (B),1,State,2.43,40,40-S,40-S,,40-S-53,9,TenthsofMile,W,1,Clear,5,Dark-Not Lighted,1,Dry,23200,"Trafficway, On Road",11/16/22 16:21
4163,995670,1,41.378195,-72.905295,3490861,11/16/22,17:16:00,O,Property Damage Only,O,No Apparent Injury (O),2,State,0.18,15,15-S,15-S-122,,15-S,5,Feet,W,1,Clear,5,Dark-Not Lighted,1,Dry,58000,"Trafficway, On Road",11/16/22 17:16
1460,995825,1,41.35078,-72.93157,3491016,11/16/22,17:38:00,O,Property Damage Only,O,No Apparent Injury (O),2,State,6.07,10,CT-10,10-N,,Beacon St,200,Feet,S,1,Clear,5,Dark-Not Lighted,1,Dry,22700,"Trafficway, On Road",11/16/22 17:38
3651,995671,1,41.363838,-72.92928,3490862,11/16/22,19:09:00,O,Property Damage Only,O,No Apparent Injury (O),2,State,49.8,15,15-S,15-S,,15-N-220,2,TenthsofMile,S,1,Clear,5,Dark-Not Lighted,1,Dry,79100,"Trafficway, On Road",11/16/22 19:09
8134,994750,1,41.344825,-72.919531,3489941,11/17/22,14:09:00,O,Property Damage Only,O,No Apparent Injury (O),1,Local,0.38,439,PUTNAM AV,PUTNAM AV,,Francis Street ,100,Feet,W,1,Clear,1,Daylight,1,Dry,,"Trafficway, On Road",11/17/22 14:09
8547,995797,1,41.40562,-72.923195,3490988,11/17/22,16:32:00,O,Property Damage Only,O,No Apparent Injury (O),1,Local,2.12,489,SHEPARD AV,SHEPARD AV,,Nolan Road,50,Feet,N,1,Clear,3,Dusk,1,Dry,,"Trafficway, On Road",11/17/22 16:32
7079,995798,1,41.385258,-72.906808,3490989,11/17/22,17:28:00,O,Property Damage Only,O,No Apparent Injury (O),2,Local,0.61,713,HAMDEN HILLS DR,HAMDEN HILLS DR,SCHOOL ST,,,,,1,Clear,4,Dark-Lighted,1,Dry,,"Trafficway, On Road",11/17/22 17:28
2941,1016999,1,41.36829,-72.919866,3511195,11/17/22,18:42:00,O,Property Damage Only,O,No Apparent Injury (O),2,State,7.41,10,CT-10,10-N,,Colony Parkway,450,Feet,N,1,Clear,4,Dark-Lighted,1,Dry,,"Trafficway, On Road",11/17/22 18:42
5169,999175,1,41.370803,-72.906493,3493375,11/17/22,20:05:00,O,Property Damage Only,O,No Apparent Injury (O),2,State,2.72,707,WHITNEY AV,707-N,,SKIFF ST,10,Feet,S,1,Clear,4,Dark-Lighted,1,Dry,13400,"Trafficway, On Road",11/17/22 20:05
7977,995799,1,41.372681,-72.917257,3490990,11/17/22,23:26:00,O,Property Damage Only,O,No Apparent Injury (O),2,,,,PLAZA ENT.,PLAZA ENT.,,SKIFF ST,5,Feet,W,1,Clear,4,Dark-Lighted,1,Dry,,"Trafficway, On Road",11/17/22 23:26
5004,1005370,1,41.343736,-72.912062,3499568,11/18/22,8:09:00,O,Property Damage Only,O,No Apparent Injury (O),2,State,0.77,707,WHITNEY AV,707-N,ELI RD,,,,,1,Clear,1,Daylight,1,Dry,14400,"Trafficway, On Road",11/18/22 8:09
2981,1027234,1,41.382377,-72.910169,3521428,11/18/22,13:24:00,O,Property Damage Only,O,No Apparent Injury (O),2,State,8.55,10,CT-10,10-N,THOMPSON ST,,,,,1,Clear,1,Daylight,1,Dry,,"Trafficway, On Road",11/18/22 13:24
1647,996425,1,41.37198,-72.9175,3491616,11/18/22,16:30:00,A,"Injury of any type (Serious, Minor, Possible)",B,Suspected Minor Injury (B),2,State,7.7,10,CT-10,10-N,,Skiff Street,1000,Feet,S,1,Clear,1,Daylight,1,Dry,22100,"Trafficway, On Road",11/18/22 16:30
5951,1004517,1,41.35721,-72.93207,3498715,11/18/22,18:02:00,O,Property Damage Only,O,No Apparent Injury (O),3,Local,0.12,50,BLUE HILLS AV,BLUE HILLS AV,,Noble Ct,50,Feet,N,1,Clear,5,Dark-Not Lighted,1,Dry,,"Trafficway, On Road",11/18/22 18:02
8136,1003855,1,41.34358,-72.927,3498053,11/18/22,18:08:00,O,Property Damage Only,O,No Apparent Injury (O),2,Local,0.77,439,PUTNAM AV,PUTNAM AV,,Newhall St,100,Feet,S,1,Clear,4,Dark-Lighted,1,Dry,,"Trafficway, On Road",11/18/22 18:08
6782,997111,1,41.385404,-72.928564,3492302,11/18/22,19:46:00,A,"Injury of any type (Serious, Minor, Possible)",C,Possible Injury (C),2,Local,0.2,197,FOUR ROD RD,FOUR ROD RD,EARL AV,,,,,1,Clear,4,Dark-Lighted,1,Dry,,"Trafficway, On Road",11/18/22 19:46
5715,997112,1,41.336588,-72.911608,3492303,11/18/22,20:15:00,A,"Injury of any type (Serious, Minor, Possible)",B,Suspected Minor Injury (B),2,Local,0.01,17,ARMORY ST,ARMORY ST,,Whitney Ave,5,Feet,W,99,Unknown,4,Dark-Lighted,99,Unknown,,"Trafficway, On Road",11/18/22 20:15
418,1005173,1,41.357442,-72.926911,3499371,11/19/22,9:49:00,O,Property Damage Only,O,No Apparent Injury (O),2,State,6.59,10,CT-10,10-N,HILLCREST AV,,,,,1,Clear,1,Daylight,1,Dry,27800,"Trafficway, On Road",11/19/22 9:49
4074,997516,1,41.365862,-72.92168,3492707,11/20/22,9:23:00,O,Property Damage Only,O,No Apparent Injury (O),2,State,50.25,15,15-S,15-S,,15-S-119,100,Feet,N,1,Clear,1,Daylight,1,Dry,66000,"Trafficway, On Road",11/20/22 9:23
7528,997113,1,41.373975,-72.921947,3492304,11/20/22,15:05:00,O,Property Damage Only,O,No Apparent Injury (O),2,Local,0.76,366,MIX AV,MIX AV,,Skiff Street,1000,Feet,S,1,Clear,1,Daylight,1,Dry,,"Trafficway, On Road",11/20/22 15:05
8833,995801,1,41.351334,-72.894289,3490992,11/21/22,7:51:00,O,Property Damage Only,O,No Apparent Injury (O),2,Local,0,506,STEVENS ST,STEVENS ST,EDGECOMB ST,,,,,1,Clear,1,Daylight,1,Dry,,"Trafficway, Not on Road",11/21/22 7:51
4750,995826,1,41.336315,-72.899418,3491017,11/21/22,7:57:00,O,Property Damage Only,O,No Apparent Injury (O),2,USRoute,1.63,5,US-5,5-N,,Ridge Rd.,300,Feet,N,1,Clear,1,Daylight,1,Dry,11900,"Trafficway, On Road",11/21/22 7:57
1651,1003856,1,41.370618,-72.91839,3498054,11/21/22,11:24:00,O,Property Damage Only,O,No Apparent Injury (O),2,State,7.59,10,CT-10,10-N,,Skiff Street,3,TenthsofMile,S,1,Clear,1,Daylight,1,Dry,22100,"Trafficway, On Road",11/21/22 11:24
6023,999176,1,41.337629,-72.922399,3493376,11/21/22,15:52:00,O,Property Damage Only,O,No Apparent Injury (O),2,Local,0.12,69,BRYDEN TER,BRYDEN TER,WADSWORTH ST,,,,,1,Clear,4,Dark-Lighted,1,Dry,,"Trafficway, On Road",11/21/22 15:52
759,997595,1,41.413826,-72.902035,3492786,11/21/22,17:42:00,O,Property Damage Only,O,No Apparent Injury (O),2,State,11.17,10,CT-10,10-N,SHERMAN AV NO 2,,,,,1,Clear,4,Dark-Lighted,1,Dry,25600,"Trafficway, On Road",11/21/22 17:42
4099,1002687,1,41.379375,-72.90335,3496886,11/21/22,17:48:00,O,Property Damage Only,O,No Apparent Injury (O),2,State,0,15,15-S,15-S-122,Route 15,,,,,1,Clear,4,Dark-Lighted,1,Dry,58100,"Trafficway, On Road",11/21/22 17:48
2294,1003857,1,41.383693,-72.901855,3498055,11/22/22,10:15:00,O,Property Damage Only,O,No Apparent Injury (O),2,State,9,10,CT-10,10-N,,Dixwell Avenue,50,Feet,N,1,Clear,1,Daylight,1,Dry,16700,"Trafficway, On Road",11/22/22 10:15
8556,1012779,1,41.3855,-72.92148,3506975,11/22/22,11:41:00,A,"Injury of any type (Serious, Minor, Possible)",B,Suspected Minor Injury (B),2,Local,0.72,489,SHEPARD AV,SHEPARD AV,,four rod rd,130,Feet,N,1,Clear,1,Daylight,1,Dry,,"Trafficway, On Road",11/22/22 11:41
7529,997974,1,41.374919,-72.921276,3493165,11/22/22,14:55:00,O,Property Damage Only,O,No Apparent Injury (O),2,Local,0.84,366,MIX AV,MIX AV,,SKIFF ST,585,Feet,S,1,Clear,1,Daylight,1,Dry,,"Trafficway, On Road",11/22/22 14:55
1461,997114,1,41.353866,-72.929826,3492305,11/22/22,16:49:00,A,"Injury of any type (Serious, Minor, Possible)",C,Possible Injury (C),2,State,6.3,10,CT-10,10-N,,Treadwell Street,50,Feet,S,1,Clear,4,Dark-Lighted,1,Dry,22700,"Trafficway, On Road",11/22/22 16:49
8549,997115,1,41.38047,-72.91725,3492306,11/23/22,5:59:00,A,"Injury of any type (Serious, Minor, Possible)",C,Possible Injury (C),1,Local,0.28,489,SHEPARD AV,SHEPARD AV,,Mix Ave.,100,Feet,N,1,Clear,4,Dark-Lighted,1,Dry,,"Trafficway, Not on Road",11/23/22 5:59
4109,996476,1,41.366119,-72.921589,3491667,11/23/22,6:54:00,O,Property Damage Only,O,No Apparent Injury (O),2,State,0.18,15,15-S,15-S-119,10-N,,,,,1,Clear,1,Daylight,1,Dry,58000,"Trafficway, On Road",11/23/22 6:54
1773,1001558,1,41.34449,-72.93434,3495757,11/23/22,7:29:00,A,"Injury of any type (Serious, Minor, Possible)",B,Suspected Minor Injury (B),2,State,5.6,10,CT-10,10-N,WOODIN ST,,,,,1,Clear,1,Daylight,1,Dry,21200,"Trafficway, On Road",11/23/22 7:29
1465,1003858,1,41.352622,-72.93067,3498056,11/23/22,8:12:00,O,Property Damage Only,O,No Apparent Injury (O),2,State,6.2,10,CT-10,10-N,,CHURCH ST,85,Feet,S,1,Clear,1,Daylight,1,Dry,22700,"Trafficway, On Road",11/23/22 8:12
3714,1007225,1,41.367145,-72.917456,3501423,11/23/22,14:23:00,O,Property Damage Only,O,No Apparent Injury (O),3,State,50.49,15,15-S,15-S,,15-S-119,3,TenthsofMile,N,1,Clear,1,Daylight,1,Dry,73800,"Trafficway, On Road",11/23/22 14:23
415,997596,1,41.357829,-72.926622,3492787,11/23/22,14:36:00,O,Property Damage Only,O,No Apparent Injury (O),2,State,6.62,10,CT-10,10-N,,Hillcrest Ave,200,Feet,N,1,Clear,1,Daylight,1,Dry,27800,"Trafficway, On Road",11/23/22 14:36
1559,997116,1,41.346868,-72.9337,3492307,11/23/22,15:24:00,O,Property Damage Only,O,No Apparent Injury (O),2,State,5.78,10,CT-10,10-N,,Helen Street,180,Feet,N,1,Clear,1,Daylight,1,Dry,22500,"Trafficway, On Road",11/23/22 15:24
1462,997117,1,41.35054,-72.931759,3492308,11/23/22,16:25:00,O,Property Damage Only,O,No Apparent Injury (O),2,State,6.05,10,CT-10,10-N,LEXINGTON ST,,,,,1,Clear,3,Dusk,1,Dry,22700,"Trafficway, On Road",11/23/22 16:25
3121,997553,1,41.35754,-72.94314,3492744,11/23/22,17:15:00,A,"Injury of any type (Serious, Minor, Possible)",C,Possible Injury (C),2,State,48.94,15,15-N,15-N,,15-N-220,10,TenthsofMile,S,1,Clear,5,Dark-Not Lighted,1,Dry,79100,"Trafficway, On Road",11/23/22 17:15
3326,999247,1,41.365763,-72.921232,3493447,11/24/22,9:18:00,A,"Injury of any type (Serious, Minor, Possible)",C,Possible Injury (C),4,State,50.24,15,15-N,15-N,,Exit #60,2,TenthsofMile,N,1,Clear,1,Daylight,1,Dry,66000,"Trafficway, On Road",11/24/22 9:18
7960,999759,1,41.340599,-72.945302,3493958,11/24/22,22:59:00,A,"Injury of any type (Serious, Minor, Possible)",B,Suspected Minor Injury (B),1,Local,0.3,664,PINE ROCK AV,PINE ROCK AV NO 2,ARCH ST,,,,,1,Clear,4,Dark-Lighted,1,Dry,,"Trafficway, On Road",11/24/22 22:59
9161,999526,1,41.385708,-72.912643,3493725,11/25/22,12:03:00,O,Property Damage Only,O,No Apparent Injury (O),2,Local,0.28,569,WESTMINISTER ST,WESTMINISTER ST,,Dorance Street,500,Feet,S,1,Clear,99,Unknown,1,Dry,,"Trafficway, On Road",11/25/22 12:03
1772,997118,1,41.341897,-72.93489,3492309,11/25/22,21:19:00,O,Property Damage Only,O,No Apparent Injury (O),2,State,5.43,10,CT-10,10-N,,North Street,55,Feet,N,1,Clear,4,Dark-Lighted,1,Dry,21200,"Trafficway, On Road",11/25/22 21:19
6093,997938,1,41.4215,-72.93136,3493129,11/26/22,5:28:00,O,Property Damage Only,O,No Apparent Injury (O),1,Local,0.09,96,CHOATE AV,CHOATE AV,,Still Hill,1,TenthsofMile,E,1,Clear,4,Dark-Lighted,1,Dry,,"Trafficway, On Road",11/26/22 5:28
4688,1003286,1,41.331403,-72.900073,3497485,11/26/22,12:55:00,A,"Injury of any type (Serious, Minor, Possible)",C,Possible Injury (C),2,USRoute,1.27,5,US-5,5-N,,benton st,120,Feet,N,1,Clear,1,Daylight,1,Dry,14500,"Trafficway, On Road",11/26/22 12:55
7611,997939,1,41.336806,-72.924784,3493130,11/27/22,19:12:00,A,"Injury of any type (Serious, Minor, Possible)",B,Suspected Minor Injury (B),2,Local,0.54,370,MORSE ST,MORSE ST,WINCHESTER AV,,,,,4,Rain,4,Dark-Lighted,2,Wet,,"Trafficway, On Road",11/27/22 19:12
4175,1001222,1,41.3793972,-72.90375396,3495421,11/28/22,13:05:00,A,"Injury of any type (Serious, Minor, Possible)",C,Possible Injury (C),2,State,0.16,15,15-S,15-S-123,,Exit 61,500,Feet,S,1,Clear,1,Daylight,1,Dry,58000,"Trafficway, On Road",11/28/22 13:05
1945,997961,1,41.382904,-72.907787,3493152,11/28/22,13:16:00,O,Property Damage Only,O,No Apparent Injury (O),2,State,8.67,10,CT-10,10-N,EVERGREEN AV,,,,,1,Clear,1,Daylight,1,Dry,18600,"Trafficway, On Road",11/28/22 13:16
1902,1001540,1,41.42154,-72.904896,3495739,11/28/22,16:58:00,O,Property Damage Only,O,No Apparent Injury (O),2,State,11.72,10,CT-10,10-N,,Mt Carmel Ave,378,Feet,N,1,Clear,4,Dark-Lighted,1,Dry,19300,"Trafficway, On Road",11/28/22 16:58
2293,999178,1,41.384586,-72.901379,3493378,11/28/22,17:14:00,O,Property Damage Only,O,No Apparent Injury (O),1,State,9.06,10,CT-10,10-N,SCHOOL ST,,,,,1,Clear,4,Dark-Lighted,1,Dry,16700,"Trafficway, On Road",11/28/22 17:14
6838,997940,1,41.44526,-72.95582,3493131,11/29/22,6:06:00,O,Property Damage Only,O,No Apparent Injury (O),1,Local,2.05,208,GAYLORD MOUNTAIN RD,GAYLORD MOUNTAIN RD,,Handy Road,150,Feet,W,1,Clear,4,Dark-Lighted,1,Dry,,"Trafficway, On Road",11/29/22 6:06
4883,999179,1,41.347924,-72.913148,3493379,11/29/22,8:51:00,O,Property Damage Only,O,No Apparent Injury (O),2,State,1.08,707,WHITNEY AV,707-N,TREADWELL ST,,,,,1,Clear,1,Daylight,1,Dry,17100,"Trafficway, On Road",11/29/22 8:51
3713,1002716,1,41.377852,-72.905619,3496915,11/29/22,9:50:00,O,Property Damage Only,O,No Apparent Injury (O),2,State,51.43,15,15-S,15-S,,15-S-112,100,Feet,S,1,Clear,1,Daylight,1,Dry,73800,"Trafficway, On Road",11/29/22 9:50
7121,1003444,1,41.352576,-72.900621,3497643,11/29/22,15:25:00,A,"Injury of any type (Serious, Minor, Possible)",B,Suspected Minor Injury (B),2,Local,1.04,242,HARTFORD TPK,HARTFORD TPK,WAITE ST,,,,,1,Clear,1,Daylight,1,Dry,,"Trafficway, On Road",11/29/22 15:25
1946,1003840,1,41.403817,-72.898287,3498038,11/29/22,17:06:00,O,Property Damage Only,O,No Apparent Injury (O),3,State,10.45,10,CT-10,10-N,22-E,,,,,1,Clear,4,Dark-Lighted,1,Dry,18600,"Trafficway, On Road",11/29/22 17:06
1463,1003841,1,41.35111,-72.9314,3498039,11/29/22,23:45:00,O,Property Damage Only,O,No Apparent Injury (O),1,State,6.1,10,CT-10,10-N,,Beacon St,20,Feet,S,1,Clear,5,Dark-Not Lighted,1,Dry,22700,"Trafficway, On Road",11/29/22 23:45