,CrashId,Fatal Case Status,lat,lon,DOT Case Number,Date Of Crash,Time of Crash,Crash Severity,Crash Severity Text Format,Most Severe Injury,Most Severe Injury Text Format,Number Of Motor Vehicles,Route Class Text Format,Milemarker,Road Number,Road Description,Roadway Name,Intersecting Roadway Name,Landmark Description,Distance From Nearest Landmark,Unit Of Measure From Nearest Landmark,Direction From Nearest Landmark,Weather Condition,Weather Condition Text Format,Light Condition,Light Condition Text Format,Road Surface Condition,Road Surface Condition Text Format,Average Daily Traffic,Trafficway Class Text Format,full_date
4689,1003287,1,41.333349,-72.900633,3497486,11/30/22,10:20:00,A,"Injury of any type (Serious, Minor, Possible)",C,Possible Injury (C),2,USRoute,1.41,5,US-5,5-N,,Cook Street,100,Feet,N,1,Clear,1,Daylight,1,Dry,14500,"Trafficway, On Road",11/30/22 10:20
6975,1001613,1,41.3342002,-72.9200633,3495812,11/30/22,12:49:00,O,Property Damage Only,O,No Apparent Injury (O),1,Local,0.01,222,GOODRICH ST,GOODRICH ST,Prospect Street,,,,W,4,Rain,1,Daylight,2,Wet,,"Trafficway, On Road",11/30/22 12:49
761,1003842,1,41.405886,-72.899142,3498040,11/30/22,13:53:00,O,Property Damage Only,O,No Apparent Injury (O),2,State,10.6,10,CT-10,10-N,,HOME PLACE,200,Feet,S,4,Rain,1,Daylight,2,Wet,25600,"Trafficway, On Road",11/30/22 13:53
2144,999501,1,41.384868,-72.901411,3493700,11/30/22,14:14:00,O,Property Damage Only,O,No Apparent Injury (O),2,State,9.09,10,CT-10,10-N,,School Street,100,Feet,N,4,Rain,1,Daylight,2,Wet,17100,"Trafficway, On Road",11/30/22 14:14
622,1001511,1,41.418396,-72.90372,3495710,11/30/22,16:42:00,O,Property Damage Only,O,No Apparent Injury (O),2,State,11.49,10,CT-10,10-N,,west woods rd,3,TenthsofMile,S,4,Rain,4,Dark-Lighted,2,Wet,26100,"Trafficway, On Road",11/30/22 16:42
6839,1000573,1,41.431196,-72.941742,3494772,11/30/22,18:23:00,O,Property Damage Only,O,No Apparent Injury (O),1,Local,0.55,208,GAYLORD MOUNTAIN RD,GAYLORD MOUNTAIN RD,,hunting ridge rd,1,TenthsofMile,N,4,Rain,5,Dark-Not Lighted,2,Wet,,"Trafficway, On Road",11/30/22 18:23
6840,1003843,1,41.430671,-72.941894,3498041,11/30/22,18:23:00,O,Property Damage Only,O,No Apparent Injury (O),1,Local,0.51,208,GAYLORD MOUNTAIN RD,GAYLORD MOUNTAIN RD,,Huntington Ridge Rd,1,TenthsofMile,N,4,Rain,5,Dark-Not Lighted,2,Wet,,"Trafficway, On Road",11/30/22 18:23
5001,999760,1,41.340166,-72.912969,3493959,12/1/22,3:47:00,O,Property Damage Only,O,No Apparent Injury (O),1,State,0.52,707,WHITNEY AV,707-N,BLAKE RD,,,,,1,Clear,4,Dark-Lighted,1,Dry,14400,"Trafficway, On Road",12/1/22 3:47
6868,1000574,1,41.366584,-72.948698,3494773,12/1/22,11:20:00,O,Property Damage Only,O,No Apparent Injury (O),2,Local,1.16,212,GILBERT AV,GILBERT AV,,Behnam St,585,Feet,S,1,Clear,1,Daylight,1,Dry,,"Trafficway, On Road",12/1/22 11:20
6365,1000575,1,41.341307,-72.907539,3494774,12/1/22,14:45:00,O,Property Damage Only,O,No Apparent Injury (O),2,Local,0.52,128,DAVIS ST,DAVIS ST,HARTFORD TPK,,,,,1,Clear,1,Daylight,1,Dry,,"Trafficway, On Road",12/1/22 14:45
6018,1001512,1,41.454914,-72.916744,3495711,12/2/22,7:04:00,O,Property Damage Only,O,No Apparent Injury (O),1,Local,1.09,66,BROOKSVALE AV,BROOKSVALE AV,,MT SANFORD RD,1905,Feet,S,1,Clear,4,Dark-Lighted,1,Dry,,"Trafficway, On Road",12/2/22 7:04
1027,1004020,1,41.345877,-72.934129,3498218,12/2/22,9:23:00,O,Property Damage Only,O,No Apparent Injury (O),2,State,5.71,10,CT-10,10-N,,PUTNAM AVE,145,Feet,S,1,Clear,1,Daylight,1,Dry,24800,"Trafficway, On Road",12/2/22 9:23
1464,1003844,1,41.349966,-72.932006,3498042,12/2/22,12:59:00,O,Property Damage Only,O,No Apparent Injury (O),2,State,6,10,CT-10,10-N,,COLLINS ST,105,Feet,N,1,Clear,1,Daylight,1,Dry,22700,"Trafficway, On Road",12/2/22 12:59
1650,1003845,1,41.372539,-72.917108,3498043,12/2/22,13:38:00,O,Property Damage Only,O,No Apparent Injury (O),2,State,7.74,10,CT-10,10-N,,SKIFF ST,815,Feet,S,1,Clear,1,Daylight,1,Dry,22100,"Trafficway, On Road",12/2/22 13:38
1466,1004021,1,41.352381,-72.930658,3498219,12/2/22,13:49:00,O,Property Damage Only,O,No Apparent Injury (O),2,State,6.19,10,CT-10,10-N,,Church Street,150,Feet,S,1,Clear,1,Daylight,1,Dry,22700,"Trafficway, On Road",12/2/22 13:49
6544,1003815,1,41.336979,-72.933201,3498013,12/2/22,15:34:00,O,Property Damage Only,O,No Apparent Injury (O),2,Local,0.1,150,DUDLEY ST,DUDLEY ST,,Dudley CT,160,Feet,W,1,Clear,1,Daylight,1,Dry,,"Trafficway, On Road",12/2/22 15:34
8816,1000576,1,41.374702,-72.916497,3494775,12/2/22,17:30:00,O,Property Damage Only,O,No Apparent Injury (O),2,Local,0.04,495,SKIFF ST EXT,SKIFF ST EXT,,10-N,100,Feet,W,1,Clear,4,Dark-Lighted,1,Dry,,"Trafficway, On Road",12/2/22 17:30
760,1003347,1,41.410137,-72.900672,3497546,12/2/22,18:22:00,A,"Injury of any type (Serious, Minor, Possible)",B,Suspected Minor Injury (B),3,State,10.91,10,CT-10,10-N,,Evergreen Ave ,100,Feet,N,1,Clear,4,Dark-Lighted,1,Dry,25600,"Trafficway, On Road",12/2/22 18:22
2580,1005265,1,41.338322,-72.937911,3499463,12/3/22,9:11:00,A,"Injury of any type (Serious, Minor, Possible)",C,Possible Injury (C),2,State,5.05,10,CT-10,10-N,BOWEN ST,,,,,4,Rain,1,Daylight,2,Wet,11200,"Trafficway, On Road",12/3/22 9:11
7405,1012780,1,41.356356,-72.920935,3506976,12/3/22,9:16:00,O,Property Damage Only,O,No Apparent Injury (O),2,Local,0.7,352,MATHER ST,MATHER ST,WAITE ST,,,,,1,Clear,1,Daylight,1,Dry,,"Trafficway, On Road",12/3/22 9:16
1561,1005266,1,41.34839,-72.93276,3499464,12/3/22,9:48:00,O,Property Damage Only,O,No Apparent Injury (O),2,State,5.89,10,CT-10,10-N,SCOTT ST,,,,,4,Rain,1,Daylight,2,Wet,22500,"Trafficway, On Road",12/3/22 9:48
4165,1001465,1,41.378239,-72.905301,3495664,12/3/22,11:08:00,O,Property Damage Only,O,No Apparent Injury (O),2,State,0.17,15,15-S,15-S-122,,15-S,50,Feet,N,4,Rain,1,Daylight,2,Wet,58000,"Trafficway, On Road",12/3/22 11:08
7348,1005371,1,41.363984,-72.963049,3499569,12/3/22,11:26:00,A,"Injury of any type (Serious, Minor, Possible)",B,Suspected Minor Injury (B),1,Local,1.82,340,MAIN ST,MAIN ST,,Mansur Road,50,Feet,S,4,Rain,1,Daylight,2,Wet,,"Trafficway, On Road",12/3/22 11:26
3254,1001466,1,41.377893,-72.90547,3495665,12/3/22,11:46:00,O,Property Damage Only,O,No Apparent Injury (O),2,State,51.46,15,15-N,15-N,,Exit 61 On Ramp,5,Feet,N,4,Rain,1,Daylight,2,Wet,69900,"Trafficway, On Road",12/3/22 11:46
5170,1005267,1,41.363393,-72.90888,3499465,12/3/22,12:05:00,A,"Injury of any type (Serious, Minor, Possible)",C,Possible Injury (C),2,State,2.2,707,WHITNEY AV,707-N,SANTA FE AV,,,,,4,Rain,1,Daylight,2,Wet,13400,"Trafficway, On Road",12/3/22 12:05
4585,1012473,1,41.400033,-72.89511,3506669,12/3/22,12:08:00,O,Property Damage Only,O,No Apparent Injury (O),2,State,2.92,40,40-N,40-N,,RT 10 ,900,Feet,E,4,Rain,1,Daylight,2,Wet,20700,"Trafficway, On Road",12/3/22 12:08
4626,1000450,1,41.401959,-72.899244,3494649,12/3/22,17:02:00,O,Property Damage Only,O,No Apparent Injury (O),1,State,0.12,40,40-S,40-S-9,,10-N,1,TenthsofMile,S,1,Clear,4,Dark-Lighted,2,Wet,14400,"Trafficway, On Road",12/3/22 17:02
5700,1007011,1,41.340381,-72.94469,3501209,12/3/22,19:54:00,A,"Injury of any type (Serious, Minor, Possible)",A,Suspected Serious Injury (A),1,Local,0.24,14,ARCH ST,ARCH ST,,PINE ROCK AVE,50,Feet,E,1,Clear,4,Dark-Lighted,1,Dry,,"Trafficway, On Road",12/3/22 19:54
8817,1001513,1,41.374853,-72.916529,3495712,12/4/22,13:30:00,A,"Injury of any type (Serious, Minor, Possible)",B,Suspected Minor Injury (B),2,Local,0.05,495,SKIFF ST EXT,SKIFF ST EXT,,Dixwell Ave,190,Feet,W,1,Clear,1,Daylight,1,Dry,,"Trafficway, On Road",12/4/22 13:30
6458,1007943,1,41.3393,-72.9356,3502140,12/4/22,15:50:00,O,Property Damage Only,O,No Apparent Injury (O),2,,,,DIXWELL AV,956 DIXWELL AVE,,Dixwell ave,50,Feet,S,1,Clear,5,Dark-Not Lighted,1,Dry,,"Trafficway, On Road",12/4/22 15:50
8550,1000577,1,41.382169,-72.920053,3494776,12/4/22,16:33:00,O,Property Damage Only,O,No Apparent Injury (O),2,Local,0.47,489,SHEPARD AV,SHEPARD AV,SANFORD ST,,,,,1,Clear,4,Dark-Lighted,1,Dry,,"Trafficway, On Road",12/4/22 16:33
5742,1009688,1,41.34347,-72.91574,3503885,12/4/22,19:31:00,O,Property Damage Only,O,No Apparent Injury (O),2,Local,0.19,21,AUGUR ST,AUGUR ST,,Whitney ave,200,Feet,W,1,Clear,4,Dark-Lighted,1,Dry,,"Trafficway, On Road",12/4/22 19:31
3416,1001488,1,41.36529151,-72.92221062,3495687,12/5/22,7:38:00,O,Property Damage Only,O,No Apparent Injury (O),2,State,0.18,15,15-N,15-N-220,10-N,,,,,1,Clear,1,Daylight,1,Dry,58000,"Trafficway, On Road",12/5/22 7:38
762,1004703,1,41.40731,-72.89958,3498901,12/5/22,9:33:00,A,"Injury of any type (Serious, Minor, Possible)",B,Suspected Minor Injury (B),3,State,10.71,10,CT-10,10-N,,Home Pl,300,Feet,N,1,Clear,1,Daylight,1,Dry,25600,"Trafficway, On Road",12/5/22 9:33
6060,1001515,1,41.341382,-72.916521,3495714,12/5/22,12:54:00,O,Property Damage Only,O,No Apparent Injury (O),2,Local,0.09,82,CAROLINE ST,CAROLINE ST,,Morris St.,100,Feet,W,1,Clear,1,Daylight,1,Dry,,"Trafficway, On Road",12/5/22 12:54
85,1001516,1,41.364498,-72.922675,3495715,12/5/22,14:39:00,O,Property Damage Only,O,No Apparent Injury (O),2,State,7.12,10,CT-10,10-N,,Weybosset St.,60,Feet,N,1,Clear,1,Daylight,1,Dry,38500,"Trafficway, On Road",12/5/22 14:39
3405,1003536,1,41.380589,-72.900777,3497735,12/5/22,15:12:00,O,Property Damage Only,O,No Apparent Injury (O),2,State,0.22,15,15-N,15-N-125,,15-N,50,Feet,S,1,Clear,1,Daylight,1,Dry,58000,"Trafficway, On Road",12/5/22 15:12
8990,1001517,1,41.356029,-72.912088,3495716,12/5/22,17:16:00,O,Property Damage Only,O,No Apparent Injury (O),2,Local,0.68,548,WAITE ST,WAITE ST,,707-N,50,Feet,W,1,Clear,4,Dark-Lighted,1,Dry,,"Trafficway, On Road",12/5/22 17:16
6712,1004441,1,41.34045,-72.941562,3498639,12/6/22,6:55:00,O,Property Damage Only,O,No Apparent Injury (O),1,Local,0.15,176,FAIRVIEW AV,FAIRVIEW AV,,Arch St,2,TenthsofMile,N,1,Clear,2,Dawn,1,Dry,,"Trafficway, On Road",12/6/22 6:55
4166,1002759,1,41.378231,-72.905287,3496958,12/6/22,8:01:00,O,Property Damage Only,O,No Apparent Injury (O),2,State,0.17,15,15-S,15-S-122,,15-S,10,Feet,W,1,Clear,1,Daylight,1,Dry,58000,"Trafficway, On Road",12/6/22 8:01
3213,1003741,1,41.379078,-72.903473,3497940,12/6/22,11:53:00,O,Property Damage Only,O,No Apparent Injury (O),2,State,51.6,15,15-N,15-N,,15-N-124,1,TenthsofMile,S,1,Clear,1,Daylight,1,Dry,72100,"Trafficway, On Road",12/6/22 11:53
2372,1001519,1,41.392735,-72.897298,3495718,12/6/22,14:13:00,O,Property Damage Only,O,No Apparent Injury (O),2,State,9.67,10,CT-10,10-N,,FOREST ST.,60,Feet,W,2,Cloudy,1,Daylight,1,Dry,14800,"Trafficway, On Road",12/6/22 14:13
321,1005911,1,41.36075,-72.924827,3500109,12/6/22,15:49:00,O,Property Damage Only,O,No Apparent Injury (O),2,State,6.84,10,CT-10,10-N,,MAPLEWOOD TER,60,Feet,S,4,Rain,1,Daylight,2,Wet,32000,"Trafficway, On Road",12/6/22 15:49
4453,1003057,1,41.36313,-72.93062,3497256,12/7/22,1:02:00,O,Property Damage Only,O,No Apparent Injury (O),1,State,49.71,15,15-S,15-S,,Exit 60,0.5,TenthsofMile,S,4,Rain,5,Dark-Not Lighted,2,Wet,,"Trafficway, On Road",12/7/22 1:02
2886,1003712,1,41.42434,-72.90589,3497911,12/7/22,8:19:00,O,Property Damage Only,O,No Apparent Injury (O),2,State,11.92,10,CT-10,10-N,,todd st,24,Feet,S,1,Clear,1,Daylight,1,Dry,,"Trafficway, On Road",12/7/22 8:19
3652,1006469,1,41.36078,-72.93533,3500667,12/7/22,8:31:00,A,"Injury of any type (Serious, Minor, Possible)",B,Suspected Minor Injury (B),2,State,49.42,15,15-S,15-S,,Exit 60,0.899999976,TenthsofMile,S,4,Rain,1,Daylight,2,Wet,79100,"Trafficway, On Road",12/7/22 8:31
5301,1003713,1,41.362307,-72.909091,3497912,12/7/22,8:37:00,A,"Injury of any type (Serious, Minor, Possible)",C,Possible Injury (C),2,State,2.12,707,WHITNEY AV,707-N,SWARTHMORE ST,,,,,4,Rain,1,Daylight,2,Wet,11800,"Trafficway, On Road",12/7/22 8:37
320,1002153,1,41.362661,-72.9238,3496352,12/7/22,9:14:00,O,Property Damage Only,O,No Apparent Injury (O),2,State,6.98,10,CT-10,10-N,BENHAM ST,,,,,4,Rain,1,Daylight,2,Wet,32000,"Trafficway, On Road",12/7/22 9:14
5413,1003714,1,41.336755,-72.911547,3497913,12/7/22,13:30:00,O,Property Damage Only,O,No Apparent Injury (O),2,State,0.27,707,WHITNEY AV,707-N,,Armory Street,50,Feet,N,4,Rain,1,Daylight,2,Wet,,"Trafficway, On Road",12/7/22 13:30
2536,1001903,1,41.379322,-72.913996,3496102,12/7/22,13:46:00,A,"Injury of any type (Serious, Minor, Possible)",C,Possible Injury (C),2,State,8.24,10,CT-10,10-N,,Sanford St.,756,Feet,S,1,Clear,1,Daylight,2,Wet,11300,"Trafficway, On Road",12/7/22 13:46
2120,1001904,1,41.383598,-72.902729,3496103,12/7/22,13:51:00,A,"Injury of any type (Serious, Minor, Possible)",A,Suspected Serious Injury (A),5,State,8.94,10,CT-10,10-N,,WHITNEY AVE,230,Feet,W,1,Clear,1,Daylight,2,Wet,17200,"Trafficway, On Road",12/7/22 13:51
2537,1001905,1,41.37703,-72.91509,3496104,12/7/22,14:12:00,A,"Injury of any type (Serious, Minor, Possible)",C,Possible Injury (C),2,State,8.07,10,CT-10,10-N,,Sheppard Avenue,40,Feet,N,1,Clear,1,Daylight,2,Wet,11300,"Trafficway, On Road",12/7/22 14:12
4579,1003715,1,41.403516,-72.895627,3497914,12/7/22,14:39:00,O,Property Damage Only,O,No Apparent Injury (O),2,State,0.14,22,CT-22,22-E,NEW RD,,,,,4,Rain,1,Daylight,2,Wet,,"Trafficway, On Road",12/7/22 14:39
5002,1005268,1,41.33681,-72.911592,3499466,12/7/22,16:14:00,O,Property Damage Only,O,No Apparent Injury (O),2,State,0.28,707,WHITNEY AV,707-N,,Armory St,50,Feet,N,4,Rain,4,Dark-Lighted,2,Wet,14400,"Trafficway, On Road",12/7/22 16:14
2121,1006184,1,41.38355,-72.902804,3500382,12/7/22,17:51:00,O,Property Damage Only,O,No Apparent Injury (O),1,State,8.93,10,CT-10,10-N,,Whitney Ave,250,Feet,W,4,Rain,4,Dark-Lighted,2,Wet,17200,"Trafficway, On Road",12/7/22 17:51
2122,1006185,1,41.383558,-72.902981,3500383,12/7/22,19:04:00,O,Property Damage Only,O,No Apparent Injury (O),1,State,8.93,10,CT-10,10-N,,Whitney Ave,300,Feet,W,4,Rain,4,Dark-Lighted,2,Wet,17200,"Trafficway, On Road",12/7/22 19:04
2887,1003716,1,41.363773,-72.923093,3497915,12/7/22,21:16:00,O,Property Damage Only,O,No Apparent Injury (O),2,State,7.06,10,CT-10,10-N,PALMER AV,,,,,1,Clear,4,Dark-Lighted,2,Wet,,"Trafficway, On Road",12/7/22 21:16
7612,1004442,1,41.337411,-72.929414,3498640,12/7/22,22:15:00,O,Property Damage Only,O,No Apparent Injury (O),2,Local,0.3,370,MORSE ST,MORSE ST,,SHELTON AVENUE,20,Feet,E,4,Rain,5,Dark-Not Lighted,2,Wet,,"Trafficway, On Road",12/7/22 22:15
2884,1003682,1,41.33857,-72.93513,3497881,12/8/22,7:14:00,O,Property Damage Only,O,No Apparent Injury (O),2,State,5.2,10,CT-10,10-N,,Arch,100,Feet,S,1,Clear,1,Daylight,1,Dry,,"Trafficway, On Road",12/8/22 7:14
8854,1003683,1,41.362075,-72.908124,3497882,12/8/22,15:14:00,A,"Injury of any type (Serious, Minor, Possible)",C,Possible Injury (C),2,Local,0.05,512,SWARTHMORE ST,SWARTHMORE ST,,whitney ave,280,Feet,E,1,Clear,1,Daylight,1,Dry,,"Trafficway, On Road",12/8/22 15:14
5003,1005269,1,41.336651,-72.911504,3499467,12/8/22,15:57:00,A,"Injury of any type (Serious, Minor, Possible)",B,Suspected Minor Injury (B),2,State,0.27,707,WHITNEY AV,707-N,,ARMORY STREET,10,Feet,N,1,Clear,1,Daylight,1,Dry,14400,"Trafficway, On Road",12/8/22 15:57
2895,1005270,1,41.38451,-72.901478,3499468,12/8/22,17:01:00,O,Property Damage Only,O,No Apparent Injury (O),2,State,9.06,10,CT-10,10-N,SCHOOL ST,,,,,1,Clear,4,Dark-Lighted,1,Dry,,"Trafficway, On Road",12/8/22 17:01
4487,1012781,1,41.366093,-72.921607,3506977,12/8/22,17:42:00,O,Property Damage Only,O,No Apparent Injury (O),2,State,0.18,15,15-S,15-S-119,10-N,,,,,1,Clear,4,Dark-Lighted,1,Dry,,"Trafficway, On Road",12/8/22 17:42
6052,1004443,1,41.397672,-72.903233,3498641,12/9/22,8:16:00,O,Property Damage Only,O,No Apparent Injury (O),2,Local,0.03,74,CANNON ST,CANNON ST,,Evergreen Ave,100,Feet,E,1,Clear,1,Daylight,1,Dry,,"Trafficway, On Road",12/9/22 8:16
86,1011187,1,41.364067,-72.922904,3505384,12/9/22,10:33:00,A,"Injury of any type (Serious, Minor, Possible)",B,Suspected Minor Injury (B),2,State,7.09,10,CT-10,10-N,,Wheeler St,130,Feet,N,1,Clear,1,Daylight,1,Dry,38500,"Trafficway, On Road",12/9/22 10:33
4454,1005348,1,41.36582,-72.92444,3499546,12/9/22,12:03:00,O,Property Damage Only,O,No Apparent Injury (O),2,State,50.1,15,15-S,15-S,,Exit 60,1,TenthsofMile,S,1,Clear,1,Daylight,1,Dry,,"Trafficway, On Road",12/9/22 12:03
6001,1003684,1,41.396184,-72.89907,3497883,12/9/22,13:28:00,O,Property Damage Only,O,No Apparent Injury (O),2,Local,0.26,59,BRIARCLIFF RD,BRIARCLIFF RD,MARION AV,,,,,1,Clear,1,Daylight,1,Dry,,"Trafficway, On Road",12/9/22 13:28
8139,1012782,1,41.34602,-72.91274,3506978,12/9/22,15:17:00,O,Property Damage Only,O,No Apparent Injury (O),2,Local,0.01,439,PUTNAM AV,PUTNAM AV,,Whitney,30,Feet,W,1,Clear,1,Daylight,1,Dry,,"Trafficway, On Road",12/9/22 15:17
6520,1007219,1,41.338111,-72.935173,3501417,12/9/22,21:50:00,A,"Injury of any type (Serious, Minor, Possible)",B,Suspected Minor Injury (B),2,Local,0.2,142,DIXWELL AV,DIXWELL AV NO 1,MORSE ST,,,,,1,Clear,4,Dark-Lighted,1,Dry,,"Trafficway, On Road",12/9/22 21:50
3563,1008847,1,41.37861,-72.90473,3503044,12/10/22,11:57:00,O,Property Damage Only,O,No Apparent Injury (O),1,State,51.53,15,15-N,15-N,,Exit 61,50,Feet,N,1,Clear,1,Daylight,1,Dry,,"Trafficway, On Road",12/10/22 11:57
8818,1004022,1,41.374779,-72.916336,3498220,12/10/22,14:58:00,O,Property Damage Only,O,No Apparent Injury (O),2,Local,0.03,495,SKIFF ST EXT,SKIFF ST EXT,,Dixwell Ave.,50,Feet,W,1,Clear,1,Daylight,1,Dry,,"Trafficway, On Road",12/10/22 14:58
5662,1004444,1,41.376631,-72.915448,3498642,12/10/22,17:17:00,O,Property Damage Only,O,No Apparent Injury (O),2,State,0.03,753,CT-10,753-S,SHEPARD AV,,,,,1,Clear,4,Dark-Lighted,1,Dry,,"Trafficway, On Road",12/10/22 17:17
2885,1003685,1,41.369437,-72.919071,3497884,12/10/22,17:41:00,O,Property Damage Only,O,No Apparent Injury (O),2,State,7.5,10,CT-10,10-N,,Skiff Street ,300,Feet,S,1,Clear,4,Dark-Lighted,1,Dry,,"Trafficway, On Road",12/10/22 17:41
6518,1005271,1,41.338415,-72.93532,3499469,12/10/22,18:39:00,O,Property Damage Only,O,No Apparent Injury (O),2,Local,0.2,142,DIXWELL AV,DIXWELL AV NO 1,MORSE ST,Arch St.,20,Feet,N,1,Clear,4,Dark-Lighted,1,Dry,,"Trafficway, On Road",12/10/22 18:39
4884,1004445,1,41.347924,-72.913148,3498643,12/10/22,22:08:00,A,"Injury of any type (Serious, Minor, Possible)",C,Possible Injury (C),2,State,1.08,707,WHITNEY AV,707-N,TREADWELL ST,,,,,1,Clear,4,Dark-Lighted,1,Dry,17100,"Trafficway, On Road",12/10/22 22:08
7961,1003686,1,41.339505,-72.945852,3497885,12/10/22,23:22:00,O,Property Damage Only,O,No Apparent Injury (O),2,Local,0.22,664,PINE ROCK AV,PINE ROCK AV NO 2,,Arch Street,600,Feet,S,1,Clear,4,Dark-Lighted,1,Dry,,"Trafficway, On Road",12/10/22 23:22
3256,1009075,1,41.378374,-72.904524,3503272,12/11/22,9:46:00,A,"Injury of any type (Serious, Minor, Possible)",C,Possible Injury (C),1,State,51.52,15,15-N,15-N,,Exit 61,2,TenthsofMile,S,1,Clear,1,Daylight,1,Dry,69900,"Trafficway, On Road",12/11/22 9:46
8240,1003288,1,41.34853,-72.94089,3497487,12/11/22,10:05:00,O,Property Damage Only,O,No Apparent Injury (O),2,Local,0.21,458,ROCHFORD AV,ROCHFORD AV,,Helen Street,25,Feet,N,2,Cloudy,1,Daylight,1,Dry,,"Trafficway, On Road",12/11/22 10:05
7288,1007012,1,41.366733,-72.94103,3501210,12/11/22,17:41:00,O,Property Damage Only,O,No Apparent Injury (O),2,Local,0,309,LANE ST,LANE ST,BENHAM ST,,,,,8,Blowing Snow,5,Dark-Not Lighted,5,Ice / Frost,,"Trafficway, On Road",12/11/22 17:41
9109,1003289,1,41.434697,-72.939807,3497488,12/11/22,17:56:00,A,"Injury of any type (Serious, Minor, Possible)",B,Suspected Minor Injury (B),1,Local,0.11,573,WEST TODD ST,WEST TODD ST,,Gaylord Mountain Road,1,TenthsofMile,E,7,Snow,4,Dark-Lighted,3,Snow,,"Trafficway, On Road",12/11/22 17:56
8848,1011269,1,41.439902,-72.914917,3505466,12/11/22,18:23:00,O,Property Damage Only,O,No Apparent Injury (O),1,Local,1.94,507,STILL HILL RD,STILL HILL RD,,RIVER RD,50,Feet,N,8,Blowing Snow,4,Dark-Lighted,5,Ice / Frost,,"Trafficway, On Road",12/11/22 18:23
7867,1004446,1,41.330953,-72.901267,3498644,12/11/22,18:24:00,A,"Injury of any type (Serious, Minor, Possible)",C,Possible Injury (C),1,Local,0.18,414,PARK RD,PARK RD,,Farm Rd.,3,TenthsofMile,S,7,Snow,4,Dark-Lighted,3,Snow,,"Trafficway, On Road",12/11/22 18:24
9147,1003290,1,41.419269,-72.917672,3497489,12/11/22,18:32:00,O,Property Damage Only,O,No Apparent Injury (O),2,Local,0.19,575,WEST WOODS RD,WEST WOODS RD NO 1,,Eramo Terrace,10,Feet,N,7,Snow,4,Dark-Lighted,3,Snow,,"Trafficway, On Road",12/11/22 18:32
3573,1005752,1,41.379428,-72.901975,3499950,12/12/22,0:03:00,O,Property Damage Only,O,No Apparent Injury (O),1,State,0.12,15,15-N,15-N-124,,Whitney Avenue,1,TenthsofMile,N,7,Snow,5,Dark-Not Lighted,4,Slush,,"Trafficway, On Road",12/12/22 0:03
2899,1006186,1,41.35903,-72.925794,3500384,12/12/22,0:45:00,O,Property Damage Only,O,No Apparent Injury (O),1,State,6.71,10,CT-10,10-N,MATHER ST,,,,,7,Snow,4,Dark-Lighted,3,Snow,,"Trafficway, On Road",12/12/22 0:45
2888,1003817,1,41.39257,-72.897357,3498015,12/12/22,8:07:00,O,Property Damage Only,O,No Apparent Injury (O),2,State,9.66,10,CT-10,10-N,,Forest St,25,Feet,S,1,Clear,1,Daylight,5,Ice / Frost,,"Trafficway, On Road",12/12/22 8:07
6019,1003291,1,41.446537,-72.915119,3497490,12/12/22,8:23:00,O,Property Damage Only,O,No Apparent Injury (O),1,Local,0.45,66,BROOKSVALE AV,BROOKSVALE AV,,FARMINGTON DR.,1,TenthsofMile,W,8,Blowing Snow,1,Daylight,5,Ice / Frost,,"Trafficway, On Road",12/12/22 8:23
7404,1004413,1,41.354608,-72.919125,3498611,12/12/22,8:23:00,A,"Injury of any type (Serious, Minor, Possible)",C,Possible Injury (C),2,Local,0.54,352,MATHER ST,MATHER ST,MARTIN TER,,,,,1,Clear,1,Daylight,2,Wet,,"Trafficway, On Road",12/12/22 8:23
2889,1003818,1,41.420199,-72.904293,3498016,12/12/22,14:24:00,O,Property Damage Only,O,No Apparent Injury (O),1,State,11.62,10,CT-10,10-N,,MT.CARMEL AVE.,150,Feet,S,1,Clear,1,Daylight,1,Dry,,"Trafficway, Not on Road",12/12/22 14:24
2904,1007615,1,41.3482138,-72.9329716,3501813,12/12/22,16:57:00,O,Property Damage Only,O,No Apparent Injury (O),2,State,5.88,10,CT-10,10-N,,Scott St,52,Feet,S,1,Clear,4,Dark-Lighted,1,Dry,,"Trafficway, On Road",12/12/22 16:57
5559,1003292,1,41.374632,-72.91625,3497491,12/12/22,20:32:00,A,"Injury of any type (Serious, Minor, Possible)",C,Possible Injury (C),2,State,0.17,753,CT-10,753-S,SKIFF ST,,,,,1,Clear,4,Dark-Lighted,1,Dry,15800,"Trafficway, On Road",12/12/22 20:32
2905,1007616,1,41.35486,-72.9291,3501814,12/12/22,22:09:00,O,Property Damage Only,O,No Apparent Injury (O),2,State,6.38,10,CT-10,10-N,,Pershing St,70,Feet,S,1,Clear,4,Dark-Lighted,1,Dry,,"Trafficway, On Road",12/12/22 22:09
2892,1004481,1,41.35489,-72.92902,3498679,12/12/22,23:07:00,O,Property Damage Only,O,No Apparent Injury (O),2,State,6.38,10,CT-10,10-N,,Pershing St,100,Feet,S,1,Clear,4,Dark-Lighted,1,Dry,,"Trafficway, On Road",12/12/22 23:07
6322,1003293,1,41.34461,-72.89783,3497492,12/13/22,7:56:00,O,Property Damage Only,O,No Apparent Injury (O),2,Local,0.02,122,CURRY RD,CURRY RD,,Fernwood Rd.,50,Feet,S,1,Clear,1,Daylight,1,Dry,,"Trafficway, On Road",12/13/22 7:56
7530,1004414,1,41.375064,-72.921268,3498612,12/13/22,13:03:00,O,Property Damage Only,O,No Apparent Injury (O),1,Local,0.85,366,MIX AV,MIX AV,,Skiff St.,1,TenthsofMile,S,1,Clear,1,Daylight,1,Dry,,"Trafficway, Not on Road",12/13/22 13:03