,CrashId,Fatal Case Status,lat,lon,DOT Case Number,Date Of Crash,Time of Crash,Crash Severity,Crash Severity Text Format,Most Severe Injury,Most Severe Injury Text Format,Number Of Motor Vehicles,Route Class Text Format,Milemarker,Road Number,Road Description,Roadway Name,Intersecting Roadway Name,Landmark Description,Distance From Nearest Landmark,Unit Of Measure From Nearest Landmark,Direction From Nearest Landmark,Weather Condition,Weather Condition Text Format,Light Condition,Light Condition Text Format,Road Surface Condition,Road Surface Condition Text Format,Average Daily Traffic,Trafficway Class Text Format,full_date
4468,1014232,1,41.37874,-72.90416,3508428,12/13/22,13:17:00,O,Property Damage Only,O,No Apparent Injury (O),2,State,51.56,15,15-S,15-S,,Exit 61,5,Feet,S,1,Clear,1,Daylight,1,Dry,,"Trafficway, On Road",12/13/22 13:17
4456,1005759,1,41.3658,-72.92443,3499957,12/13/22,14:48:00,O,Property Damage Only,O,No Apparent Injury (O),1,State,50.1,15,15-S,15-S,,Exit 60,500,Feet,S,1,Clear,1,Daylight,1,Dry,,"Trafficway, On Road",12/13/22 14:48
2891,1004415,1,41.3809,-72.91264,3498613,12/13/22,15:46:00,O,Property Damage Only,O,No Apparent Injury (O),3,State,8.38,10,CT-10,10-N,,Sanford St,30,Feet,S,1,Clear,1,Daylight,1,Dry,,"Trafficway, On Road",12/13/22 15:46
8819,1005238,1,41.374848,-72.916504,3499436,12/13/22,16:53:00,O,Property Damage Only,O,No Apparent Injury (O),2,Local,0.05,495,SKIFF ST EXT,SKIFF ST EXT,SKIFF ST EXT,,,,,1,Clear,4,Dark-Lighted,1,Dry,,"Trafficway, On Road",12/13/22 16:53
2420,1004416,1,41.451429,-72.909086,3498614,12/13/22,18:10:00,A,"Injury of any type (Serious, Minor, Possible)",A,Suspected Serious Injury (A),2,State,13.82,10,CT-10,10-N,,LOVIG LANE,290,Feet,N,1,Clear,4,Dark-Lighted,1,Dry,14300,"Trafficway, On Road",12/13/22 18:10
417,1004518,1,41.358632,-72.925954,3498716,12/14/22,10:47:00,A,"Injury of any type (Serious, Minor, Possible)",A,Suspected Serious Injury (A),1,State,6.68,10,CT-10,10-N,,Mather Street,155,Feet,S,1,Clear,1,Daylight,1,Dry,27800,"Trafficway, Not on Road",12/14/22 10:47
2951,1019064,1,41.367106,-72.920713,3513260,12/14/22,12:15:00,A,"Injury of any type (Serious, Minor, Possible)",C,Possible Injury (C),2,State,7.32,10,CT-10,10-N,,CONNOLLY PKWY,125,Feet,N,1,Clear,1,Daylight,1,Dry,,"Trafficway, On Road",12/14/22 12:15
4458,1005999,1,41.378086,-72.905327,3500197,12/14/22,16:56:00,O,Property Damage Only,O,No Apparent Injury (O),2,State,51.46,15,15-S,15-S,,Exit 61,390,Feet,S,1,Clear,5,Dark-Not Lighted,1,Dry,,"Trafficway, On Road",12/14/22 16:56
5540,1004023,1,41.382932,-72.897329,3498221,12/14/22,17:34:00,O,Property Damage Only,O,No Apparent Injury (O),2,State,0.14,717,DIXWELL AV,717-E,WASHINGTON AV,,,,,1,Clear,4,Dark-Lighted,1,Dry,,"Trafficway, On Road",12/14/22 17:34
2903,1007593,1,41.420758,-72.904346,3501791,12/14/22,17:52:00,O,Property Damage Only,O,No Apparent Injury (O),2,State,11.66,10,CT-10,10-N,WEST WOODS RD NO 1,,42,,,1,Clear,4,Dark-Lighted,1,Dry,,"Trafficway, On Road",12/14/22 17:52
8551,1005239,1,41.428674,-72.915945,3499437,12/14/22,19:16:00,A,"Injury of any type (Serious, Minor, Possible)",B,Suspected Minor Injury (B),1,Local,3.82,489,SHEPARD AV,SHEPARD AV,WEST TODD ST,,,,,1,Clear,4,Dark-Lighted,1,Dry,,"Trafficway, On Road",12/14/22 19:16
2890,1004355,1,41.36858,-72.91969,3498553,12/15/22,7:13:00,O,Property Damage Only,O,No Apparent Injury (O),2,State,7.44,10,CT-10,10-N,,Hamden Plaza entrance,100,Feet,W,1,Clear,1,Daylight,1,Dry,,"Trafficway, On Road",12/15/22 7:13
6647,1007013,1,41.395412,-72.904176,3501211,12/15/22,8:36:00,A,"Injury of any type (Serious, Minor, Possible)",C,Possible Injury (C),1,Local,0.9,174,EVERGREEN AV,EVERGREEN AV,,Tanglewood Dr,10,Feet,S,1,Clear,1,Daylight,1,Dry,,"Trafficway, On Road",12/15/22 8:36
4457,1005766,1,41.37890676,-72.9038597,3499964,12/15/22,11:39:00,O,Property Damage Only,O,No Apparent Injury (O),2,State,51.59,15,15-S,15-S,,Exit 61,50,Feet,N,1,Clear,1,Daylight,1,Dry,,"Trafficway, On Road",12/15/22 11:39
5744,1008875,1,41.38769,-72.906281,3503072,12/15/22,13:38:00,O,Property Damage Only,O,No Apparent Injury (O),2,Local,0,,AUSTEN RD,AUSTEN RD,EVERGREEN AV,,,,,1,Clear,1,Daylight,1,Dry,,"Trafficway, On Road",12/15/22 13:38
7815,1006187,1,41.36718,-72.94215,3500385,12/16/22,8:04:00,O,Property Damage Only,O,No Apparent Injury (O),2,Local,0,411,PARADISE AV,PARADISE AV NO 5,BENHAM ST,Benham St,10,Feet,N,4,Rain,1,Daylight,2,Wet,,"Trafficway, On Road",12/16/22 8:04
4176,1008849,1,41.3793972,-72.90375396,3503046,12/16/22,13:59:00,A,"Injury of any type (Serious, Minor, Possible)",C,Possible Injury (C),3,State,0.16,15,15-S,15-S-123,,Exit 59,1,TenthsofMile,N,1,Clear,1,Daylight,1,Dry,58000,"Trafficway, On Road",12/16/22 13:59
4461,1007949,1,41.34868,-72.96623,3502146,12/16/22,14:27:00,O,Property Damage Only,O,No Apparent Injury (O),3,State,47.56,15,15-S,15-S,,Exit 59,9,TenthsofMile,N,2,Cloudy,1,Daylight,2,Wet,,"Trafficway, On Road",12/16/22 14:27
2894,1005240,1,41.35938,-72.92563,3499438,12/16/22,14:58:00,O,Property Damage Only,O,No Apparent Injury (O),2,State,6.74,10,CT-10,10-N,,Mather Street,50,Feet,N,1,Clear,1,Daylight,2,Wet,,"Trafficway, On Road",12/16/22 14:58
9341,1008876,1,41.345506,-72.940774,3503073,12/16/22,15:20:00,O,Property Damage Only,O,No Apparent Injury (O),1,Local,1.36,598,WOODIN ST,WOODIN ST,,Fairview Ave,5,Feet,E,1,Clear,1,Daylight,1,Dry,,"Trafficway, On Road",12/16/22 15:20
4455,1005593,1,41.35926,-72.93917,3499791,12/16/22,18:08:00,O,Property Damage Only,O,No Apparent Injury (O),1,State,49.19,15,15-S,15-S,,RT 15 S Exit #60 ,10,TenthsofMile,S,4,Rain,4,Dark-Lighted,2,Wet,,"Trafficway, On Road",12/16/22 18:08
4517,1012286,1,41.378262,-72.905287,3506482,12/17/22,11:40:00,O,Property Damage Only,O,No Apparent Injury (O),2,State,0.17,15,15-S,15-S-122,,15-S,80,Feet,N,1,Clear,1,Daylight,1,Dry,,"Trafficway, On Road",12/17/22 11:40
2896,1005372,1,41.436786,-72.908802,3499570,12/17/22,11:46:00,O,Property Damage Only,O,No Apparent Injury (O),2,State,12.8,10,CT-10,10-N,SHEPARD AV,Shepard Ave,15,Feet,S,1,Clear,1,Daylight,1,Dry,,"Trafficway, On Road",12/17/22 11:46
8927,1007220,1,41.348461,-72.917452,3501418,12/17/22,11:50:00,O,Property Damage Only,O,No Apparent Injury (O),2,Local,0.79,527,TREADWELL ST,TREADWELL ST,,Clifford St,50,Feet,S,1,Clear,1,Daylight,1,Dry,,"Trafficway, On Road",12/17/22 11:50
2893,1005174,1,41.338362,-72.9379,3499372,12/17/22,18:13:00,O,Property Damage Only,O,No Apparent Injury (O),2,State,5.05,10,CT-10,10-N,BOWEN ST,,,,,1,Clear,4,Dark-Lighted,1,Dry,,"Trafficway, On Road",12/17/22 18:13
2900,1006703,1,41.337517,-72.941815,3500901,12/18/22,12:26:00,O,Property Damage Only,O,No Apparent Injury (O),2,State,4.81,10,CT-10,10-N,,Arch Stret,250,Feet,S,1,Clear,1,Daylight,1,Dry,,"Trafficway, On Road",12/18/22 12:26
6397,1005272,1,41.338455,-72.938316,3499470,12/18/22,12:57:00,O,Property Damage Only,O,No Apparent Injury (O),2,Local,0,141,DIX ST,DIX ST,,Arch Street,1,Feet,N,1,Clear,1,Daylight,1,Dry,,"Trafficway, On Road",12/18/22 12:57
5415,1008877,1,41.345728,-72.912408,3503074,12/18/22,15:06:00,O,Property Damage Only,O,No Apparent Injury (O),2,State,0.92,707,WHITNEY AV,707-N,,Putnam Ave,100,Feet,S,1,Clear,1,Daylight,1,Dry,,"Trafficway, On Road",12/18/22 15:06
2373,1006403,1,41.39318,-72.89712,3500601,12/19/22,1:15:00,A,"Injury of any type (Serious, Minor, Possible)",B,Suspected Minor Injury (B),1,State,9.71,10,CT-10,10-N,,Forest St. Ext,150,Feet,N,1,Clear,4,Dark-Lighted,1,Dry,14800,"Trafficway, On Road",12/19/22 1:15
4467,1012288,1,41.37822,-72.9053,3506484,12/19/22,12:48:00,O,Property Damage Only,O,No Apparent Injury (O),2,State,51.47,15,15-S,15-S,,Exit 61,5,Feet,S,1,Clear,1,Daylight,1,Dry,,"Trafficway, On Road",12/19/22 12:48
3588,1015280,1,41.36541,-72.9226,3509476,12/19/22,13:01:00,O,Property Damage Only,O,No Apparent Injury (O),3,State,0.16,15,15-N,15-N-220,,Dixwell Ave,25,Feet,S,1,Clear,1,Daylight,1,Dry,,"Trafficway, On Road",12/19/22 13:01
2911,1008878,1,41.35429,-72.929403,3503075,12/19/22,17:23:00,O,Property Damage Only,O,No Apparent Injury (O),2,State,6.33,10,CT-10,10-N,,CUMLEY ST.,10,Feet,S,1,Clear,5,Dark-Not Lighted,1,Dry,,Non-trafficway,12/19/22 17:23
8940,1005912,1,41.428485,-72.906293,3500110,12/19/22,17:37:00,O,Property Damage Only,O,No Apparent Injury (O),2,Local,0,530,TUTTLE AV,TUTTLE AV NO 1,WHITNEY AVE,,,,,1,Clear,4,Dark-Lighted,1,Dry,,"Trafficway, On Road",12/19/22 17:37
7531,1011270,1,41.37255,-72.92292,3505467,12/19/22,17:39:00,O,Property Damage Only,O,No Apparent Injury (O),1,Local,0.65,366,MIX AV,MIX AV,,Highview terr,50,Feet,N,1,Clear,4,Dark-Lighted,1,Dry,,"Trafficway, On Road",12/19/22 17:39
2914,1011290,1,41.363737,-72.923162,3505487,12/19/22,23:46:00,O,Property Damage Only,O,No Apparent Injury (O),2,State,7.06,10,CT-10,10-N,WHEELER ST,,,,,1,Clear,6,Dark-Unknown Lighting,1,Dry,,"Trafficway, On Road",12/19/22 23:46
4518,1013676,1,41.37819,-72.905297,3507872,12/20/22,8:20:00,O,Property Damage Only,O,No Apparent Injury (O),2,State,0.18,15,15-S,15-S-122,,Exit 61,5,Feet,S,1,Clear,1,Daylight,1,Dry,,"Trafficway, On Road",12/20/22 8:20
2897,1005875,1,41.413826,-72.902035,3500073,12/20/22,9:30:00,O,Property Damage Only,O,No Apparent Injury (O),2,State,11.17,10,CT-10,10-N,,SHERMAN AVE.,60,Feet,N,1,Clear,1,Daylight,1,Dry,,"Trafficway, On Road",12/20/22 9:30
9340,1007014,1,41.34624,-72.945689,3501212,12/20/22,17:30:00,A,"Injury of any type (Serious, Minor, Possible)",B,Suspected Minor Injury (B),2,Local,1.11,598,WOODIN ST,WOODIN ST,PINE ROCK AV NO 2,,,,,1,Clear,5,Dark-Not Lighted,1,Dry,,"Trafficway, On Road",12/20/22 17:30
7868,1006998,1,41.33033,-72.900857,3501196,12/20/22,17:51:00,O,Property Damage Only,O,No Apparent Injury (O),2,Local,0.14,414,PARK RD,PARK RD,,State Street,745,Feet,W,1,Clear,4,Dark-Lighted,1,Dry,,"Trafficway, On Road",12/20/22 17:51
2898,1005876,1,41.364501,-72.922815,3500074,12/20/22,17:53:00,O,Property Damage Only,O,No Apparent Injury (O),2,State,7.12,10,CT-10,10-N,,Weybosset St,50,Feet,N,1,Clear,4,Dark-Lighted,1,Dry,,"Trafficway, On Road",12/20/22 17:53
8273,1006127,1,41.382306,-72.918349,3500325,12/21/22,8:36:00,O,Property Damage Only,O,No Apparent Injury (O),2,Local,0.31,477,SANFORD ST,SANFORD ST,,Mill Pond Road ,5,Feet,S,1,Clear,1,Daylight,1,Dry,,"Trafficway, On Road",12/21/22 8:36
7869,1008880,1,41.329721,-72.898647,3503077,12/21/22,9:22:00,O,Property Damage Only,O,No Apparent Injury (O),2,Local,0,414,PARK RD,PARK RD,5-N,,,,,1,Clear,1,Daylight,1,Dry,,"Trafficway, On Road",12/21/22 9:22
1947,1006128,1,41.382387,-72.910166,3500326,12/21/22,9:23:00,A,"Injury of any type (Serious, Minor, Possible)",C,Possible Injury (C),2,State,8.55,10,CT-10,10-N,THOMPSON ST,,,,,1,Clear,1,Daylight,1,Dry,18600,"Trafficway, On Road",12/21/22 9:23
4462,1008167,1,41.365345,-72.92685,3502364,12/21/22,21:38:00,O,Property Damage Only,O,No Apparent Injury (O),2,State,49.96,15,15-S,15-S,,Exit 60,2,TenthsofMile,N,1,Clear,5,Dark-Not Lighted,1,Dry,,"Trafficway, On Road",12/21/22 21:38
4459,1006484,1,41.38275,-72.897685,3500682,12/22/22,9:26:00,O,Property Damage Only,O,No Apparent Injury (O),1,State,51.99,15,15-S,15-S,,15-S-126,2,TenthsofMile,N,1,Clear,1,Daylight,1,Dry,,"Trafficway, On Road",12/22/22 9:26
4460,1006485,1,41.349907,-72.964771,3500683,12/22/22,9:49:00,O,Property Damage Only,O,No Apparent Injury (O),3,State,47.67,15,15-S,15-S,,15-S-116,10,TenthsofMile,N,1,Clear,1,Daylight,1,Dry,,"Trafficway, On Road",12/22/22 9:49
2901,1007000,1,41.338649,-72.935194,3501198,12/22/22,11:53:00,O,Property Damage Only,O,No Apparent Injury (O),2,State,5.21,10,CT-10,10-N,,ARCH ST.,150,Feet,N,4,Rain,1,Daylight,2,Wet,,"Trafficway, On Road",12/22/22 11:53
6519,1007001,1,41.338043,-72.935255,3501199,12/22/22,14:36:00,O,Property Damage Only,O,No Apparent Injury (O),2,Local,0.2,142,DIXWELL AV,DIXWELL AV NO 1,MORSE ST,,,,,1,Clear,1,Daylight,1,Dry,,"Trafficway, On Road",12/22/22 14:36
2912,1008881,1,41.367978,-72.920059,3503078,12/22/22,15:33:00,O,Property Damage Only,O,No Apparent Injury (O),2,State,7.39,10,CT-10,10-N,,Connolly Pkwy,0.25,TenthsofMile,N,4,Rain,1,Daylight,2,Wet,,"Trafficway, On Road",12/22/22 15:33
7408,1011271,1,41.356493,-72.930151,3505468,12/22/22,17:38:00,O,Property Damage Only,O,No Apparent Injury (O),2,Local,0.05,359,MERRIMAC ST,MERRIMAC ST,,St James St,100,Feet,S,4,Rain,5,Dark-Not Lighted,2,Wet,,"Trafficway, On Road",12/22/22 17:38
8249,1008882,1,41.407798,-72.91401,3503079,12/22/22,20:26:00,O,Property Damage Only,O,No Apparent Injury (O),2,Local,0.5,461,ROCKY TOP RD,ROCKY TOP RD,,Greenes Ridge Rd,196,Feet,E,4,Rain,4,Dark-Lighted,2,Wet,,"Trafficway, On Road",12/22/22 20:26
8554,1008883,1,41.382169,-72.920053,3503080,12/22/22,20:42:00,O,Property Damage Only,O,No Apparent Injury (O),1,Local,0.47,489,SHEPARD AV,SHEPARD AV,,Sanford St,10,Feet,N,4,Rain,4,Dark-Lighted,2,Wet,,"Trafficway, On Road",12/22/22 20:42
5486,1008884,1,41.383121,-72.899079,3503081,12/23/22,16:47:00,O,Property Damage Only,O,No Apparent Injury (O),2,State,0.14,717,DIXWELL AV,717-E,WASHINGTON AV,,,,,1,Clear,4,Dark-Lighted,1,Dry,15700,"Trafficway, On Road",12/23/22 16:47
8555,1008885,1,41.379022,-72.916457,3503082,12/23/22,18:05:00,O,Property Damage Only,O,No Apparent Injury (O),1,Local,0.18,489,SHEPARD AV,SHEPARD AV,,Shepards Knoll Dr,62,Feet,S,1,Clear,4,Dark-Lighted,1,Dry,,"Trafficway, On Road",12/23/22 18:05
419,1008855,1,41.357403,-72.926828,3503052,12/23/22,19:08:00,A,"Injury of any type (Serious, Minor, Possible)",B,Suspected Minor Injury (B),2,State,6.59,10,CT-10,10-N,,Haig St,30,Feet,N,1,Clear,4,Dark-Lighted,1,Dry,27800,"Trafficway, On Road",12/23/22 19:08
8552,1008856,1,41.379008,-72.916439,3503053,12/23/22,19:50:00,O,Property Damage Only,O,No Apparent Injury (O),1,Local,0.17,489,SHEPARD AV,SHEPARD AV,,Shepards Knoll Dr,62,Feet,S,1,Clear,4,Dark-Lighted,1,Dry,,"Trafficway, On Road",12/23/22 19:50
146,1007002,1,41.365479,-72.922013,3501200,12/23/22,20:33:00,A,"Injury of any type (Serious, Minor, Possible)",C,Possible Injury (C),2,State,7.2,10,CT-10,10-N,,RT 15 Entrance Ramp,70,Feet,N,1,Clear,4,Dark-Lighted,1,Dry,33700,"Trafficway, On Road",12/23/22 20:33
2902,1007003,1,41.3626,-72.923896,3501201,12/23/22,20:36:00,O,Property Damage Only,O,No Apparent Injury (O),2,State,6.98,10,CT-10,10-N,BENHAM ST,,,,S,2,Cloudy,5,Dark-Not Lighted,1,Dry,,"Trafficway, On Road",12/23/22 20:36
6398,1006981,1,41.340376,-72.938278,3501179,12/24/22,11:44:00,A,"Injury of any type (Serious, Minor, Possible)",B,Suspected Minor Injury (B),2,Local,0.14,141,DIX ST,DIX ST,GEORGE ST,,,,,1,Clear,1,Daylight,1,Dry,,"Trafficway, On Road",12/24/22 11:44
9234,1008857,1,41.349625,-72.968593,3503054,12/24/22,20:13:00,O,Property Damage Only,O,No Apparent Injury (O),1,Local,2,594,WINTERGREEN AV,WINTERGREEN AV,,woodin st,4,TenthsofMile,S,2,Cloudy,99,Unknown,1,Dry,,"Trafficway, On Road",12/24/22 20:13
2913,1009569,1,41.388655,-72.89996,3503766,12/24/22,22:00:00,O,Property Damage Only,O,No Apparent Injury (O),1,State,9.36,10,CT-10,10-N,,LINCOLN ST. ,75,Feet,N,1,Clear,5,Dark-Not Lighted,1,Dry,,"Trafficway, On Road",12/24/22 22:00
8615,1011272,1,41.391469,-72.9207,3505469,12/25/22,13:10:00,O,Property Damage Only,O,No Apparent Injury (O),2,Local,0.1,491,SHERMAN AV,SHERMAN AV NO 1,,SHERMAN LN,100,Feet,E,1,Clear,1,Daylight,1,Dry,,"Trafficway, On Road",12/25/22 13:10
4584,1008858,1,41.401286,-72.897656,3503055,12/25/22,20:33:00,A,"Injury of any type (Serious, Minor, Possible)",B,Suspected Minor Injury (B),2,State,3.08,40,40-N,40-N,10-N,,,,,1,Clear,4,Dark-Lighted,1,Dry,20700,"Trafficway, On Road",12/25/22 20:33
6024,1016814,1,41.33794,-72.924484,3511010,12/27/22,1:11:00,A,"Injury of any type (Serious, Minor, Possible)",B,Suspected Minor Injury (B),2,Local,0.01,69,BRYDEN TER,BRYDEN TER,,winchester ave,60,Feet,E,1,Clear,4,Dark-Lighted,1,Dry,,"Trafficway, On Road",12/27/22 1:11
6876,1011273,1,41.388962,-72.912745,3505470,12/27/22,6:04:00,A,"Injury of any type (Serious, Minor, Possible)",C,Possible Injury (C),1,Local,0.07,745,GLEN RIDGE RD,GLEN RIDGE RD,,Oak Ridge Dr,215,Feet,W,1,Clear,4,Dark-Lighted,1,Dry,,"Trafficway, On Road",12/27/22 6:04
7081,1013942,1,41.385241,-72.906854,3508138,12/27/22,6:20:00,A,"Injury of any type (Serious, Minor, Possible)",C,Possible Injury (C),1,Local,0.61,713,HAMDEN HILLS DR,HAMDEN HILLS DR,SCHOOL ST,,,,,1,Clear,5,Dark-Not Lighted,1,Dry,,"Trafficway, On Road",12/27/22 6:20
2906,1007715,1,41.344396,-72.934347,3501913,12/27/22,10:08:00,O,Property Damage Only,O,No Apparent Injury (O),2,State,5.6,10,CT-10,10-N,Woodin St,,,,S,1,Clear,1,Daylight,1,Dry,,"Trafficway, On Road",12/27/22 10:08
8760,1013352,1,41.373,-72.9088,3507548,12/27/22,13:40:00,O,Property Damage Only,O,No Apparent Injury (O),2,,,,SKIFF ST,SKIFF ST,,Whitney Ave,300,Feet,W,1,Clear,1,Daylight,2,Wet,,Non-trafficway,12/27/22 13:40
2921,1012784,1,41.363725,-72.923126,3506980,12/27/22,15:22:00,O,Property Damage Only,O,No Apparent Injury (O),2,State,7.06,10,CT-10,10-N,WHEELER ST,,,,,1,Clear,1,Daylight,1,Dry,,"Trafficway, On Road",12/27/22 15:22
5414,1008859,1,41.356255,-72.911321,3503056,12/28/22,7:57:00,O,Property Damage Only,O,No Apparent Injury (O),1,State,1.68,707,WHITNEY AV,707-N,,WAITE ST.,150,Feet,N,1,Clear,1,Daylight,1,Dry,,"Trafficway, On Road",12/28/22 7:57
5421,1014258,1,41.378129,-72.905319,3508454,12/28/22,9:44:00,A,"Injury of any type (Serious, Minor, Possible)",C,Possible Injury (C),2,State,3.22,707,WHITNEY AV,707-N,MILLBROOK RD,,,,,1,Clear,1,Daylight,1,Dry,,"Trafficway, On Road",12/28/22 9:44
5747,1013943,1,41.383039,-72.935114,3508139,12/28/22,19:01:00,O,Property Damage Only,O,No Apparent Injury (O),1,Local,0.53,678,AUTUMN RIDGE RD,AUTUMN RIDGE RD,,Paradise Avenue,400,Feet,W,1,Clear,4,Dark-Lighted,1,Dry,,"Trafficway, On Road",12/28/22 19:01
8553,1008860,1,41.42236,-72.91976,3503057,12/28/22,20:04:00,O,Property Damage Only,O,No Apparent Injury (O),1,Local,3.32,489,SHEPARD AV,SHEPARD AV,,Hillfield Rd,1.2,TenthsofMile,N,1,Clear,4,Dark-Lighted,1,Dry,,"Trafficway, On Road",12/28/22 20:04
6372,1008861,1,41.444482,-72.953061,3503058,12/28/22,23:31:00,O,Property Damage Only,O,No Apparent Injury (O),1,Local,0.01,733,DEER POND TR,DEER POND TR,,Gaylord Mountain Rd.,50,Feet,S,1,Clear,4,Dark-Lighted,1,Dry,,"Trafficway, On Road",12/28/22 23:31
2909,1008862,1,41.354015,-72.929695,3503059,12/29/22,5:00:00,O,Property Damage Only,O,No Apparent Injury (O),3,State,6.31,10,CT-10,10-N,TREADWELL ST,,,,,1,Clear,4,Dark-Lighted,1,Dry,,"Trafficway, On Road",12/29/22 5:00
3565,1014996,1,41.36572,-72.92447,3509192,12/29/22,7:08:00,O,Property Damage Only,O,No Apparent Injury (O),2,State,50.07,15,15-N,15-N,,Exit 60,1,TenthsofMile,N,1,Clear,1,Daylight,1,Dry,,"Trafficway, On Road",12/29/22 7:08
7016,1008864,1,41.348772,-72.937984,3503061,12/29/22,12:55:00,O,Property Damage Only,O,No Apparent Injury (O),2,Local,0.33,226,GORHAM AV,GORHAM AV,,Langer Street,600,Feet,E,1,Clear,1,Daylight,1,Dry,,"Trafficway, On Road",12/29/22 12:55
5755,1009570,1,41.342751,-72.926094,3503767,12/29/22,13:09:00,O,Property Damage Only,O,No Apparent Injury (O),2,Local,0,29,BARRACLOUGH AV,BARRACLOUGH AV,NEWHALL ST,,,,S,1,Clear,1,Daylight,1,Dry,,"Trafficway, On Road",12/29/22 13:09
2922,1012785,1,41.405399,-72.898903,3506981,12/29/22,13:22:00,O,Property Damage Only,O,No Apparent Injury (O),2,State,10.56,10,CT-10,10-N,WOODRUFF ST,,,,,1,Clear,1,Daylight,1,Dry,,"Trafficway, On Road",12/29/22 13:22
4463,1008183,1,41.36581,-72.92445,3502380,12/29/22,14:13:00,O,Property Damage Only,O,No Apparent Injury (O),2,State,50.1,15,15-S,15-S,,"Exit 60, Dixwell Ave, Hamden",1,TenthsofMile,S,1,Clear,1,Daylight,1,Dry,,"Trafficway, On Road",12/29/22 14:13
6306,1009571,1,41.365598,-72.916618,3503768,12/29/22,18:24:00,O,Property Damage Only,O,No Apparent Injury (O),2,Local,0.02,111,CONNOLLY PKWY,CONNOLLY PKWY,,Thorton St,200,Feet,N,1,Clear,5,Dark-Not Lighted,1,Dry,,"Trafficway, On Road",12/29/22 18:24
9155,1009572,1,41.420785,-72.938643,3503769,12/30/22,0:49:00,O,Property Damage Only,O,No Apparent Injury (O),2,Local,0.94,655,WEST WOODS RD,WEST WOODS RD NO 2,,Joyce Rd,330,Feet,E,1,Clear,4,Dark-Lighted,1,Dry,,"Trafficway, On Road",12/30/22 0:49
4853,1008865,1,41.361249,-72.88802,3503062,12/30/22,14:40:00,O,Property Damage Only,O,No Apparent Injury (O),2,USRoute,3.46,5,US-5,5-N,,Olds Street,880,Feet,N,1,Clear,1,Daylight,1,Dry,,"Trafficway, On Road",12/30/22 14:40
4464,1008771,1,41.379965,-72.902208,3502968,12/30/22,16:26:00,O,Property Damage Only,O,No Apparent Injury (O),2,State,51.71,15,15-S,15-S,,15-S-126,500,Feet,S,1,Clear,1,Daylight,1,Dry,,"Trafficway, On Road",12/30/22 16:26
2952,1019065,1,41.367503,-72.920581,3513261,12/30/22,16:54:00,O,Property Damage Only,O,No Apparent Injury (O),2,State,7.35,10,CT-10,10-N,,CONNOLLY PKWY,100,Feet,N,1,Clear,4,Dark-Lighted,1,Dry,,"Trafficway, On Road",12/30/22 16:54
4469,1014269,1,41.347319,-72.96776037,3508465,12/30/22,16:57:00,O,Property Damage Only,O,No Apparent Injury (O),3,State,47.44,15,15-S,15-S,,Exit 59,8,TenthsofMile,N,1,Clear,5,Dark-Not Lighted,1,Dry,,"Trafficway, On Road",12/30/22 16:57
2956,1019234,1,41.372668,-72.91706,3513430,12/30/22,21:57:00,A,"Injury of any type (Serious, Minor, Possible)",B,Suspected Minor Injury (B),2,State,7.75,10,CT-10,10-N,,Skiff St,500,Feet,S,1,Clear,4,Dark-Lighted,1,Dry,,"Trafficway, On Road",12/30/22 21:57
2910,1008866,1,41.363479,-72.923275,3503063,12/31/22,12:39:00,O,Property Damage Only,O,No Apparent Injury (O),2,State,7.04,10,CT-10,10-N,,Wheeler St,100,Feet,S,4,Rain,1,Daylight,2,Wet,,"Trafficway, On Road",12/31/22 12:39
2915,1011291,1,41.372644,-72.917003,3505488,12/31/22,13:25:00,O,Property Damage Only,O,No Apparent Injury (O),2,State,7.75,10,CT-10,10-N,,Skiff Street,1,TenthsofMile,S,4,Rain,1,Daylight,2,Wet,,"Trafficway, On Road",12/31/22 13:25
5416,1012749,1,41.355978,-72.911755,3506945,12/31/22,13:28:00,O,Property Damage Only,O,No Apparent Injury (O),2,State,1.65,707,WHITNEY AV,707-N,WAITE ST,,,,,4,Rain,1,Daylight,2,Wet,,"Trafficway, On Road",12/31/22 13:28
2907,1008840,1,41.3445,-72.93435,3503037,12/31/22,15:04:00,O,Property Damage Only,O,No Apparent Injury (O),2,State,5.6,10,CT-10,10-N,WOODIN ST,,,,,4,Rain,1,Daylight,2,Wet,,"Trafficway, On Road",12/31/22 15:04
2950,1018869,1,41.365732,-72.92184,3513065,12/31/22,17:04:00,O,Property Damage Only,O,No Apparent Injury (O),2,State,7.21,10,CT-10,10-N,,RT15,50,Feet,S,4,Rain,4,Dark-Lighted,2,Wet,,"Trafficway, On Road",12/31/22 17:04
4465,1011611,1,41.37823,-72.90532,3505807,12/31/22,17:05:00,O,Property Damage Only,O,No Apparent Injury (O),2,State,51.47,15,15-S,15-S,,"Whitney Ave, Hamden",500,Feet,E,4,Rain,5,Dark-Not Lighted,2,Wet,,"Trafficway, On Road",12/31/22 17:05
8145,1009573,1,41.407525,-72.917201,3503770,1/1/23,4:24:00,O,Property Damage Only,O,No Apparent Injury (O),1,Local,0.05,705,RAINBOW CT,RAINBOW CT,,Rocky Top Rd.,2,TenthsofMile,N,4,Rain,4,Dark-Lighted,2,Wet,,"Trafficway, Not on Road",1/1/23 4:24
2908,1008841,1,41.347302,-72.933436,3503038,1/1/23,12:12:00,O,Property Damage Only,O,No Apparent Injury (O),2,State,5.81,10,CT-10,10-N,,Circular Ave,330,Feet,N,1,Clear,1,Daylight,1,Dry,,"Trafficway, On Road",1/1/23 12:12