,CrashId,Fatal Case Status,lat,lon,DOT Case Number,Date Of Crash,Time of Crash,Crash Severity,Crash Severity Text Format,Most Severe Injury,Most Severe Injury Text Format,Number Of Motor Vehicles,Route Class Text Format,Milemarker,Road Number,Road Description,Roadway Name,Intersecting Roadway Name,Landmark Description,Distance From Nearest Landmark,Unit Of Measure From Nearest Landmark,Direction From Nearest Landmark,Weather Condition,Weather Condition Text Format,Light Condition,Light Condition Text Format,Road Surface Condition,Road Surface Condition Text Format,Average Daily Traffic,Trafficway Class Text Format,full_date
5743,1013944,1,41.342879,-72.920412,3508140,1/1/23,18:50:00,O,Property Damage Only,O,No Apparent Injury (O),2,Local,0.44,21,AUGUR ST,AUGUR ST,,Augur St,71,Feet,N,1,Clear,4,Dark-Lighted,1,Dry,,Non-trafficway,1/1/23 18:50
6527,1008867,1,41.344456,-72.934398,3503064,1/1/23,21:14:00,A,"Injury of any type (Serious, Minor, Possible)",B,Suspected Minor Injury (B),2,Local,5.6,,DIXWELL AV,DIXWELL AVE,WOODIN ST,,,,,1,Clear,4,Dark-Lighted,1,Dry,,"Trafficway, On Road",1/1/23 21:14
5418,1013945,1,41.341518,-72.912839,3508141,1/3/23,17:11:00,O,Property Damage Only,O,No Apparent Injury (O),2,State,0.62,707,WHITNEY AV,707-N,DAVIS ST,,0,,,4,Rain,4,Dark-Lighted,2,Wet,,"Trafficway, On Road",1/3/23 17:11
4782,1011689,1,41.36198153,-72.88778554,3505885,1/3/23,18:36:00,A,"Injury of any type (Serious, Minor, Possible)",B,Suspected Minor Injury (B),1,USRoute,3.51,5,US-5,5-N,,Skiff St,2,TenthsofMile,S,3,"Fog, Smog, Smoke",4,Dark-Lighted,2,Wet,10100,"Trafficway, On Road",1/3/23 18:36
7349,1012750,1,41.359948,-72.964553,3506946,1/3/23,21:55:00,O,Property Damage Only,O,No Apparent Injury (O),1,Local,2.12,340,MAIN ST,MAIN ST,,Valerie Ct,450,Feet,W,4,Rain,5,Dark-Not Lighted,2,Wet,,"Trafficway, On Road",1/3/23 21:55
2936,1015794,1,41.345913,-72.934039,3509990,1/4/23,12:16:00,O,Property Damage Only,O,No Apparent Injury (O),2,State,5.56,10,CT-10,10-N,PUTNAM AV,CIRCULAR AVENUE,50,Feet,S,1,Clear,1,Daylight,1,Dry,,"Trafficway, On Road",1/4/23 12:16
8137,1012751,1,41.345033,-72.91838,3506947,1/4/23,13:11:00,O,Property Damage Only,O,No Apparent Injury (O),2,Local,0.31,439,PUTNAM AV,PUTNAM AV,TURNOR AV,,,,,1,Clear,1,Daylight,1,Dry,,"Trafficway, On Road",1/4/23 13:11
7534,1013946,1,41.368492,-72.925681,3508142,1/4/23,19:14:00,O,Property Damage Only,O,No Apparent Injury (O),2,Local,0.34,366,MIX AV,MIX AV,,Kaye Vue Dr,100,Feet,S,4,Rain,4,Dark-Lighted,2,Wet,,"Trafficway, On Road",1/4/23 19:14
3564,1012725,1,41.366832,-72.917566,3506921,1/5/23,1:29:00,O,Property Damage Only,O,No Apparent Injury (O),1,State,50.45,15,15-N,15-N,,15-N-221,685,Feet,S,1,Clear,5,Dark-Not Lighted,1,Dry,,"Trafficway, On Road",1/5/23 1:29
7532,1012752,1,41.369504,-72.924987,3506948,1/5/23,7:18:00,O,Property Damage Only,O,No Apparent Injury (O),2,Local,0.42,366,MIX AV,MIX AV,,Hamden Plaza,20,Feet,S,4,Rain,97,Other,2,Wet,,"Trafficway, On Road",1/5/23 7:18
2916,1011582,1,41.346039,-72.934005,3505778,1/5/23,13:15:00,O,Property Damage Only,O,No Apparent Injury (O),3,State,5.72,10,CT-10,10-N,,PUTNAM AVE.,50,Feet,S,97,Other,1,Daylight,2,Wet,,"Trafficway, On Road",1/5/23 13:15
4466,1011755,1,41.37890676,-72.9038597,3505951,1/5/23,17:44:00,O,Property Damage Only,O,No Apparent Injury (O),2,State,51.59,15,15-S,15-S,,Exit 61,0.100000001,Feet,N,1,Clear,5,Dark-Not Lighted,1,Dry,,"Trafficway, Not on Road",1/5/23 17:44
2917,1012753,1,41.383486,-72.902383,3506949,1/5/23,20:04:00,O,Property Damage Only,O,No Apparent Injury (O),1,State,8.96,10,CT-10,10-N,,Whitney Ave,50,Feet,W,1,Clear,4,Dark-Lighted,1,Dry,,"Trafficway, On Road",1/5/23 20:04
2924,1013947,1,41.346485,-72.933843,3508143,1/5/23,21:02:00,O,Property Damage Only,O,No Apparent Injury (O),2,State,5.75,10,CT-10,10-N,,Putnam Ave.,10,Feet,N,1,Clear,4,Dark-Lighted,1,Dry,,"Trafficway, On Road",1/5/23 21:02
6713,1023787,1,41.34237,-72.9413,3517983,1/6/23,7:42:00,O,Property Damage Only,O,No Apparent Injury (O),2,Local,0.28,176,FAIRVIEW AV,FAIRVIEW AV,,100 Fairview Avenue,10,Feet,E,1,Clear,1,Daylight,2,Wet,,"Trafficway, On Road",1/6/23 7:42
5933,1012754,1,41.363203,-72.924954,3506950,1/6/23,9:53:00,O,Property Damage Only,O,No Apparent Injury (O),1,Local,0.06,42,BENHAM ST,BENHAM ST,HOPE AV,,,,,4,Rain,1,Daylight,2,Wet,,"Trafficway, On Road",1/6/23 9:53
2918,1012755,1,41.453579,-72.9085,3506951,1/6/23,21:24:00,O,Property Damage Only,O,No Apparent Injury (O),1,State,13.96,10,CT-10,10-N,,Willow St,95,Feet,S,4,Rain,4,Dark-Lighted,2,Wet,,"Trafficway, On Road",1/6/23 21:24
2937,1015795,1,41.369237,-72.919299,3509991,1/7/23,14:25:00,O,Property Damage Only,O,No Apparent Injury (O),2,State,7.49,10,CT-10,10-N,,Connolly Pkwy,875,Feet,N,1,Clear,1,Daylight,1,Dry,,"Trafficway, On Road",1/7/23 14:25
3406,1012438,1,41.380546,-72.900775,3506634,1/7/23,14:43:00,A,"Injury of any type (Serious, Minor, Possible)",C,Possible Injury (C),2,State,0.22,15,15-N,15-N-125,,15-N,60,Feet,S,1,Clear,1,Daylight,1,Dry,58000,"Trafficway, On Road",1/7/23 14:43
2935,1015325,1,41.338347,-72.939954,3509521,1/7/23,22:56:00,A,"Injury of any type (Serious, Minor, Possible)",B,Suspected Minor Injury (B),4,State,4.76,10,CT-10,10-N,WARNER ST,,,,,1,Clear,5,Dark-Not Lighted,1,Dry,,"Trafficway, On Road",1/7/23 22:56
9342,1013948,1,41.345323,-72.936151,3508144,1/8/23,1:21:00,O,Property Damage Only,O,No Apparent Injury (O),1,Local,1.61,598,WOODIN ST,WOODIN ST,,Dixwell Avenue,25,Feet,E,1,Clear,4,Dark-Lighted,1,Dry,,"Trafficway, On Road",1/8/23 1:21
6843,1019143,1,41.44474,-72.95378,3513339,1/9/23,5:31:00,O,Property Damage Only,O,No Apparent Injury (O),1,Local,1.94,208,GAYLORD MOUNTAIN RD,GAYLORD MOUNTAIN RD,,Deer Pond,200,Feet,W,7,Snow,4,Dark-Lighted,3,Snow,,"Trafficway, On Road",1/9/23 5:31
2930,1015097,1,41.361908,-72.924354,3509293,1/9/23,7:12:00,O,Property Damage Only,O,No Apparent Injury (O),2,State,6.92,10,CT-10,10-N,,ROBERT ST,10,Feet,N,1,Clear,1,Daylight,1,Dry,,"Trafficway, On Road",1/9/23 7:12
4521,1019786,1,41.378263,-72.905292,3513982,1/9/23,7:12:00,O,Property Damage Only,O,No Apparent Injury (O),2,State,0.17,15,15-S,15-S-122,,15-S,75,Feet,N,1,Clear,1,Daylight,2,Wet,,"Trafficway, On Road",1/9/23 7:12
2967,1020845,1,41.367291,-72.920667,3515041,1/9/23,7:38:00,O,Property Damage Only,O,No Apparent Injury (O),2,State,7.14,10,CT-10,10-N,CONNOLLY PKWY,,,,,1,Clear,1,Daylight,1,Dry,,"Trafficway, On Road",1/9/23 7:38
8138,1012756,1,41.345057,-72.931502,3506952,1/9/23,7:52:00,O,Property Damage Only,O,No Apparent Injury (O),1,Local,1.03,439,PUTNAM AV,PUTNAM AV,,10-N,810,Feet,E,1,Clear,2,Dawn,1,Dry,,"Trafficway, On Road",1/9/23 7:52
2919,1012757,1,41.353162,-72.930266,3506953,1/9/23,9:50:00,O,Property Damage Only,O,No Apparent Injury (O),2,State,6.25,10,CT-10,10-N,,Chruch Street ,10,Feet,N,1,Clear,1,Daylight,1,Dry,,"Trafficway, On Road",1/9/23 9:50
6521,1013949,1,41.338205,-72.93517,3508145,1/9/23,12:34:00,A,"Injury of any type (Serious, Minor, Possible)",C,Possible Injury (C),2,Local,0.2,142,DIXWELL AV,DIXWELL AV NO 1,10-N,,,,,1,Clear,1,Daylight,1,Dry,,"Trafficway, On Road",1/9/23 12:34
2925,1013950,1,41.406537,-72.899317,3508146,1/9/23,13:52:00,O,Property Damage Only,O,No Apparent Injury (O),2,State,10.65,10,CT-10,10-N,,Home Place,60,Feet,N,1,Clear,1,Daylight,1,Dry,,"Trafficway, On Road",1/9/23 13:52
2931,1015098,1,41.362453,-72.92395,3509294,1/9/23,15:50:00,A,"Injury of any type (Serious, Minor, Possible)",C,Possible Injury (C),3,State,6.96,10,CT-10,10-N,,Benham St,90,Feet,S,1,Clear,1,Daylight,1,Dry,,"Trafficway, On Road",1/9/23 15:50
2932,1015099,1,41.350945,-72.93139,3509295,1/9/23,17:08:00,O,Property Damage Only,O,No Apparent Injury (O),2,State,6.09,10,CT-10,10-N,,Beacon St,130,Feet,S,1,Clear,4,Dark-Lighted,1,Dry,,"Trafficway, On Road",1/9/23 17:08
6366,1013951,1,41.339995,-72.902457,3508147,1/10/23,1:48:00,A,"Injury of any type (Serious, Minor, Possible)",C,Possible Injury (C),2,Local,0.23,128,DAVIS ST,DAVIS ST,RIDGE RD,,,,,1,Clear,4,Dark-Lighted,1,Dry,,"Trafficway, On Road",1/10/23 1:48
4854,1013952,1,41.329586,-72.898559,3508148,1/10/23,8:09:00,O,Property Damage Only,O,No Apparent Injury (O),2,USRoute,1.12,5,US-5,5-N,,Park Rd,50,Feet,S,1,Clear,1,Daylight,1,Dry,,"Trafficway, On Road",1/10/23 8:09
2938,1015796,1,41.406054,-72.899226,3509992,1/10/23,15:55:00,O,Property Damage Only,O,No Apparent Injury (O),2,State,10.62,10,CT-10,10-N,,HOME PL ,10,Feet,N,1,Clear,1,Daylight,1,Dry,,"Trafficway, On Road",1/10/23 15:55
8994,1015100,1,41.365733,-72.943493,3509296,1/10/23,17:58:00,O,Property Damage Only,O,No Apparent Injury (O),2,Local,0.19,551,WALTER LA,WALTER LA,,Lane Street,600,Feet,W,1,Clear,4,Dark-Lighted,1,Dry,,"Trafficway, On Road",1/10/23 17:58
4470,1014668,1,41.37890676,-72.9038597,3508864,1/10/23,18:04:00,O,Property Damage Only,O,No Apparent Injury (O),2,State,51.59,15,15-S,15-S,,Route 15 S,10,Feet,N,1,Clear,5,Dark-Not Lighted,1,Dry,,"Trafficway, On Road",1/10/23 18:04
7539,1015101,1,41.37047,-72.92435,3509297,1/10/23,18:06:00,O,Property Damage Only,O,No Apparent Injury (O),2,,99062,366,MIX AV,MIX AVE,Plaza Terrace,,,,,1,Clear,6,Dark-Unknown Lighting,1,Dry,,"Trafficway, On Road",1/10/23 18:06
7535,1013953,1,41.376289,-72.920361,3508149,1/11/23,0:43:00,O,Property Damage Only,O,No Apparent Injury (O),1,Local,0.94,366,MIX AV,MIX AV,,Skiff St.,70,Feet,S,1,Clear,5,Dark-Not Lighted,1,Dry,,"Trafficway, Not on Road",1/11/23 0:43
2926,1013954,1,41.390774,-72.898488,3508150,1/11/23,7:34:00,O,Property Damage Only,O,No Apparent Injury (O),2,State,9.52,10,CT-10,10-N,,Farrell Street ,50,Feet,N,1,Clear,1,Daylight,1,Dry,,"Trafficway, On Road",1/11/23 7:34
5417,1013743,1,41.346024,-72.912455,3507939,1/11/23,12:12:00,O,Property Damage Only,O,No Apparent Injury (O),2,State,0.94,707,WHITNEY AV,707-N,LAKE RD,,,,,1,Clear,1,Daylight,1,Dry,,"Trafficway, On Road",1/11/23 12:12
2927,1013955,1,41.391833,-72.897782,3508151,1/11/23,17:38:00,A,"Injury of any type (Serious, Minor, Possible)",B,Suspected Minor Injury (B),2,State,9.43,10,CT-10,10-N,ELM ST,,,,,1,Clear,1,Daylight,1,Dry,,"Trafficway, On Road",1/11/23 17:38
7870,1017725,1,41.3296,-72.899548,3511921,1/12/23,7:19:00,O,Property Damage Only,O,No Apparent Injury (O),1,Local,0.05,414,PARK RD,PARK RD,,STATE ST,200,Feet,W,4,Rain,1,Daylight,5,Ice / Frost,,"Trafficway, On Road",1/12/23 7:19
7533,1013744,1,41.376453,-72.920222,3507940,1/12/23,14:50:00,O,Property Damage Only,O,No Apparent Injury (O),2,Local,0.95,366,MIX AV,MIX AV,SKIFF ST EXT,,,,,4,Rain,1,Daylight,2,Wet,,"Trafficway, On Road",1/12/23 14:50
5419,1013956,1,41.344082,-72.912092,3508152,1/12/23,17:10:00,O,Property Damage Only,O,No Apparent Injury (O),2,State,0.8,707,WHITNEY AV,707-N,,Putnam Ave,210,Feet,S,2,Cloudy,3,Dusk,2,Wet,,"Trafficway, On Road",1/12/23 17:10
5420,1013957,1,41.356595,-72.910946,3508153,1/12/23,17:41:00,O,Property Damage Only,O,No Apparent Injury (O),3,State,1.71,707,WHITNEY AV,707-N,,Waite Street,500,Feet,N,2,Cloudy,4,Dark-Lighted,2,Wet,,"Trafficway, On Road",1/12/23 17:41
4471,1016090,1,41.35458881,-72.95332505,3510286,1/12/23,20:35:00,A,"Injury of any type (Serious, Minor, Possible)",B,Suspected Minor Injury (B),1,State,48.38,15,15-S,15-S,,15-S-119,10,TenthsofMile,S,4,Rain,5,Dark-Not Lighted,2,Wet,,"Trafficway, On Road",1/12/23 20:35
6598,1013958,1,41.343573,-72.911971,3508154,1/13/23,8:40:00,O,Property Damage Only,O,No Apparent Injury (O),2,Local,0.08,167,ELI RD,ELI RD,,Whitney Ave,10,Feet,S,4,Rain,1,Daylight,2,Wet,,"Trafficway, On Road",1/13/23 8:40
5432,1022980,1,41.359285,-72.909753,3517176,1/13/23,15:53:00,O,Property Damage Only,O,No Apparent Injury (O),2,State,1.91,707,WHITNEY AV,707-N,CENTRAL AV,,,,N,1,Clear,1,Daylight,1,Dry,,"Trafficway, On Road",1/13/23 15:53
5701,1013959,1,41.3391,-72.942862,3508155,1/13/23,17:37:00,O,Property Damage Only,O,No Apparent Injury (O),1,Local,0.11,14,ARCH ST,ARCH ST,,Pine Rock Ave,860,Feet,E,1,Clear,5,Dark-Not Lighted,1,Dry,,"Trafficway, On Road",1/13/23 17:37
5935,1018110,1,41.36541,-72.934217,3512306,1/14/23,12:07:00,O,Property Damage Only,O,No Apparent Injury (O),2,Local,0.57,42,BENHAM ST,BENHAM ST,CHERRY HILL RD,,,,,1,Clear,1,Daylight,1,Dry,,"Trafficway, On Road",1/14/23 12:07
7613,1015797,1,41.337029,-72.926483,3509993,1/14/23,15:25:00,A,"Injury of any type (Serious, Minor, Possible)",C,Possible Injury (C),2,Local,0.45,370,MORSE ST,MORSE ST,,Newhall St,30,Feet,W,1,Clear,1,Daylight,1,Dry,,"Trafficway, On Road",1/14/23 15:25
5422,1015103,1,41.35883,-72.909866,3509299,1/14/23,18:17:00,O,Property Damage Only,O,No Apparent Injury (O),2,State,1.88,707,WHITNEY AV,707-N,,Gillies Rd,60,Feet,N,1,Clear,4,Dark-Lighted,1,Dry,,"Trafficway, On Road",1/14/23 18:17
7175,1015798,1,41.348483,-72.940334,3509994,1/14/23,21:27:00,O,Property Damage Only,O,No Apparent Injury (O),2,Local,0.35,251,HELEN ST,HELEN ST,,Fairview Ave,30,Feet,E,1,Clear,5,Dark-Not Lighted,1,Dry,,"Trafficway, On Road",1/14/23 21:27
2934,1015104,1,41.344383,-72.934372,3509300,1/15/23,15:18:00,O,Property Damage Only,O,No Apparent Injury (O),2,State,5.42,10,CT-10,10-N,WOODIN ST,,,,,1,Clear,1,Daylight,1,Dry,,"Trafficway, On Road",1/15/23 15:18
8350,1015799,1,41.335373,-72.930208,3509995,1/15/23,20:38:00,A,"Injury of any type (Serious, Minor, Possible)",B,Suspected Minor Injury (B),3,Local,0.15,488,SHELTON AV,SHELTON AV,GOODRICH ST,,,,,1,Clear,4,Dark-Lighted,2,Wet,,"Trafficway, On Road",1/15/23 20:38
5541,1020839,1,41.38309,-72.8987,3515035,1/16/23,9:11:00,O,Property Damage Only,O,No Apparent Injury (O),2,State,0.16,717,DIXWELL AV,717-E,,washinton ave,100,Feet,N,1,Clear,1,Daylight,1,Dry,,"Trafficway, On Road",1/16/23 9:11
2958,1019558,1,41.373953,-72.916099,3513754,1/16/23,17:42:00,O,Property Damage Only,O,No Apparent Injury (O),2,State,7.85,10,CT-10,10-N,,Skiff St,100,Feet,S,1,Clear,4,Dark-Lighted,1,Dry,,"Trafficway, On Road",1/16/23 17:42
2928,1015069,1,41.349153,-72.932436,3509265,1/16/23,19:12:00,A,"Injury of any type (Serious, Minor, Possible)",B,Suspected Minor Injury (B),2,State,5.75,10,CT-10,10-N,NEWTON ST,,,,,1,Clear,4,Dark-Lighted,1,Dry,,"Trafficway, On Road",1/16/23 19:12
2942,1017457,1,41.38451,-72.901478,3511653,1/17/23,7:43:00,A,"Injury of any type (Serious, Minor, Possible)",B,Suspected Minor Injury (B),2,State,8.88,10,CT-10,10-N,SCHOOL ST,,,,,1,Clear,1,Daylight,1,Dry,,"Trafficway, On Road",1/17/23 7:43
5936,1018878,1,41.362846,-72.924213,3513074,1/17/23,8:27:00,O,Property Damage Only,O,No Apparent Injury (O),2,Local,0.02,42,BENHAM ST,BENHAM ST,,Dixwell Ave,50,Feet,W,2,Cloudy,1,Daylight,1,Dry,,"Trafficway, On Road",1/17/23 8:27
2929,1015070,1,41.414621,-72.902341,3509266,1/17/23,9:26:00,A,"Injury of any type (Serious, Minor, Possible)",C,Possible Injury (C),3,State,11.22,10,CT-10,10-N,,Sherman ave,100,Feet,N,1,Clear,1,Daylight,1,Dry,,"Trafficway, On Road",1/17/23 9:26
8229,1015800,1,41.337372,-72.901988,3509996,1/17/23,21:25:00,A,"Injury of any type (Serious, Minor, Possible)",C,Possible Injury (C),2,Local,0.15,452,RIDGE RD,RIDGE RD,PARK RD,,,,,1,Clear,4,Dark-Lighted,1,Dry,,"Trafficway, On Road",1/17/23 21:25
7942,1015071,1,41.349804,-72.944201,3509267,1/18/23,8:09:00,O,Property Damage Only,O,No Apparent Injury (O),2,Local,0.26,429,PINE ROCK AV,PINE ROCK AV NO 1,HELEN ST,,,,,1,Clear,1,Daylight,1,Dry,,"Trafficway, On Road",1/18/23 8:09
5423,1015801,1,41.346886,-72.9128,3509997,1/18/23,15:04:00,A,"Injury of any type (Serious, Minor, Possible)",B,Suspected Minor Injury (B),2,State,1,707,WHITNEY AV,707-N,,Ralston Avenue ,50,Feet,N,1,Clear,1,Daylight,1,Dry,,"Trafficway, On Road",1/18/23 15:04
4472,1016162,1,41.37890676,-72.9038597,3510358,1/18/23,17:29:00,A,"Injury of any type (Serious, Minor, Possible)",C,Possible Injury (C),2,State,51.59,15,15-S,15-S,,Exit 61 on ramp,10,Feet,S,1,Clear,5,Dark-Not Lighted,1,Dry,,"Trafficway, On Road",1/18/23 17:29
5424,1016987,1,41.35783,-72.91013,3511183,1/18/23,17:35:00,O,Property Damage Only,O,No Apparent Injury (O),2,State,1.81,707,WHITNEY AV,707-N,,Russell Street,50,Feet,S,1,Clear,4,Dark-Lighted,1,Dry,,"Trafficway, On Road",1/18/23 17:35
5428,1020840,1,41.383204,-72.901991,3515036,1/18/23,18:26:00,O,Property Damage Only,O,No Apparent Injury (O),2,State,3.6,707,WHITNEY AV,707-N,,Dixwell Ave,100,Feet,S,1,Clear,4,Dark-Lighted,1,Dry,,"Trafficway, On Road",1/18/23 18:26
7176,1015802,1,41.346901,-72.935782,3509998,1/18/23,19:03:00,O,Property Damage Only,O,No Apparent Injury (O),2,Local,0.09,251,HELEN ST,HELEN ST,,Murray St,140,Feet,E,1,Clear,5,Dark-Not Lighted,1,Dry,,"Trafficway, On Road",1/18/23 19:03
2939,1016988,1,41.43094,-72.90736,3511184,1/18/23,19:15:00,O,Property Damage Only,O,No Apparent Injury (O),2,State,12.37,10,CT-10,10-N,,Tuttle Avenue,300,Feet,N,1,Clear,4,Dark-Lighted,1,Dry,,"Trafficway, On Road",1/18/23 19:15
7536,1019159,1,41.373866,-72.921974,3513355,1/19/23,6:58:00,O,Property Damage Only,O,No Apparent Injury (O),2,Local,0.76,366,MIX AV,MIX AV, EAST GATE LANE,,,,,1,Clear,1,Daylight,1,Dry,,"Trafficway, On Road",1/19/23 6:58
5934,1015803,1,41.364491,-72.929247,3509999,1/19/23,7:27:00,O,Property Damage Only,O,No Apparent Injury (O),2,Local,0.3,42,BENHAM ST,BENHAM ST,MIX AV,,,,,1,Clear,1,Daylight,1,Dry,,"Trafficway, On Road",1/19/23 7:27
4479,1021932,1,41.367348,-72.917196,3516128,1/19/23,9:30:00,O,Property Damage Only,O,No Apparent Injury (O),2,State,50.51,15,15-S,15-S,,15-S-119,1715,Feet,N,4,Rain,1,Daylight,2,Wet,,"Trafficway, On Road",1/19/23 9:30
4473,1016182,1,41.36059713,-72.9357661,3510378,1/19/23,15:49:00,O,Property Damage Only,O,No Apparent Injury (O),1,State,49.39,15,15-S,15-S,,15-S-118,3640,Feet,S,4,Rain,3,Dusk,2,Wet,,"Trafficway, On Road",1/19/23 15:49
7962,1019418,1,41.342684,-72.945565,3513614,1/19/23,16:50:00,O,Property Damage Only,O,No Apparent Injury (O),3,Local,0.46,664,PINE ROCK AV,PINE ROCK AV NO 2,,High Top Circle,50,Feet,S,1,Clear,4,Dark-Lighted,1,Dry,,"Trafficway, On Road",1/19/23 16:50
6522,1015804,1,41.338375,-72.935132,3510000,1/20/23,8:55:00,O,Property Damage Only,O,No Apparent Injury (O),2,Local,0.2,142,DIXWELL AV,DIXWELL AV NO 1,10-N,,,,,4,Rain,1,Daylight,2,Wet,,"Trafficway, On Road",1/20/23 8:55
2954,1019200,1,41.33833,-72.938335,3513396,1/20/23,12:40:00,O,Property Damage Only,O,No Apparent Injury (O),3,State,4.85,10,CT-10,10-N,DIX ST,,,,,1,Clear,1,Daylight,1,Dry,,"Trafficway, On Road",1/20/23 12:40
4855,1015805,1,41.359935,-72.888671,3510001,1/20/23,13:15:00,O,Property Damage Only,O,No Apparent Injury (O),2,USRoute,3.36,5,US-5,5-N,,Olds St,375,Feet,N,4,Rain,1,Daylight,2,Wet,,"Trafficway, On Road",1/20/23 13:15
2944,1017726,1,41.361283,-72.924542,3511922,1/20/23,18:18:00,O,Property Damage Only,O,No Apparent Injury (O),2,State,6.88,10,CT-10,10-N,,Benham Ave,1,TenthsofMile,S,2,Cloudy,5,Dark-Not Lighted,2,Wet,,"Trafficway, On Road",1/20/23 18:18
6783,1015806,1,41.385517,-72.928339,3510002,1/21/23,3:18:00,O,Property Damage Only,O,No Apparent Injury (O),1,Local,0.21,197,FOUR ROD RD,FOUR ROD RD,Earl Ave,,,,E,1,Clear,4,Dark-Lighted,1,Dry,,"Trafficway, On Road",1/21/23 3:18
7122,1016989,1,41.341307,-72.907539,3511185,1/21/23,11:07:00,A,"Injury of any type (Serious, Minor, Possible)",B,Suspected Minor Injury (B),2,Local,0.19,242,HARTFORD TPK,HARTFORD TPK,DAVIS ST,DAVIS ST,,,,2,Cloudy,1,Daylight,1,Dry,,"Trafficway, On Road",1/21/23 11:07
6976,1015807,1,41.335337,-72.929974,3510003,1/21/23,11:13:00,O,Property Damage Only,O,No Apparent Injury (O),2,Local,0.53,222,GOODRICH ST,GOODRICH ST,,SHELTON AVE,50,Feet,E,1,Clear,1,Daylight,1,Dry,,"Trafficway, On Road",1/21/23 11:13
2945,1017727,1,41.352653,-72.93054,3511923,1/21/23,11:54:00,O,Property Damage Only,O,No Apparent Injury (O),2,State,6.21,10,CT-10,10-N,,CHURCH STREET,10,Feet,S,1,Clear,1,Daylight,1,Dry,,"Trafficway, On Road",1/21/23 11:54
6523,1017728,1,41.337975,-72.935165,3511924,1/21/23,12:43:00,O,Property Damage Only,O,No Apparent Injury (O),2,Local,0.2,142,DIXWELL AV,DIXWELL AV NO 1,10-N,,,,S,1,Clear,1,Daylight,1,Dry,,"Trafficway, On Road",1/21/23 12:43
3585,1018296,1,41.380717,-72.900731,3512492,1/21/23,16:37:00,O,Property Damage Only,O,No Apparent Injury (O),2,State,0.23,15,15-N,15-N-125,15-N,,,,,1,Clear,1,Daylight,1,Dry,,"Trafficway, On Road",1/21/23 16:37
3567,1018849,1,41.380554,-72.900794,3513045,1/21/23,17:53:00,O,Property Damage Only,O,No Apparent Injury (O),2,State,51.75,15,15-N,15-N,,RT 15 N,5,Feet,S,1,Clear,4,Dark-Lighted,1,Dry,,"Trafficway, On Road",1/21/23 17:53
6841,1017729,1,41.445255,-72.955597,3511925,1/21/23,20:34:00,A,"Injury of any type (Serious, Minor, Possible)",B,Suspected Minor Injury (B),1,Local,2.04,208,GAYLORD MOUNTAIN RD,GAYLORD MOUNTAIN RD,,Handy Rd,30,Feet,N,1,Clear,4,Dark-Lighted,1,Dry,,"Trafficway, On Road",1/21/23 20:34
7650,1016990,1,41.42332,-72.883443,3511186,1/22/23,2:25:00,O,Property Damage Only,O,No Apparent Injury (O),1,Local,0.61,375,MOUNT CARMEL AV,MOUNT CARMEL AV,,Outer Ridge Rd.,200,Feet,W,1,Clear,4,Dark-Lighted,1,Dry,,"Trafficway, On Road",1/22/23 2:25
4474,1016217,1,41.383515,-72.896529,3510413,1/22/23,13:52:00,O,Property Damage Only,O,No Apparent Injury (O),2,State,52.06,15,15-S,15-S,,15-S-123,5,TenthsofMile,N,1,Clear,1,Daylight,1,Dry,,"Trafficway, On Road",1/22/23 13:52
6111,1017730,1,41.353607,-72.93295,3511926,1/22/23,20:56:00,O,Property Damage Only,O,No Apparent Injury (O),1,Local,0.14,97,CHURCH ST,CHURCH ST,,Grandview Ave,50,Feet,W,4,Rain,5,Dark-Not Lighted,2,Wet,,"Trafficway, On Road",1/22/23 20:56
2946,1017731,1,41.387232,-72.900451,3511927,1/23/23,3:04:00,O,Property Damage Only,O,No Apparent Injury (O),2,State,9.26,10,CT-10,10-N,,Day Spring Ave.,100,Feet,N,4,Rain,4,Dark-Lighted,2,Wet,,"Trafficway, On Road",1/23/23 3:04
7270,1016991,1,41.360809,-72.927212,3511187,1/23/23,11:58:00,O,Property Damage Only,O,No Apparent Injury (O),2,Local,0.19,307,LAKEVIEW AV,LAKEVIEW AV,,Red Rock Ter,50,Feet,N,1,Clear,1,Daylight,1,Dry,,"Trafficway, On Road",1/23/23 11:58
8323,1019201,1,41.3845,-72.9034,3513397,1/23/23,16:34:00,O,Property Damage Only,O,No Apparent Injury (O),2,Local,0.18,480,SCHOOL ST,SCHOOL ST,,Whitney Ave,300,Feet,E,4,Rain,4,Dark-Lighted,2,Wet,,"Trafficway, Not on Road",1/23/23 16:34
8821,1017732,1,41.375111,-72.917109,3511928,1/23/23,17:19:00,O,Property Damage Only,O,No Apparent Injury (O),2,Local,0.08,495,SKIFF ST EXT,SKIFF ST EXT,,10-N,400,Feet,W,4,Rain,4,Dark-Lighted,2,Wet,,"Trafficway, On Road",1/23/23 17:19
2940,1016992,1,41.424161,-72.905682,3511188,1/23/23,17:38:00,O,Property Damage Only,O,No Apparent Injury (O),2,State,11.9,10,CT-10,10-N,,TODD ST,40,Feet,S,6,Freezing Rain or Freezing Drizzle,4,Dark-Lighted,2,Wet,,"Trafficway, On Road",1/23/23 17:38
4476,1020189,1,41.38111251,-72.90034105,3514385,1/24/23,9:17:00,A,"Injury of any type (Serious, Minor, Possible)",C,Possible Injury (C),5,State,51.84,15,15-S,15-S,,15-S-126,1,TenthsofMile,N,1,Clear,1,Daylight,1,Dry,,"Trafficway, On Road",1/24/23 9:17
3566,1018053,1,41.37882852,-72.9038081,3512249,1/24/23,13:19:00,O,Property Damage Only,O,No Apparent Injury (O),2,State,51.57,15,15-N,15-N,,entrance Ramp 61 ,100,Feet,S,1,Clear,1,Daylight,1,Dry,,"Trafficway, On Road",1/24/23 13:19
5425,1017733,1,41.343736,-72.912062,3511929,1/24/23,14:53:00,O,Property Damage Only,O,No Apparent Injury (O),2,State,0.77,707,WHITNEY AV,707-N,ELI RD,,,,,1,Clear,1,Daylight,2,Wet,,"Trafficway, On Road",1/24/23 14:53