,CrashId,Fatal Case Status,lat,lon,DOT Case Number,Date Of Crash,Time of Crash,Crash Severity,Crash Severity Text Format,Most Severe Injury,Most Severe Injury Text Format,Number Of Motor Vehicles,Route Class Text Format,Milemarker,Road Number,Road Description,Roadway Name,Intersecting Roadway Name,Landmark Description,Distance From Nearest Landmark,Unit Of Measure From Nearest Landmark,Direction From Nearest Landmark,Weather Condition,Weather Condition Text Format,Light Condition,Light Condition Text Format,Road Surface Condition,Road Surface Condition Text Format,Average Daily Traffic,Trafficway Class Text Format,full_date
8849,1017734,1,41.432931,-72.927678,3511930,1/24/23,16:31:00,O,Property Damage Only,O,No Apparent Injury (O),2,Local,0.91,507,STILL HILL RD,STILL HILL RD,WEST TODD ST,,,,,1,Clear,1,Daylight,1,Dry,,"Trafficway, On Road",1/24/23 16:31
4519,1017109,1,41.37953,-72.904147,3511305,1/24/23,16:41:00,O,Property Damage Only,O,No Apparent Injury (O),2,State,0.04,15,15-S,15-S-122,,Whitney Ave,200,Feet,S,1,Clear,5,Dark-Not Lighted,1,Dry,,"Trafficway, On Road",1/24/23 16:41
2947,1017735,1,41.353003,-72.930282,3511931,1/24/23,21:33:00,O,Property Damage Only,O,No Apparent Injury (O),1,State,6.24,10,CT-10,10-N,,CHURCH STREET,85,Feet,N,1,Clear,5,Dark-Not Lighted,1,Dry,,"Trafficway, On Road",1/24/23 21:33
3569,1023469,1,41.357894,-72.942226,3517665,1/25/23,10:51:00,O,Property Damage Only,O,No Apparent Injury (O),2,State,48.99,15,15-N,15-N,,Exit 60,10,TenthsofMile,S,1,Clear,1,Daylight,1,Dry,,"Trafficway, On Road",1/25/23 10:51
6842,1017736,1,41.445268,-72.955725,3511932,1/25/23,15:12:00,O,Property Damage Only,O,No Apparent Injury (O),1,Local,2.05,208,GAYLORD MOUNTAIN RD,GAYLORD MOUNTAIN RD,,Handy rd,160,Feet,W,7,Snow,1,Daylight,3,Snow,,"Trafficway, On Road",1/25/23 15:12
8616,1017737,1,41.41386,-72.90361,3511933,1/25/23,18:28:00,O,Property Damage Only,O,No Apparent Injury (O),2,Local,2.04,491,SHERMAN AV,SHERMAN AV NO 1,,Whitney Avenue,500,Feet,W,4,Rain,4,Dark-Lighted,2,Wet,,"Trafficway, On Road",1/25/23 18:28
7017,1019117,1,41.349449,-72.940047,3513313,1/25/23,19:47:00,A,"Injury of any type (Serious, Minor, Possible)",C,Possible Injury (C),3,Local,0.21,226,GORHAM AV,GORHAM AV,LANGER ST,,,,,4,Rain,4,Dark-Lighted,2,Wet,,"Trafficway, On Road",1/25/23 19:47
4475,1017112,1,41.366141,-72.919195,3511308,1/25/23,22:37:00,O,Property Damage Only,O,No Apparent Injury (O),1,State,50.38,15,15-S,15-S,,15-S-119,2,TenthsofMile,N,4,Rain,4,Dark-Lighted,2,Wet,,"Trafficway, On Road",1/25/23 22:37
8557,1017738,1,41.415656,-72.922303,3511934,1/26/23,1:00:00,O,Property Damage Only,O,No Apparent Injury (O),1,Local,2.83,489,SHEPARD AV,SHEPARD AV,FANS ROCK RD,,,,,4,Rain,4,Dark-Lighted,2,Wet,,"Trafficway, On Road",1/26/23 1:00
7537,1019203,1,41.37601,-72.920565,3513399,1/26/23,7:56:00,O,Property Damage Only,O,No Apparent Injury (O),1,Local,0.92,366,MIX AV,MIX AV,,Skiff St,100,Feet,E,1,Clear,1,Daylight,1,Dry,,"Trafficway, Not on Road",1/26/23 7:56
4520,1018670,1,41.378178,-72.905324,3512866,1/26/23,15:38:00,O,Property Damage Only,O,No Apparent Injury (O),2,State,51.46,15,15-S,15-S-122,15-S-122,,,,,1,Clear,5,Dark-Not Lighted,1,Dry,,"Trafficway, On Road",1/26/23 15:38
2965,1020841,1,41.410226,-72.900691,3515037,1/26/23,17:28:00,O,Property Damage Only,O,No Apparent Injury (O),2,State,10.74,10,CT-10,10-N,SLEEPING GIANT DR,,,,,1,Clear,4,Dark-Lighted,1,Dry,,"Trafficway, On Road",1/26/23 17:28
6758,1018879,1,41.356765,-72.910337,3513075,1/26/23,20:05:00,O,Property Damage Only,O,No Apparent Injury (O),2,Local,0.15,193,FORD ST,FORD ST,,Whitney Ave,50,Feet,S,1,Clear,4,Dark-Lighted,1,Dry,,"Trafficway, On Road",1/26/23 20:05
7406,1017739,1,41.349863,-72.915374,3511935,1/27/23,0:37:00,A,"Injury of any type (Serious, Minor, Possible)",C,Possible Injury (C),2,Local,0.15,352,MATHER ST,MATHER ST,,Belmont St.,200,Feet,W,1,Clear,5,Dark-Not Lighted,1,Dry,,"Trafficway, On Road",1/27/23 0:37
6251,1018880,1,41.351499,-72.935585,3513076,1/27/23,6:45:00,O,Property Damage Only,O,No Apparent Injury (O),2,Local,1.02,99,CIRCULAR AV,CIRCULAR AV,LEXINGTON ST,,,,,1,Clear,1,Daylight,1,Dry,,"Trafficway, On Road",1/27/23 6:45
5426,1019559,1,41.343315,-72.912297,3513755,1/27/23,7:55:00,O,Property Damage Only,O,No Apparent Injury (O),2,State,0.75,707,WHITNEY AV,707-N,,Eli Rd,100,Feet,S,1,Clear,1,Daylight,1,Dry,,"Trafficway, On Road",1/27/23 7:55
2949,1018111,1,41.421211,-72.904781,3512307,1/27/23,11:46:00,A,"Injury of any type (Serious, Minor, Possible)",C,Possible Injury (C),3,State,11.7,10,CT-10,10-N,,WEST WOODS RD,50,Feet,N,1,Clear,1,Daylight,1,Dry,,"Trafficway, On Road",1/27/23 11:46
7264,1019204,1,41.350918,-72.917644,3513400,1/27/23,14:18:00,O,Property Damage Only,O,No Apparent Injury (O),2,Local,0.05,306,LAKE ST,LAKE ST,,Fern Street,145,Feet,N,1,Clear,1,Daylight,1,Dry,,"Trafficway, On Road",1/27/23 14:18
2948,1017740,1,41.369047,-72.919293,3511936,1/27/23,17:52:00,O,Property Damage Only,O,No Apparent Injury (O),2,State,7.47,10,CT-10,10-N,,2100 Dixwell Ave,200,Feet,S,1,Clear,4,Dark-Lighted,1,Dry,,"Trafficway, On Road",1/27/23 17:52
2966,1020842,1,41.366522,-72.92132,3515038,1/27/23,19:14:00,O,Property Damage Only,O,No Apparent Injury (O),2,State,7.27,10,CT-10,10-N,,15-S-118,120,Feet,N,1,Clear,4,Dark-Lighted,1,Dry,,"Trafficway, On Road",1/27/23 19:14
8758,1019560,1,41.373905,-72.914162,3513756,1/28/23,10:02:00,A,"Injury of any type (Serious, Minor, Possible)",B,Suspected Minor Injury (B),2,Local,0.45,494,SKIFF ST,SKIFF ST,,Dixwell Ave,1,TenthsofMile,E,1,Clear,1,Daylight,1,Dry,,"Trafficway, On Road",1/28/23 10:02
6524,1018202,1,41.336597,-72.935173,3512398,1/28/23,11:25:00,O,Property Damage Only,O,No Apparent Injury (O),2,Local,0.08,142,DIXWELL AV,DIXWELL AV NO 1,,Alling St,100,Feet,N,1,Clear,1,Daylight,1,Dry,,"Trafficway, On Road",1/28/23 11:25
7871,1019561,1,41.3362,-72.902023,3513757,1/29/23,2:08:00,O,Property Damage Only,O,No Apparent Injury (O),2,Local,0.56,414,PARK RD,PARK RD,,Ridge Rd,400,Feet,S,1,Clear,5,Dark-Not Lighted,1,Dry,,"Trafficway, On Road",1/29/23 2:08
8558,1019205,1,41.378791,-72.916626,3513401,1/29/23,2:09:00,O,Property Damage Only,O,No Apparent Injury (O),2,Local,0.16,489,SHEPARD AV,SHEPARD AV,,Shepard Avenue,100,Feet,N,1,Clear,4,Dark-Lighted,1,Dry,,"Trafficway, On Road",1/29/23 2:09
6087,1022544,1,41.365062,-72.934379,3516740,1/29/23,9:45:00,O,Property Damage Only,O,No Apparent Injury (O),2,Local,0.3,93,CHERRY HILL RD,CHERRY HILL RD,,Benham St,100,Feet,S,1,Clear,1,Daylight,1,Dry,,"Trafficway, On Road",1/29/23 9:45
5663,1017741,1,41.376631,-72.915448,3511937,1/29/23,13:45:00,O,Property Damage Only,O,No Apparent Injury (O),2,State,0.03,753,CT-10,753-S,SHEPARD AV,,,,,1,Clear,1,Daylight,1,Dry,,"Trafficway, On Road",1/29/23 13:45
2955,1019206,1,41.344335,-72.93441,3513402,1/29/23,14:58:00,O,Property Damage Only,O,No Apparent Injury (O),2,State,5.59,10,CT-10,10-N,,WOODIN ST,10,TenthsofMile,S,1,Clear,1,Daylight,1,Dry,,"Trafficway, On Road",1/29/23 14:58
2963,1020556,1,41.386116,-72.900918,3514752,1/29/23,19:54:00,A,"Injury of any type (Serious, Minor, Possible)",B,Suspected Minor Injury (B),2,State,9,10,CT-10,10-N,COLONIAL DR,,,,,1,Clear,4,Dark-Lighted,1,Dry,,"Trafficway, On Road",1/29/23 19:54
5937,1022981,1,41.3643,-72.9297,3517177,1/29/23,23:05:00,A,"Injury of any type (Serious, Minor, Possible)",B,Suspected Minor Injury (B),1,Local,0.32,42,BENHAM ST,BENHAM ST,,Vantage Rd,200,Feet,E,1,Clear,4,Dark-Lighted,1,Dry,,"Trafficway, On Road",1/29/23 23:05
5429,1020843,1,41.34019,-72.91287,3515039,1/30/23,12:10:00,O,Property Damage Only,O,No Apparent Injury (O),2,State,0.52,707,WHITNEY AV,707-N,BLAKE RD,,,,,1,Clear,1,Daylight,1,Dry,,"Trafficway, On Road",1/30/23 12:10
2959,1019562,1,41.346275,-72.93386,3513758,1/30/23,13:49:00,A,"Injury of any type (Serious, Minor, Possible)",B,Suspected Minor Injury (B),2,State,5.56,10,CT-10,10-N,PUTNAM AV,Circular Avenue,100,Feet,S,2,Cloudy,1,Daylight,1,Dry,,"Trafficway, On Road",1/30/23 13:49
4856,1019207,1,41.341464,-72.895602,3513403,1/30/23,15:57:00,A,"Injury of any type (Serious, Minor, Possible)",C,Possible Injury (C),2,USRoute,2.04,5,US-5,5-N,,London Dr,50,Feet,S,1,Clear,1,Daylight,1,Dry,,"Trafficway, On Road",1/30/23 15:57
2960,1019563,1,41.366109,-72.921559,3513759,1/30/23,18:21:00,A,"Injury of any type (Serious, Minor, Possible)",B,Suspected Minor Injury (B),2,State,7.23,10,CT-10,10-N,,Route 15 ramp,10,Feet,S,1,Clear,4,Dark-Lighted,1,Dry,,"Trafficway, On Road",1/30/23 18:21
7651,1019208,1,41.422291,-72.892273,3513404,1/31/23,9:24:00,O,Property Damage Only,O,No Apparent Injury (O),2,Local,0.13,375,MOUNT CARMEL AV,MOUNT CARMEL AV,,Hogan Rd,300,Feet,W,1,Clear,1,Daylight,2,Wet,,"Trafficway, On Road",1/31/23 9:24
7538,1019209,1,41.370616,-72.924274,3513405,1/31/23,12:42:00,O,Property Damage Only,O,No Apparent Injury (O),2,Local,0.5,366,MIX AV,MIX AV,Palaza Terrace,,,,,1,Clear,1,Daylight,1,Dry,,"Trafficway, On Road",1/31/23 12:42
5430,1020844,1,41.362307,-72.909091,3515040,1/31/23,14:13:00,O,Property Damage Only,O,No Apparent Injury (O),2,State,2.12,707,WHITNEY AV,707-N,WOODLAWN ST,,,,,1,Clear,1,Daylight,1,Dry,,"Trafficway, On Road",1/31/23 14:13
5431,1022546,1,41.34164,-72.912716,3516742,1/31/23,14:34:00,A,"Injury of any type (Serious, Minor, Possible)",A,Suspected Serious Injury (A),2,State,0.62,707,WHITNEY AV,707-N,DAVIS ST,,,,,1,Clear,1,Daylight,1,Dry,,"Trafficway, On Road",1/31/23 14:34
2961,1019564,1,41.3384,-72.939951,3513760,1/31/23,18:01:00,A,"Injury of any type (Serious, Minor, Possible)",B,Suspected Minor Injury (B),1,State,4.76,10,CT-10,10-N,WARNER ST,,,,,1,Clear,5,Dark-Not Lighted,1,Dry,,"Trafficway, On Road",1/31/23 18:01
2962,1019565,1,41.361923,-72.924177,3513761,1/31/23,18:53:00,O,Property Damage Only,O,No Apparent Injury (O),2,State,6.74,10,CT-10,10-N,ROBERT ST,,,,,1,Clear,4,Dark-Lighted,1,Dry,,"Trafficway, On Road",1/31/23 18:53
4522,1023951,1,41.37818,-72.905282,3518147,2/1/23,8:28:00,O,Property Damage Only,O,No Apparent Injury (O),2,State,0.18,15,15-S,15-S-122,,15-S,50,Feet,N,1,Clear,1,Daylight,1,Dry,,"Trafficway, On Road",2/1/23 8:28
6750,1022323,1,41.342483,-72.937569,3516519,2/1/23,16:09:00,O,Property Damage Only,O,No Apparent Injury (O),2,Local,0.14,190,FIRST ST,FIRST ST,WARREN ST,Warren St,5,Feet,E,1,Clear,1,Daylight,1,Dry,,"Trafficway, On Road",2/1/23 16:09
4477,1020365,1,41.365344,-72.926829,3514561,2/1/23,16:47:00,O,Property Damage Only,O,No Apparent Injury (O),2,State,49.96,15,15-S,15-S,,Exit 60,1,TenthsofMile,S,1,Clear,1,Daylight,1,Dry,,"Trafficway, On Road",2/1/23 16:47
2968,1021837,1,41.36934,-72.91916,3516033,2/1/23,17:48:00,A,"Injury of any type (Serious, Minor, Possible)",C,Possible Injury (C),2,State,7.49,10,CT-10,10-N,,Connolly Pkwy,500,Feet,N,1,Clear,4,Dark-Lighted,1,Dry,,"Trafficway, On Road",2/1/23 17:48
7123,1019188,1,41.357653,-72.897457,3513384,2/1/23,17:51:00,O,Property Damage Only,O,No Apparent Injury (O),1,Local,1.44,242,HARTFORD TPK,HARTFORD TPK,HIGH MEADOW RD,,,,,1,Clear,4,Dark-Lighted,1,Dry,,"Trafficway, On Road",2/1/23 17:51
2953,1019189,1,41.338511,-72.93519,3513385,2/2/23,1:04:00,O,Property Damage Only,O,No Apparent Injury (O),2,State,5.2,10,CT-10,10-N,Morse St,,,,,1,Clear,4,Dark-Lighted,1,Dry,,"Trafficway, On Road",2/2/23 1:04
5772,1022547,1,41.345435,-72.939544,3516743,2/2/23,6:30:00,O,Property Damage Only,O,No Apparent Injury (O),2,Local,0.16,35,BEAVER ST,BEAVER ST,,,,,,1,Clear,1,Daylight,1,Dry,,"Trafficway, On Road",2/2/23 6:30
8832,1020819,1,41.390105,-72.939866,3515015,2/2/23,7:35:00,O,Property Damage Only,O,No Apparent Injury (O),2,Local,0.02,505,STERLING PL,STERLING PL,,Hill Street,95,Feet,N,1,Clear,1,Daylight,1,Dry,,"Trafficway, On Road",2/2/23 7:35
4482,1031587,1,41.36309,-72.93077,3525774,2/2/23,13:59:00,O,Property Damage Only,O,No Apparent Injury (O),2,State,49.7,15,15-S,15-S,,Exit 60,5,TenthsofMile,S,1,Clear,1,Daylight,1,Dry,,"Trafficway, On Road",2/2/23 13:59
4480,1021936,1,41.36939,-72.91516,3516132,2/2/23,14:02:00,O,Property Damage Only,O,No Apparent Injury (O),1,State,50.68,15,15-S,15-S,,Exit 60,2550,Feet,E,1,Clear,1,Daylight,1,Dry,,"Trafficway, On Road",2/2/23 14:02
5427,1020618,1,41.365511,-72.908398,3514814,2/2/23,17:06:00,O,Property Damage Only,O,No Apparent Injury (O),3,State,2.35,707,WHITNEY AV,707-N,GLEN PKWY,,,,,1,Clear,1,Daylight,1,Dry,,"Trafficway, On Road",2/2/23 17:06
8140,1019566,1,41.34543,-72.9161,3513762,2/2/23,17:55:00,O,Property Damage Only,O,No Apparent Injury (O),2,Local,0.2,439,PUTNAM AV,PUTNAM AV,,CLIFFORD ST,110,Feet,E,1,Clear,4,Dark-Lighted,1,Dry,,"Trafficway, On Road",2/2/23 17:55
2977,1022982,1,41.34839,-72.93276,3517178,2/3/23,12:38:00,O,Property Damage Only,O,No Apparent Injury (O),2,State,5.71,10,CT-10,10-N,SCOTT ST,,,,S,1,Clear,1,Daylight,1,Dry,,"Trafficway, On Road",2/3/23 12:38
2976,1022549,1,41.346228,-72.933956,3516745,2/4/23,16:14:00,A,"Injury of any type (Serious, Minor, Possible)",C,Possible Injury (C),2,State,5.73,10,CT-10,10-N,,Circular Ave,10,Feet,S,1,Clear,1,Daylight,1,Dry,,"Trafficway, On Road",2/4/23 16:14
2980,1024762,1,41.346157,-72.933996,3518957,2/6/23,18:30:00,A,"Injury of any type (Serious, Minor, Possible)",C,Possible Injury (C),2,State,5.73,10,CT-10,10-N,,PUTNAM AVE,50,Feet,S,1,Clear,4,Dark-Lighted,1,Dry,,"Trafficway, On Road",2/6/23 18:30
5981,1022522,1,41.335755,-72.937894,3516718,2/6/23,19:21:00,A,"Injury of any type (Serious, Minor, Possible)",B,Suspected Minor Injury (B),2,Local,0.01,52,BOWEN ST,BOWEN ST,CHERRY ANN ST,,,,,1,Clear,5,Dark-Not Lighted,1,Dry,,"Trafficway, On Road",2/6/23 19:21
4478,1021601,1,41.37890676,-72.9038597,3515797,2/7/23,6:21:00,A,"Injury of any type (Serious, Minor, Possible)",C,Possible Injury (C),2,State,51.59,15,15-S,15-S,,Exit 61 ,500,Feet,N,1,Clear,1,Daylight,1,Dry,,"Trafficway, On Road",2/7/23 6:21
2969,1021974,1,41.369204,-72.919271,3516170,2/7/23,11:41:00,A,"Injury of any type (Serious, Minor, Possible)",C,Possible Injury (C),2,State,7.48,10,CT-10,10-N,,Connolly Pkwy,820,Feet,N,1,Clear,1,Daylight,1,Dry,,"Trafficway, On Road",2/7/23 11:41
2964,1020824,1,41.388341,-72.900016,3515020,2/7/23,13:29:00,A,"Injury of any type (Serious, Minor, Possible)",B,Suspected Minor Injury (B),2,State,9.16,10,CT-10,10-N,LINCOLN ST,,,,,1,Clear,1,Daylight,1,Dry,,"Trafficway, On Road",2/7/23 13:29
4481,1025987,1,41.36613613,-72.91926745,3520181,2/8/23,4:33:00,A,"Injury of any type (Serious, Minor, Possible)",B,Suspected Minor Injury (B),3,State,50.37,15,15-S,15-S,,Exit 60 Off Ramp,200,Feet,N,3,"Fog, Smog, Smoke",5,Dark-Not Lighted,5,Ice / Frost,,"Trafficway, On Road",2/8/23 4:33
2975,1022305,1,41.38812,-72.90018,3516501,2/9/23,13:40:00,A,"Injury of any type (Serious, Minor, Possible)",C,Possible Injury (C),2,State,9.32,10,CT-10,10-N,,Lincoln St,100,Feet,S,1,Clear,1,Daylight,1,Dry,,"Trafficway, On Road",2/9/23 13:40
3568,1022197,1,41.358596,-72.940475,3516393,2/9/23,18:17:00,A,"Injury of any type (Serious, Minor, Possible)",C,Possible Injury (C),3,State,49.1,15,15-N,15-N,,15-N-220,9,TenthsofMile,S,1,Clear,5,Dark-Not Lighted,1,Dry,,"Trafficway, On Road",2/9/23 18:17
2974,1022300,1,41.338272,-72.940921,3516496,2/11/23,7:46:00,A,"Injury of any type (Serious, Minor, Possible)",B,Suspected Minor Injury (B),2,State,4.7,10,CT-10,10-N,FAIRVIEW AV,,,,,1,Clear,1,Daylight,1,Dry,,"Trafficway, On Road",2/11/23 7:46
2971,1022285,1,41.44653,-72.91036,3516481,2/11/23,13:39:00,A,"Injury of any type (Serious, Minor, Possible)",B,Suspected Minor Injury (B),2,State,13.48,10,CT-10,10-N,,Willow St.,90,Feet,S,1,Clear,1,Daylight,1,Dry,,"Trafficway, Not on Road",2/11/23 13:39
2972,1022286,1,41.35466,-72.92921,3516482,2/11/23,14:24:00,A,"Injury of any type (Serious, Minor, Possible)",C,Possible Injury (C),2,State,6.36,10,CT-10,10-N,,Cumley Street,50,Feet,N,1,Clear,1,Daylight,1,Dry,,"Trafficway, On Road",2/11/23 14:24
2970,1022015,1,41.401578,-72.897663,3516211,2/12/23,7:34:00,A,"Injury of any type (Serious, Minor, Possible)",B,Suspected Minor Injury (B),1,State,10.29,10,CT-10,10-N,40-N,,,,,1,Clear,1,Daylight,1,Dry,,"Trafficway, On Road",2/12/23 7:34
2973,1022287,1,41.342424,-72.934807,3516483,2/12/23,14:03:00,A,"Injury of any type (Serious, Minor, Possible)",C,Possible Injury (C),2,State,5.29,10,CT-10,10-N,HAMDEN PARK DR,,,,,1,Clear,1,Daylight,1,Dry,,"Trafficway, On Road",2/12/23 14:03
2978,1022986,1,41.364352,-72.922775,3517182,2/15/23,16:07:00,A,"Injury of any type (Serious, Minor, Possible)",C,Possible Injury (C),2,State,6.93,10,CT-10,10-N,WEYBOSSET ST,,,,,1,Clear,1,Daylight,1,Dry,,"Trafficway, On Road",2/15/23 16:07
5938,1022987,1,41.364491,-72.929247,3517183,2/16/23,17:14:00,A,"Injury of any type (Serious, Minor, Possible)",B,Suspected Minor Injury (B),2,Local,0.3,42,BENHAM ST,BENHAM ST,MIX AV,,,,,4,Rain,4,Dark-Lighted,2,Wet,,"Trafficway, On Road",2/16/23 17:14
2979,1022990,1,41.35181676,-72.93073857,3517186,2/17/23,17:35:00,A,"Injury of any type (Serious, Minor, Possible)",B,Suspected Minor Injury (B),2,State,6.14,10,CT-10,10-N,,Oregon Ave.,5,Feet,S,4,Rain,4,Dark-Lighted,2,Wet,,"Trafficway, On Road",2/17/23 17:35
7082,1024735,1,41.386731,-72.90901,3518930,2/17/23,21:23:00,A,"Injury of any type (Serious, Minor, Possible)",B,Suspected Minor Injury (B),1,Local,0.46,713,HAMDEN HILLS DR,HAMDEN HILLS DR,,25 Hamden Hills Dr,100,Feet,W,1,Clear,4,Dark-Lighted,1,Dry,,"Trafficway, On Road",2/17/23 21:23
6648,1024768,1,41.402268,-72.902786,3518963,2/17/23,22:04:00,A,"Injury of any type (Serious, Minor, Possible)",A,Suspected Serious Injury (A),2,Local,1.38,174,EVERGREEN AV,EVERGREEN AV,DICKERMAN ST,,,,,1,Clear,4,Dark-Lighted,1,Dry,,"Trafficway, On Road",2/17/23 22:04
5664,1024736,1,41.376872,-72.915265,3518931,2/18/23,10:44:00,A,"Injury of any type (Serious, Minor, Possible)",B,Suspected Minor Injury (B),2,State,0.01,753,CT-10,753-S,,Shepard Avenue,100,Feet,N,1,Clear,1,Daylight,1,Dry,,"Trafficway, On Road",2/18/23 10:44
2986,1029117,1,41.404779,-72.898736,3523310,2/20/23,12:19:00,A,"Injury of any type (Serious, Minor, Possible)",C,Possible Injury (C),2,State,10.52,10,CT-10,10-N,,IVES STREET,355,Feet,N,1,Clear,1,Daylight,1,Dry,,"Trafficway, Not on Road",2/20/23 12:19
6977,1024769,1,41.335177,-72.928177,3518964,2/20/23,17:25:00,A,"Injury of any type (Serious, Minor, Possible)",B,Suspected Minor Injury (B),2,Local,0.38,222,GOODRICH ST,GOODRICH ST,,Shepard St,60,Feet,W,1,Clear,4,Dark-Lighted,1,Dry,,"Trafficway, On Road",2/20/23 17:25
2983,1027697,1,41.40529,-72.89896,3521891,2/21/23,7:44:00,A,"Injury of any type (Serious, Minor, Possible)",C,Possible Injury (C),2,State,10.55,10,CT-10,10-N,,Dickerman Street,500,Feet,N,2,Cloudy,1,Daylight,1,Dry,,"Trafficway, On Road",2/21/23 7:44
6525,1027236,1,41.338195,-72.935221,3521430,2/22/23,9:46:00,A,"Injury of any type (Serious, Minor, Possible)",B,Suspected Minor Injury (B),2,Local,0.2,142,DIXWELL AV,DIXWELL AV NO 1,10-N,,,,,1,Clear,1,Daylight,1,Dry,,"Trafficway, On Road",2/22/23 9:46
2984,1027699,1,41.338768,-72.93523,3521893,2/23/23,17:50:00,A,"Injury of any type (Serious, Minor, Possible)",B,Suspected Minor Injury (B),2,State,5.22,10,CT-10,10-N,,ARCH ST,190,Feet,N,1,Clear,4,Dark-Lighted,1,Dry,,"Trafficway, On Road",2/23/23 17:50
4580,1027341,1,41.403507,-72.895677,3521535,2/25/23,15:38:00,A,"Injury of any type (Serious, Minor, Possible)",B,Suspected Minor Injury (B),2,State,0.14,22,CT-22,22-E,NEW RD,,,,,1,Clear,1,Daylight,2,Wet,,"Trafficway, On Road",2/25/23 15:38
2987,1029461,1,41.35903,-72.925794,3523653,2/25/23,16:05:00,A,"Injury of any type (Serious, Minor, Possible)",B,Suspected Minor Injury (B),3,State,6.53,10,CT-10,10-N,MATHER ST,,,,,2,Cloudy,1,Daylight,1,Dry,,"Trafficway, On Road",2/25/23 16:05
5433,1030252,1,41.357283,-72.910349,3524440,2/26/23,2:54:00,A,"Injury of any type (Serious, Minor, Possible)",C,Possible Injury (C),1,State,1.77,707,WHITNEY AV,707-N,,Ford Street,100,Feet,N,1,Clear,4,Dark-Lighted,1,Dry,,"Trafficway, On Road",2/26/23 2:54
6714,1027676,1,41.34574,-72.94074,3521870,2/26/23,8:05:00,A,"Injury of any type (Serious, Minor, Possible)",C,Possible Injury (C),1,Local,0.52,176,FAIRVIEW AV,FAIRVIEW AV,,Woodin Street,50,Feet,N,1,Clear,1,Daylight,1,Dry,,"Trafficway, On Road",2/26/23 8:05
6715,1030260,1,41.343303,-72.941097,3524448,3/2/23,7:07:00,A,"Injury of any type (Serious, Minor, Possible)",B,Suspected Minor Injury (B),1,Local,0.35,176,FAIRVIEW AV,FAIRVIEW AV,JONES RD,,,,,4,Rain,1,Daylight,2,Wet,,"Trafficway, On Road",3/2/23 7:07
2985,1028269,1,41.362695,-72.923832,3522463,3/2/23,13:14:00,A,"Injury of any type (Serious, Minor, Possible)",C,Possible Injury (C),2,State,6.8,10,CT-10,10-N,BENHAM ST,,,,S,1,Clear,1,Daylight,1,Dry,,"Trafficway, On Road",3/2/23 13:14
2991,1031660,1,41.357358,-72.926977,3525847,3/2/23,15:27:00,A,"Injury of any type (Serious, Minor, Possible)",B,Suspected Minor Injury (B),2,State,6.4,10,CT-10,10-N,HAIG ST,,,,,1,Clear,1,Daylight,1,Dry,,"Trafficway, On Road",3/2/23 15:27
4523,1028866,1,41.378227,-72.905294,3523060,3/2/23,15:51:00,A,"Injury of any type (Serious, Minor, Possible)",B,Suspected Minor Injury (B),2,State,0.17,15,15-S,15-S-122,,15-S,60,Feet,N,1,Clear,1,Daylight,1,Dry,,"Trafficway, On Road",3/2/23 15:51
2988,1030262,1,41.351215,-72.931428,3524450,3/2/23,19:04:00,A,"Injury of any type (Serious, Minor, Possible)",C,Possible Injury (C),1,State,6.1,10,CT-10,10-N,,Beacon St,50,Feet,S,1,Clear,4,Dark-Lighted,1,Dry,,"Trafficway, On Road",3/2/23 19:04
6028,1030263,1,41.338345,-72.939228,3524451,3/2/23,19:57:00,A,"Injury of any type (Serious, Minor, Possible)",C,Possible Injury (C),2,Local,0,71,BURKE ST,BURKE ST,,BURKE STREET ,10,Feet,E,1,Clear,5,Dark-Not Lighted,1,Dry,,"Trafficway, On Road",3/2/23 19:57
3570,1030573,1,41.363825,-72.929255,3524761,3/3/23,1:41:00,A,"Injury of any type (Serious, Minor, Possible)",B,Suspected Minor Injury (B),1,State,49.79,15,15-N,15-N,,15-N-220,2,TenthsofMile,S,1,Clear,5,Dark-Not Lighted,1,Dry,,"Trafficway, On Road",3/3/23 1:41
2989,1031485,1,41.399155,-72.897457,3525672,3/6/23,18:18:00,A,"Injury of any type (Serious, Minor, Possible)",C,Possible Injury (C),2,State,10.12,10,CT-10,10-N,,Charlton Hill Road,328,Feet,S,1,Clear,4,Dark-Lighted,1,Dry,,"Trafficway, On Road",3/6/23 18:18
2990,1031486,1,41.362661,-72.9238,3525673,3/7/23,21:08:00,A,"Injury of any type (Serious, Minor, Possible)",C,Possible Injury (C),2,State,6.8,10,CT-10,10-N,BENHAM ST,,,,,1,Clear,4,Dark-Lighted,1,Dry,,"Trafficway, On Road",3/7/23 21:08
5665,1030268,1,41.376397,-72.915089,3524456,3/9/23,8:36:00,A,"Injury of any type (Serious, Minor, Possible)",B,Suspected Minor Injury (B),2,State,0.03,753,CT-10,753-S,SHEPARD AV,,,,,1,Clear,1,Daylight,1,Dry,,"Trafficway, Not on Road",3/9/23 8:36
8142,1031488,1,41.343682,-72.926341,3525675,3/9/23,19:42:00,A,"Injury of any type (Serious, Minor, Possible)",C,Possible Injury (C),3,Local,0.74,439,PUTNAM AV,PUTNAM AV,LEEDER HILL DR,,,,,1,Clear,5,Dark-Not Lighted,1,Dry,,"Trafficway, On Road",3/9/23 19:42
8141,1030272,1,41.34552,-72.915558,3524460,3/11/23,0:08:00,A,"Injury of any type (Serious, Minor, Possible)",C,Possible Injury (C),2,Local,0.17,439,PUTNAM AV,PUTNAM AV,,Carleton Rd.,100,Feet,W,4,Rain,6,Dark-Unknown Lighting,2,Wet,,"Trafficway, On Road",3/11/23 0:08